countyCode,countyName,cityCode,cityName,HotelCode,HotelName,HotelRating,Address,Attractions,Description,FaxNumber,HotelFacilities,Map,PhoneNumber,PinCode,HotelWebsiteUrl
BY,Belarus,110368,Babrujsk,1379732,Amaks Premier Hotel,All,Sovetskaya street 97/26 Bobruisk ,,"Offering a 24-hour front desk and a luggage storage, Amaks Premier Hotel is a self-catering accommodation, located a 12-minute walk from Spartak Stadium.

The rooms feature a working area and cable TV.

Guests are welcome to eat out in the cafés and restaurants nearby.

Bobruysk Train Station is 2.3 km away, and Minsk National Airport is 149 km from Amaks Premier Hotel. In response to Coronavirus (COVID-19), additional safety and sanitation measures are in effect at this property.",375-225-720613,thermometers for guests provided by property delivered food is securely covered breakfast takeaway containers guests have the option to cancel any cleaning services for their accommodation during their stay all plates  cutlery  glasses and other tableware have been sanitized invoice provided physical distancing rules followed cashless payment available first aid kit available process in place to check health of guests hand sanitizer in guest accommodation and key areas staff follow all safety protocols as directed by local authorities food can be delivered to guest accommodation physical distancing in dining areas guest accommodation sealed after cleaning guest accommodation is disinfected between stays linens  towels and laundry washed in accordance with local authority guidelines use of cleaning chemicals that are effective against coronavirus Fire extinguishers CCTV outside property CCTV in common areas Smoke alarms Security alarm Live sport events (broadcast) Walking tours parking on site Daily housekeeping airport shuttle (additional charge) vending machine (drinks) shuttle service (additional charge) Private check-in/check-out concierge service designated smoking area Free WiFi wifi Luggage storage Fax/photocopying Heating Car hire Hiking Safety Deposit Box express check-in/check-out lift internet services Free parking Ironing service Family rooms Barber/beauty shop Facilities for disabled guests Laundry Airport shuttle Non-smoking rooms 24-hour front desk Bar meeting/banquet facilities Pets allowed Parking,53.14271|29.22479,375-225-706473,213809,https://www.booking.com/hotel/by/amaks-primier-bobruisk.html
BY,Belarus,110368,Babrujsk,1431528,Turist Hotel,All,Voykova Street 20 Bobruysk 213827 ,,"Turist Hotel is located on Berezina River bank, and offers various treatments. It features a spa-center, gym and billiards lounge. Bobruysk town centre is within a 10-minute walk.

The hotels restaurant offers Belorussian and European dishes. A buffet breakfast is served every morning.

All bright rooms come with a TV and fridge. Guests can use a private bathroom, and free toiletries are provided.

Turist Hotel offers a sauna, massage services and mud treatment. It is possible to play bowling or billiards, and to sing karaoke. For the youngest guests there is an on-site childrens playground.

Bobruysk Central Station is 5 km from the hotel, and the distance to Minsk is 145 km. A shuttle service is provided at surcharge.",+375225492001,invoice provided first aid kit available hand sanitizer in guest accommodation and key areas Fire extinguishers CCTV outside property CCTV in common areas Smoke alarms Security alarm 24-hour security Live music/performance Tour or class about local culture Walking tours wifi available in all areas Private parking parking on site Daily housekeeping Evening entertainment Beachfront ski equipment hire on site Private check-in/check-out nightclub/dj designated smoking area Air conditioning Free WiFi wifi Luggage storage Fax/photocopying Heating Tour desk Bowling Packed lunches Hot tub/jacuzzi Billiards Spa and wellness centre Safety Deposit Box express check-in/check-out lift internet services Ironing service Family rooms Barber/beauty shop Skiing Facilities for disabled guests Laundry Business centre Non-smoking rooms Sauna 24-hour front desk Bar meeting/banquet facilities Pets allowed Restaurant Parking,53.15498|29.24662,+375225493191,213830,https://www.booking.com/hotel/by/turist.html
BY,Belarus,110368,Babrujsk,1433784,Cherry Orhard Hotel,All,Derevnya Shchatkovo Babruysk 220141 ,,"Located at the banks of the Berezina River, 10 km from Babruysk, Cherry Orhard Hotel offers a private beach, free aqua zone with sauna, indoor pool, hot tub  and qym. Free WiFi and free parking are available on site.

The rooms feature a fridge and cable TV. Some rooms come with a balcony and seating area.

Guests can dine in the hotels restaurant or use on-site barbecue facilities. There is also a bar on site. An array of activities can be enjoyed on site include table tennis, billiards, cycling, fishing and hiking.

Babruysk Train Station is 15.5 km away, and Minsk National Airport is 132 km from Cherry Orhard Hotel.",,Fire extinguishers wifi Themed dinner nights Non-smoking rooms Smoke alarms Free parking Bike tours nightclub/dj Karaoke Family rooms books  dvds  music for children Billiards Pool Bar board games/puzzles Ski-to-door access Snack Bar grocery deliveries vending machine (drinks) kids' outdoor play equipment Skiing Mini-market on site Pool with view Room service Children television networks Cooking class Shallow end shared lounge/TV area CCTV outside property Indoor play area Ski equipment hire (on site) shuttle service (additional charge) Kid meals Heating Walking tours indoor pool (all year) airport shuttle (additional charge) Swimming pool Cycling Special diet menus (on request) 24-hour front desk Indoor pool CCTV in common areas Pool cover Heated pool pool/beach towels Daily housekeeping Sauna Parking Snorkelling Private check-in/check-out Bicycle rental (additional charge) Happy hour Free WiFi Laundry Garden Ironing service Sun terrace Pets allowed Evening entertainment breakfast in the room BBQ facilities Private parking Live music/performance meeting/banquet facilities designated smoking area internet services Airport shuttle Hiking Games room Table tennis Restaurant Horse riding express check-in/check-out Bar Fishing Ski storage Terrace Fax/photocopying Packed lunches Bridal suite Live sport events (broadcast) On-site parking children's playground Plunge pool,53.23469|29.17584,,220141,https://www.booking.com/hotel/by/cherry-orchard.html
BY,Belarus,110368,Babrujsk,1564767,Yubulieynaya,All,50 Let Vlksm 26 213810 Bobruisk ,,"Yubileinaya is situated in Bobruisk and features a bar. Among the facilities of this property are a restaurant, a 24-hour front desk and an ATM, along with free WiFi. The rooms include a TV with cable channels.

The private bathroom is equipped with free toiletries. All units feature a wardrobe.

Guests at Yubileinaya will be able to enjoy activities in and around Bobruisk, like hiking.",,hand sanitizer in guest accommodation and key areas cashless payment available thermometers for guests provided by property CCTV outside property CCTV in common areas Smoke alarms Security alarm Children television networks wifi available in all areas parking on site Daily housekeeping Special diet menus (on request) Private check-in/check-out nightclub/dj concierge service ATM/cash machine on site Non-smoking throughout Free WiFi wifi Luggage storage Fax/photocopying Heating Table tennis Billiards Safety Deposit Box lift internet services Free parking Bridal suite Ironing service Family rooms Barber/beauty shop Non-smoking rooms Newspapers 24-hour front desk meeting/banquet facilities Pets allowed Restaurant Parking staff follow all safety protocols as directed by local authorities use of cleaning chemicals that are effective against coronavirus Fire extinguishers,53.16794|29.19147,,213810,https://www.booking.com/hotel/by/yubulieynaya.html
BY,Belarus,110368,Babrujsk,1718523,Timyan,ThreeStar,Ulitsa Gorelika 309 Bobruysk ,,"Located in Bobruisk, ?????? features a restaurant, bar, garden, and free WiFi. Featuring room service, this property also provides guests with a childrens playground. The hotel has family rooms.

At the hotel, all rooms have a wardrobe. Each room is equipped with a desk and a flat-screen TV, and certain rooms at ?????? have a patio. At the accommodation every room has bed linen and towels.

Continental and à la carte breakfast options are available daily at ??????.

The hotel offers a terrace. Guests at ?????? will be able to enjoy activities in and around Bobruisk, like hiking.

Asipovichy is 38 km from the accommodation.",,Restaurant Room service meeting/banquet facilities Bar Garden Terrace Non-smoking rooms Family rooms Free parking internet services express check-in/check-out children's playground Hiking Heating wifi Free WiFi Parking Fire extinguishers CCTV outside property CCTV in common areas Smoke alarms 24-hour security Live sport events (broadcast) Live music/performance kids' outdoor play equipment Private parking parking on site Daily housekeeping shuttle service (additional charge) Private check-in/check-out designated smoking area Air conditioning,53.13941|29.15341,+375444809994,213825,https://www.booking.com/hotel/by/timyan.html
BY,Belarus,110368,Babrujsk,5419586,Apart on Engelsa street,All,Ulitsa Enghiel'sa D.90  ,,"Nasutkibobr Apartment on Engelsa 90 is located in Bobruisk. This apartment provides room service and free WiFi.

The apartment features 1 bedroom, a flat-screen TV with cable channels, an equipped kitchen with a microwave and a fridge, a washing machine, and 1 bathroom with a shower.

Guests at the apartment can enjoy hiking nearby, or make the most of the garden. This property will not accommodate hen, stag or similar parties.
Please inform Nasutkibobr Apartment on Engelsa 90 in advance of your expected arrival time. You can use the Special Requests box when booking, or contact the property directly with the contact details provided in your confirmation.
Please note that the check-in and key-collection take place at: ????? ????????????? ?.118 4 ???????, 213811 ?. ????????.",,kids' outdoor play equipment invoice provided Non-smoking throughout Children television networks Heating breakfast in the room Free parking Free WiFi shuttle service (additional charge) Parking Car hire Chapel/shrine Hiking Tennis Court Airport shuttle Garden internet services airport shuttle (additional charge) wifi available in all areas Room service wifi,53.13633|29.21703,,213819,https://www.booking.com/hotel/by/apart-on-engelsa-street.html
BY,Belarus,110368,Babrujsk,5626286,Paulmarie Apartments On Gor'kogo,All,34 Vulica Horkaha  ,,"PaulMarie Apartments on Gorkogo is located in Bobruisk. This apartment provides a tour desk and free WiFi.

The apartment is equipped with 1 bedroom, 1 bathroom, bed linen, towels, a flat-screen TV with cable channels, a dining area, a fully equipped kitchen, and a balcony with city views.

Guests at the apartment can enjoy a à la carte breakfast.

A car rental service is available at PaulMarie Apartments on Gorkogo.

Asipovichy is 42 km from the accommodation. This property will not accommodate hen, stag or similar parties.",,Parking Non-smoking rooms Airport shuttle Family rooms breakfast in the room Free parking internet services Car hire Tour desk wifi Free WiFi Non-smoking throughout designated smoking area Special diet menus (on request) airport shuttle (additional charge) Daily housekeeping grocery deliveries parking on site wifi available in all areas Walking tours Bike tours Tour or class about local culture invoice provided,53.14672|29.22408,,213827,https://www.booking.com/hotel/by/paulmarie-apartments-on-gor-kogo.html
BY,Belarus,101666,Baranovichi,1435693,Venin Hotel,All,Smolenskaya str 12A 225409 Baranovichy ,,"Venin Hotel is a hotel located in the centre of Baranavichy. You can relax with a drink from the bar. It offers free WiFi access throughout and a 24-hour reception. is available.

Each room features a flat-screen TV, air conditioning and a sofa. An electric kettle is also provided and the private bathroom is fitted with a bathtub or a shower.

Breakfast is included in the rate and served each morning in the communal lounge.

The property also offers free private parking on site.",,Smoke alarms Parking secured parking Fire extinguishers meeting/banquet facilities breakfast options Non-smoking throughout Airport shuttle On-site parking Private parking designated smoking area Safety Deposit Box Free parking Soundproof rooms express check-in/check-out Fruits Heating Family rooms Chocolate or cookies Security alarm Free WiFi Fax/photocopying Restaurant Bottle of water Bridal suite Private check-in/check-out Luggage storage airport shuttle (additional charge) Non-smoking rooms Street parking on-site coffee house Daily housekeeping CCTV in common areas Air conditioning CCTV outside property Massage chair Bar internet services 24-hour front desk wifi Ironing service wifi available in all areas 24-hour security Wine/champagne,53.12776|26.02446,+375163410784|+375163411120,225409,https://www.booking.com/hotel/by/venin-baranowitschi.html
BY,Belarus,101666,Baranovichi,1565651,Horizont,ThreeStar,Sovetskaya 82 225409 Baranavichy ,,"Hotel Gorizont in Baranavichy provides accommodation with a bar and a casino. Among the facilities of this property are a restaurant, a 24-hour front desk and an ATM, along with free WiFi. The tour desk is available to assist guests in planning their days out.

At the hotel, all rooms are equipped with a desk, a TV, a private bathroom, bed linen and towels. The units feature a wardrobe.

Guests at Hotel Gorizont will be able to enjoy activities in and around Baranavichy, like hiking.

Nyasvizh is 45 km from the accommodation. Guests are required to show a photo identification and credit card upon check-in. Please note that all Special Requests are subject to availability and additional charges may apply.",,Parking Restaurant meeting/banquet facilities Bar 24-hour front desk Laundry Barber/beauty shop Casino Ironing service internet services lift Safety Deposit Box Billiards Hiking Tour desk Heating wifi Free WiFi Non-smoking throughout designated smoking area ATM/cash machine on site nightclub/dj Private check-in/check-out shuttle service (additional charge) Daily housekeeping parking on site,53.13229|26.01606,00375163421012,225409,https://www.booking.com/hotel/by/gorizont.html
BY,Belarus,101666,Baranovichi,1716047,Lazar Hotel,All,Borisovskaya Street 4 225320 Baranavichy ,,"Lazar Hotel is offering accommodation in Baranavichy. Among the facilities of this property are a restaurant, a 24-hour front desk and free WiFi. Secured parking is available free of charge.

At the hotel, all rooms are fitted with a wardrobe, a flat-screen TV and a private bathroom.

Breakfast is served every morning in Pirosmani restaurant.",,Free WiFi Allergy-free room wifi Fax/photocopying Heating lift internet services Free parking Family rooms Facilities for disabled guests Non-smoking rooms 24-hour front desk meeting/banquet facilities Room service Restaurant Parking Fire extinguishers CCTV outside property CCTV in common areas Smoke alarms Private parking parking on site grocery deliveries Daily housekeeping Private check-in/check-out designated smoking area Non-smoking throughout,53.1327|26.03633,+375447216216|+375163618001,225320,https://www.booking.com/hotel/by/lazar.html
BY,Belarus,101666,Baranovichi,1716870,Mariinskiy,ThreeStar,29 Vulica Haharyna 225320 Baranavichy ,,"Situated in Baranavichy, Mariinskiy offers 3-star accommodation with a bar. With free WiFi, this 3-star hotel offers a 24-hour front desk. There is a restaurant serving European cuisine, and free private parking is available.

The rooms are fitted with a flat-screen TV with satellite channels, a kettle, a shower, a hairdryer and a desk. The hotel features some rooms that have a balcony and city view, and rooms come with a private bathroom and a wardrobe.

A continental breakfast is available each morning at Mariinskiy.

Nyasvizh is 46 km from the accommodation.",,internet services Hiking wifi Free WiFi Daily housekeeping parking on site Private parking use of cleaning chemicals that are effective against coronavirus guest accommodation is disinfected between stays food can be delivered to guest accommodation first aid kit available cashless payment available physical distancing rules followed guests have the option to cancel any cleaning services for their accommodation during their stay thermometers for guests provided by property Parking Restaurant meeting/banquet facilities Bar 24-hour front desk Non-smoking rooms Facilities for disabled guests Family rooms Free parking,53.1317|26.01459,,225320,https://www.booking.com/hotel/by/mariinskiy.html
BY,Belarus,101666,Baranovichi,5001941,Villa Sarra,ThreeStar,"Chernyshevsky 39 225320 Baranavichy, Belarus ",Distances are calculated in a straight line from the property s location to the point of interest or attraction  and may not reflect actual travel distance. <br /><br /> Distances are displayed to the nearest 0.1 mile and kilometer. <p>Architectural  Residential and Cultural Complex of the Radziwill Family at Nesvizh - 47 km / 29.2 mi <br />Mir Castle - 47.9 km / 29.7 mi <br /></p>,"<p>HeadLine : In Baranavichy</p><p>Location : Villa Sarra is located in Baranavichy.</p><p>Rooms : Make yourself at home in one of the 17 air-conditioned rooms featuring flat-screen televisions. Complimentary wireless Internet access keeps you connected, and satellite programming is available for your entertainment. Bathrooms feature showers, complimentary toiletries, and hair dryers. Conveniences include irons/ironing boards and blackout drapes/curtains, and housekeeping is provided daily.</p><p>Dining : Take advantage of the hotel s 24-hour room service. Cooked-to-order breakfasts are available daily from 7:00 AM to 11:00 AM for a fee.</p><p>CheckIn Instructions : <ul>  <li>Extra-person charges may apply and vary depending on property policy</li><li>Government-issued photo identification and a credit card, debit card, or cash deposit may be required at check-in for incidental charges</li><li>Special requests are subject to availability upon check-in and may incur additional charges; special requests cannot be guaranteed</li><li>Guests must contact this property in advance to reserve cribs/infant beds and sofa beds</li><li>This property accepts credit cards, debit cards, and cash</li>  </ul></p><p>Special Instructions : Front desk staff will greet guests on arrival.</p>",,Dry cleaning/laundry service Outdoor furniture Porter/bellhop Fully fenced Outdoor entertainment area Multilingual staff Conference space size (meters) - 50 24-hour front desk Breakfast available (surcharge) Free WiFi Designated smoking areas Barbecue grill(s) Garden Picnic area Wheelchair accessible parking Tours/ticket assistance Free self parking Conference space Conference space size (feet) - 538 Concierge services,53.121419|26.006745,+375 44 746-15-00,225320,
BY,Belarus,101666,Baranovichi,5692877,Apartment Tatiana,All,Ul.Ordzhonikidzie 5 Apt. 1  ,,"Situated in Baranavichy in the Brest region, Apartment Tatiana features a balcony. This apartment features a 24-hour front desk and free WiFi.

The apartment has 2 bedrooms, a flat-screen TV with satellite channels, an equipped kitchen with a microwave and a fridge, a washing machine, and 1 bathroom with a shower. Towels and bed linen are available.

A car rental service is available at the apartment, while hiking can be enjoyed nearby.

Nyasvizh is 44 km from Apartment Tatiana. Please inform Apartment Tatiana in advance of your expected arrival time. You can use the Special Requests box when booking, or contact the property directly with the contact details provided in your confirmation.
This property will not accommodate hen, stag or similar parties.
In response to Coronavirus (COVID-19), additional safety and sanitation measures are in effect at this property.",,Non-smoking rooms Airport shuttle Barber/beauty shop Family rooms Casino Free parking internet services lift Karaoke Hiking Chapel/shrine Car hire Heating Fax/photocopying wifi Parking Pets allowed 24-hour front desk Tennis Court shared stationery such as printed menus  magazines  pens  and paper removed staff follow all safety protocols as directed by local authorities guest accommodation sealed after cleaning guest accommodation is disinfected between stays linens  towels and laundry washed in accordance with local authority guidelines use of cleaning chemicals that are effective against coronavirus CCTV outside property CCTV in common areas Smoke alarms Live sport events (broadcast) Tour or class about local culture Bike tours Walking tours Baby safety gates kids' outdoor play equipment wifi available in all areas parking on site airport shuttle (additional charge) shuttle service (additional charge) Private check-in/check-out designated smoking area Non-smoking throughout Free WiFi guests have the option to cancel any cleaning services for their accommodation during their stay all plates  cutlery  glasses and other tableware have been sanitized invoice provided screens or physical barriers placed between staff and guests in appropriate areas mobile app for room service physical distancing rules followed contactless check-in/check-out first aid kit available process in place to check health of guests hand sanitizer in guest accommodation and key areas,53.12873|26.03706,,225409,https://www.booking.com/hotel/by/tat-iana.html
BY,Belarus,102203,Barysau,1435747,Bivak Usadba Club,All,Dudinka Village 3B 222515 Barysau ,,"Located in the picturesque area in Dudinka Village, Bivak Usadba Club features a sauna, terrace, free WiFi and free parking.

The rooms come with either private or shared bathrooms.

Guests can dine in the hotels café, serving homemade cuisine, or use propertys barbecue facilities. An array of activities can be enjoyed on site, including table tennis and billiards.

The Berezina River is a 15-minute walk away, and Minsk National Airport is 72.3 km from Bivak Usadba Club. Please inform Bivak Usadba Club in advance of your expected arrival time. You can use the Special Requests box when booking, or contact the property directly with the contact details provided in your confirmation.
Guests are required to show a photo identification and credit card upon check-in. Please note that all Special Requests are subject to availability and additional charges may apply.
In response to Coronavirus (COVID-19), additional safety and sanitation measures are in effect at this property.
Due to Coronavirus (COVID-19), this property is taking steps to help protect the safety of guests and staff. Certain services and amenities may be reduced or unavailable as a result.
Please note that breakfast for children 5 years and younger is available at surcharge.",,Parking Restaurant meeting/banquet facilities Sauna Garden Terrace Non-smoking rooms Skiing Family rooms Games room Free parking internet services Safety Deposit Box children's playground Billiards Table tennis Karaoke Chapel/shrine BBQ facilities Packed lunches Cycling Heating Fax/photocopying Horse riding wifi Ski storage Allergy-free room Free WiFi cashless payment available physical distancing rules followed all plates  cutlery  glasses and other tableware have been sanitized guests have the option to cancel any cleaning services for their accommodation during their stay Air conditioning designated smoking area Sun terrace Private check-in/check-out ski equipment hire on site Shared kitchen Lockers shared lounge/TV area Evening entertainment Daily housekeeping parking on site Private parking wifi available in all areas board games/puzzles Indoor play area kids' outdoor play equipment Kid meals Tour or class about local culture Smoke alarms CCTV in common areas CCTV outside property Fire extinguishers use of cleaning chemicals that are effective against coronavirus linens  towels and laundry washed in accordance with local authority guidelines guest accommodation is disinfected between stays physical distancing in dining areas staff follow all safety protocols as directed by local authorities hand sanitizer in guest accommodation and key areas first aid kit available,54.26283|28.4559,,222515,https://www.booking.com/hotel/by/club-usadba-bivak.html
BY,Belarus,102203,Barysau,1564758,Dudinka - City Hotel,All,Derevnya Dudinka 1 222515 Borisov ,,"Featuring free WiFi and a restaurant, Dudinka - City Mini Hotel offers accommodation in Borisov, 78 km from Minsk. Free private parking is available on site.

All rooms have a TV. Some rooms include a seating area where you can relax.

There is a shared lounge at the property.

You can play table tennis and billiards at the hotel. The nearest airport is Minsk International Airport, 63 km from the property.",,24-hour security CCTV in common areas CCTV outside property Fire extinguishers Parking Restaurant meeting/banquet facilities Bar 24-hour front desk Garden Non-smoking rooms Family rooms Free parking internet services Billiards Table tennis Hiking BBQ facilities Heating wifi Free WiFi Air conditioning designated smoking area Private check-in/check-out Special diet menus (on request) shared lounge/TV area Daily housekeeping parking on site Private parking board games/puzzles,54.2641|28.45664,,222515,https://www.booking.com/hotel/by/dudinka-city.html
BY,Belarus,102203,Barysau,1721705,Hotel V Lankovshina,All,449km M1 trassa Brest-Moscow Borisovskiy raion222127 Telyuki ,,"Hotel V Lankovshina offers accommodation in Lankovshchina, 10 km from Borisov..

Rooms include a flat-screen TV with cable channels. Each room comes with a shared bathroom. Hotel V Lankovshina features free WiFi .

There is a 24-hour front desk at the property.

Minsk National Airport is 60 km from the property. Please inform Hotel V Lankovshina in advance of your expected arrival time. You can use the Special Requests box when booking, or contact the property directly with the contact details provided in your confirmation.",,Daily housekeeping airport shuttle (additional charge) BBQ facilities designated smoking area wifi Special diet menus (on request) 24-hour security Fax/photocopying Mini-market on site Packed lunches CCTV outside property Smoke alarms Non-smoking rooms Bottle of water Airport shuttle breakfast in the room Air conditioning Heating shuttle service (additional charge) gift shop Shuttle service 24-hour front desk grocery deliveries Bridal suite Street parking Family rooms airport pick up Free WiFi Wine/champagne Restaurant CCTV in common areas Room service Key access Parking airport drop off express check-in/check-out Private check-in/check-out Chocolate or cookies Outdoor fireplace secured parking internet services Children television networks Free parking breakfast options Bar Luggage storage Kid meals On-site parking Fire extinguishers,54.26642|28.67934,,222127,https://www.booking.com/hotel/by/v-lankovshina.html
BY,Belarus,102203,Barysau,1950227,Tourist complex Korolevskaya Okhota,All,Minskaya Oblast Borisovskiy R-N  R-N-D ,,"Tourist complex Korolevskaya Okhota is offering accommodation in Chrost. Featuring family rooms, this property also provides guests with a childrens playground. The accommodation offers a 24-hour front desk, airport transfers, a shared kitchen and free WiFi.

All guest rooms in the inn are equipped with a kettle. The units at Tourist complex Korolevskaya Okhota feature air conditioning and a wardrobe.

The area is popular for hiking and skiing, and ski equipment hire is available at the accommodation.

Gili is 41 km from Tourist complex Korolevskaya Okhota, while Borisov is 28 km away. The nearest airport is Minsk National Airport, 77 km from the inn.",,Ski equipment hire (on site) VIP room facilities Private parking Parking guests have the option to cancel any cleaning services for their accommodation during their stay Skiing kids' outdoor play equipment hand sanitizer in guest accommodation and key areas first aid kit available designated smoking area Heating Shared kitchen pool/beach towels linens  towels and laundry washed in accordance with local authority guidelines 24-hour front desk meeting/banquet facilities CCTV in common areas Security alarm Table tennis Airport shuttle Fax/photocopying Smoke alarms On-site parking Family rooms Pets allowed Ski storage Hiking Fire extinguishers guest accommodation is disinfected between stays physical distancing rules followed use of cleaning chemicals that are effective against coronavirus Daily housekeeping Fishing internet services board games/puzzles CCTV outside property airport shuttle (additional charge) Non-smoking rooms Sauna Free WiFi Air conditioning 24-hour security wifi all plates  cutlery  glasses and other tableware have been sanitized Free parking Private check-in/check-out children's playground,54.45999|28.67141,,222514,https://www.booking.com/hotel/by/baza-okhotnich-39-yego-khozyaystva-korolevskaya-okhota.html
BY,Belarus,105206,Braslav,1436402,Braslaw Lakes Hotel,All,211969 Braslaw  ,,"Featuring a private beach, Braslaw Lakes Hotel is located at the bank of Lake Navyaty in Braslaw. Free WiFi is available.

The rooms provide a flat-screen TV with cable channels, and a private bathroom with a hairdryer.

Guests can dine in the hotels restaurant or use on-site barbecue facilities.  Room service and breakfasts in the room are provided upon request. Billiards, table tennis and darts can be enjoyed on site. Other hotels facilities include a tour desk, bicycle rental, 24-hour front desk and luggage storage.

Polatsk Train Station is 125 km away, and Minsk National Airport is 240 km from Braslaw Lakes Hotel. Please inform Braslaw Lakes Hotel in advance of your expected arrival time. You can use the Special Requests box when booking, or contact the property directly with the contact details provided in your confirmation.
In the event of an early departure, the property will charge you the full amount for your stay.
Guests are required to show a photo identification and credit card upon check-in. Please note that all Special Requests are subject to availability and additional charges may apply.",,guests have the option to cancel any cleaning services for their accommodation during their stay all plates  cutlery  glasses and other tableware have been sanitized physical distancing rules followed cashless payment available first aid kit available staff follow all safety protocols as directed by local authorities food can be delivered to guest accommodation physical distancing in dining areas guest accommodation is disinfected between stays linens  towels and laundry washed in accordance with local authority guidelines use of cleaning chemicals that are effective against coronavirus Fire extinguishers CCTV outside property CCTV in common areas Smoke alarms Security alarm 24-hour security Tour or class about local culture Bike tours Walking tours Kid meals parking on site kids' outdoor play equipment board games/puzzles Beachfront Sun terrace wifi available in all areas Private beach area Private parking designated smoking area Free WiFi wifi Fax/photocopying Heating Cycling BBQ facilities Chapel/shrine Hiking Table tennis internet services Family rooms Fishing Non-smoking rooms Terrace 24-hour front desk Bar Room service Restaurant Parking,55.63314|27.05175,,211969,https://www.booking.com/hotel/by/braslav-lakes-braslaw.html
BY,Belarus,105206,Braslav,1535855,Hotel Falvarak,TwoStar,Ulitsa Leninskaya 35 220013 Braslaw ,,"Located in Braslaw, Hotel Falvarak offers free bikes, garden and terrace. This 2-star hotel offers a 24-hour front desk and free WiFi. A tour desk can provide information on the area.

At the hotel, the rooms have a wardrobe, a flat-screen TV and a private bathroom.

An array of activities can be enjoyed in the surroundings, including cycling, fishing and hiking.",,Street parking Kids  outdoor play equipment Public Bath Private parking Parking onsite Daily housekeeping Shared kitchen Private check-in/check-out Bikes available (free) Air conditioning Free WiFi Free WiFi Heating Tour desk Cycling Hiking Bicycle rental (additional charge) Safe-deposit box at front desk Internet access Family rooms Fishing Non-smoking rooms Terrace Garden Sauna 24-hour front desk Pets allowed Free self parking,55.63185|27.05722,,220013,https://www.booking.com/hotel/by/falvarak.html
BY,Belarus,105206,Braslav,1861131,Zhiemchuzhina Braslava,All,Derevnya Vyazki 22 211969 Braslaw ,,"Located in Braslaw in the Vitebsk region, Zhiemchuzhina Braslava features accommodation with free WiFi.

The accommodation comes with a fully equipped kitchenette with a fridge, a flat-screen TV and a private bathroom with a bath. A stovetop and kettle are also featured.

The aparthotel offers a barbecue. This property will not accommodate hen, stag or similar parties.",,Free self parking Pets allowed Non-smoking rooms Fishing Internet access Hiking BBQ facilities Free WiFi Free WiFi Non-smoking throughout Bikes available (free) On private beach Parking onsite Private parking,55.61621|27.07546,+375447601735,211969,https://www.booking.com/hotel/by/zhiemchuzhina-braslava.html
BY,Belarus,105206,Braslav,1892362,Usadba Na Ozere Elno,All,Zaelentsy 2 211970 BraslawBelarus ,,"Usadba na ozere Elno is offering accommodation in Braslaw. The property features barbecue facilities, as well as a garden. Free WiFi is available.

All rooms in the inn are fitted with a TV. The rooms feature a wardrobe.

The area is popular for fishing and hiking. Please inform Usadba na ozere Elno in advance of your expected arrival time. You can use the Special Requests box when booking, or contact the property directly with the contact details provided in your confirmation.",,Free self parking Meeting rooms Garden Non-smoking rooms Fishing Internet access Free valet parking Hiking BBQ facilities Free WiFi Free WiFi Grocery/convenience store Private parking Public Bath,55.66308|26.97903,,211970,https://www.booking.com/hotel/by/usad-ba-na-ozere-el-no.html
BY,Belarus,102315,Domacevo,1433173,Chalet Greenwood,All,27 Km Trassy Brest Domachevo Beloe Ozero Distirct Beloe Ozero distirctDomacevo 224056 ,,"Offering a la carte restaurant, Chalet Greenwood is located 35 km from Brest city. Free Wi-Fi access is available.

Rooms here will provide you with a flat-screen TV and a terrace. Featuring a shower, private bathrooms also come with a hairdryer and free toiletries. Extras include a minibar and a seating area.

At Chalet Greenwood you will find a 24-hour front desk, a terrace and a bar. Beloye and Chyornoye Lakes are located 150 metres from the property and the beachfront is 300 metres away.

The distance to Brest Airport is 50 km from  Chalet Greenwood, and Train Station is 35 km away. Guests are requested to inform the property of their expected arrival time. This can be noted in the Special Request box when booking or negotiated directly with the administration of the property.

Please note that smoking is allowed only on the terrace.",,delivered food is securely covered guests have the option to cancel any cleaning services for their accommodation during their stay all plates  cutlery  glasses and other tableware have been sanitized invoice provided physical distancing rules followed cashless payment available first aid kit available hand sanitizer in guest accommodation and key areas staff follow all safety protocols as directed by local authorities food can be delivered to guest accommodation physical distancing in dining areas guest accommodation is disinfected between stays linens  towels and laundry washed in accordance with local authority guidelines use of cleaning chemicals that are effective against coronavirus Fire extinguishers CCTV outside property CCTV in common areas Smoke alarms 24-hour security Live music/performance Cooking class Themed dinner nights pool/beach towels Kid meals kids' outdoor play equipment board games/puzzles parking on site Daily housekeeping Beachfront water sport facilities on site Private check-in/check-out Snack Bar Private beach area designated smoking area Free WiFi wifi Fax/photocopying Heating hammam Cycling Packed lunches Hiking Soundproof rooms Table tennis children's playground Safety Deposit Box internet services Free parking breakfast in the room Family rooms Fishing Non-smoking rooms Terrace Sauna 24-hour front desk Bar meeting/banquet facilities Restaurant Parking,51.81327|23.70484,,224056,https://www.booking.com/hotel/by/chalet-greenwood.html
BY,Belarus,105793,Dziarzynsk,1430455,Hotel Westa,ThreeStar,Km 319 800 Brest Highway M-1/E-30 km 319 & 800 Brest Direction222720 DzerzhinskMinsk Region ,,"Featuring an indoor swimming pool, tennis court and a sauna, this hotel is located near Dzerzhinsk town, 30 km from Minsk. It also offers bowling facilities and air-conditioned rooms.

Each modern, elegant room at Hotel Westa comes complete with a flat-screen TV and a fridge. Bathrooms include a hairdryer.

The Westas restaurant with marble floors serves European cuisine, while Belorussian specialities are offered in the hotels café.  Drinks are available at the on-site bar.

The spa centre at Westa provides beauty and relaxation treatments, including a solarium, a massage and a steam bath. Billiards and table tennis can also be found on site.

The E30 motorway is 1 minutes drive from Hotel Westa, offering access to Minsk. A shuttle service to Minsks Train Station (40 km) and Airport (67 km) is available on request. Please inform Hotel Westa in advance of your expected arrival time. You can use the Special Requests box when booking, or contact the property directly with the contact details provided in your confirmation.
In response to Coronavirus (COVID-19), additional safety and sanitation measures are in effect at this property.
Due to Coronavirus (COVID-19), this property is taking steps to help protect the safety of guests and staff. Certain services and amenities may be reduced or unavailable as a result.
Due to Coronavirus (COVID-19), wearing a face mask is mandatory in all indoor common areas.
It is not possible to stay at this property for Coronavirus (COVID-19) quarantine purposes.
The price includes 1 hour of visiting the aqua zone.",,Swimming pool guests have the option to reuse towels key card or motion-controlled electricity for guests guests can opt-out of daily cleaning service water cooler/dispenser bicycle rental have you removed  or never offered  all plastic stirrers? use of cleaning chemicals that are effective against coronavirus linens  towels and laundry washed in accordance with local authority guidelines guest accommodation is disinfected between stays physical distancing in dining areas staff follow all safety protocols as directed by local authorities shared stationery such as printed menus  magazines  pens  and paper removed hand sanitizer in guest accommodation and key areas process in place to check health of guests first aid kit available cashless payment available physical distancing rules followed screens or physical barriers placed between staff and guests in appropriate areas invoice provided all plates  cutlery  glasses and other tableware have been sanitized guests have the option to cancel any cleaning services for their accommodation during their stay thermometers for guests provided by property face masks for guests available at least 80% of food is sourced from your region at least 80% of lighting uses energy-efficient led bulbs all windows are double-glazed tours and activities organized by local guides and businesses offered green spaces such as gardens/rooftop gardens on the property Parking Restaurant Pets allowed meeting/banquet facilities Bar 24-hour front desk Tennis Court Sauna Fitness centre Terrace Non-smoking rooms Airport shuttle Fishing Laundry Facilities for disabled guests Skiing Free parking internet services lift express check-in/check-out Solarium Safety Deposit Box Currency exchange Spa and wellness centre Massage children's playground Billiards Table tennis Karaoke gift shop Library Shoeshine Hiking BBQ facilities Cycling Bowling Tour desk hammam Heating Evening entertainment Daily housekeeping parking on site Private parking Public Bath kids' outdoor play equipment Children television networks Heated pool pool/beach towels Shallow end Movie nights Walking tours Live music/performance Live sport events (broadcast) 24-hour security Smoke alarms CCTV in common areas CCTV outside property Fire extinguishers Fax/photocopying Luggage storage shops on site wifi Ski storage Indoor pool Free WiFi Air conditioning designated smoking area Private beach area Snack Bar indoor pool (all year) Entertainment staff Private check-in/check-out shuttle service (additional charge) ski equipment hire on site Ski-to-door access Special diet menus (on request) airport shuttle (additional charge) minimarket on site,53.66232|27.14106,+375171654486,222720,https://www.booking.com/hotel/by/westa.html
BY,Belarus,102442,Hlybokaye,1437382,Hotel Olga,All,Sadovaya Street 6B 211800 Hlybokaye ,,"Located in Glubokoye, Hotel Olgas offers free private parking.

All rooms come with cable TV. Guests use the private bathroom. The shared TV lounge is available on site.

The property is 800 metres from Kagalnoye Lake and 2 km from Velikoye Lake. Children can spend time at the playground.

Glubokoye Train Station is 500 metres from Hotel Olgas.",,Parking meeting/banquet facilities Bar 24-hour front desk Non-smoking rooms Family rooms Games room Ironing service Free parking internet services Packed lunches Heating wifi Free WiFi designated smoking area Private check-in/check-out shared lounge/TV area Daily housekeeping parking on site Private parking,55.12834|27.68539,,211800,https://www.booking.com/hotel/by/olgas.html
BY,Belarus,102442,Hlybokaye,1564757,Arola Hotel,All,Kirova 126 211800 Hlybokaye ,,"Arola Hotel offers accommodation in Hlybokaye.

The rooms have a TV. Each room is equipped with a private bathroom.

There is a 24-hour front desk at the property.",,Parking meeting/banquet facilities Bar 24-hour front desk Sauna Non-smoking rooms Family rooms Free parking internet services Heating wifi Free WiFi Air conditioning designated smoking area Daily housekeeping parking on site Private parking,55.12389|27.69681,,211800,https://www.booking.com/hotel/by/ghostinitsa-quot-arola-quot.html
BY,Belarus,102442,Hlybokaye,1888247,Nord,All,Skoriny 60 211800 Hlybokaye ,,"We have already 6 years met and hosted our guests with great pleasure. 
Home comfort and hospit?lity - its our main goal! Welcome to ""NORD"" Nord is located in Hlybokaye and features a terrace. The accommodation features ski storage space, as well as a garden and barbecue facilities. The accommodation provides a 24-hour front desk, airport transfers, a shared kitchen and free WiFi throughout the property.

Guest rooms are equipped with a TV with satellite channels, microwave, a kettle, a shower, a hairdryer and a wardrobe. At the inn each room comes with bed linen and towels.

Nord offers a continental or à la carte breakfast.

You can play billiards at the accommodation, and the area is popular for hiking and skiing.

Plissa is 18 km from Nord.",,Fire extinguishers use of cleaning chemicals that are effective against coronavirus linens  towels and laundry washed in accordance with local authority guidelines guest accommodation is disinfected between stays food can be delivered to guest accommodation staff follow all safety protocols as directed by local authorities hand sanitizer in guest accommodation and key areas process in place to check health of guests cashless payment available physical distancing rules followed all plates  cutlery  glasses and other tableware have been sanitized Daily housekeeping thermometers for guests provided by property grocery deliveries face masks for guests available wifi available in all areas Walking tours Tour or class about local culture Smoke alarms Pets allowed Room service 24-hour front desk Garden Terrace Non-smoking rooms Airport shuttle Fishing dry cleaning Skiing Family rooms breakfast in the room Ironing service internet services Billiards Hiking Chapel/shrine BBQ facilities Cycling Tour desk Heating wifi Ski storage Free WiFi Air conditioning designated smoking area Private check-in/check-out shuttle service (additional charge) ski equipment hire on site airport shuttle (additional charge) Shared kitchen,55.15851|27.68267,,211800,https://www.booking.com/hotel/by/nord.html
BY,Belarus,102442,Hlybokaye,1938687,Usadba Yakimovich,All,Ulitsa Gagarina 20 211793 Hlybokaye ,,"Usadba Yakimovich has a fitness centre and a garden in Hlybokaye. The accommodation features a 24-hour front desk, airport transfers, a shared kitchen and free WiFi throughout the property.

All rooms are fitted with air conditioning, a flat-screen TV with cable channels, a fridge, a kettle, a bath or shower, free toiletries and a wardrobe. At the inn the rooms include a private bathroom.

A continental breakfast is available each morning at Usadba Yakimovich.

Guests at the accommodation will be able to enjoy activities in and around Hlybokaye, like hiking and fishing.

Plissa is 19 km from Usadba Yakimovich.",,Packed lunches Shared kitchen Heating VIP room facilities Non-smoking rooms 24-hour front desk Pets allowed Fax/photocopying airport shuttle (additional charge) Daily housekeeping breakfast in the room Private check-in/check-out pool/beach towels Air conditioning Fishing Table tennis designated smoking area Parking Special diet menus (on request) Hiking Room service wifi Ironing service Family rooms Airport shuttle Billiards meeting/banquet facilities Sauna Newspapers Valet parking BBQ facilities Free parking Fitness centre Laundry Kid meals Garden internet services shuttle service (additional charge) wifi available in all areas Free WiFi Private parking grocery deliveries Bridal suite On-site parking Non-smoking throughout express check-in/check-out,55.14179|27.68592,,211793,https://www.booking.com/hotel/by/usadba-yakimovich.html
BY,Belarus,102442,Hlybokaye,6085897,Hotel Hlybokaye,All,Lenina Street 1  ,,"Located in Hlybokaye, Hotel Hlybokaye offers a bar. The accommodation provides a 24-hour front desk and free WiFi.

A à la carte breakfast is available daily at the hotel.

Plissa is 18 km from Hotel Hlybokaye.",,Parking Bar 24-hour front desk Non-smoking rooms Family rooms Free parking internet services wifi Free WiFi Non-smoking throughout Private check-in/check-out Kid-friendly buffet Smoke alarms,55.13969|27.69417,,211800,https://www.booking.com/hotel/by/hlybokaye-glubokoe.html
BY,Belarus,122631,Hrodna,1163511,Turist,ThreeStar,Yanki Kupaly 63 Hrodna 230026 ,Distances are displayed to the nearest 0.1 mile and kilometer. <br /> <p>Drama Theatre - 3.3 km / 2.1 mi <br /> New Castle - 3.7 km / 2.3 mi <br /> Zylibiera Park - 4.8 km / 3 mi <br /> Czarna Hancza River - 33.1 km / 20.6 mi <br /> Mikalojus Konstantinas Ciurlionis Memorial Museum - 47.1 km / 29.3 mi <br /> Snow Arena - 47.3 km / 29.4 mi <br /> Druskininkai Recreation and Health Centre Aqua - 47.4 km / 29.4 mi <br /> One Adventure Park - 48.4 km / 30.1 mi <br /> Gruto Parkas - 50.7 km / 31.5 mi <br /> </p><p>The preferred airport for Hotel Tourist Grodno is Vilnius (VNO-Vilnius Intl.) - 166.6 km / 103.5 mi </p>,"<p>HeadLine : Near Drama Theatre</p><p>Location : Located in Grodna, Hotel Tourist Grodno is within a 5-minute drive of Drama Theatre and New Castle.  This hotel is 3.1 mi (5 km) from Zylibiera Park and 20.6 mi (33.1 km) from Czarna Hancza River.</p><p>Rooms : Make yourself at home in one of the 123 guestrooms featuring refrigerators. Complimentary wireless Internet access keeps you connected, and cable programming is available for your entertainment. Conveniences include desks, housekeeping is provided daily, and irons/ironing boards can be requested.</p><p>Dining : Enjoy a meal at the restaurant or snacks in the coffee shop/cafe. The hotel also offers 24-hour room service. Quench your thirst with your favorite drink at the bar/lounge. Buffet breakfasts are available daily from 7 AM to 10 AM for a fee.</p><p>CheckIn Instructions : <ul>  <li>Extra-person charges may apply and vary depending on property policy</li><li>Government-issued photo identification and a credit card, debit card, or cash deposit may be required at check-in for incidental charges</li><li>Special requests are subject to availability upon check-in and may incur additional charges; special requests cannot be guaranteed</li><li>This property accepts credit cards</li>  </ul></p><p>Special Instructions : Front desk staff will greet guests on arrival.</p>",375-152-545709,Airport transportation (surcharge) Luggage storage Business center Number of meeting rooms - 2 24-hour front desk Breakfast available (surcharge) Free WiFi Number of bars/lounges - 1 Spa services on site Safe-deposit box at front desk Smoke-free property In-room accessibility (in select rooms) Number of coffee shops/cafes - 1 Free newspapers in lobby Roll-in shower (in select rooms) Tours/ticket assistance elevator Self parking (surcharge) Bicycle rentals on site,53.654115|23.849344,375-152-545796,230026,http://www.tourist.grodno.by
BY,Belarus,122631,Hrodna,1357678,Semashko Hotel,ThreeStar,Antonova Street 10 230025 GrodnoBelarus ,Distances are displayed to the nearest 0.1 mile and kilometer. <br /> <p>Drama Theatre - 1.3 km / 0.8 mi <br /> New Castle - 1.4 km / 0.9 mi <br /> Zylibiera Park - 1.6 km / 1 mi <br /> Biebrza National Park - 51.8 km / 32.2 mi <br /> </p>,"<p>HeadLine : Near Drama Theatre</p><p>Location : Located in Grodna, Semashko Hotel is a 4-minute drive from Drama Theatre and 5 minutes from New Castle.  This hotel is 1.1 mi (1.7 km) from Zylibiera Park and 32.2 mi (51.8 km) from Biebrza National Park.</p><p>Rooms : Make yourself at home in one of the 41 air-conditioned rooms featuring refrigerators and minibars. Complimentary wireless Internet access keeps you connected, and cable programming is available for your entertainment. Private bathrooms with showers feature complimentary toiletries and hair dryers. Conveniences include safes and desks, and housekeeping is provided daily.</p><p>Dining : Enjoy a meal at the restaurant, or stay in and take advantage of the hotel s room service (during limited hours). A complimentary buffet breakfast is served daily.</p><p>CheckIn Instructions : Extra-person charges may apply and vary depending on property policy. <br />Government-issued photo identification and a credit card, debit card, or cash deposit are required at check-in for incidental charges. <br />Special requests are subject to availability upon check-in and may incur additional charges. Special requests cannot be guaranteed. <ul>  </ul></p>",375-29-1283546,24-hour front desk Designated smoking areas Sauna Free WiFi Dry cleaning/laundry service Free self parking Spa tub Restaurant Tours/ticket assistance Free breakfast Business center,53.675526|23.841597,375-29-1283546,230025,http://hotel-semashko.ru/
