countyCode,countyName,cityCode,cityName,HotelCode,HotelName,HotelRating,Address,Attractions,Description,FaxNumber,HotelFacilities,Map,PhoneNumber,PinCode,HotelWebsiteUrl
BO,Bolivia,150427,Camiri,1718557,Hotel La Casona,ThreeStar,Av. Carlos Daher Harb S N Pasillo La Williams Pasillo la Williams Pasillo La WilliamsCamiri ,Distances are displayed to the nearest 0.1 mile and kilometer. <br /> <p>Cuartel-Museo - 2.3 km / 1.4 mi <br /> YPFB Plant - 2.3 km / 1.4 mi <br /> La Cruz Lookout - 2.7 km / 1.7 mi <br /> San Francisco Cathedral - 3.8 km / 2.4 mi <br /> 12 de Julio Square - 3.8 km / 2.4 mi <br /> </p><p>The preferred airport for Hotel Boutique La Casona is Santa Cruz (VVI-Viru Viru Intl.) - 305.5 km / 189.8 mi </p>,"<p>HeadLine : Near Cuartel-Museo</p><p>Location : Located in Camiri, Hotel Boutique La Casona is within a 5-minute drive of La Cruz Lookout and Cuartel-Museo.  This hotel is 1.4 mi (2.3 km) from YPFB Plant and 2.4 mi (3.8 km) from 12 de Julio Square.</p><p>Rooms : Make yourself at home in one of the 8 individually furnished guestrooms. Your bed comes with down comforters and Egyptian cotton sheets. Complimentary wireless Internet access is available to keep you connected. Private bathrooms with showers feature complimentary toiletries and hair dryers.</p><p>Dining : Take advantage of the hotel s room service (during limited hours). Mingle with other guests at the complimentary reception, held daily. A complimentary buffet breakfast is served daily from 7:30 AM to 9:30 AM.</p><p>CheckIn Instructions : <ul>  <li>Extra-person charges may apply and vary depending on property policy</li><li>Government-issued photo identification and a cash deposit may be required at check-in for incidental charges</li><li>Special requests are subject to availability upon check-in and may incur additional charges; special requests cannot be guaranteed</li><li>Guests must contact this property in advance to reserve cribs/infant beds and rollaway/extra beds</li><li>This property accepts cash</li>  </ul></p><p>Special Instructions : Front desk staff will greet guests on arrival.</p>",,Luggage storage Free breakfast Free reception Meeting rooms 24-hour front desk Shared microwave 24-hour pool access Free WiFi Designated smoking areas Daily Barbecue grill(s) Number of outdoor pools - 1 Garden Picnic area Coffee/tea in common areas Laundry facilities Wedding services elevator Free self parking Fitness facilities Terrace Free Buffet Breakfast Concierge services,-20.018437|-63.530724,591-7-5014202,,
BO,Bolivia,150572,Cobija,1565307,Dorado Hotel,ThreeStar,Final Avenida Internacional 583 Cobija ,,"Featuring free WiFi and an outdoor pool, Dorado Hotel offers accommodation in Cobija. Guests can enjoy the on-site snack bar.

A complimentary breakfast is served daily.

Each room at this hotel is air conditioned and comes with a TV with cable channels. The rooms are fitted with a private bathroom equipped with a shower.

Free private parking is available on site.

There is a 24-hour front desk at the property.

The Brazilian border crossing is 1 block away from this property. Capitán Aníbal Arab Airport is a 7-minute drive from Dorado Hotel. Swimming pool #1 is closed from Mon 16 Dec 2019 until Sun 05 Jan 2020",,Swimming pool Parking use of cleaning chemicals that are effective against coronavirus Room service linens  towels and laundry washed in accordance with local authority guidelines meeting/banquet facilities guest accommodation is disinfected between stays Bar 24-hour front desk Garden Terrace Non-smoking rooms Airport shuttle Business centre guest accommodation sealed after cleaning Laundry invoice provided Free parking property is cleaned by professional cleaning companies internet services Currency exchange Billiards Darts Soundproof rooms Tour desk Fax/photocopying Luggage storage wifi Outdoor pool Free WiFi Non-smoking throughout Air conditioning outdoor pool (all year) concierge service shuttle service (additional charge) Special diet menus (on request) vending machine (drinks) airport shuttle (additional charge) Daily housekeeping parking on site Private parking wifi available in all areas Open-air bath secured parking Parking garage Plunge pool Wine/champagne Fruits airport pick up airport drop off coffee house on site sun loungers or beach chairs Sun umbrellas Outdoor furniture Swimming pool Shuttle service Key access CCTV in common areas CCTV outside property,-11.02684|-68.75328,,,https://www.booking.com/hotel/bo/dorado.html
BO,Bolivia,150572,Cobija,1719739,Estrella Del Norte,All,Calle Miguel Farah 48 Barrio Conavi CobijaCobijaPando ,,"Estrella del Norte Hotel - Cobija features a restaurant, outdoor swimming pool, a bar and garden in Cobija. All rooms feature a flat-screen TV with cable channels and a private bathroom. The accommodation provides a 24-hour front desk, airport transfers, a shared kitchen and free WiFi throughout the property.

Guest rooms at the hotel include air conditioning and a wardrobe.

Estrella del Norte Hotel - Cobija offers a continental or American breakfast.

The accommodation offers a sun terrace.",,Shuttle service wifi Parking Swimming pool Fruits Room service Safety Deposit Box Bridal suite CCTV outside property Family rooms Restaurant On-site parking Fire extinguishers Laundry airport shuttle (additional charge) Swimming pool Free WiFi breakfast options Airport shuttle Sun terrace Non-smoking rooms Garden shops (on site) Air conditioning Ironing service on-site coffee house Bar shuttle service (additional charge) Free parking Chocolate or cookies internet services Bicycle rental (additional charge) Non-smoking throughout Daily housekeeping Key access Luggage storage outdoor pool (all year) Fax/photocopying 24-hour front desk meeting/banquet facilities Shared kitchen wifi available in all areas,-11.02857|-68.75991,,,https://www.booking.com/hotel/bo/estrella-del-norte-cobija.html
BO,Bolivia,150572,Cobija,1861880,Amazonia Hotel,TwoStar,Avenida 6 De Agosto Esquina Avenida PandoCobija ,,"Amazonia Hotel offers air-conditioned rooms in Cobija. This 2-star hotel offers room service and a 24-hour front desk. The hotel features family rooms.

All rooms in the hotel are equipped with a flat-screen TV with cable channels. The units feature a private bathroom with a shower and free toiletries.

The nearest airport is Captain Anibal Arab Airport, a few steps from Amazonia Hotel.",,Parking Room service 24-hour front desk Non-smoking rooms Airport shuttle Family rooms Free parking Air conditioning Private parking Swimming pool Swimming pool use of cleaning chemicals that are effective against coronavirus linens  towels and laundry washed in accordance with local authority guidelines guest accommodation is disinfected between stays physical distancing in dining areas food can be delivered to guest accommodation staff follow all safety protocols as directed by local authorities hand sanitizer in guest accommodation and key areas process in place to check health of guests first aid kit available contactless check-in/check-out physical distancing rules followed mobile app for room service screens or physical barriers placed between staff and guests in appropriate areas all plates  cutlery  glasses and other tableware have been sanitized guests have the option to cancel any cleaning services for their accommodation during their stay breakfast takeaway containers delivered food is securely covered thermometers for guests provided by property face masks for guests available,-11.03337|-68.77536,,0901,https://www.booking.com/hotel/bo/amazonia.html
BO,Bolivia,150572,Cobija,1868745,Un Hotel,All,Leoncio Justiniano Montero Senac s/n Cobija ,,"Located in Cobija, Un Hotel offers an outdoor swimming pool. A hot tub is available for guests, along with a sauna. Both private parking and free WiFi are available on site.

At the hotel, every room has a patio. Rooms are complete with a private bathroom fitted with a shower, while some rooms at Un Hotel also offer a seating area. The rooms feature a flat-screen TV with cable channels.

An American breakfast is served daily at the property.

Staff at the 24-hour front desk can lend a hand with advice about the area.",,Free self parking 24-hour front desk Sauna Laundry facilities Family rooms Ironing service Internet access Hot tub/jacuzzi Free WiFi Outdoor pool Free WiFi Air conditioning Free area shuttle Parking onsite Private parking Public Bath,-11.02752|-68.7613,,,https://www.booking.com/hotel/bo/un.html
BO,Bolivia,114401,Cochabamba,1002964,Monserrat,ThreeStar,Street España # 342 between Mayor Rocha and EcuadorCochabamba ,,"Situated in Cochabamba, within 300 metres of Colon Square and 200 metres of Santa Teresa Monastery, Hotel Monserrat features accommodation with a shared lounge and free WiFi throughout the property as well as free private parking for guests who drive. The property is close to several well-known attractions, 800 metres from Santo Domingo Church, 1.3 km from Archeological Museum and 1.4 km from Stadium Félix Capriles. The accommodation provides room service, a 24-hour front desk and currency exchange for guests.

At the hotel, rooms have a wardrobe. Featuring a private bathroom with a shower and free toiletries, some rooms at Hotel Monserrat also boast a city view. The rooms at the accommodation are fitted with a flat-screen TV with cable channels and a safety deposit box.

Popular points of interest near Hotel Monserrat include Cochabamba Cathedral, September 14 Square and Quintanilla Square. The nearest airport is Jorge Wilstermann International, 4 km from the hotel, and the property offers a paid airport shuttle service.",,Fax/photocopying Luggage storage wifi Free WiFi designated smoking area shuttle service (additional charge) airport shuttle (additional charge) shared lounge/TV area Daily housekeeping parking on site Private parking wifi available in all areas secured parking Parking garage Accessible parking Fruits airport pick up airport drop off Shuttle service use of cleaning chemicals that are effective against coronavirus linens  towels and laundry washed in accordance with local authority guidelines guest accommodation is disinfected between stays guest accommodation sealed after cleaning physical distancing in dining areas food can be delivered to guest accommodation staff follow all safety protocols as directed by local authorities shared stationery such as printed menus  magazines  pens  and paper removed hand sanitizer in guest accommodation and key areas process in place to check health of guests first aid kit available contactless check-in/check-out physical distancing rules followed mobile app for room service screens or physical barriers placed between staff and guests in appropriate areas property is cleaned by professional cleaning companies Parking all plates  cutlery  glasses and other tableware have been sanitized Room service guests have the option to cancel any cleaning services for their accommodation during their stay 24-hour front desk breakfast takeaway containers Non-smoking rooms thermometers for guests provided by property Airport shuttle Laundry Family rooms breakfast in the room Ironing service Free parking face masks for guests available internet services Safety Deposit Box Valet parking Currency exchange Car hire Tour desk,-17.38957|-66.15711,+59144521011|+59144521016,,https://www.booking.com/hotel/bo/monserrat-srl.html
BO,Bolivia,114401,Cochabamba,1073314,Hotel Hacienda de Kaluyo,FiveStar,"Tajra N777 , La Angostura Desvio a Tarata Km. 4CochabambaZona Kaluyo ",,"Featuring an outdoor swimming pool and a huge garden, Hotel Hacienda de Kaluyo offers a fitness centre, a restaurant, a tennis court and airport transfers. Breakfast and free Wi-Fi are provided.

Hotel Hacienda de Kaluyo has rooms with private bathrooms and bungalows with BBQ facilities.

The restaurant serves national and international dishes, and buffet breakfast is served daily with juices, infusions, cheese, cereals, and eggs. Guests can have fun in the game room or request babysitting services. Currency exchange and bicycle rentals can be arranged.

De la Angostura dam is 4 km away and Cochabamba city is 19 km away. Jorge Wilsterman airport is 25 km from Kaluyo. Free private parking is possible on site.",,Packed lunches Fax/photocopying kids' club Free parking Garden Restaurant Parking Children television networks Games room Free WiFi BBQ facilities board games/puzzles meeting/banquet facilities Ironing service Non-smoking rooms Currency exchange wifi Swimming pool Movie nights kids' outdoor play equipment Private check-in/check-out Darts Private parking Bar Solarium Laundry Daily housekeeping Billiards Fitness centre Karaoke Hiking Room service books  dvds  music for children Sun terrace Cycling Terrace wifi available in all areas Heating shuttle service (additional charge) Bridal suite Indoor play area shared lounge/TV area children's playground Family rooms designated smoking area Snack Bar Themed dinner nights Outdoor pool airport shuttle (additional charge) internet services Chapel/shrine Table tennis Tennis Court Tour desk Mini golf Public Bath Airport shuttle On-site parking,-17.52617|-66.09372,+59144576593,9999,https://www.booking.com/hotel/bo/hacienda-de-kaluyo.html
BO,Bolivia,114401,Cochabamba,1166036,Apart Hotel Regina,FourStar,España 636 Entre Reza Y El Prado entre Reza y el pradoCochabamba 1321 ,,"Situated 300 metres from Colon Square, Apart Hotel Regina features accommodation with a restaurant, a bar and a 24-hour front desk for your convenience.

There is a fully equipped private bathroom with shower and free toiletries.

The aparthotel offers a buffet or American breakfast.

Apart Hotel Regina also offers a bicycle rental service and a business centre.

Guests can also relax in the shared lounge area.

Popular points of interest near the accommodation include Santa Teresa Monastery, Quintanilla Square and Stadium Félix Capriles. The nearest airport is Jorge Wilstermann International, 4 km from Apart Hotel Regina, and the property offers a paid airport shuttle service. In response to Coronavirus (COVID-19), additional safety and sanitation measures are in effect at this property.
Based on local tax laws, bolivian citizens (must pay an additional fee of 13%.
Foreign business travelers who require a printed invoice, will also be charged the additional 13% regardless of the length of their stay in Bolivia.
This fee is not automatically calculated in the total costs for the reservation.",+59144117205,Parking hand sanitizer in guest accommodation and key areas Restaurant process in place to check health of guests Room service first aid kit available meeting/banquet facilities contactless check-in/check-out Bar cashless payment available 24-hour front desk physical distancing rules followed screens or physical barriers placed between staff and guests in appropriate areas invoice provided property is cleaned by professional cleaning companies all plates  cutlery  glasses and other tableware have been sanitized guests have the option to cancel any cleaning services for their accommodation during their stay Non-smoking rooms Airport shuttle Business centre Laundry dry cleaning Family rooms breakfast in the room Ironing service Free parking internet services lift Safety Deposit Box Currency exchange Car hire Tour desk Heating Fax/photocopying Luggage storage wifi Free WiFi Non-smoking throughout concierge service shuttle service (additional charge) airport shuttle (additional charge) shared lounge/TV area Daily housekeeping parking on site Private parking wifi available in all areas Public Bath secured parking Parking garage Wine/champagne Shuttle service 24-hour security Key access CCTV in common areas Fire extinguishers bicycle rental use of cleaning chemicals that are effective against coronavirus linens  towels and laundry washed in accordance with local authority guidelines guest accommodation is disinfected between stays guest accommodation sealed after cleaning physical distancing in dining areas food can be delivered to guest accommodation staff follow all safety protocols as directed by local authorities,-17.38649|-66.15776,+59144234216,1321,https://www.booking.com/hotel/bo/apart-regina.html
BO,Bolivia,114401,Cochabamba,1175148,La Colonia,ThreeStar,Calle Mostajo Esq Atahuallpa 100 Cochabamba ,Distances are displayed to the nearest 0.1 mile and kilometer. <br /> <p>Portales Palace - 2.2 km / 1.3 mi <br /> Museo de Historia Natural Alcide dOrbigny - 2.2 km / 1.4 mi <br /> Felix Capriles Stadium - 2.3 km / 1.4 mi <br /> Simon I. Patino Cultural Center - 2.6 km / 1.6 mi <br /> Plaza de las Banderas - 2.7 km / 1.7 mi <br /> Iglesia de la Recoleta - 2.7 km / 1.7 mi <br /> Tunari National Park - 3 km / 1.9 mi <br /> Movie Center - 3.1 km / 1.9 mi <br /> Bicentenary Park - 3.4 km / 2.1 mi <br /> Colon Square - 3.5 km / 2.2 mi <br /> Plaza Colon - 3.5 km / 2.2 mi <br /> Convento Museo Santa Teresa - 3.7 km / 2.3 mi <br /> Martin Cardenas Botanical Garden - 3.9 km / 2.4 mi <br /> Casa de la Cultura Cochabamba - 4 km / 2.5 mi <br /> Iglesia & Convento de San Francisco - 4.1 km / 2.5 mi <br /> </p><p>The preferred airport for Hotel La Colonia is Cochabamba (CBB-Jorge Wilstermann Intl.) - 6.9 km / 4.3 mi </p>,"<p>HeadLine : Near Portales Palace</p><p>Location : With a stay at Hotel La Colonia in Cochabamba, you ll be within a 5-minute drive of Plaza de las Banderas and Portales Palace.  This hotel is 1.5 mi (2.5 km) from Museo de Historia Natural Alcide dOrbigny and 1.7 mi (2.8 km) from Felix Capriles Stadium.</p><p>Rooms : Make yourself at home in one of the 53 air-conditioned rooms featuring flat-screen televisions. Rooms have private balconies or patios. Complimentary wireless Internet access keeps you connected, and cable programming is available for your entertainment. Bathrooms have shower/tub combinations and complimentary toiletries.</p><p>Dining : Enjoy a meal at the restaurant or snacks in the coffee shop/cafe. The hotel also offers room service (during limited hours). Wrap up your day with a drink at the bar/lounge. A complimentary buffet breakfast is served on weekdays from 7 AM to 10 AM and on weekends from 7 AM to 10:30 AM.</p><p>CheckIn Instructions : <ul>  <li>Extra-person charges may apply and vary depending on property policy</li><li>Government-issued photo identification and a credit card, debit card, or cash deposit may be required at check-in for incidental charges</li><li>Special requests are subject to availability upon check-in and may incur additional charges; special requests cannot be guaranteed</li><li>This property accepts credit cards</li>  </ul></p><p>Special Instructions : This property offers transfers from the airport (surcharges may apply). Guests must contact the property with arrival details before travel, using the contact information on the booking confirmation. Front desk staff will greet guests on arrival.</p>",591-4-4450300,Safe-deposit box at front desk Smoke-free property Number of coffee shops/cafes - 1 Laundry facilities elevator Free self parking Fitness facilities Wheelchair accessible path of travel Concierge services Dry cleaning/laundry service Banquet hall Wheelchair accessible Newspapers in lobby (surcharge) Ballroom Reception hall Meeting rooms Free WiFi Number of bars/lounges - 1 Number of outdoor pools - 1 Picnic area In-room accessibility (in select rooms) Wheelchair accessible parking Tours/ticket assistance Area shuttle (surcharge) Free Buffet Breakfast Airport transportation (surcharge) Free breakfast Business center 24-hour front desk Daily Spa services on site,-17.36162|-66.16157,591-4-4450300,2500,http://www.lacoloniahotel.com.bo
BO,Bolivia,114401,Cochabamba,1233407,Cesar s Plaza Hotel,ThreeStar,Calle 25 De Mayo S 0210 Cochabamba ,Distances are displayed to the nearest 0.1 mile and kilometer. <br /> <p>Iglesia & Convento de San Francisco - 0.1 km / 0.1 mi <br /> Casa de la Cultura Cochabamba - 0.2 km / 0.1 mi <br /> Plaza 14 de Septiembre - 0.2 km / 0.2 mi <br /> Cochabamba Cathedral - 0.3 km / 0.2 mi <br /> Museo Arqueológico - 0.4 km / 0.3 mi <br /> Iglesia de Santo Domingo - 0.5 km / 0.3 mi <br /> Iglesia San Juan de Dios - 0.5 km / 0.3 mi <br /> Colon Square - 0.5 km / 0.3 mi <br /> Plaza Colon - 0.6 km / 0.4 mi <br /> Convento Museo Santa Teresa - 0.6 km / 0.4 mi <br /> Universidad Mayor de San Simon - 0.7 km / 0.4 mi <br /> Archeological Museum - 0.8 km / 0.5 mi <br /> Mercado Cancha Calatayud - 0.8 km / 0.5 mi <br /> La Cancha - 1.3 km / 0.8 mi <br /> Plaza de las Banderas - 1.4 km / 0.9 mi <br /> </p><p>The preferred airport for Cesars Plaza Hotel is Cochabamba (CBB-Jorge Wilstermann Intl.) - 4.3 km / 2.6 mi </p>,"<p>HeadLine : Near Iglesia & Convento de San Francisco</p><p>Location : Cesars Plaza Hotel is centrally located in Cochabamba, a 3-minute walk from Plaza 14 de Septiembre and 7 minutes by foot from Plaza Colon.  This hotel is 0.9 mi (1.5 km) from La Cancha and 1.1 mi (1.8 km) from Plaza de las Banderas.</p><p>Rooms : Make yourself at home in one of the 61 air-conditioned rooms featuring minibars and LED televisions. Complimentary wireless Internet access keeps you connected, and cable programming is available for your entertainment. Private bathrooms with shower/tub combinations feature complimentary toiletries and hair dryers. Conveniences include phones, as well as safes and desks.</p><p>Dining : Grab a bite at one of the hotel s 2 restaurants, or stay in and take advantage of the room service (during limited hours). Quench your thirst with your favorite drink at the bar/lounge. English breakfasts are available daily from 7:00 AM to 10:30 AM for a fee.</p><p>CheckIn Instructions : <ul>  <li>Extra-person charges may apply and vary depending on property policy</li><li>Government-issued photo identification and a credit card, debit card, or cash deposit may be required at check-in for incidental charges</li><li>Special requests are subject to availability upon check-in and may incur additional charges; special requests cannot be guaranteed</li><li>This property accepts credit cards; cash is not accepted</li><li>Safety features at this property include a fire extinguisher and a first aid kit</li>  </ul></p><p>Special Instructions : This property doesn t offer after-hours check-in. Front desk staff will greet guests on arrival.</p>",591-4-4250324,Gift shops or newsstand Dry cleaning/laundry service Wheelchair accessible (may have limitations) Number of meeting rooms - 3 Coworking spaces Wheelchair-accessible registration desk Free WiFi Number of bars/lounges - 1 Health club Designated smoking areas In-room accessibility (in select rooms) Tours/ticket assistance Area shuttle (surcharge) Luggage storage Porter/bellhop Multilingual staff Business center 24-hour front desk Conference center Breakfast available (surcharge) Safe-deposit box at front desk Snack bar/deli Laundry facilities Sauna Steam room Free self parking Hair salon Terrace 24-hour business center,-17.393144|-66.15525,591-44-254032,BO,http://www.cesarsplaza.com
BO,Bolivia,114401,Cochabamba,1244936,Gran Hotel Ambassador,FourStar,Calle España 349 Entre Mayor Rocha Y Ecuador CentralCochabamba ,,"Located in Cochabamba, within 300 metres of Colon Square and 200 metres of Santa Teresa Monastery, Gran Hotel Ambassador provides accommodation with a bar and free WiFi throughout the property as well as free private parking for guests who drive. This 4-star hotel offers room service and a 24-hour front desk. Guests can have a drink at the snack bar.

Guest rooms in the hotel are equipped with a flat-screen TV and free toiletries.

Popular points of interest near Gran Hotel Ambassador include Cochabamba Cathedral, September 14 Square and Quintanilla Square. The nearest airport is Jorge Wilstermann International, 4 km from the accommodation, and the property offers a paid airport shuttle service. Please inform Gran Hotel Ambassador in advance of your expected arrival time. You can use the Special Requests box when booking, or contact the property directly with the contact details provided in your confirmation.
In response to Coronavirus (COVID-19), additional safety and sanitation measures are in effect at this property.
Food & beverage services at this property may be limited or unavailable due to Coronavirus (COVID-19).
Due to Coronavirus (COVID-19), this property adheres to strict physical distancing measures.
Due to Coronavirus (COVID-19), wearing a face mask is mandatory in all indoor common areas.",+59144257855,Parking Room service meeting/banquet facilities Bar 24-hour front desk Non-smoking rooms Airport shuttle Business centre Laundry Family rooms breakfast in the room Ironing service Free parking internet services lift Tour desk Fax/photocopying Luggage storage wifi Free WiFi Snack Bar Private check-in/check-out shuttle service (additional charge) Trouser press airport shuttle (additional charge) Daily housekeeping parking on site Private parking wifi available in all areas secured parking Parking garage Wine/champagne airport pick up airport drop off coffee house on site Shuttle service Key access CCTV in common areas CCTV outside property Fire extinguishers use of cleaning chemicals that are effective against coronavirus linens  towels and laundry washed in accordance with local authority guidelines guest accommodation is disinfected between stays guest accommodation sealed after cleaning physical distancing in dining areas food can be delivered to guest accommodation staff follow all safety protocols as directed by local authorities hand sanitizer in guest accommodation and key areas process in place to check health of guests first aid kit available cashless payment available physical distancing rules followed screens or physical barriers placed between staff and guests in appropriate areas all plates  cutlery  glasses and other tableware have been sanitized guests have the option to cancel any cleaning services for their accommodation during their stay breakfast takeaway containers delivered food is securely covered thermometers for guests provided by property,-17.38944|-66.15726,591-44-259001,COCHABAMBA,https://www.booking.com/hotel/bo/gran-ambassador.html
BO,Bolivia,114401,Cochabamba,1247384,Hotel Aranjuez Cochabamba,FourStar,Calle Buenos Aires E563 P.O. Box 3056Cochabamba ,,"Set in a charming colonial-style building featuring a garden with a swimming pool, Hotel Aranjuez Cochabamba offers rooms with free Wi-Fi and cable TV. It features a restaurant and a bar. Cochabambas Main Square is 5 km away.

With balconies and galleries overlooking the garden, rooms at Aranjuez Cochabamba are very bright. All of them have minibars and private bathrooms.

An American breakfast is served daily. International dishes can be ordered at the elegant restaurant, and drinks and snacks from the bar can be enjoyed in the garden.

Guests can relax by the heated pool or unwind in the garden. Alalay Lake is 1.7 km away.

Hotel Aranjuez Cochabamba is 6 km from Jorge Wilsterman Airport. Free parking is provided. Please note the property requires all minors 18 and under to show a valid ID upon check-in. If one of the parents or guardians is not present during check-in, the corresponding permits must be shown (granted by the Defensoría de la Niñez y Adolesencia agency).
No permits are required if both parents are present, however all guests must show a valid ID.",59144240158,Luggage storage wifi Outdoor pool Free WiFi Non-smoking throughout Air conditioning designated smoking area Snack Bar Sun terrace outdoor pool (all year) Parking Restaurant Room service meeting/banquet facilities Bar 24-hour front desk Fitness centre Garden Terrace Non-smoking rooms Airport shuttle Business centre babysitting/child services Laundry dry cleaning Barber/beauty shop Family rooms breakfast in the room Ironing service Free parking internet services Safety Deposit Box Currency exchange Spa and wellness centre Massage Hiking Packed lunches Car hire Cycling Tour desk Heating Fax/photocopying hand sanitizer in guest accommodation and key areas process in place to check health of guests first aid kit available contactless check-in/check-out cashless payment available physical distancing rules followed mobile app for room service screens or physical barriers placed between staff and guests in appropriate areas property is cleaned by professional cleaning companies all plates  cutlery  glasses and other tableware have been sanitized guests have the option to cancel any cleaning services for their accommodation during their stay breakfast takeaway containers delivered food is securely covered thermometers for guests provided by property face masks for guests available concierge service shuttle service (additional charge) Special diet menus (on request) Trouser press airport shuttle (additional charge) shared lounge/TV area minimarket on site Daily housekeeping grocery deliveries parking on site Private parking wifi available in all areas Swimming pool toys Kid meals Kid-friendly buffet Pool with view Heated pool pool/beach towels Pool cover Fence around pool temporary art galleries Movie nights Walking tours Bike tours Happy hour Tour or class about local culture Live music/performance Live sport events (broadcast) 24-hour security Security alarm Smoke alarms Fire extinguishers Swimming pool use of cleaning chemicals that are effective against coronavirus linens  towels and laundry washed in accordance with local authority guidelines guest accommodation is disinfected between stays guest accommodation sealed after cleaning physical distancing in dining areas food can be delivered to guest accommodation staff follow all safety protocols as directed by local authorities shared stationery such as printed menus  magazines  pens  and paper removed,-17.37394|-66.15433,591-4-4280076,0001,https://www.booking.com/hotel/bo/aanjuez.html
BO,Bolivia,114401,Cochabamba,1264379,Gran Hotel Toloma,ThreeStar,Av. Oquendo N 690 Esquina Pedro Borda Esquina Pedro BordaCochabamba 9999 ,Distances are displayed to the nearest 0.1 mile and kilometer. <br /> <p>Movie Center - 0.7 km / 0.4 mi <br /> Colon Square - 0.7 km / 0.4 mi <br /> Iglesia de la Recoleta - 0.8 km / 0.5 mi <br /> Plaza Colon - 0.8 km / 0.5 mi <br /> Universidad Mayor de San Simon - 1.1 km / 0.7 mi <br /> Simon I. Patino Cultural Center - 1.1 km / 0.7 mi <br /> Archeological Museum - 1.1 km / 0.7 mi <br /> Plaza de las Banderas - 1.2 km / 0.8 mi <br /> Convento Museo Santa Teresa - 1.3 km / 0.8 mi <br /> Casa de la Cultura Cochabamba - 1.3 km / 0.8 mi <br /> Portales Palace - 1.3 km / 0.8 mi <br /> Museo de Historia Natural Alcide dOrbigny - 1.3 km / 0.8 mi <br /> Iglesia & Convento de San Francisco - 1.3 km / 0.8 mi <br /> Plaza 14 de Septiembre - 1.6 km / 1 mi <br /> Cochabamba Cathedral - 1.6 km / 1 mi <br /> </p><p>The preferred airport for Gran Hotel Toloma is Cochabamba (CBB-Jorge Wilstermann Intl.) - 6.1 km / 3.8 mi </p>,"<p>HeadLine : Near Movie Center</p><p>Location : With a stay at Gran Hotel Toloma in Cochabamba, you ll be within a 10-minute walk of Movie Center and Colon Square.  This hotel is 0.5 mi (0.7 km) from Iglesia de la Recoleta and 0.6 mi (0.9 km) from Plaza Colon.</p><p>Rooms : Make yourself at home in one of the 54 air-conditioned rooms featuring minibars. Complimentary wireless Internet access keeps you connected, and cable programming is available for your entertainment. Bathrooms with shower/tub combinations feature deep soaking bathtubs and complimentary toiletries. Conveniences include phones, as well as laptop-compatible safes and desks.</p><p>Dining : Enjoy a meal at the restaurant, or stay in and take advantage of the hotel s room service (during limited hours). Wrap up your day with a drink at the bar/lounge.</p><p>CheckIn Instructions : <ul>  <li>Extra-person charges may apply and vary depending on property policy</li><li>Government-issued photo identification and a credit card, debit card, or cash deposit may be required at check-in for incidental charges</li><li>Special requests are subject to availability upon check-in and may incur additional charges; special requests cannot be guaranteed</li><li>This property accepts credit cards; cash is not accepted</li><li>Safety features at this property include a fire extinguisher</li>  </ul></p><p>Special Instructions : Front desk staff will greet guests on arrival.</p>",591-4-4664627,Business center 24-hour front desk Spa services on site Safe-deposit box at front desk Designated smoking areas (fines apply) Snack bar/deli Laundry facilities elevator Free self parking Terrace Wheelchair accessible path of travel Concierge services Dry cleaning/laundry service Carport Banquet hall Ballroom Number of meeting rooms - 1 Free WiFi Number of bars/lounges - 1 Designated smoking areas Assistive listening devices available In-room accessibility (in select rooms) Wheelchair accessible parking Free newspapers in lobby Roll-in shower (in select rooms) Tours/ticket assistance Accessible bathroom (in select rooms) Area shuttle (surcharge) Airport transportation (surcharge) Off-street parking Luggage storage,-17.38405|-66.15143,591-4-4664627,9999,http://www.granhoteltoloma.com-bolivia.com/en/
BO,Bolivia,114401,Cochabamba,1272752,Hotel La Corona,FourStar,Calle Jose de la Reza 433 Cochabamba 9999 ,Distances are displayed to the nearest 0.1 mile and kilometer. <br /> <p>Plaza de las Banderas - 0.8 km / 0.5 mi <br /> Convento Museo Santa Teresa - 0.8 km / 0.5 mi <br /> Plaza Colon - 0.9 km / 0.5 mi <br /> Iglesia de Santo Domingo - 1.2 km / 0.7 mi <br /> Plaza 14 de Septiembre - 1.2 km / 0.8 mi <br /> Casa de la Cultura Cochabamba - 1.3 km / 0.8 mi <br /> Cochabamba Cathedral - 1.4 km / 0.8 mi <br /> Felix Capriles Stadium - 1.5 km / 0.9 mi <br /> Iglesia San Juan de Dios - 1.6 km / 1 mi <br /> Iglesia de la Recoleta - 2 km / 1.2 mi <br /> La Cancha - 2.3 km / 1.4 mi <br /> Simon I. Patino Cultural Center - 2.4 km / 1.5 mi <br /> Museo de Historia Natural Alcide d'Orbigny - 2.5 km / 1.6 mi <br /> Universidad Mayor de San Simon - 2.5 km / 1.6 mi <br /> Martin Cardenas Botanical Garden - 3 km / 1.9 mi <br /> </p><p>The preferred airport for Apart Hotel La Corona is Cochabamba (CBB-Jorge Wilstermann Intl.) - 4.1 km / 2.5 mi </p>,"<p><b>Property Location</b> <br />With a stay at Apart Hotel La Corona in Cochabamba, you'll be within a 15-minute walk of Plaza de las Banderas and Convento Museo Santa Teresa.  This aparthotel is 0.7 mi (1.1 km) from Plaza Colon and 0.8 mi (1.3 km) from Iglesia de Santo Domingo.</p><p><b>Rooms</b> <br />Make yourself at home in one of the 20 guestrooms. Complimentary wireless Internet access keeps you connected, and cable programming is available for your entertainment. Bathrooms have showers and complimentary toiletries. Conveniences include phones, housekeeping is provided daily, and you can request rollaway/extra beds (surcharge).</p><p><b>Amenities</b> <br />Take in the views from a terrace and a garden and make use of amenities such as complimentary wireless Internet access.</p><p><b>Dining</b> <br />Satisfy your appetite at the aparthotel's coffee shop/café, or stay in and take advantage of the room service (during limited hours). A complimentary continental breakfast is served daily from 7:30 AM to 9 AM.</p><p><b>Business, Other Amenities</b> <br />Featured amenities include dry cleaning/laundry services, a 24-hour front desk, and luggage storage. A shuttle from the hotel to the airport is provided for a surcharge (available 24 hours), and free valet parking is available onsite.</p>",,24-hour front desk Airport transportation - drop-off (surcharge) Coffee shop or café Concierge services Dry cleaning/laundry service Free WiFi Free breakfast Free valet parking Garden Laundry facilities Luggage storage Number of buildings/towers - 1 Number of floors - 4 Parking (limited spaces) Safe-deposit box at front desk Self parking (surcharge) Terrace Total number of rooms - 20 Tours/ticket assistance,-17.38797022|-66.16322458,+59170768434,9999,http://www.lacoronahotel.com
BO,Bolivia,114401,Cochabamba,1290541,Hotel Regina Resort & Convenciones,FourStar,Prolongacion Calle Cochabamba Cochabamba ,Distances are displayed to the nearest 0.1 mile and kilometer. <br /> <p>Felix Capriles Stadium - 9.8 km / 6.1 mi <br /> Plaza de las Banderas - 9.9 km / 6.1 mi <br /> Museo de Historia Natural Alcide d Orbigny - 10.2 km / 6.3 mi <br /> Convento Museo Santa Teresa - 10.9 km / 6.8 mi <br /> Plaza Colon - 10.9 km / 6.8 mi <br /> Iglesia de la Recoleta - 11 km / 6.8 mi <br /> Plaza 14 de Septiembre - 11.3 km / 7 mi <br /> Iglesia de Santo Domingo - 11.3 km / 7 mi <br /> Casa de la Cultura Cochabamba - 11.3 km / 7 mi <br /> Cochabamba Cathedral - 11.4 km / 7.1 mi <br /> Tunari National Park - 11.5 km / 7.2 mi <br /> Simon I. Patino Cultural Center - 11.8 km / 7.3 mi <br /> Martin Cardenas Botanical Garden - 12.1 km / 7.5 mi <br /> Iglesia San Juan de Dios - 12.2 km / 7.6 mi <br /> Universidad Mayor de San Simon - 12.7 km / 7.9 mi <br /> </p><p>The preferred airport for Hotel Regina Resort & Convenciones is Cochabamba (CBB-Jorge Wilstermann Intl.) - 13.4 km / 8.3 mi </p>,"<p>HeadLine : Near the airport</p><p>Location : With a stay at Hotel Regina Resort & Convenciones in Cochabamba, you ll be near the airport, and 6.1 mi (9.8 km) from Felix Capriles Stadium and 6.1 mi (9.9 km) from Plaza de las Banderas.  This 4-star hotel is 6.3 mi (10.2 km) from Museo de Historia Natural Alcide d Orbigny and 6.8 mi (10.9 km) from Convento Museo Santa Teresa.</p><p>Rooms : Make yourself at home in one of the 97 air-conditioned rooms featuring minibars. Complimentary wireless Internet access keeps you connected, and cable programming is available for your entertainment. Private bathrooms with shower/tub combinations feature complimentary toiletries and hair dryers. Conveniences include safes and desks, as well as phones with free local calls.</p><p>Dining : Enjoy international cuisine at Colors, one of the hotel s 3 restaurants, or stay in and take advantage of the 24-hour room service. Snacks are also available at the coffee shop/café. Unwind at the end of the day with a drink at the bar/lounge or the poolside bar. A complimentary buffet breakfast is served daily.</p><p>CheckIn Instructions : Extra-person charges may apply and vary depending on property policy. <br />Government-issued photo identification and a credit card, debit card, or cash deposit are required at check-in for incidental charges. <br />Special requests are subject to availability upon check-in and may incur additional charges. Special requests cannot be guaranteed.  <ul><li>The name on the credit card used at check-in to pay for incidentals must be the primary name on the guestroom reservation. </li></ul></p>",591-4-4317460,Steam room Sauna Babysitting or childcare (surcharge) Free wired Internet Children's club (free) Nightclub Supervised childcare/activities (surcharge) Children's pool Area shuttle (surcharge) 24-hour business center Ballroom Banquet hall Reception hall Laundry facilities Television in common areas 24-hour fitness facilities Accessible bathroom Roll-in shower Arcade/game room Wedding services In-room accessibility Garden Free newspapers in lobby Picnic area Waterslide Bar/lounge Number of indoor pools - 4 Number of outdoor pools - 3 Water dispenser Number of spa tubs - 3 Elevator/lift 24-hour front desk Poolside bar Porter/bellhop Free self parking Dry cleaning/laundry service Computer station Conference space size (meters) - 1250 Terrace Luggage storage Hair salon Snack bar/deli Gift shops or newsstand Conference center Shopping on site Designated smoking areas Outdoor tennis court Pool umbrellas Airport transportation (surcharge) Tennis on site Barbecue grill(s) Karaoke Free water park access Swim-up bar Billiards or pool table Free breakfast Conference space Grocery/convenience store Tours/ticket assistance Meeting rooms Coffee shop or cafe Pool sun loungers Free WiFi,-17.336023|-66.230651,591-4-4316555,0,http://www.hotelreginabolivia.com/
BO,Bolivia,114401,Cochabamba,1290544,Regina Iii,TwoStar,CALLE NATANIEL AGUIRRE 718 COCHABAMBA ,Virgen de Urkupiña y Pairumani: within 15000 metre  Museo de Santa Teresa: within 900 metre  Pasaje del Correo-Artesanias: within 800 metre  Palacio Portales Patiño: within 2000 metre  Cristo de la Concordia: within 8000 metre ,"This hotel is located in the heart of the city and is therefore an ideal starting point for tourist and leisure activities. Guests will find a range of restaurants, bars, nightlife venues and shopping opportunities nearby, and attractions such as the Museo de Santa Teresa and the Palacio Portales Patiño are within walking distance of the hotel. Links to the public transport network can be found just 300 m from the accommodation.

The 30-room city hotel is fully air-conditioned and welcomes guests into a lobby with a 24-hour reception and check-out service, safe and lift access. Dining options include a café and restaurant, and room and laundry services are also available. Business guests will appreciate the fax services and Internet access offered, and there is garage parking for those arriving by vehicle.

The carpeted rooms come equipped with double or king-size beds, a direct dial telephone, safety deposit box, mini refrigerator and cable TV. The private bathrooms have been fitted with a shower, and all rooms come with Internet access as standard.

There is a football pitch in the hotel grounds and the nearest golf course is 4 km away.

A buffet-style breakfast is served daily and midday and evening meals can be taken à la carte or chosen from a set menu.",,Hotel MasterCard Visa Bathroom Shower Direct dial telephone TV Mini fridge Carpeted floors Safe Room service Laundry service Air conditioning in public areas Hotel safe Lift access Café Restaurant Non-smoking area Smoking area Air conditioning in Restaurant Breakfast Breakfast buffet À la carte lunch Set menu lunch À la carte dinner Set menu dinner Special dietary options,-17.392787|-66.158471,0059144455720,00000,www.hotelreginabolivia.com
BO,Bolivia,114401,Cochabamba,1302537,Hotel Diplomat,FourStar,Av. Ballivian 611 P.O. Box 5824Cochabamba ,,"Hotel Diplomat offers rooms with free Wi-Fi and plasma TVs in El Prado, Cochabambas commercial district. Buffet breakfast and free parking are provided. 14 de Septiembre Park is 2 km away.

Rooms at Diplomat Hotel are very bright. They feature heating and air conditioning. All of them are fully carpeted.

Massage sessions can be requested at a fee. Free newspapers are up for grabs, and luggage storage and currency exchange services are provided.

Hotel diplomat is 5 km from Jorge Wilsterman Airport. Please inform the property of your arrival time and flight number when using the shuttle service.

For non-refundable rates, please note guests must provide the property with a front and back copy of the credit card, the cardholders ID, and an authorization letter. The property will contact you after booking to provide further instructions.",+59144250897,Parking Restaurant Room service meeting/banquet facilities Bar 24-hour front desk Fitness centre Terrace Non-smoking rooms Airport shuttle Business centre Laundry dry cleaning Facilities for disabled guests Family rooms breakfast in the room Ironing service Free parking internet services lift express check-in/check-out Safety Deposit Box Currency exchange Massage Packed lunches Tour desk Heating Fax/photocopying Luggage storage wifi Free WiFi Air conditioning designated smoking area concierge service Private check-in/check-out shuttle service (additional charge) Trouser press shared lounge/TV area Daily housekeeping parking on site Private parking wifi available in all areas Kid meals secured parking Street parking Parking garage Accessible parking Fruits coffee house on site Massage chair Fitness Shuttle service Tour or class about local culture 24-hour security Key access Security alarm Smoke alarms CCTV in common areas CCTV outside property Fire extinguishers,-17.38667|-66.15707,591 442 50687,5824,https://www.booking.com/hotel/bo/diplomat.html
BO,Bolivia,114401,Cochabamba,1312669,Portales,FourStar,AV PANDO 1271 ZONA RECOLETA COCHABAMBA ,Cine Center: within 400 metre  Pasaje del Correo-Artesanías: within 2000 metre  Cristo de la Concordia: within 8000 metre  Virgen de Urkupiña y Pairumani: within 15000 metre  Palacio Portales-Patiño: within 300 metre ,"This hotel is located in the best residential area in the city of Cochabamba. It is just 5 minutes from the centre and a few steps from restaurants, sightseeing spots and entertainment venues. Its elegant colonial-style facade, this family-friendly city hotel offers comfort and unique luxury in a total of 106 rooms including. It is ideal for business travellers and holidaymakers. Further facilities on offer to guests at this air-conditioned establishment include a lobby area with a 24-hour reception, a hotel safe and a currency exchange facility. There is a hairdressing salon, lounges and a games room. Refreshment is provided at the cafe, the bar and the restaurant. Guests can also take advantage of the Wi-Fi and room and laundry services. There is a car park. All rooms come with a private bathroom with a shower/bathtub and a hairdryer and offer a king-size or double bed.",59122242071,Hotel MasterCard Visa Bathroom Shower Bathtub Hairdryer Direct dial telephone TV Hi-fi Minibar Mini fridge Carpeted floors Centrally regulated air conditioning Central heating Safe Room service Laundry service Launderette Air conditioning in public areas Hotel safe Currency exchange facilities Newspaper stand Garden Café Bar Restaurant Smoking area Highchairs Poolside snack bar Air conditioning in Restaurant Conference room Sun loungers Parasols Game room Hot tub Hairdressing salon Breakfast Breakfast buffet À la carte lunch Set menu lunch À la carte dinner Set menu dinner Special dietary options,-17.375703322315548|-66.15133635699749,00591144285444 - 46,5447,http://www.hotel-portales.com/
BO,Bolivia,114401,Cochabamba,1356065,Americana Hotel,ThreeStar,Esteban Arce 788 4910 Cochabamba ,,"Featuring 2 restaurants that serve national and international dishes, and a business centre, Hotel Americana offers free Wi-Fi . Cochabambas central square is 400 metres away.

The rooms in Hotel Americana feature private bathrooms, minibar, and cable TV.

The bus station is 600 metres away and Jorge Wilstermann International Airport is 3 km away. Free private parking is possible at a location nearby. Please inform Americana Hotel in advance of your expected arrival time. You can use the Special Requests box when booking, or contact the property directly with the contact details provided in your confirmation.
In response to Coronavirus (COVID-19), additional safety and sanitation measures are in effect at this property.
In accordance with government guidelines to minimise transmission of the Coronavirus (COVID-19), this property may request additional documentation from guests to validate identity, travel itinerary and other relevant information, during dates where such guidelines exist.
Due to Coronavirus (COVID-19), this property adheres to strict physical distancing measures.
Due to Coronavirus (COVID-19), wearing a face mask is mandatory in all indoor common areas.",+59144250484,Parking Restaurant Room service meeting/banquet facilities Bar 24-hour front desk Terrace Non-smoking rooms Business centre babysitting/child services Laundry dry cleaning Facilities for disabled guests Family rooms breakfast in the room Ironing service Free parking Tour desk Heating Fax/photocopying Luggage storage internet services lift express check-in/check-out Safety Deposit Box Currency exchange Massage Packed lunches delivered food is securely covered thermometers for guests provided by property face masks for guests available wifi Free WiFi Non-smoking throughout Snack Bar Sun terrace shuttle service (additional charge) Special diet menus (on request) Trouser press shared lounge/TV area Daily housekeeping grocery deliveries Private parking wifi available in all areas Public Bath Parking garage Wheelchair accessible Wine/champagne Fruits coffee house on site Back massage Neck massage Full body massage Shuttle service 24-hour security Security alarm Smoke alarms CCTV in common areas CCTV outside property Fire extinguishers use of cleaning chemicals that are effective against coronavirus linens  towels and laundry washed in accordance with local authority guidelines guest accommodation is disinfected between stays guest accommodation sealed after cleaning physical distancing in dining areas food can be delivered to guest accommodation staff follow all safety protocols as directed by local authorities shared stationery such as printed menus  magazines  pens  and paper removed hand sanitizer in guest accommodation and key areas process in place to check health of guests first aid kit available contactless check-in/check-out cashless payment available physical distancing rules followed screens or physical barriers placed between staff and guests in appropriate areas invoice provided property is cleaned by professional cleaning companies all plates  cutlery  glasses and other tableware have been sanitized guests have the option to cancel any cleaning services for their accommodation during their stay breakfast takeaway containers,-17.39913|-66.15542,0059144455720,4910,https://www.booking.com/hotel/bo/americana.html
BO,Bolivia,114401,Cochabamba,1361172,Gran Hotel Cochabamba,ThreeStar,Plaza Ubaldo Anze La Recoleta S N RecoletaCochabamba ,Distances are displayed to the nearest 0.1 mile and kilometer. <br /> <p>Iglesia de la Recoleta - 0.1 km / 0.1 mi <br /> Simon I. Patino Cultural Center - 0.5 km / 0.3 mi <br /> Movie Center - 0.5 km / 0.3 mi <br /> Museo de Historia Natural Alcide dOrbigny - 0.5 km / 0.3 mi <br /> Portales Palace - 0.6 km / 0.3 mi <br /> Colon Square - 1.3 km / 0.8 mi <br /> Plaza de las Banderas - 1.3 km / 0.8 mi <br /> Plaza Colon - 1.4 km / 0.8 mi <br /> Felix Capriles Stadium - 1.5 km / 0.9 mi <br /> Universidad Mayor de San Simon - 1.8 km / 1.1 mi <br /> Convento Museo Santa Teresa - 1.9 km / 1.2 mi <br /> Martin Cardenas Botanical Garden - 1.9 km / 1.2 mi <br /> Archeological Museum - 1.9 km / 1.2 mi <br /> Casa de la Cultura Cochabamba - 1.9 km / 1.2 mi <br /> Iglesia & Convento de San Francisco - 2 km / 1.2 mi <br /> </p><p>The preferred airport for Gran Hotel Cochabamba is Cochabamba (CBB-Jorge Wilstermann Intl.) - 5.8 km / 3.6 mi </p>,"<p>HeadLine : Near Museo de Historia Natural Alcide dOrbigny</p><p>Location : With a stay at Gran Hotel Cochabamba in Cochabamba, you ll be in a shopping district, just a 1-minute walk from Iglesia de la Recoleta and 5 minutes by foot from Simon I. Patino Cultural Center.  This family-friendly hotel is 0.3 mi (0.5 km) from Movie Center and 0.7 mi (1.2 km) from Plaza de las Banderas.</p><p>Rooms : Make yourself at home in one of the 120 individually decorated guestrooms, featuring minibars and flat-screen televisions. Complimentary wireless Internet access keeps you connected, and cable programming is available for your entertainment. Bathrooms have complimentary toiletries and hair dryers. Conveniences include safes and desks, as well as phones with free local calls.</p><p>Dining : Enjoy international cuisine at Acuario, one of the hotel s 2 restaurants, or stay in and take advantage of the 24-hour room service. Snacks are also available at the coffee shop/cafe. Relax with your favorite drink at the bar/lounge or the poolside bar. A complimentary buffet breakfast is served daily from 8:00 AM to 10:00 AM.</p><p>CheckIn Instructions : <ul>  <li>Extra-person charges may apply and vary depending on property policy</li><li>Government-issued photo identification and a credit card, debit card, or cash deposit may be required at check-in for incidental charges</li><li>Special requests are subject to availability upon check-in and may incur additional charges; special requests cannot be guaranteed</li><li>This property accepts credit cards, debit cards, and cash</li><li>Safety features at this property include a security system</li>  </ul></p><p>Special Instructions : This property offers transfers from the airport (surcharges may apply). Guests must contact the property with arrival details before travel, using the contact information on the booking confirmation. Front desk staff will greet guests on arrival.</p>",591-4-4489520,Free self parking Fitness facilities Waterslide Computer station Terrace Pool sun loungers Concierge services Daily Turkish bath/Hammam Safe-deposit box at front desk Smoke-free property Snack bar/deli Number of coffee shops/cafes - 1 Laundry facilities Children's pool elevator Dry cleaning/laundry service Banquet hall Ballroom Pool umbrellas Meeting rooms Free WiFi Number of bars/lounges - 1 Number of poolside bars - 1 Number of outdoor pools - 3 Garden In-room accessibility (in select rooms) Wheelchair accessible parking Free newspapers in lobby Full-service spa Wedding services Tours/ticket assistance Free Buffet Breakfast Airport transportation (surcharge) Luggage storage Free breakfast Porter/bellhop Multilingual staff Business center 24-hour front desk,-17.37828|-66.15233,+59144489520,2500,http://www.granhotelcochabamba.com
BO,Bolivia,114401,Cochabamba,1397876,Felipez Hotel,ThreeStar,Calle Espana Nro. 172 Entre Av. Heroinas Y C. Colombia Entre Avenida Heroínas y Calle ColombiaCochabamba ,,"The colonial-style Felipez Hotel provides its guests with free Wi-Fi and free continental breakfast in Cochabamba. The citys Palacio de Justicia courthouse is 400 metres away.

Rooms here are spacious and decorated in warm colours. Each will provide you with a flat-screen TV with cable channels and a minibar. There is a private bathroom with free toiletries and towels included

At Felipez Hotel you will find a 24-hour front desk. Both laundry and ironing services are available, for an extra fee. Guests can order room service from 07:00 to 22:00. The building comprises a lift.

The hotel is 200 metres from Santa Teresa Monastery and 300 metres from Cochabamba Cathedral. Cochabamba bus station is 1.5 km away and Jorge Wilstermann International Airport is 4 km from Felipez Hotel. A deposit via bank wire is required to secure your reservation. A hotel representative will contact you after booking to provide bank wire instructions.

Check-in for guests with reservations starts at 14:00 hrs.",+59144506393,Elevator/lift Free WiFi Free WiFi Room service 24-hour front desk Non-smoking rooms Laundry facilities Ironing service Internet access,-17.39141|-66.15683,+59144510773+59144506393,9999,https://www.booking.com/hotel/bo/felipez.html
BO,Bolivia,114401,Cochabamba,1398472,Adara Hotel,All,Calle Junín 867 Entre Teniente Arévalo y La Paz CentralCochabamba ,,"Featuring a restaurant, Adara Hotel offers accommodations in Cochabamba. Free WiFi access is available.

Each room here features cable TV, a private bathroom and a minibar. Mountain views can be enjoyed from all rooms. A daily breakfast is included.

At Adara Hotel guests will find a 24-hour front desk, a terrace and a bar. Other facilities offered at the property include a shared lounge, a tour desk and luggage storage. The property offers free parking.

Adara Hotel is a 10-minute car ride from the citys main square.",,Parking Restaurant Room service meeting/banquet facilities Bar 24-hour front desk Sauna Terrace Non-smoking rooms Airport shuttle Business centre Laundry Facilities for disabled guests Family rooms breakfast in the room Ironing service Bridal suite Free parking internet services lift Safety Deposit Box Spa and wellness centre Tour desk Luggage storage wifi Indoor pool Free WiFi Non-smoking throughout airport shuttle (additional charge) shared lounge/TV area parking on site Private parking wifi available in all areas Swimming pool,-17.38473|-66.16144,+59144662020|+59144663322|+59144663323,9999,https://www.booking.com/hotel/bo/adara.html
BO,Bolivia,114401,Cochabamba,1398473,Hotel Attridge,ThreeStar,Av. Ballivian 0530 Acera EsteA Pocos Pasos De La Plaza ColónCochabamba ,,"Featuring free WiFi access, Hotel Attridge offers accommodations with a magnificent panoramic view of the city of Cochabamba. A daily complimentary breakfast is served.

Each room here features cable TV and a private bathroom with free toiletries. Bed linen is included.

At Hotel Attridge guests will find a 24-hour front desk. Other facilities offered at the property include a shared lounge, a tour desk and luggage storage.

Hotel Attridge is conveniently located in El Prado, the main street of Cochabamba and is near an array of restaurants, cafeterias, and commerce such as a supermarket and pharmacies. Jorge Wilstermann Airport is approximately a 20-minute drive away.",+59144391443,Free self parking Restaurant Pets allowed Room service Meeting rooms 24-hour front desk Non-smoking rooms Airport shuttle Business center Laundry facilities Dry cleaning/laundry service Breakfast service Ironing service Internet access Safe-deposit box at front desk Gift shops or newsstand Tour desk Heating Fax/photocopying Luggage storage Free WiFi Free WiFi Air conditioning Designated smoking areas ATM/banking Snack bar/deli Concierge services Area shuttle (surcharge) Trouser press Airport transportation (surcharge) Television in common areas Daily housekeeping Grocery/convenience store Games Children's books,-17.38716|-66.15579,+59144230523+59144391443,9999,https://www.booking.com/hotel/bo/attridge.html
BO,Bolivia,114401,Cochabamba,1398666,Hotel Tamesis,ThreeStar,Calle Paccieri 684 Cochabamba ,,"Featuring free WiFi access and a complimentary breakfast, Hotel Tamesis offers accommodations in Cochabamba.

Rooms here are fitted with a TV with cable channels, a private bathroom with a shower and free toiletries, bed linen and a magnificent city view.

At Hotel Tamesis guests will find a 24-hour front desk and a snack bar. Other facilities offered include a tour desk, laundry service for an extra charge and luggage storage.

Hotel Tamesis enjoys a privileged location near the section of El Prado, where guests will find an array of restaurants and commerce. It is only 300 metres Colon Square, 500 metres from Santa Teresa Monastery and 600 metres from Quintanilla Square. Jorge Wilstermann International Airport is 4 km away, an airport shuttle can be organized for an extra fee. Payment before arrival via bank transfer is required. The property will contact you after you book to provide instructions.",,Parking garage Fruits airport pick up airport drop off Shuttle service Tour or class about local culture 24-hour security CCTV in common areas CCTV outside property Fire extinguishers use of cleaning chemicals that are effective against coronavirus linens  towels and laundry washed in accordance with local authority guidelines guest accommodation is disinfected between stays guest accommodation sealed after cleaning airport shuttle (additional charge) shared lounge/TV area Daily housekeeping Private parking wifi available in all areas secured parking Parking Room service 24-hour front desk Non-smoking rooms Airport shuttle Free parking internet services Tour desk Luggage storage wifi Free WiFi Non-smoking throughout shuttle service (additional charge) Laundry dry cleaning Family rooms breakfast in the room Ironing service invoice provided all plates  cutlery  glasses and other tableware have been sanitized guests have the option to cancel any cleaning services for their accommodation during their stay breakfast takeaway containers delivered food is securely covered face masks for guests available physical distancing in dining areas food can be delivered to guest accommodation staff follow all safety protocols as directed by local authorities hand sanitizer in guest accommodation and key areas process in place to check health of guests first aid kit available cashless payment available physical distancing rules followed,-17.38713|-66.15353,,9999,https://www.booking.com/hotel/bo/tamesis.html
BO,Bolivia,114401,Cochabamba,1399184,Hotel El Super 8,TwoStar,Hamiraya 475 Entre Jordan Y Calama Entre Jordan y CalamaCochabamba 9999 ,Distances are displayed to the nearest 0.1 mile and kilometer. <br /> <p>Iglesia de Santo Domingo - 0.4 km / 0.3 mi <br /> Iglesia San Juan de Dios - 0.5 km / 0.3 mi <br /> Cochabamba Cathedral - 0.6 km / 0.4 mi <br /> Plaza 14 de Septiembre - 0.6 km / 0.4 mi <br /> Casa de la Cultura Cochabamba - 1 km / 0.6 mi <br /> Convento Museo Santa Teresa - 1 km / 0.6 mi <br /> La Cancha - 1.2 km / 0.7 mi <br /> Plaza Colon - 1.4 km / 0.9 mi <br /> Plaza de las Banderas - 1.8 km / 1.1 mi <br /> Universidad Mayor de San Simon - 1.8 km / 1.1 mi <br /> Felix Capriles Stadium - 2.5 km / 1.5 mi <br /> Iglesia de la Recoleta - 2.9 km / 1.8 mi <br /> Simon I. Patino Cultural Center - 3.3 km / 2 mi <br /> Museo de Historia Natural Alcide d'Orbigny - 3.5 km / 2.2 mi <br /> Martin Cardenas Botanical Garden - 3.7 km / 2.3 mi <br /> </p><p>The preferred airport for Hotel El Super 8 is Cochabamba (CBB-Jorge Wilstermann Intl.) - 3.8 km / 2.3 mi </p>,"<p><b>Property Location</b> <br />With a stay at Hotel El Super 8, you'll be centrally located in Cochabamba, just a 5-minute walk from Iglesia de Santo Domingo and 7 minutes by foot from Iglesia San Juan de Dios.  This hotel is 0.4 mi (0.7 km) from Cochabamba Cathedral and 0.6 mi (1 km) from Plaza 14 de Septiembre.</p><p><b>Rooms</b> <br />Stay in one of 64 guestrooms featuring flat-screen televisions. Complimentary wireless Internet access keeps you connected, and cable programming is available for your entertainment. Bathrooms with showers are provided.</p><p><b>Amenities</b> <br />Make use of convenient amenities such as complimentary wireless Internet access, a television in a common area, and tour/ticket assistance.</p><p><b>Dining</b> <br />A complimentary continental breakfast is served daily from 7 AM to 9 AM.</p><p><b>Business, Other Amenities</b> <br />Featured amenities include a 24-hour front desk and luggage storage.</p>",,24-hour front desk Free WiFi Free breakfast Luggage storage Smoke-free property Television in common areas Total number of rooms - 64 Tours/ticket assistance,-17.39677|-66.16029,4 4029672,9999,
BO,Bolivia,114401,Cochabamba,1440074,Apart Hotel Violettas,ThreeStar,Calle Lanza Nº 0464 Entre Paccieri Y Venezuela Entre Paccieri Y Venezuela5914 Cochabamba ,,"The hotel is characterized by giving personalized attention to our guests, we are currently working with different packages designed to meet your needs. Just 1 block from Paseo del Prado and nearby shops and restaurants, Violettas offers accommodation with free Wi-Fi and a handy currency exchange service. Airport shuttles can be arranged.

Apart Hotel Violettas has rooms and apartments with nice décor and private bathrooms. They include a minibar and cable TV.

Some rooms also feature balconies, air conditioning and bathtubs. They also include a full kitchen and dining area. Laundry services are available.

Guests can start their day with a full buffet breakfast which they can enjoy in their rooms. Breakfast includes a variety of seasonal fruits, cereals, cheeses and yogurts. Savoury and sweet treats are also served.

The hotel is 5 blocks from historic Santa Teresa Convent and 1 block from Plaza Colon. The tour desk is ready to assists guests exploring the area. Free private parking is possible on site.",+591(0)44523386,Snack Bar Fax/photocopying Non-smoking rooms Laundry Tour desk Free parking On-site parking concierge service Free WiFi breakfast in the room Newspapers Currency exchange Room service wifi available in all areas Airport shuttle wifi Private check-in/check-out express check-in/check-out internet services Business centre shuttle service (additional charge) lift Valet parking designated smoking area 24-hour front desk Ironing service airport shuttle (additional charge) Daily housekeeping Family rooms Non-smoking throughout Bridal suite meeting/banquet facilities Luggage storage Safety Deposit Box Parking dry cleaning Private parking Restaurant,-17.38771|-66.15415,591 4 4523386,5914,https://www.booking.com/hotel/bo/apart-violettas.html
BO,Bolivia,114401,Cochabamba,1448987,Outlanders Hostel,TwoStar,Avenida Salamanca 860 Cochabamba ,Distances are calculated in a straight line from the property&apos;s location to the point of interest or attraction  and may not reflect actual travel distance. &lt;br /&gt;&lt;br /&gt; Distances are displayed to the nearest 0.1 mile and kilometer. &lt;p&gt;Plaza Colon - 0.6 km / 0.3 mi &lt;br /&gt;Iglesia de la Recoleta - 0.7 km / 0.4 mi &lt;br /&gt;Plaza de las Banderas - 0.8 km / 0.5 mi &lt;br /&gt;Convento Museo Santa Teresa - 0.9 km / 0.6 mi &lt;br /&gt;Simon I. Patino Cultural Center - 0.9 km / 0.6 mi &lt;br /&gt;Casa de la Cultura Cochabamba - 0.9 km / 0.6 mi &lt;br /&gt;Felix Capriles Stadium - 1.1 km / 0.7 mi &lt;br /&gt;Plaza 14 de Septiembre - 1.2 km / 0.7 mi &lt;br /&gt;Museo de Historia Natural Alcide d&apos;Orbigny - 1.2 km / 0.8 mi &lt;br /&gt;Cochabamba Cathedral - 1.2 km / 0.8 mi &lt;br /&gt;Universidad Mayor de San Simon - 1.3 km / 0.8 mi &lt;br /&gt;Iglesia de Santo Domingo - 1.3 km / 0.8 mi &lt;br /&gt;Iglesia San Juan de Dios - 1.4 km / 0.9 mi &lt;br /&gt;Martin Cardenas Botanical Garden - 1.7 km / 1.1 mi &lt;br /&gt;Cristo de la Concordia - 2 km / 1.2 mi &lt;br /&gt;&lt;/p&gt;&lt;p&gt;The preferred airport for Outlanders Hostel is Cochabamba (CBB-Jorge Wilstermann Intl.) - 4.3 km / 2.7 mi. &lt;/p&gt;,"<p><b>Property Location</b> <br />Located in Cochabamba, Outlanders Hostel is minutes from Plaza Colon and Plaza de las Banderas. This hostel is within close proximity of Simon I. Patino Cultural Center and Felix Capriles Stadium.</p><p><b>Rooms</b> <br />Make yourself at home in one of the 6 guestrooms. Complimentary wireless Internet access is available to keep you connected. Bathrooms have shower/tub combinations and hair dryers. Housekeeping is provided daily, and rollaway/extra beds can be requested.</p><p><b>Rec, Spa, Premium Amenities</b> <br />Take in the views from a garden and make use of amenities such as complimentary wireless Internet access and tour/ticket assistance. Getting to nearby attractions is a breeze with the area shuttle (surcharge).</p><p><b>Dining</b> <br />A complimentary continental breakfast is served daily.</p><p><b>Business, Other Amenities</b> <br />Featured amenities include a 24-hour front desk, multilingual staff, and luggage storage. A roundtrip airport shuttle is provided for a surcharge (available on request), and free self parking is available onsite.</p>",,24 Hour Front Desk Tour desk Breakfast included Self Laundry Pets Not Allowed Luggage storage designated smoking area Library Extra Bed/Sofa Bed Multilingual staff Airport shuttle (surcharge) Garden Limited parking spaces Pay Shuttle Service Bathtub/Shower Combination 24 Hour Check-In Free Wireless Internet access Free self parking Free Wireless Internet access (inroom) Visa MasterCard Area shuttle (surcharge) Hair dryer (on request),-17.38403|-66.153,77425641,,
BO,Bolivia,114401,Cochabamba,1450677,Hotel Ginas,TwoStar,Mexico 346 Entre C. Espana Y C. 25 De Mayo Entre España y 25 de MayoCochabamba ,,"Set in a residential area nearby cafes, pubs and markets, Ginas offers rooms with cable TV just 1 block from Colon Park. Wi-Fi is free in public areas.

Hotel Ginas has rooms with minibars and work desks. Some rooms are styled with decorative wall paper and colourful bedspreads.

The apartment includes a dining area. All rooms have private bathrooms with showers.

A continental breakfast with coffee and tropical fruits can be enjoyed daily in the patio.

Alalay Lake is 20 blocks away and 14 de Septiembre Park is a 10-minute walk from the hotel.

There is 24-hour front desk assistance. Jorge Wilstermann Airport is 4 km away.",+591(0)44222925,24-hour front desk Non-smoking rooms Laundry facilities Dry cleaning/laundry service Family rooms Ironing service Internet access Safe-deposit box at front desk Fax/photocopying Luggage storage Free WiFi Free WiFi Non-smoking throughout Designated smoking areas,-17.38786|-66.15722,+59165350582,9999,https://www.booking.com/hotel/bo/ginas.html
BO,Bolivia,114401,Cochabamba,1485243,Anteus,ThreeStar,Avenida Potosi 1365 COCHABAMBA ,Plaza Norte (Plaza de Comidas): within 750 metre  Cristo de la Concordia: within 2800 metre  cine center: within 850 metre  Museo de Historia Natural: within 260 metre ,This hotel offers rooms and apartments for the customer to choose what best suits your needs. The complex is located in one of the best residential areas of Cochabamba and close to shopping and tourist areas.,,Hotel MasterCard Visa Shower Toiletries Bathrobes Direct dial telephone TV Cable TV 220V power supply Mini fridge Ironing set Centrally regulated air conditioning Central heating Balcony Desk Transfer service Room service Laundry service Launderette 24-hour security Bellboy service Hotel safe Currency exchange facilities Lift access Garden Café Banquet hall Air conditioning in Restaurant Conference room Meeting room Projector Photocopier Business centre TV lounge Breakfast À la carte lunch À la carte dinner,-17.375875|-66.153821,,2500,http://www.hotelanteus.com/
