countyCode,countyName,cityCode,cityName,HotelCode,HotelName,HotelRating,Address,Attractions,Description,FaxNumber,HotelFacilities,Map,PhoneNumber,PinCode,HotelWebsiteUrl
BG,Bulgaria,101613,Achtopol,1001409,Agata Beach,ThreeStar,"37, Cherno more Str 8280 Ahtopol ",,"Located on the Bulgarian seaside, next to a small beach, has a terrace with a panoramic view of the Ahtopol Bay. You can use 2 whirlpools .Some rooms are only 3 meters from the beachfront.

Agata Beach - Adult Only Boutique offers air-conditioned rooms with free Wi-Fi and private balconies, most with Black Sea views. Each room includes a minibar and a flat-screen cable TV. The bathroom comes with a hairdryer and bathrobes.

Ahtopol is located on a rocky peninsula at the foot of Mount Strandja.

For stays of 4 nights or more, you will receive a fruit basket and a bottle of sparkling wine in your room upon arrival. Please inform Agata Beach - Adult Only in advance of your expected arrival time. You can use the Special Requests box when booking, or contact the property directly with the contact details provided in your confirmation.
In response to Coronavirus (COVID-19), additional safety and sanitation measures are in effect at this property.
As a result of Coronavirus (COVID-19), this property has temporarily suspended its shuttle services.
Due to Coronavirus (COVID-19), this property is taking steps to help protect the safety of guests and staff. Certain services and amenities may be reduced or unavailable as a result.
Hot tub/jacuzzi is closed from Sun 15 Oct 2023 until Fri 31 May 2024",+35959062288,Fruits Pet basket Pet bowls coffee house on site sun loungers or beach chairs Outdoor furniture Beach Shuttle service 24-hour security Key access Smoke alarms CCTV in common areas CCTV outside property Fire extinguishers use of cleaning chemicals that are effective against coronavirus linens  towels and laundry washed in accordance with local authority guidelines guest accommodation is disinfected between stays guest accommodation sealed after cleaning food can be delivered to guest accommodation staff follow all safety protocols as directed by local authorities shared stationery such as printed menus  magazines  pens  and paper removed hand sanitizer in guest accommodation and key areas contactless check-in/check-out cashless payment available physical distancing rules followed mobile app for room service invoice provided guests have the option to cancel any cleaning services for their accommodation during their stay Parking Pets allowed 24-hour front desk Garden Terrace Non-smoking rooms Airport shuttle Family rooms breakfast in the room Free parking internet services express check-in/check-out Safety Deposit Box Hot tub/jacuzzi Soundproof rooms Heating wifi Allergy-free room Free WiFi Non-smoking throughout Air conditioning designated smoking area Snack Bar Sun terrace Private check-in/check-out shuttle service (additional charge) vending machine (drinks) vending machine (snacks) airport shuttle (additional charge) Lockers Beachfront Daily housekeeping wifi available in all areas Street parking Wine/champagne breakfast takeaway containers delivered food is securely covered,42.10161|27.94441,+359887990072,8280,https://www.booking.com/hotel/bg/agata-beach.html
BG,Bulgaria,101613,Achtopol,1351349,Hotel Eskada Beach All Inclusive,ThreeStar,1 G.Kondolov Str 8280 Ahtopol ,,"The all-inclusive Hotel Eskada Beach is located on the main promenade of Ahtopol, only a few metres away from the wonderful beach.

The comfortable and cosy rooms, studios and apartments are stylishly furnished and equipped with air conditioning. Some units have balconies offering beautiful sea views.

Enjoy traditional Bulgarian cuisine as well as other delicious specialities in the hotels restaurant.

Hotel Eskada Beach offers swimming pools for adults and children, a 24-hour supermarket, a lobby bar, a guarded parking lot, childrens entertainment programmes, and 24-hour security.

Ahtopol is located on a very picturesque stretch of coastline, between the slopes of the Strandza Mountain and the crystal-clear waters of the Black Sea. It is the southernmost city on the Bulgarian coast, located 90 km south of Burgas. In response to Coronavirus (COVID-19), additional safety and sanitation measures are in effect at this property.
As a result of Coronavirus (COVID-19), this property has temporarily suspended its shuttle services.
Due to Coronavirus (COVID-19), this property is taking steps to help protect the safety of guests and staff. Certain services and amenities may be reduced or unavailable as a result.
Please inform Hotel Eskada Beach in advance of your expected arrival time. You can use the Special Requests box when booking, or contact the property directly with the contact details provided in your confirmation.
Guests are required to show a photo identification and credit card upon check-in. Please note that all Special Requests are subject to availability and additional charges may apply.",+35959062035,kids' outdoor play equipment secured parking Street parking Infinity pool Parking Restaurant Bar 24-hour front desk Fitness centre Garden Terrace Non-smoking rooms Airport shuttle Fishing Family rooms Games room Free parking internet services lift express check-in/check-out Safety Deposit Box Currency exchange children's playground Table tennis Hot tub/jacuzzi Hiking Packed lunches Car hire Tour desk Heating Fax/photocopying Luggage storage wifi Outdoor pool Free WiFi Non-smoking throughout Air conditioning designated smoking area outdoor pool (seasonal) shuttle service (additional charge) airport shuttle (additional charge) Lockers kids' club minimarket on site Daily housekeeping wifi available in all areas water slide Swimming pool toys board games/puzzles Indoor play area Pool with view Heated pool Salt-water pool Pool Bar Shallow end airport pick up airport drop off coffee house on site sun loungers or beach chairs Sun umbrellas Outdoor furniture Fence around pool Fitness kids' pool Swimming pool Shuttle service 24-hour security Key access Smoke alarms CCTV in common areas CCTV outside property Fire extinguishers Swimming pool use of cleaning chemicals that are effective against coronavirus linens  towels and laundry washed in accordance with local authority guidelines guest accommodation is disinfected between stays staff follow all safety protocols as directed by local authorities cashless payment available invoice provided guests have the option to cancel any cleaning services for their accommodation during their stay,42.10183|27.93969,+359887147100,8280,https://www.booking.com/hotel/bg/eskada-beach.html
BG,Bulgaria,101613,Achtopol,1433785,Family Hotel Kaylas,TwoStar,Neptun Str. 20 8280 Ahtopol ,,"Offering a restaurant and a lobby bar, Family Hotel Kaylas is located in Ahtopol, only 20 metres from the nearest rocky beach. Free WiFi access and free public parking are available.

All units at Family Hotel Kaylas are air-conditioned and feature a TV with satellite channels. Most of the rooms have a balcony with sea views. There is also a refrigerator in each room. Private bathrooms are fitted with a shower and towels.

Guests can relax and enjoy their meals in the restaurant´s outdoor seating area. The closest grocery store is reachable within a 2-minute walk.

The central beach in Ahtopol is located 800 metres from the hotel. Burgas Airport is 63 km away. Payment before arrival via bank transfer is required. The property will contact you after you book to provide instructions.",,Free self parking Restaurant Bar/lounge Garden Non-smoking rooms Family rooms Internet access Chapel/shrine Free WiFi Free WiFi Air conditioning Designated smoking areas Private check-in/check-out Parking onsite Street parking,42.09712|27.945,,8280,https://www.booking.com/hotel/bg/atm-neptun-ahtopol.html
BG,Bulgaria,101613,Achtopol,1524179,Agatopolis Villa,OneStar,Rezvaya Str. 6 8280 Ahtopol ,,"Set 400 metres from the Central Beach in Ahtopol, Agatopolis Villa features a lush garden with barbecue facilities and en-suite rooms with balcony.

Each room at the villa comes with a refrigerator, cable TV and a private bathroom with shower. The balconies are fitted with a seating area and rooms of the ground floors have a patio. WiFi is available in public areas.

Grocery stores and restaurants can be found in the centre of Ahtopol, 100 metres away.

The bus stop is 200 metres away and it is 5 km to the Veleka River. A shuttle service to Burgas Sarafovo Airport, 80 km away, can be arranged on request. A deposit via bank wire is required to secure your reservation. Agatapolis Villa will contact you with instructions after booking.",,Luggage storage Free WiFi Free WiFi Air conditioning Designated smoking areas Airport transportation (surcharge) Shared kitchen Free self parking 24-hour front desk Garden Terrace Non-smoking rooms Airport shuttle Facilities for disabled guests Family rooms Internet access BBQ facilities Heating,42.09774|27.94005,+359887817122,8280,https://www.booking.com/hotel/bg/agatopolis-villa.html
BG,Bulgaria,101613,Achtopol,1564975,The Colourful Mansion Hotel,TwoStar,1 Patriarh Evtimii Str. 8280 Ahtopol ,,"Within a 5-minute walk from the beach in Ahtopol, The Colourful Mansion Hotel features free Wi-Fi access, a bar and air conditioning in the rooms. The inner court with a garden offers seating facilities.

Individually decorated, the lodgings at the hotel The Colourful Mansion also come with a fridge and a private bathroom with a shower and free toiletries. Each enjoys a balcony with views of the garden, while some are overlooking the town and the sea.

The Colourful Mansion Hotel can organize a boat tour or a fishing trip at a surcharge. Guests can also enjoy hiking in the nearby mountains.

You can park in front of the premises. The villages of Varvara and Sinemorets, as well as the river Veleka are a 7-minute drive away. Silistar beach is a 15-minute drive away. Payment before arrival via bank transfer is required. The property will contact you after you book to provide instructions.
Food & beverage services at this property may be limited or unavailable due to Coronavirus (COVID-19).
Due to Coronavirus (COVID-19), this property is taking steps to help protect the safety of guests and staff. Certain services and amenities may be reduced or unavailable as a result.",,Parking Bar 24-hour front desk Garden Terrace Non-smoking rooms Airport shuttle Family rooms Free parking internet services Safety Deposit Box Valet parking Horse riding Luggage storage wifi Free WiFi Non-smoking throughout Air conditioning designated smoking area Private check-in/check-out airport shuttle (additional charge) Daily housekeeping parking on site wifi available in all areas board games/puzzles Street parking airport pick up airport drop off coffee house on site Sun umbrellas Outdoor furniture Beach Fire extinguishers use of cleaning chemicals that are effective against coronavirus linens  towels and laundry washed in accordance with local authority guidelines guest accommodation is disinfected between stays physical distancing in dining areas staff follow all safety protocols as directed by local authorities hand sanitizer in guest accommodation and key areas first aid kit available contactless check-in/check-out cashless payment available invoice provided all plates  cutlery  glasses and other tableware have been sanitized,42.09819|27.93892,,8280,https://www.booking.com/hotel/bg/colourful-mansion.html
BG,Bulgaria,101613,Achtopol,1565000,Family Hotel Maritime,TwoStar,17 Vasil Levski Street 8280 Ahtopol ,,"Family Hotel Maritime is located a 5-minute walk from Ahtopols centre, 200 metres from the closest beach. Free WiFi is provided in public areas.

All the air-conditioned rooms at the Maritime come with modern furniture, cable TV, a minibar and a balcony. A bathroom with a shower is standard in all rooms.

A shared lounge with a library is provided as well. Fishing is possible nearby and guests can park their cars at the street in front of the guest house. Shuttle and car rental services can be requested on spot. The closest grocery  store is 150 metres away. Payment before arrival via bank transfer is required. The property will contact you after you book to provide instructions.
Please inform Family Hotel Maritime in advance of your expected arrival time. You can use the Special Requests box when booking, or contact the property directly with the contact details provided in your confirmation.
In response to Coronavirus (COVID-19), additional safety and sanitation measures are in effect at this property.
Food & beverage services at this property may be limited or unavailable due to Coronavirus (COVID-19).
As a result of Coronavirus (COVID-19), this property has temporarily suspended its shuttle services.
Due to Coronavirus (COVID-19), this property is taking steps to help protect the safety of guests and staff. Certain services and amenities may be reduced or unavailable as a result.",,Terrace Non-smoking rooms Family rooms internet services Safety Deposit Box Luggage storage wifi Free WiFi Air conditioning Private check-in/check-out use of cleaning chemicals that are effective against coronavirus linens  towels and laundry washed in accordance with local authority guidelines guest accommodation is disinfected between stays staff follow all safety protocols as directed by local authorities shared stationery such as printed menus  magazines  pens  and paper removed physical distancing rules followed guests have the option to cancel any cleaning services for their accommodation during their stay,42.10065|27.93797,,8280,https://www.booking.com/hotel/bg/familyhotel-maritimie.html
BG,Bulgaria,101613,Achtopol,1565008,Neven Hotel,FourStar,Neptun Street 3 8280 Ahtopol ,,"The Neven hotel is located in the Lazur district on the beach of the marina of Ahtopol. The coastal town of Ahtopol is picturesquely situated at the foothills of the Strandzha national park.

Each room at this hotel is air conditioned and has a TV. Certain units have a seating area for your convenience. Certain rooms feature views of the sea or pool. All rooms have a private bathroom. Extras include free toiletries and a hairdryer. Neven Hotel features free WiFi throughout the property.

You will find a 24-hour front desk at the property.

The area is popular for diving and cycling. Primorsko is 31 km from Neven Hotel, while Duni is 44 km away. Burgas Airport is 89 km from the property.",,Parking Restaurant meeting/banquet facilities Bar 24-hour front desk Sauna Fitness centre Garden Terrace Non-smoking rooms Laundry Facilities for disabled guests Family rooms Free parking internet services lift Safety Deposit Box Table tennis Hot tub/jacuzzi Chapel/shrine Cycling Heating Fax/photocopying Diving wifi Outdoor pool Free WiFi Air conditioning Sun terrace outdoor pool (seasonal) shuttle service (additional charge) Beachfront parking on site wifi available in all areas Swimming pool Beach Shuttle service Smoke alarms CCTV in common areas CCTV outside property Fire extinguishers Swimming pool,42.0974|27.94489,+35959062050,8280,https://www.booking.com/hotel/bg/neven.html
BG,Bulgaria,100593,Aheloy,1033497,Vineyards Spa Hotel,FourStar,Aheloy Pomorie ,,"The Vineyards Boutique Hotel & SPA boasts 2 outdoor swimming pools, one of which is a childrens pool, a pool bar, spa and wellness area, tour desk and shops and supermarkets. It is 4 km from Aheloys beaches.

Modern rooms at The Vineyards Boutique Hotel & SPA are air conditioned and have a minibar, balcony with pool views and flat-screen cable TV. Bathrooms come with a hairdryer, free toiletries and a bath.

The main restaurant serves Bulgarian and Mediterranean cuisine. There is also an English-style pub offering sandwiches, pizzas and barbecued treats. Drinks are also served at the lobby bar and breakfast is available.

Deck chairs and umbrellas are provided at the pool. The hotel also has a doctor on site.

An indoor pool containing mineral water is a highlight of the spa area. There are also several saunas, a hot tub, a Russian Bath and ice room. Massages, mud treatments, manicures and haircuts are also available.

Guests can make use of the games room, table football, fitness centre, table tennis, billiards and computer room. There is also a childrens entertainment room with supervised care.

Car rental, tours and tickets for popular activities in the area can be arranged at the tour desk.",,Swimming pool toys board games/puzzles Indoor play area kids' outdoor play equipment Baby safety gates Kid-friendly buffet electric vehicle charging station Accessible parking Wheelchair accessible Emergency cord in bathroom Infinity pool Pool with view Plunge pool Pool Bar Shallow end Wine/champagne Fruits airport pick up airport drop off Pet basket Pet bowls coffee house on site sun loungers or beach chairs Free WiFi Non-smoking throughout Air conditioning designated smoking area Sun terrace outdoor pool (seasonal) concierge service Entertainment staff Private check-in/check-out shuttle service (additional charge) Special diet menus (on request) airport shuttle (additional charge) Lockers kids' club minimarket on site Daily housekeeping parking on site Private parking wifi available in all areas Car hire Tour desk hammam Heating Fax/photocopying Luggage storage wifi Outdoor pool Currency exchange Spa and wellness centre Massage children's playground Billiards Darts Hot tub/jacuzzi Soundproof rooms BBQ facilities Packed lunches Spa/wellness packages Sun umbrellas Outdoor furniture Picnic area Beauty Services Facial treatments Waxing services Manicure Pedicure hair cut hair colouring hair styling Body Treatments Body scrub Body wrap Spa Facilities Steam room Spa lounge/relaxation area Foot bath staff follow all safety protocols as directed by local authorities shared stationery such as printed menus  magazines  pens  and paper removed hand sanitizer in guest accommodation and key areas first aid kit available contactless check-in/check-out cashless payment available physical distancing rules followed invoice provided property is cleaned by professional cleaning companies all plates  cutlery  glasses and other tableware have been sanitized guests have the option to cancel any cleaning services for their accommodation during their stay breakfast takeaway containers delivered food is securely covered thermometers for guests provided by property face masks for guests available Head massage Foot massage Neck massage Back massage food can be delivered to guest accommodation physical distancing in dining areas guest accommodation sealed after cleaning guest accommodation is disinfected between stays linens  towels and laundry washed in accordance with local authority guidelines use of cleaning chemicals that are effective against coronavirus bicycle rental Swimming pool Fire extinguishers CCTV outside property CCTV in common areas Smoke alarms Security alarm Key card access Key access 24-hour security Live music/performance Happy hour Themed dinner nights Bike tours Walking tours Shuttle service Swimming pool kids' pool fitness/spa locker rooms Fitness Full body massage Valet parking Safety Deposit Box express check-in/check-out lift internet services Free parking Ironing service Games room Family rooms Barber/beauty shop Facilities for disabled guests dry cleaning Laundry babysitting/child services Business centre Airport shuttle Non-smoking rooms Terrace Garden Fitness centre Sauna 24-hour front desk Bar meeting/banquet facilities Room service Pets allowed Restaurant Parking,42.64664|27.61609,,8210,https://www.booking.com/hotel/bg/vineyards.html
BG,Bulgaria,100593,Aheloy,1341616,Marina Cape Apartments,FourStar,Aheloy RAVDA ,Restaurant in the village: within 1000 metre  Restaurant in Marina Cape: within 50 metre  Supermarket in complex: within 50 metre ,"It offers a unique blend of luxury, comfort, compelling sea views, quality services, entertainment and all the comforts of the modern world, one can expect both for families with children and groups of friends. Located just five minutes from Sunny Beach, Nessebar and Pomorie, and only 19 km from the international airport of Burgas.",+35959620014,Hotel Bathroom Shower TV Kitchen Fridge Individually adjustable air conditioning Balcony Terrace Launderette Lift access Shop Garden Gym Bar Restaurant Air conditioning in Restaurant Sun loungers Parasols Kids club Pub Sauna Massage Spa treatments,42.637049525992886|27.654377311206076,+35959620000,8217,http://marinacape.com
BG,Bulgaria,100593,Aheloy,1521721,The Vineyards Spa & Resort,FourStar,The Vineyards Resort Pomorie ,Distances are displayed to the nearest 0.1 mile and kilometer. <br /> <p>Aqua Paradise - 7.2 km / 4.5 mi <br /> Ravda Central Beach - 7.4 km / 4.6 mi <br /> Nessebar Stadium - 9.7 km / 6.1 mi <br /> Nessebar South Beach - 9.8 km / 6.1 mi <br /> Sunny Beach South - 10 km / 6.2 mi <br /> Sunny Beach - 10.9 km / 6.8 mi <br /> Old Nessebar Windmill - 11.3 km / 7 mi <br /> Archaeological Museum - 11.4 km / 7.1 mi <br /> Nessebar Old Town Beach - 11.7 km / 7.2 mi <br /> Pomorie Lake - 11.7 km / 7.3 mi <br /> Church of Christ Pantocrator - 11.7 km / 7.3 mi <br /> Church of St John Aliturgetos - 11.7 km / 7.3 mi <br /> Nessebar Ethnographic Museum - 11.7 km / 7.3 mi <br /> Byzantine Baths Complex - 11.7 km / 7.3 mi <br /> Sveti Spas Church - 11.7 km / 7.3 mi <br /> </p><p>The preferred airport for The Vineyards Spa & Resort is Bourgas (BOJ) - 17.3 km / 10.8 mi </p>,"<p>HeadLine : Near the beach</p><p>Location : With a stay at The Vineyards Spa & Resort in Pomorie, you ll be near the beach, within a 15-minute drive of Sunny Beach and Aqua Paradise.  This 4-star hotel is 7.7 mi (12.4 km) from Action Aquapark and 4.6 mi (7.4 km) from Ravda Central Beach.</p><p>Rooms : Make yourself at home in one of the 52 air-conditioned rooms featuring rooftop private spa tubs and flat-screen televisions. Rooms have private furnished balconies. Complimentary wired and wireless Internet access keeps you connected, and cable programming provides entertainment. Conveniences include phones, as well as separate sitting areas and minibars.</p><p>Dining : Enjoy Middle Eastern cuisine at Lebanese cusine, one of the hotel s 2 restaurants, or stay in and take advantage of the room service (during limited hours). Unwind at the end of the day with a drink at the bar/lounge or the poolside bar. A complimentary buffet breakfast is served daily from 8 AM to 10 AM.</p><p>CheckIn Instructions : <ul>  <li>Extra-person charges may apply and vary depending on property policy</li><li>Government-issued photo identification and a credit card, debit card, or cash deposit may be required at check-in for incidental charges</li><li>Special requests are subject to availability upon check-in and may incur additional charges; special requests cannot be guaranteed</li><li>This property accepts credit cards, debit cards, and cash</li><li>Safety features at this property include a carbon monoxide detector, a fire extinguisher, a smoke detector, a security system, a first aid kit, and window guards</li>  </ul></p><p>Special Instructions : This property offers transfers from the airport (surcharges may apply). To arrange pick-up, guests must contact the property 48 hours prior to arrival, using the contact information on the booking confirmation. If you are planning to arrive after 10:30 PM please contact the property in advance using the information on the booking confirmation. Front desk staff will greet guests on arrival.</p>",359-554-70377,Dry cleaning/laundry service Free long-term parking Lockers available Pool umbrellas Free wired Internet Free WiFi 24-hour business center Number of bars/lounges - 1 Number of poolside bars - 1 Number of outdoor pools - 2 Number of indoor pools - 1 In-room accessibility (in select rooms) Wheelchair accessible parking Roll-in shower (in select rooms) Tours/ticket assistance Accessible bathroom (in select rooms) Free Buffet Breakfast Airport transportation (surcharge) Wheelchair-accessible on-site restaurant Free breakfast Daily Coffee/tea in common areas Laundry facilities elevator Children's club (free) Fitness facilities Supervised childcare/activities (free) secured parking Covered parking secured parking Uncovered parking Wheelchair accessible (may have limitations) Covered parking Wheelchair-accessible concierge desk Food and water bowls Uncovered parking Meeting rooms Wheelchair-accessible path to elevator Wheelchair-accessible registration desk Health club Spa treatment room(s) Garden Full-service spa Wedding services Free area shuttle Luggage storage Free bus station shuttle 24-hour front desk Playground on site Spa services on site Outdoor seasonal pool Safe-deposit box at front desk Smoke-free property Children's pool Sauna Steam room Free self parking Access to nearby indoor pool Terrace Access to nearby outdoor pool Pool sun loungers Concierge services,42.646639|27.616096,+35959629966,8217,http://www.vineyards-resort.com
BG,Bulgaria,100593,Aheloy,1655675,Apartcomplex Chateau Aheloy,ThreeStar,1 Sredna Gora Str. 8215 Aheloy ,Distances are displayed to the nearest 0.1 mile and kilometer. <br /> <p>Aqua Paradise - 3.4 km / 2.1 mi <br /> Ravda Central Beach - 3.6 km / 2.2 mi <br /> Nessebar Stadium - 5.9 km / 3.7 mi <br /> Nessebar South Beach - 6 km / 3.7 mi <br /> Sunny Beach South - 6 km / 3.7 mi <br /> Sunny Beach - 7 km / 4.4 mi <br /> Old Nessebar Windmill - 7.5 km / 4.6 mi <br /> Archaeological Museum - 7.6 km / 4.7 mi <br /> Nessebar Old Town Beach - 7.8 km / 4.9 mi <br /> Church of Christ Pantocrator - 7.8 km / 4.9 mi <br /> Church of St John Aliturgetos - 7.8 km / 4.9 mi <br /> Byzantine Baths Complex - 7.8 km / 4.9 mi <br /> Sveti Spas Church - 7.8 km / 4.9 mi <br /> Church of Saint John the Baptist - 8 km / 5 mi <br /> Nessebar Ethnographic Museum - 8 km / 5 mi <br /> </p><p>The preferred airport for Apartcomplex Chateau Aheloy is Bourgas (BOJ) - 16.8 km / 10.5 mi </p>,"<p>HeadLine : Near Aqua Paradise</p><p>Location : With a stay at Apartcomplex Chateau Aheloy in Pomorie, you ll be in the historical district, within a 10-minute drive of Sunny Beach and Aqua Paradise.  This family-friendly aparthotel is 5.4 mi (8.7 km) from Action Aquapark and 2.2 mi (3.5 km) from Ravda Central Beach.</p><p>Rooms : Make yourself at home in one of the 100 air-conditioned rooms featuring kitchens with full-sized refrigerators/freezers and stovetops. Rooms have private balconies. Kitchenettes are outfitted with microwaves. Complimentary wireless Internet access is available to keep you connected.</p><p>CheckIn Instructions : <ul>  <li>Extra-person charges may apply and vary depending on property policy</li><li>Government-issued photo identification and a credit card, debit card, or cash deposit may be required at check-in for incidental charges</li><li>Special requests are subject to availability upon check-in and may incur additional charges; special requests cannot be guaranteed</li><li>The name on the credit card used at check-in to pay for incidentals must be the primary name on the guestroom reservation</li><li>This property accepts credit cards; cash is not accepted</li>  </ul></p><p>Special Instructions : The front desk is open daily from 8 AM - 5 PM. To make arrangements for check-in please contact the property ahead of time using the information on the booking confirmation. If you are planning to arrive after 6 PM please contact the property in advance using the information on the booking confirmation. Guests must contact the property in advance for check-in instructions. Front desk staff will greet guests on arrival.</p>",359-894-629991,Express check-out Outdoor tennis courts - 1 Front desk (limited hours) Playground on site Barbecue grill(s) Outdoor seasonal pool Safe-deposit box at front desk Smoke-free property Laundry facilities Children's pool elevator Free self parking Fitness facilities Terrace Pool sun loungers Concierge services Express check-in Pool umbrellas Free WiFi Number of outdoor pools - 2 Garden Picnic area Tours/ticket assistance Volleyball on site Free area shuttle Wheelchair accessible  no Luggage storage,42.644519|27.652103,+359894629991,8217,http://www.standenapartments.com/
BG,Bulgaria,100593,Aheloy,1675532,Menada Grand Resort Apartments,ThreeStar,Aheloy 8217 Aheloy ,,"Menada Grand Resort Apartments are set in a modern complex with outdoor swimming pools and bars, directly at the beach of Aheloy.

The accommodation units in the Grand Resort complex feature a balcony, air conditioning, a kitchenette, cable TV and a bathroom with shower. Some apartments have pool or sea views.

The complex also comes with a childrens playground and pool, shops and restaurants on site. A shuttle to Burgas Airport, 19 km away, can be arranged on request for a surcharge.

The centre of Aheloy and the bus stop are 1 km away. It is 3 km to Ravda and 7 km to Nesebar. Please inform Menada Grand Resort Apartments in advance of your expected arrival time. You can use the Special Requests box when booking, or contact the property directly with the contact details provided in your confirmation.
Bar is closed from Mon 22 Nov 2021 until Wed 15 Jun 2022
Swimming pool #1 is closed from Mon 22 Nov 2021 until Wed 15 Jun 2022
Swimming pool #2 is closed from Mon 22 Nov 2021 until Wed 15 Jun 2022
A damage deposit of BGN 100 is required on arrival. This will be collected as a cash payment. You should be reimbursed on check-out. Your deposit will be refunded in full in cash, subject to an inspection of the property.
Please note that the final cleaning fee is included in the price. For stays longer than 10 days, free cleaning and changing of the towels is included in the price in the middle of the stay. There is a possibility to request additional cleaning and changing of the towels, at a surcharge.

Please, note that Menada Grand Resort Apartments has no reception. Menada Grand Resort Apartments is located at Midia Grand Resort Complex.

Please note that check-in and key collection take place at: Office Menada Apartments, ground floor in Persani Complex, Main Street Sunny Beach 8240, Bulgaria, GPS coordinates of the office: 42°4048.5""N 27°4220.6""E, (42.680128, 27.705734).

Please note that the check-out time is defined upon check-in and can be between 07:00 oclock and 11:00 oclock.",,Parking Restaurant Pets allowed Bar Garden Non-smoking rooms Airport shuttle Family rooms internet services lift children's playground Hiking Car hire wifi Outdoor pool Non-smoking throughout Air conditioning Private beach area Snack Bar outdoor pool (seasonal) shuttle service (additional charge) airport shuttle (additional charge) Beachfront parking on site Private parking wifi available in all areas paid wifi Swimming pool toys Street parking Pool with view Pool Bar Shallow end Swimming pool Beach Shuttle service Swimming pool use of cleaning chemicals that are effective against coronavirus linens  towels and laundry washed in accordance with local authority guidelines guest accommodation is disinfected between stays guest accommodation sealed after cleaning staff follow all safety protocols as directed by local authorities shared stationery such as printed menus  magazines  pens  and paper removed hand sanitizer in guest accommodation and key areas process in place to check health of guests contactless check-in/check-out cashless payment available physical distancing rules followed screens or physical barriers placed between staff and guests in appropriate areas property is cleaned by professional cleaning companies guests have the option to cancel any cleaning services for their accommodation during their stay thermometers for guests provided by property face masks for guests available,42.63587|27.64059,,8217,https://www.booking.com/hotel/bg/menada-grand-resort-apartments.html
BG,Bulgaria,100593,Aheloy,1714827,Complex Lipite,TwoStar,AHELOY Teketo7057 Nikolovo ,Distances are displayed to the nearest 0.1 mile and kilometer. <br /> <p>Aqua Paradise - 4.1 km / 2.6 mi <br /> Sunny Beach - 6.3 km / 3.9 mi <br /> Nessebar Stadium - 6.8 km / 4.2 mi <br /> South Beach - 8 km / 5 mi <br /> Archaeological Museum - 8.5 km / 5.3 mi <br /> Nessebar South Beach - 8.5 km / 5.3 mi <br /> Church of Christ Pantocrator - 8.6 km / 5.4 mi <br /> Church of Saint John the Baptist - 8.7 km / 5.4 mi <br /> Church of the Holy Archangels Michael and Gabriel - 8.8 km / 5.5 mi <br /> Church of Saint Paraskevi - 8.8 km / 5.5 mi <br /> Church of St John Aliturgetos - 9.1 km / 5.7 mi <br /> Basilica of the Holy Mother of God Eleusa - 9.2 km / 5.7 mi <br /> Casino Hrizantema - 9.3 km / 5.8 mi <br /> Luna Park - 9.5 km / 5.9 mi <br /> Action Aquapark - 9.5 km / 5.9 mi <br /> </p><p>The nearest major airport is Bourgas (BOJ) - 19 km / 11.8 mi</p>,"<p>HeadLine : Near the beach</p><p>Location : When you stay at Complex Lipite in Pomorie, you ll be near the beach, a 5-minute drive from Aqua Paradise and 7 minutes from Sunny Beach.  This hotel is 5.9 mi (9.5 km) from Action Aquapark and 18 mi (29 km) from Burgas Beach.</p><p>Rooms : Stay in one of 27 guestrooms featuring flat-screen televisions. Rooms have private balconies or patios. Complimentary wireless Internet access keeps you connected, and cable programming is available for your entertainment. Private bathrooms with showers feature complimentary toiletries and hair dryers.</p><p>Dining : At Complex Lipite, enjoy a satisfying meal at the restaurant. Relax with your favorite drink at the bar/lounge or the poolside bar. A complimentary buffet breakfast is served daily.</p><p>CheckIn Instructions : Extra-person charges may apply and vary depending on property policy. <br />Government-issued photo identification and a credit card, debit card, or cash deposit are required at check-in for incidental charges. <br />Special requests are subject to availability upon check-in and may incur additional charges. Special requests cannot be guaranteed. <ul>  Please note that cultural norms and guest policies may differ by country and by property. The policies listed are provided by the property. </ul> Guests must contact this property in advance to reserve a crib (infant bed)/rollaway bed. Contact the property using the information on the reservation confirmation received after booking.</p>",359-2-9358070,Safe-deposit box at front desk Bar/lounge Elevator/lift 24-hour front desk Poolside bar Free breakfast Laundry facilities Restaurant Free self parking Free WiFi Outdoor pool Smoke-free property Outdoor seasonal pool,42.63937|27.65009,359-2-9358061,8217,
BG,Bulgaria,100593,Aheloy,1714944,Family Hotel Provence,ThreeStar,Cherno More 8217 Aheloy ,,"Boasting a restaurant, terrace and views of sea, ?????? ????? ??????? ?????? is set in Aheloy, 400 metres from Aheloy Beach. Each accommodation at the 3-star hotel has city views and free WiFi. The hotel has family rooms.

At the hotel all rooms are fitted with air conditioning, a wardrobe, a patio with a garden view, a private bathroom, a flat-screen TV, bed linen and towels. Some rooms also offer a kitchen with a stovetop. All guest rooms at ?????? ????? ??????? ?????? come with a seating area.

South Ravda Beach is 2.4 km from the accommodation, while Action AquaPark is 9.4 km from the property. The nearest airport is Burgas Airport, 19 km from ?????? ????? ??????? ??????. Payment before arrival via bank transfer is required. The property will contact you after you book to provide instructions.",,Restaurant Terrace Non-smoking rooms Family rooms internet services lift Heating wifi Free WiFi Air conditioning Entertainment staff Private check-in/check-out kids' club Daily housekeeping Indoor play area Kid meals Wine/champagne Fruits coffee house on site invoice provided,42.6429|27.64879,,8217,https://www.booking.com/hotel/bg/family-provence.html
BG,Bulgaria,100593,Aheloy,1863391,Chateau Aheloy,ThreeStar,1 Elhovo Str. 8217 Aheloy ,,"Located in Aheloy, 500 metres from the beach, the Chateau Aheloy offers self-catered accommodation with free access to an outdoor pool with sunbeds. WiFi and is available at a surcharge. Free private parking is provided.

All air-conditioned units are functionally-furnished, equipped with a balcony, a seating area with a sofa, a flat-screen cable TV, a well-appointed kitchenette and a private bathroom with a bathtub.

At an additional cost, guests also have access to a fitness room. Cars can be rented at the property.

The nearest restaurant is 200 metres from Chateau Aheloy and a supermarket is 100 metres further. The local bus stop is 50 metres from the building. Please inform Chateau Aheloy in advance of your expected arrival time. You can use the Special Requests box when booking, or contact the property directly with the contact details provided in your confirmation.
Payment before arrival via bank transfer is required. The property will contact you after you book to provide instructions.",,Free self parking Tennis on site Garden Terrace Non-smoking rooms Airport shuttle Laundry facilities Family rooms Internet access Elevator/lift Children s playground Table tennis BBQ facilities Car hire Heating Free WiFi Outdoor pool Air conditioning Designated smoking areas Outdoor seasonal pool Area shuttle (surcharge) Airport transportation (surcharge) Lockers Parking onsite Private parking WiFi (surcharge) Children's books Kids  outdoor play equipment Children television networks Street parking,42.64598|27.65181,089 337 1034,8217,https://www.booking.com/hotel/bg/chateau-aheloy.html
BG,Bulgaria,100593,Aheloy,5215574,Studio Krasi,All,27 Iskar Street  ,,"Featuring garden views, Studio Krasi offers accommodation with a garden and a patio, around 2.3 km from South Ravda Beach.

The apartment is fitted with 1 bedroom, a kitchen with a fridge and an oven, a washing machine, and 1 bathroom with a hairdryer and free toiletries. A TV with cable channels is featured.

The nearest airport is Burgas Airport, 14 km from Studio Krasi. A security deposit of EUR 20 is required upon arrival for incidentals. This deposit is fully refundable upon check-out and subject to a damage inspection of the accommodation.
Please inform Studio Krasi in advance of your expected arrival time. You can use the Special Requests box when booking, or contact the property directly with the contact details provided in your confirmation.",,Garden Free parking On-site parking Family rooms Pets allowed internet services Parking,42.64681|27.64604,,8217,https://www.booking.com/hotel/bg/studio-krasi.html
BG,Bulgaria,100593,Aheloy,5259636,Apartments in Vineyards Resort,ThreeStar,The Vineyards Resort  ,Distances are displayed to the nearest 0.1 mile and kilometer. <br /> <p>Ravda Central Beach - 3.8 km / 2.3 mi <br /> Aqua Paradise - 3.9 km / 2.4 mi <br /> Nessebar Stadium - 5.9 km / 3.6 mi <br /> Sunny Beach South - 6.2 km / 3.9 mi <br /> Nessebar South Beach - 6.3 km / 3.9 mi <br /> Sunny Beach - 7 km / 4.3 mi <br /> Archaeological Museum - 7.6 km / 4.7 mi <br /> Casino Hrizantema - 7.8 km / 4.8 mi <br /> Church of St John Aliturgetos - 7.8 km / 4.9 mi <br /> Church of Christ Pantocrator - 7.8 km / 4.9 mi <br /> Nessebar Old Town Beach - 7.9 km / 4.9 mi <br /> Church of Saint John the Baptist - 8 km / 5 mi <br /> Church of the Holy Archangels Michael and Gabriel - 8 km / 5 mi <br /> Church of Saint Paraskevi - 8.1 km / 5 mi <br /> Church of Saint Sophia - 8.2 km / 5.1 mi <br /> </p><p>The preferred airport for Apartments in Vineyards Resort is Bourgas (BOJ) - 18.1 km / 11.2 mi </p>,"<p>HeadLine : In Pomorie</p><p>Location : With a stay at Apartments in Vineyards Resort in Pomorie, you ll be within a 5-minute drive of Aqua Paradise and Ravda Central Beach.  This spa hotel is 4.3 mi (7 km) from Sunny Beach and 3.6 mi (5.9 km) from Nessebar Stadium.</p><p>Rooms : Make yourself at home in one of the 2 individually decorated guestrooms. Wireless Internet access (surcharge) is available to keep you connected. Bathrooms have shower/tub combinations and hair dryers. Conveniences include safes and irons/ironing boards.</p><p>Dining : Grab a bite to eat at Vineyards resturant, one of the hotel s many dining establishments, which include 2 restaurants and a coffee shop/cafe. Relax with a refreshing drink at one of the 4 bars/lounges.</p><p>Renovations : This property is closed from June 29 2022 to October 31 2022 (dates subject to change).</p><p>CheckIn Instructions : <ul>  <li>Extra-person charges may apply and vary depending on property policy</li><li>Government-issued photo identification and a cash deposit may be required at check-in for incidental charges</li><li>Special requests are subject to availability upon check-in and may incur additional charges; special requests cannot be guaranteed</li><li>Guests must contact this property in advance to reserve cribs/infant beds</li><li>Be prepared: check the latest COVID-19 travel requirements and measures in place for this destination before you travel.</li><li>Please note that cultural norms and guest policies may differ by country and by property; the policies listed are provided by the property</li>  </ul></p><p>Special Instructions : This property offers transfers from the airport (surcharges may apply). Guests must contact the property with arrival details before travel, using the contact information on the booking confirmation. There is no front desk at this property. To make arrangements for check-in please contact the property at least 24 hours before arrival using the information on the booking confirmation. If you are planning to arrive after midnight please contact the property in advance using the information on the booking confirmation. Guests must contact the property for check-in instructions.  This propertys restaurants, bars, spa, fitness facility and pools close seasonally from October 16-April 14 each year.</p>",,Spa services on site Number of outdoor pools - 4 elevator Hair salon Fitness facilities Number of bars/lounges - 4 Full-service spa Shopping on site Designated smoking areas Beach shuttle (surcharge) Business center Spa treatment room(s) Meeting rooms Tours/ticket assistance Free self parking Dry cleaning/laundry service Free WiFi Airport transportation (surcharge) Number of coffee shops/cafes - 1 Garden Outdoor seasonal pool Children's pool,42.64594|27.6494,359-0886293645,8217,
BG,Bulgaria,100593,Aheloy,5436339,Apartament Aheloy,All,Grand Midia Resort Apt J405  ,,"Featuring a fitness centre, a garden, and a shared lounge, Apartament Aheloy provides accommodation in Aheloy with free WiFi and pool views. Boasting free private parking, the apartment is in an area where guests can engage in activities such as hiking and cycling.

The apartment comes with 1 bedroom, 1 bathroom, bed linen, towels, a flat-screen TV with satellite channels, a dining area, a fully equipped kitchen, and a terrace with sea views. For added convenience, the property can provide towels and bed linen for an extra charge.

Around the clock guidance is available at the reception, where staff speak Bulgarian, Polish and Russian.

A water park and a childrens playground are available for guests at the apartment.

Aheloy Beach is 1.1 km from Apartament Aheloy, while Black Sand Beach is 1.9 km away. The nearest airport is Burgas, 21 km from the accommodation, and the property offers a paid airport shuttle service. Please inform Apartament Aheloy in advance of your expected arrival time. You can use the Special Requests box when booking, or contact the property directly with the contact details provided in your confirmation.
Payment before arrival via bank transfer is required. The property will contact you after you book to provide instructions.
A damage deposit of EUR 50 is required on arrival. You should be reimbursed on check-out.
Managed by a private host",,Parking Restaurant Room service Bar 24-hour front desk Tennis Court Fitness centre Garden Terrace Non-smoking rooms Airport shuttle Fishing Barber/beauty shop Games room Free parking internet services lift Currency exchange children's playground Karaoke Hiking Car hire Cycling Tour desk Heating Luggage storage wifi Allergy-free room Outdoor pool Free WiFi Non-smoking throughout Air conditioning designated smoking area Private beach area Snack Bar Sun terrace outdoor pool (all year) outdoor pool (seasonal) Entertainment staff Private check-in/check-out shuttle service (free) shuttle service (additional charge) vending machine (drinks) vending machine (snacks) airport shuttle (additional charge) shared lounge/TV area kids' club minimarket on site Beachfront Evening entertainment Water park Daily housekeeping parking on site Private parking water slide Swimming pool toys kids' outdoor play equipment secured parking Infinity pool Pool with view Plunge pool Pool Bar Shallow end airport pick up airport drop off coffee house on site sun loungers or beach chairs Sun umbrellas Outdoor furniture Fence around pool Picnic area fitness classes kids' pool Swimming pool Beach Shuttle service Pub crawls Walking tours Themed dinner nights Tour or class about local culture Live music/performance 24-hour security Key access Security alarm Smoke alarms CCTV in common areas CCTV outside property Fire extinguishers Swimming pool bicycle rental use of cleaning chemicals that are effective against coronavirus linens  towels and laundry washed in accordance with local authority guidelines guest accommodation is disinfected between stays guest accommodation sealed after cleaning physical distancing in dining areas staff follow all safety protocols as directed by local authorities shared stationery such as printed menus  magazines  pens  and paper removed hand sanitizer in guest accommodation and key areas process in place to check health of guests contactless check-in/check-out face masks for guests available thermometers for guests provided by property delivered food is securely covered breakfast takeaway containers guests have the option to cancel any cleaning services for their accommodation during their stay all plates  cutlery  glasses and other tableware have been sanitized property is cleaned by professional cleaning companies invoice provided screens or physical barriers placed between staff and guests in appropriate areas physical distancing rules followed cashless payment available,42.63499|27.64066,,8217,https://www.booking.com/hotel/bg/apartament-aheloy.html
BG,Bulgaria,100593,Aheloy,5444646,Menada Apartments in Marina Cape,ThreeStar,Between Ravda And Aheloy  ,Distances are displayed to the nearest 0.1 mile and kilometer. <br /> <p>Ravda Central Beach - 3 km / 1.9 mi <br /> Aqua Paradise - 4.3 km / 2.7 mi <br /> Nessebar Stadium - 6.7 km / 4.2 mi <br /> Nessebar South Beach - 7 km / 4.4 mi <br /> Sunny Beach South - 7.1 km / 4.4 mi <br /> Sunny Beach - 8.1 km / 5 mi <br /> Old Nessebar Windmill - 8.5 km / 5.3 mi <br /> Archaeological Museum - 8.7 km / 5.4 mi <br /> Nessebar Old Town Beach - 8.9 km / 5.5 mi <br /> Church of Christ Pantocrator - 8.9 km / 5.5 mi <br /> Church of St John Aliturgetos - 8.9 km / 5.5 mi <br /> Byzantine Baths Complex - 8.9 km / 5.5 mi <br /> Sveti Spas Church - 8.9 km / 5.5 mi <br /> Church of Saint John the Baptist - 9.1 km / 5.6 mi <br /> Nessebar Ethnographic Museum - 9.1 km / 5.7 mi <br /> </p><p>The preferred airport for Menada Ravda Apartments is Bourgas (BOJ) - 17.3 km / 10.7 mi </p>,"<p>HeadLine : Near Aqua Paradise</p><p>Location : With a stay at Menada Ravda Apartments in Pomorie, you ll be on the beach, within a 10-minute drive of Sunny Beach and Aqua Paradise.  This beach hotel is 6 mi (9.7 km) from Action Aquapark and 2.8 mi (4.6 km) from Ravda Central Beach.</p><p>Rooms : Make yourself at home in one of the 36 individually decorated guestrooms, featuring kitchenettes with refrigerators and stovetops. Wireless Internet access (surcharge) keeps you connected, and cable programming is available for your entertainment. Housekeeping is provided on request, and cribs/infant beds (surcharge) can be requested.</p><p>Dining : Grab a bite to eat at Antika, one of the hotel s many dining establishments, which include 3 restaurants and a coffee shop/cafe. Wrap up your day with a drink at the bar/lounge.</p><p>CheckIn Instructions : <ul>  <li>Extra-person charges may apply and vary depending on property policy</li><li>Government-issued photo identification and a credit card, debit card, or cash deposit may be required at check-in for incidental charges</li><li>Special requests are subject to availability upon check-in and may incur additional charges; special requests cannot be guaranteed</li><li>This property accepts credit cards and cash</li><li>Please note that cultural norms and guest policies may differ by country and by property; the policies listed are provided by the property</li>  </ul></p><p>Special Instructions : This property offers transfers from the train station (surcharges may apply). To arrange pick-up, guests must contact the property 72 hours prior to arrival, using the contact information on the booking confirmation. There is no front desk at this property. The check-in location differs from the property location. To check in, go to MenadaApartments,Office Ground Floor,Complex Persani,Sunny Beach If you arrive at the property after hours, you ll need to check in at an alternate location: Q  Stadion, Sunny BeachTo make arrangements for check-in please contact the property at least 24 hours before arrival using the information on the booking confirmation. If you are planning to arrive after 10 PM please contact the property in advance using the information on the booking confirmation. Guests must contact the property in advance for check-in instructions. The host will greet guests on arrival. For more details, please contact the property using the information on the booking confirmation.  Guests driving to the property should contact this property in advance.</p>",48-61-6482635,Shopping on site Distance from property (meters) - 0 Train station pickup (surcharge) Wheelchair accessible (may have limitations) Terrace Free parking nearby ATM/banking Babysitting or childcare (surcharge) Pool umbrellas Number of meeting rooms - 8 WiFi (surcharge) Number of bars/lounges - 1 Pool sun loungers Arcade/game room Number of spa tubs - 1 Marina on site Garden Tours/ticket assistance Boat tours nearby Supervised childcare/activities (surcharge) Airport transportation (surcharge) Conference center Playground on site Spa services on site Outdoor seasonal pool Housekeeping on request Smoke-free property Ecotours nearby Snack bar/deli Number of coffee shops/cafes - 1 Children's pool Sauna Steam room elevator Free self parking Fitness facilities Conference space Children's club (surcharge) Safari nearby Waterslide,42.639154|27.652708,48-61-8479124,8217,
BG,Bulgaria,100593,Aheloy,5449949,Visit Sunny Beach Marina Apartments,All,Marina Cape  ,,"With Aheloy Beach reachable in 400 metres, Visit Sunny Beach Marina Apartments provides accommodation, a restaurant, a seasonal outdoor swimming pool, a garden and a bar.

Offering a terrace or balcony with views of the sea and pool, the units feature air conditioning, a seating area, satellite flat-screen TV and kitchen. For added convenience, the property can provide towels and bed linen for an extra charge.

The apartment offers a childrens playground.

Hiking and fishing can be enjoyed nearby, while a car rental service and a private beach area are also available on site.

South Ravda Beach is 1.6 km from Visit Sunny Beach Marina Apartments, while Action AquaPark is 10 km away. The nearest airport is Burgas, 21 km from the accommodation, and the property offers a paid airport shuttle service. Guests are required to show a photo identification and credit card upon check-in. Please note that all Special Requests are subject to availability and additional charges may apply.
Please inform Visit Sunny Beach Marina Apartments in advance of your expected arrival time. You can use the Special Requests box when booking, or contact the property directly with the contact details provided in your confirmation.",,Parking guests have the option to cancel any cleaning services for their accommodation during their stay Restaurant breakfast takeaway containers meeting/banquet facilities Bar 24-hour front desk Sauna Fitness centre Garden Terrace Non-smoking rooms Airport shuttle Fishing Business centre babysitting/child services Laundry Barber/beauty shop Family rooms Games room Free parking internet services lift express check-in/check-out Spa and wellness centre Massage children's playground Table tennis Darts Hot tub/jacuzzi Soundproof rooms Hiking Chapel/shrine BBQ facilities Car hire Bowling Tour desk hammam Heating wifi Outdoor pool Non-smoking throughout Air conditioning Private beach area Snack Bar Sun terrace outdoor pool (seasonal) Entertainment staff Private check-in/check-out shuttle service (additional charge) airport shuttle (additional charge) kids' club minimarket on site Beachfront Evening entertainment Water park parking on site Private parking wifi available in all areas paid wifi Street parking Pool with view Pool Bar Shallow end airport pick up airport drop off Outdoor furniture Picnic area Spa Facilities Steam room Spa/wellness packages Fitness fitness classes Swimming pool Beach Shuttle service 24-hour security Security alarm Smoke alarms CCTV in common areas Fire extinguishers Swimming pool use of cleaning chemicals that are effective against coronavirus linens  towels and laundry washed in accordance with local authority guidelines guest accommodation is disinfected between stays staff follow all safety protocols as directed by local authorities hand sanitizer in guest accommodation and key areas contactless check-in/check-out cashless payment available physical distancing rules followed invoice provided all plates  cutlery  glasses and other tableware have been sanitized delivered food is securely covered,42.63786|27.65511,,8217,https://www.booking.com/hotel/bg/apartments-aheloy-marina.html
BG,Bulgaria,100593,Aheloy,5494443,Apartments Aheloy Palace,All,6 Vazrajdane Str Grand Midia Resort  ,,"Just outside Aheloy, Apartments in Midia Aheloy Palace offer sea views from the balcony and guests can use the 2 large outdoor swimming pools, the restaurant and the beach, which is just steps away.

All air-conditioned units are equipped with a flat-screen TV, kitchenette and dining and living areas. Among the standard cable channels, Russian channels are available as well. Private bathrooms come with a shower.

Sip on a refreshing drink at the pool-side bar while enjoying the sea views at Midia Aheloy Palace. There is also a minimarket on site.

It is 300 metres to Aheloy and a 3-minute drive to Ravda. Nessebar is 10 minutes away. This property will not accommodate hen, stag or similar parties.
A damage deposit of BGN 100 is required on arrival. This will be collected as a cash payment. You should be reimbursed on check-out. Your deposit will be refunded in full in cash, subject to an inspection of the property.
Please note that free room cleaning is provided once a week. Additional cleaning is possible at a surcharge.",,Parking Tennis Court Garden Non-smoking rooms Airport shuttle Family rooms internet services lift children's playground wifi Outdoor pool Free WiFi Non-smoking throughout Air conditioning Private beach area outdoor pool (seasonal) water sport facilities on site airport shuttle (additional charge) Beachfront parking on site Private parking wifi available in all areas water slide Swimming pool toys secured parking Street parking Accessible parking Pool with view Pool Bar Shallow end sun loungers or beach chairs Fitness Swimming pool Beach 24-hour security CCTV in common areas CCTV outside property Swimming pool use of cleaning chemicals that are effective against coronavirus linens  towels and laundry washed in accordance with local authority guidelines guest accommodation is disinfected between stays physical distancing in dining areas staff follow all safety protocols as directed by local authorities shared stationery such as printed menus  magazines  pens  and paper removed process in place to check health of guests first aid kit available contactless check-in/check-out physical distancing rules followed screens or physical barriers placed between staff and guests in appropriate areas invoice provided all plates  cutlery  glasses and other tableware have been sanitized guests have the option to cancel any cleaning services for their accommodation during their stay,42.63595|27.64199,,8217,https://www.booking.com/hotel/bg/grand-midia-aheloy-palace.html
BG,Bulgaria,100593,Aheloy,5547366,Edmond Apartment,All,The Vineyards Resort Pomorie 3 Tr3 32  ,,"Featuring sea views, Edmond Apartment provides accommodation with a garden, a terrace and a restaurant, around 13 km from Action AquaPark. This apartment features free private parking and a 24-hour front desk.

The air-conditioned apartment consists of 1 bedroom, a living room, a fully equipped kitchen with a fridge and a coffee machine, and 1 bathroom with a shower and a hairdryer. Towels and bed linen are provided in the apartment.

The apartment offers a childrens playground.

Museum of Aviation is 18 km from Edmond Apartment, while Burgas Saltworks is 24 km away. The nearest airport is Burgas, 21 km from the accommodation, and the property offers a paid airport shuttle service. Please inform Edmond Apartment in advance of your expected arrival time. You can use the Special Requests box when booking, or contact the property directly with the contact details provided in your confirmation.
In response to Coronavirus (COVID-19), additional safety and sanitation measures are in effect at this property.
Due to Coronavirus (COVID-19), this property is taking steps to help protect the safety of guests and staff. Certain services and amenities may be reduced or unavailable as a result.
Due to Coronavirus (COVID-19), this property adheres to strict physical distancing measures.
Swimming pool #1 is closed from Sun 01 Oct 2023 until Wed 01 May 2024
Swimming pool #2 is closed from Sun 01 Oct 2023 until Wed 01 May 2024
Spa/wellness centre is closed from Sun 01 Oct 2023 until Wed 01 May 2024
Hot tub/jacuzzi is closed from Sun 01 Oct 2023 until Wed 01 May 2024
Managed by a private host",,Parking Restaurant Bar 24-hour front desk Sauna Fitness centre Garden Terrace Non-smoking rooms Airport shuttle Laundry Barber/beauty shop Family rooms Games room Free parking internet services lift express check-in/check-out Currency exchange Spa and wellness centre Massage children's playground Table tennis Hot tub/jacuzzi Soundproof rooms Tour desk hammam Heating wifi Allergy-free room Indoor pool Outdoor pool Non-smoking throughout Air conditioning Snack Bar Sun terrace outdoor pool (seasonal) Indoor pool (seasonal) Private check-in/check-out shuttle service (additional charge) Special diet menus (on request) airport shuttle (additional charge) kids' club minimarket on site all plates  cutlery  glasses and other tableware have been sanitized delivered food is securely covered Evening entertainment parking on site Private parking wifi available in all areas paid wifi Indoor play area kids' outdoor play equipment secured parking Pool with view Pool Bar Shallow end airport pick up airport drop off coffee house on site sun loungers or beach chairs Sun umbrellas Outdoor furniture Outdoor fireplace Beauty Services Facial treatments Waxing services Make up services hair treatments Manicure Pedicure Body Treatments Body scrub Body wrap Spa Facilities Steam room Spa/wellness packages Fitness kids' pool Swimming pool Shuttle service Happy hour Live music/performance Live sport events (broadcast) 24-hour security Key access Smoke alarms Fire extinguishers Swimming pool use of cleaning chemicals that are effective against coronavirus linens  towels and laundry washed in accordance with local authority guidelines guest accommodation is disinfected between stays food can be delivered to guest accommodation staff follow all safety protocols as directed by local authorities hand sanitizer in guest accommodation and key areas process in place to check health of guests contactless check-in/check-out cashless payment available physical distancing rules followed invoice provided property is cleaned by professional cleaning companies,42.64614|27.61448,,8217,https://www.booking.com/hotel/bg/edmond-apartment.html
BG,Bulgaria,100593,Aheloy,5576901,Guest House Markovi Aheloy,All,26 Struma Str.  ,,"Located in Aheloy, within 1.3 km of Aheloy Beach and 2.9 km of South Ravda Beach, Guest House Markovi Aheloy provides accommodation with a garden and free WiFi throughout the property as well as free private parking for guests who drive. Featuring a shared kitchen, this property also provides guests with a barbecue. The guest house features family rooms.

At the guest house, each room comes with a wardrobe, a flat-screen TV, a private bathroom, bed linen and towels. At Guest House Markovi Aheloy the rooms have a seating area.

The accommodation offers a terrace.

Action AquaPark is 9.1 km from Guest House Markovi Aheloy, while Museum of Aviation is 18 km away. The nearest airport is Burgas, 19 km from the guest house, and the property offers a paid airport shuttle service. Payment before arrival via bank transfer is required. The property will contact you after you book to provide instructions.",,Beach wifi available in all areas Private parking parking on site Shared kitchen airport shuttle (additional charge) Private check-in/check-out Sun terrace Air conditioning Free WiFi wifi Heating BBQ facilities internet services Free parking Family rooms Laundry Airport shuttle Terrace Garden Parking,42.6491|27.65011,,8217,https://www.booking.com/hotel/bg/guest-house-markovi-aheloy.html
BG,Bulgaria,100593,Aheloy,5605310,Slanchev Bryag,All,35 Ulitsa Slanchev Bryag  ,,"Set 1.5 km from Aheloy Beach, Complex Yavor offers a seasonal outdoor swimming pool, a garden and air-conditioned accommodation with a balcony and free WiFi.

Each unit is fitted with a terrace offering pool views, a cable flat-screen TV, a dining area, a well-fitted kitchenette and a private bathroom with shower and free toiletries. A fridge, an oven and stovetop are also offered, as well as a kettle.

The apartment offers a barbecue.

Action AquaPark is 10 km from Complex Yavor, while Museum of Aviation is 18 km from the property. The nearest airport is Burgas, 20 km from the accommodation, and the property offers a paid airport shuttle service. Please inform Complex Yavor in advance of your expected arrival time. You can use the Special Requests box when booking, or contact the property directly with the contact details provided in your confirmation.",,cashless payment available first aid kit available guest accommodation is disinfected between stays linens  towels and laundry washed in accordance with local authority guidelines Swimming pool CCTV outside property CCTV in common areas Swimming pool Fence around pool sun loungers or beach chairs Shallow end Plunge pool Street parking secured parking Private parking parking on site airport shuttle (additional charge) outdoor pool (seasonal) Sun terrace Air conditioning Non-smoking throughout Free WiFi Outdoor pool wifi Heating Car hire BBQ facilities Safety Deposit Box express check-in/check-out internet services Free parking Family rooms Airport shuttle Terrace Garden Parking invoice provided,42.65106|27.64774,,8217,https://www.booking.com/hotel/bg/slnchiev-briagh-aheloy.html
BG,Bulgaria,100593,Aheloy,5935527,Beach Pool And Spa Apartment In Marina Cape,All,Marina Cape Complex  ,,"Beach Pool and Spa Apartment in Marina Cape, a property with a restaurant and a bar, is set in Aheloy, 400 metres from Aheloy Beach, 1.7 km from South Ravda Beach, as well as 10 km from Action AquaPark. Located on the beachfront, this property features a seasonal outdoor swimming pool, a garden and a terrace.

The air-conditioned apartment consists of 1 bedroom, a kitchen with dining area, and 1 bathroom with shower. Private parking is available at the apartment.

Museum of Aviation is 18 km from Beach Pool and Spa Apartment in Marina Cape, while Burgas Saltworks is 24 km away. The nearest airport is Burgas, 21 km from the accommodation, and the property offers a paid airport shuttle service. Guests under the age of 18 can only check in with a parent or official guardian.
Swimming pool #1 is closed from Sun 01 Oct 2023 until Sun 31 Mar 2024
Swimming pool #2 is closed from Sun 01 Oct 2023 until Sun 31 Mar 2024
Managed by a private host",,Snack Bar Private beach area Air conditioning Non-smoking throughout Outdoor pool Indoor pool wifi Squash Heating hammam Bowling Hot tub/jacuzzi Darts Table tennis Billiards Massage Spa and wellness centre Solarium internet services Games room Business centre Fishing Airport shuttle Non-smoking rooms Terrace Garden Fitness centre Sauna Bar Pets allowed Restaurant Parking process in place to check health of guests hand sanitizer in guest accommodation and key areas shared stationery such as printed menus  magazines  pens  and paper removed staff follow all safety protocols as directed by local authorities Swimming pool Shuttle service Beach Swimming pool Spa Facilities Beauty Services Sun umbrellas sun loungers or beach chairs Pool Bar Pool with view paid wifi Private parking parking on site Beachfront minimarket on site airport shuttle (additional charge) Hot spring bath water sport facilities on site shuttle service (additional charge) indoor pool (all year) outdoor pool (seasonal) Sun terrace thermometers for guests provided by property,42.63743|27.65491,,8217,https://www.booking.com/hotel/bg/beach-pool-and-spa-apartment-in-marina-cape.html
BG,Bulgaria,100593,Aheloy,5980104,Akb Apartment Sea View,All,Midia Grand Resort Apartment F 401  ,,"Boasting a fitness centre, a garden, and a terrace, AKB Apartment Sea View features accommodation in Aheloy with free WiFi and sea views. Featuring a balcony, the apartment is in an area where guests can engage in activities such as hiking, fishing and billiards.

The air-conditioned apartment consists of 1 bedroom, a living room, a fully equipped kitchenette with a fridge and a coffee machine, and 1 bathroom with a shower and free toiletries. Towels and bed linen are available in the apartment.

The apartment offers a childrens playground. A private beach area is available on site and cycling can be enjoyed within close proximity of AKB Apartment Sea View.

Aheloy Beach is less than 1 km from the accommodation, while Black Sand Beach is 1.8 km from the property. The nearest airport is Burgas, 21 km from AKB Apartment Sea View, and the property offers a paid airport shuttle service. Please inform AKB Apartment Sea View in advance of your expected arrival time. You can use the Special Requests box when booking, or contact the property directly with the contact details provided in your confirmation.
A damage deposit of BGN 400 is required on arrival. This will be collected as a cash payment. You should be reimbursed on check-out. Your deposit will be refunded in full in cash, subject to an inspection of the property.
Managed by a private host",,property is cleaned by professional cleaning companies cashless payment available staff follow all safety protocols as directed by local authorities guest accommodation is disinfected between stays linens  towels and laundry washed in accordance with local authority guidelines use of cleaning chemicals that are effective against coronavirus CCTV outside property CCTV in common areas 24-hour security Tour or class about local culture Beach kids' pool Sun umbrellas sun loungers or beach chairs secured parking kids' outdoor play equipment board games/puzzles water slide wifi available in all areas Beachfront airport shuttle (additional charge) vending machine (drinks) Private check-in/check-out Sun terrace Private beach area designated smoking area Air conditioning Free WiFi wifi Cycling Hiking Billiards children's playground express check-in/check-out lift internet services Family rooms Fishing Airport shuttle Non-smoking rooms Terrace Garden Fitness centre Bar,42.63557|27.64181,,8217,https://www.booking.com/hotel/bg/akb-apartment-sea-view.html
BG,Bulgaria,100593,Aheloy,6075909,Psb Deluxe Apartments Aheloy,All,6 Vazrajdane Str. Grand Midia Resort  ,,"Featuring sea views, PSB Deluxe Apartments Aheloy in Aheloy features accommodation, a seasonal outdoor swimming pool, a garden, a terrace, a bar and a private beach area. Complimentary WiFi is available and private parking is available on site.

The units come with parquet floors and feature a fully equipped kitchen with a fridge, a dining area, a flat-screen TV with satellite channels, and a private bathroom with shower and a hairdryer. For added convenience, the property can provide towels and bed linen for an extra charge.

A water park and a childrens playground are available for guests at the apartment.

Aheloy Beach is less than 1 km from PSB Deluxe Apartments Aheloy, while Black Sand Beach is 1.8 km from the property. The nearest airport is Burgas, 21 km from the accommodation, and the property offers a paid airport shuttle service. This property will not accommodate hen, stag or similar parties.
A damage deposit of BGN 100 is required on arrival. This will be collected as a cash payment. You should be reimbursed on check-out. Your deposit will be refunded in full in cash, subject to an inspection of the property.
Please note that free room cleaning is provided once a week. Additional cleaning is possible at a surcharge.",,guests have the option to cancel any cleaning services for their accommodation during their stay all plates  cutlery  glasses and other tableware have been sanitized property is cleaned by professional cleaning companies invoice provided physical distancing rules followed contactless check-in/check-out process in place to check health of guests hand sanitizer in guest accommodation and key areas shared stationery such as printed menus  magazines  pens  and paper removed staff follow all safety protocols as directed by local authorities food can be delivered to guest accommodation physical distancing in dining areas guest accommodation sealed after cleaning guest accommodation is disinfected between stays linens  towels and laundry washed in accordance with local authority guidelines use of cleaning chemicals that are effective against coronavirus Swimming pool CCTV outside property CCTV in common areas 24-hour security Beach Swimming pool Shallow end Pool Bar Pool with view Accessible parking Street parking secured parking Private parking parking on site Water park Beachfront airport shuttle (additional charge) outdoor pool (seasonal) Private beach area Air conditioning Non-smoking throughout Free WiFi Outdoor pool wifi Hiking children's playground lift internet services Family rooms Airport shuttle Non-smoking rooms Terrace Garden Tennis Court Bar Parking,42.6361|27.64177,,8217,https://www.booking.com/hotel/bg/psb-deluxe-apartments-midia-resort.html
BG,Bulgaria,100593,Aheloy,6159463,Midia Grand Resort,ThreeStar,"Babata Area, Aheloy  ",Distances are displayed to the nearest 0.1 mile and kilometer. <br /> <p>Ravda Central Beach - 4 km / 2.5 mi <br /> Aqua Paradise - 4.9 km / 3.1 mi <br /> Nessebar Stadium - 7.3 km / 4.5 mi <br /> Nessebar South Beach - 7.6 km / 4.7 mi <br /> Sunny Beach South - 7.6 km / 4.7 mi <br /> Sunny Beach - 8.6 km / 5.4 mi <br /> Old Nessebar Windmill - 9.1 km / 5.6 mi <br /> Archaeological Museum - 9.2 km / 5.7 mi <br /> Nessebar Old Town Beach - 9.4 km / 5.9 mi <br /> Church of Christ Pantocrator - 9.4 km / 5.9 mi <br /> Church of St John Aliturgetos - 9.4 km / 5.9 mi <br /> Byzantine Baths Complex - 9.5 km / 5.9 mi <br /> Sveti Spas Church - 9.5 km / 5.9 mi <br /> Church of Saint John the Baptist - 9.6 km / 6 mi <br /> Nessebar Ethnographic Museum - 9.6 km / 6 mi <br /> </p><p>The preferred airport for Midia Grand Resort is Bourgas (BOJ) - 17.5 km / 10.9 mi </p>,"<p>HeadLine : In Pomorie</p><p>Location : Located in Pomorie, Midia Grand Resort is within a 10-minute drive of Aqua Paradise and Nessebar Stadium.  This hotel is 4.7 mi (7.6 km) from Nessebar South Beach and 5.4 mi (8.6 km) from Sunny Beach.</p><p>Rooms : Make yourself at home in one of the 187 air-conditioned rooms featuring refrigerators and flat-screen televisions. Rooms have private balconies or patios. Complimentary wired Internet access keeps you connected, and cable programming is available for your entertainment. Private bathrooms with showers feature rainfall showerheads and complimentary toiletries.</p><p>Dining : All-inclusive rates are available at this hotel. Meals and beverages at onsite dining establishments are included in all-inclusive rates. Charges may be applied for dining at some restaurants, special dinners and dishes, some beverages, and other amenities. <p>Satisfy your appetite at one of the hotel s 3 restaurants. Mingle with other guests at the complimentary reception, held daily. Need to unwind? Take a break with a tasty beverage at one of the 2 bars/lounges. </p></p><p>CheckIn Instructions : <ul>  <li>Extra-person charges may apply and vary depending on property policy</li><li>Government-issued photo identification and a credit card, debit card, or cash deposit may be required at check-in for incidental charges</li><li>Special requests are subject to availability upon check-in and may incur additional charges; special requests cannot be guaranteed</li><li>This property accepts credit cards, debit cards, and cash</li><li>Safety features at this property include a fire extinguisher and a smoke detector</li>  </ul></p><p>Special Instructions : To make arrangements for check-in please contact the property ahead of time using the information on the booking confirmation. If you are planning to arrive after midnight please contact the property in advance using the information on the booking confirmation. Guests must contact the property in advance for check-in instructions. Front desk staff will greet guests on arrival.</p>",,Free WiFi Television in common areas Swimming pool Conference space size (meters) - 120 Number of meeting rooms - 2 Outdoor entertainment area Free reception Pool umbrellas Outdoor furniture Reception hall Gift shops or newsstand Water dispenser Conference center 24-hour front desk Multilingual staff Grocery/convenience store Luggage storage Roll-in shower (in select rooms) In-room accessibility (in select rooms) Garden Designated smoking areas Number of bars/lounges - 2 Conference space size (feet) - 1292 Pool sun loungers Hair salon Waterslide Conference space Fitness facilities Free self parking elevator Children's pool Snack bar/deli Coffee/tea in common areas Safe-deposit box at front desk Outdoor seasonal pool Spa services on site,42.635866|27.642301,359-886220028,8217,
BG,Bulgaria,100286,Albena,1016782,Kaliopa Hotel,ThreeStar,Albena Varna ,Distances are displayed to the nearest 0.1 mile and kilometer. <br /> <p>Albena Beach - 0.2 km / 0.1 mi <br /> Aquamania Aquapark - 1.1 km / 0.7 mi <br /> Monastery of Saints Constantine and Helena - 1.4 km / 0.9 mi <br /> Kranevo Beach - 6.6 km / 4.1 mi <br /> Nirvana Beach - 10.8 km / 6.7 mi <br /> Minigolf course - 10.9 km / 6.8 mi <br /> Golden Sands Beach - 12.1 km / 7.5 mi <br /> Golden Sands Yacht Port - 12.1 km / 7.5 mi <br /> Ethnographic Museum - 12.2 km / 7.6 mi <br /> City Historical Museum - 12.2 km / 7.6 mi <br /> Summer Palace of Queen Marie & Botanical Gardens - 12.8 km / 7.9 mi <br /> Balchik Central Beach - 12.8 km / 8 mi <br /> Aquapolis - 13 km / 8 mi <br /> Trifon Zarezan Beach - 14.1 km / 8.7 mi <br /> Cabacum Beach - 16.3 km / 10.1 mi <br /> </p><p>The preferred airport for Hotel Kaliopa is Varna (VAR-Varna Intl.) - 40.4 km / 25.1 mi </p>,"<p>HeadLine : Near Aquamania Aquapark</p><p>Location : With a stay at Hotel Kaliopa in Albena, you ll be a 2-minute walk from Albena Beach and 14 minutes by foot from Aquamania Aquapark.  This beach hotel is 1.2 mi (1.9 km) from Monastery of Saints Constantine and Helena and 4.1 mi (6.6 km) from Kranevo Beach.</p><p>Rooms : Make yourself at home in one of the 141 air-conditioned rooms featuring minibars. Rooms have private balconies. Complimentary wireless Internet access keeps you connected, and satellite programming is available for your entertainment. Private bathrooms with showers feature slippers and hair dryers.</p><p>Dining : Enjoy a meal at the restaurant or snacks in the coffee shop/cafe. The hotel also offers room service. Relax with your favorite drink at the bar/lounge or the poolside bar.</p><p>CheckIn Instructions : <ul>  <li>Extra-person charges may apply and vary depending on property policy</li><li>Government-issued photo identification and a credit card, debit card, or cash deposit may be required at check-in for incidental charges</li><li>Special requests are subject to availability upon check-in and may incur additional charges; special requests cannot be guaranteed</li><li>Noise-free guestrooms cannot be guaranteed</li><li>Safety features at this property include a fire extinguisher, a smoke detector, a security system, and a first aid kit</li><li>Be prepared: check the latest COVID-19 travel requirements and measures in place for this destination before you travel.</li>  </ul></p><p>Special Instructions : Front desk staff will greet guests on arrival.</p>",359-579-62575,Dry cleaning/laundry service Free WiFi Self parking (surcharge) Pool sun loungers Private beach nearby Number of coffee shops/cafes - 1 Children's club (free) Library Waterslide Free bicycles on site Newspapers in lobby (surcharge) elevator Number of bars/lounges - 1 Tennis lessons on site Number of poolside bars - 1 Well-lit path to entrance 24-hour front desk Water park access (surcharge) Direct access to private beach Beach umbrellas Billiards or pool table Tours/ticket assistance Beach sun loungers Outdoor seasonal pool Scuba diving nearby Safe-deposit box at front desk Terrace Luggage storage Long-term parking (surcharge) Wheelchair accessible  no Helicopter/airplane tours on site ATM/banking Snack bar/deli Designated smoking areas Pool umbrellas Outdoor tennis courts - 3 Laundry facilities Parking (limited spaces) Playground on site In-room accessibility Airport transportation (surcharge) Garden Multilingual staff Golf lessons available nearby,43.36666|28.08189,359-579-6 23 27,9620,
BG,Bulgaria,100286,Albena,1028376,Hotel Orchidea Park All Inclusive,ThreeStar,Albena 9620 Albena ,Distances are displayed to the nearest 0.1 mile and kilometer. <br /> <p>Albena Beach - 0.6 km / 0.4 mi <br /> Aquamania Aquapark - 1 km / 0.7 mi <br /> Monastery of Saints Constantine and Helena - 2.1 km / 1.3 mi <br /> Kranevo Beach - 6.9 km / 4.3 mi <br /> Nirvana Beach - 11.1 km / 6.9 mi <br /> Minigolf course - 11.2 km / 7 mi <br /> Golden Sands Beach - 12.4 km / 7.7 mi <br /> Golden Sands Yacht Port - 12.4 km / 7.7 mi <br /> Ethnographic Museum - 12.5 km / 7.8 mi <br /> City Historical Museum - 12.5 km / 7.8 mi <br /> Summer Palace of Queen Marie & Botanical Gardens - 13.1 km / 8.1 mi <br /> Balchik Central Beach - 13.1 km / 8.1 mi <br /> Aquapolis - 13.5 km / 8.4 mi <br /> Trifon Zarezan Beach - 14.6 km / 9 mi <br /> Cabacum Beach - 16.6 km / 10.3 mi <br /> </p><p>The nearest major airport is Varna (VAR-Varna Intl.) - 40.7 km / 25.3 mi</p>,"<p>HeadLine : Near Aquamania Aquapark</p><p>Location : When you stay at Hotel Orchidea Park All Inclusive in Albena, you ll be near the beach, within a 15-minute walk of Albena Beach and Aquamania Aquapark.  This all-inclusive hotel is 1.4 mi (2.2 km) from Monastery of Saints Constantine and Helena and 4.3 mi (6.9 km) from Kranevo Beach.</p><p>Rooms : Make yourself at home in one of the 185 air-conditioned rooms featuring flat-screen televisions. Cable television is provided for your entertainment. Bathrooms have showers and hair dryers. Conveniences include desks and irons/ironing boards, and housekeeping is provided daily.</p><p>Dining : This hotel is all inclusive. Rates include meals and beverages at onsite dining establishments. Charges may be applied for dining at some restaurants, special dinners and dishes, some beverages, and other amenities. <p>Enjoy a meal at the restaurant or snacks in the hotel s coffee shop/cafe. Wrap up your day with a drink at the bar/lounge. </p></p><p>CheckIn Instructions : <ul>  <li>Extra-person charges may apply and vary depending on property policy</li><li>Government-issued photo identification and a credit card, debit card, or cash deposit may be required at check-in for incidental charges</li><li>Special requests are subject to availability upon check-in and may incur additional charges; special requests cannot be guaranteed</li><li>Safety features at this property include a fire extinguisher, a smoke detector, a security system, and a first aid kit</li><li>Be prepared: check the latest COVID-19 travel requirements and measures in place for this destination before you travel.</li>  </ul></p><p>Special Instructions : Front desk staff will greet guests on arrival.</p>",359-579-62575,Barbecue grill(s) Library Picnic area Newspapers in lobby (surcharge) elevator Number of bars/lounges - 1 Volleyball on site 24-hour front desk Tours/ticket assistance Dry cleaning/laundry service Self parking (surcharge) Free wired Internet Number of coffee shops/cafes - 1 Children's club (free) Outdoor seasonal pool Hiking/biking trails nearby Supervised childcare/activities (free) Children's pool Safe-deposit box at front desk Terrace Luggage storage Long-term parking (surcharge) Miniature golf on site Rock climbing nearby ATM/banking Horse riding/rental on site Snack bar/deli Outdoor tennis courts - 1 Laundry facilities Playground on site Bicycle rentals nearby Ecotours nearby Wheelchair accessible parking In-room accessibility Golf course on site Garden Tennis on site,43.37125|28.08082,359-579-6 23 27,9620,
