countyCode,countyName,cityCode,cityName,HotelCode,HotelName,HotelRating,Address,Attractions,Description,FaxNumber,HotelFacilities,Map,PhoneNumber,PinCode,HotelWebsiteUrl
CO,Colombia,104975,Acacías,1125058,San Sebastian,ThreeStar,Vereda Cola De Pato 507001 Acacias ,,"<p><b>Property Location</b> <br />With a stay at Hotel San Sebastian in Acacias, you''ll be within the region of Iglesia Principal and Parque Nuevo Milenio.</p><p><b>Rooms</b> <br />Make yourself at home in one of the 8 air-conditioned rooms featuring minibars. Satellite television is provided for your entertainment.</p><p><b>Rec, Spa, Premium Amenities</b> <br />Enjoy recreation amenities such as an outdoor pool or take in the view from a garden. This guesthouse also features tour/ticket assistance and barbecue grills.</p><p><b>Business, Other Amenities</b> <br />Free self parking is available onsite.</p>",,Free self parking Beach umbrellas Garden,3.98614797583182|-73.7644761800765,,507001,
CO,Colombia,104975,Acacías,1125059,Hotel Iraqúa,All,Carrera 23 No. 9 74 Carrera 23 9-74AcacíasMeta ,,"Located just 1 km from the river in Acacias, this bright hotel offers an outdoor swimming pool and an on-site restaurant. Hotel Iraqua also features laundry services.

Each modern room at the property comes with tiled floors and a flat-screen TV with cable channels. They also have a private bathroom with a shower and toilet.

Local cuisine is served at the propertys on-site restaurant, while guests can find other dining options within 2 km of Hotel Iraqua.

Los Ocarros Biological Park can be reached in a 20-minute drive, and Vanguardia Airport in neighbouring Villavicencio is a 30-minute drive away.",,sun loungers or beach chairs Steam room kids' pool Swimming pool Swimming pool Room service meeting/banquet facilities 24-hour front desk Garden Non-smoking rooms Business centre Laundry Family rooms breakfast in the room Ironing service Free parking internet services Packed lunches Tour desk Fax/photocopying Luggage storage wifi Free WiFi Non-smoking throughout Air conditioning outdoor pool (all year) Trouser press shared lounge/TV area Daily housekeeping parking on site Parking garage Parking,3.98365|-73.76659,+575786567136,507001,https://www.booking.com/hotel/co/iraqua.html
CO,Colombia,104975,Acacías,1432481,Las Pampas Hotel Campestre,FourStar,Antigua Via Guamal Km 2.7 Acacias ,,"Located just outside Acacías, Hotel Campestre Las Pampas offers tropical gardens, 5 outdoor swimming pools and a spa. The air-conditioned rooms feature free Wi-Fi, satellite TV and en suite bathrooms.

The hotels swimming pools include 1 natural pool, while the spa offers a sauna and Turkish bath. There is also a communal lounge and a poolside games area with a pool table, ping pong and chess.

A free daily breakfast is served at the Hotel Campestre Las Pampas. The on-site restaurant serves national and international cuisine.

Acacías Bus Station and the riverfront boulevard are within 4 km, while the business district is 5 km away and Villavicencio La Vanguardia Airport is 32 km away. Free parking is available at the hotel. Please inform Hotel TPR Campestre Las Pampas-Acacias in advance of your expected arrival time. You can use the Special Requests box when booking, or contact the property directly with the contact details provided in your confirmation.
Payment before arrival via bank transfer is required. The property will contact you after you book to provide instructions.
In response to Coronavirus (COVID-19), additional safety and sanitation measures are currently in effect at this property.",,designated smoking area Ticket service nightclub/dj Family rooms Themed dinner nights Billiards Massage Bike tours Entertainment staff Outdoor pool Shallow end express check-in/check-out On-site parking Table tennis Special diet menus (on request) kids' club Business centre breakfast in the room Non-smoking rooms Facilities for disabled guests Tour or class about local culture Packed lunches Free WiFi Evening entertainment Indoor play area Open-air bath Currency exchange Plunge pool Air conditioning water slide grocery deliveries Bingo Car hire Karaoke kids' outdoor play equipment Pub crawls Indoor pool internet services Bridal suite dry cleaning indoor pool (all year) Tour desk Sun terrace meeting/banquet facilities shared lounge/TV area Trouser press Games room Ironing service Hot tub/jacuzzi Safety Deposit Box airport shuttle (additional charge) Airport shuttle Terrace books  dvds  music for children Allergy-free room Snack Bar Garden board games/puzzles Parking vending machine (drinks) 24-hour security children's playground babysitting/child services Restaurant pool/beach towels Public Bath shuttle service (additional charge) shops (on site) Room service Cycling Live music/performance wifi Daily housekeeping Private check-in/check-out Kid meals VIP room facilities 24-hour front desk Live sport events (broadcast) Bar Valet parking Soundproof rooms Fire extinguishers Luggage storage Walking tours concierge service Fax/photocopying outdoor pool (all year) Children television networks Pets allowed Newspapers Free parking Laundry Swimming pool,3.97341|-73.76994,00573203415398,507001,https://www.booking.com/hotel/co/campestre-las-pampas.html
CO,Colombia,104975,Acacías,1434650,Palma Real Hotel Boutique,All,Carrea 15 No 13-11 507001 Acacías ,,"Palma Real Hotel Boutique is located in Acacías. The hotel boasts free WiFi access throughout and an on-site snack bar.

Simply furnished, each room here will provide you with a TV and air conditioning. The private bathroom also comes with a shower. Extras include linens, towels and a fan.

At Palma Real Hotel Boutique you will find a 24-hour front desk, a tour desk and shops, found on the premises. Free parking is also provided.

El Dorado International Airport is 144 km away.",,Free self parking Room service 24-hour front desk Free newspapers in lobby Laundry facilities Family rooms Internet access Express check-in Tour desk Free WiFi Free WiFi Non-smoking throughout Air conditioning Private check-in/check-out Trouser press Daily housekeeping,3.98559|-73.7586,,507001,https://www.booking.com/hotel/co/palma-real-boutique.html
CO,Colombia,104975,Acacías,1437289,Hotel La Mansión de Acacías,All,Carrera 23 #14-37 Acacías ,,"Hotel La Mansion De Acacias features a bar, garden and terrace in Acacías. Among the facilities at this property are a 24-hour front desk and room service, along with free WiFi throughout the property. Private parking can be arranged at an extra charge.

At the hotel, every room comes with a desk, a flat-screen TV and a private bathroom. All units at Hotel La Mansion De Acacias include air conditioning and a wardrobe.

Villavicencio is 30 km from the accommodation, while La Palmera is 36 km away. The nearest airport is La Vanguardia Airport, 33 km from Hotel La Mansion De Acacias.",,Laundry Terrace Private check-in/check-out 24-hour front desk CCTV outside property Free WiFi Facilities for disabled guests On-site parking internet services Public Bath Bar Free parking Tour desk Non-smoking rooms designated smoking area Room service Daily housekeeping Pets allowed Fax/photocopying Private parking Fire extinguishers wifi available in all areas wifi 24-hour security Parking Sun terrace Family rooms grocery deliveries Ironing service Garden Security alarm Trouser press Air conditioning meeting/banquet facilities Luggage storage CCTV in common areas,3.98756|-73.76617,,507001,https://www.booking.com/hotel/co/la-mansion-de-acacias-acacias.html
CO,Colombia,104975,Acacías,1660278,Bella Mar Verde,TwoStar,Vereda San Pablo. Km 22 Via Antigua Villavicencio Vereda San PabloAcacias 507007Meta ,Distances are displayed to the nearest 0.1 mile and kilometer. <br /> <p>Plaza los Libertadores - 25.2 km / 15.7 mi <br /> Llanabastos Market - 25.3 km / 15.7 mi <br /> Cathedral of Our Lady of Carmen - 25.3 km / 15.7 mi <br /> Macal Stadium - 25.5 km / 15.8 mi <br /> Iglesia Principal - 30.6 km / 19 mi <br /> Castilla La Nueva Cultural House - 30.6 km / 19 mi <br /> Viva Villavicencio Shopping Center - 32.3 km / 20.1 mi <br /> Founders Park - 32.6 km / 20.2 mi <br /> Primavera Urbana Shopping Mall - 33.8 km / 21 mi <br /> Parque de la Vida - 36.1 km / 22.4 mi <br /> Balneario Caño Cacayal - 36.6 km / 22.7 mi <br /> Parque Nuevo Milenio - 37.5 km / 23.3 mi <br /> Bioparque Los Ocarros - 40.8 km / 25.4 mi <br /> Parque Las Malocas - 41 km / 25.5 mi <br /> </p><p>The preferred airport for Bella Mar Verde is Villavicencio (VVC-La Vanguardia) - 28.1 km / 17.4 mi </p>,"<p>HeadLine : On the riverwalk</p><p>Location : With a stay at Bella Mar Verde in Acacias, you ll be on the riverwalk, and 15.7 mi (25.2 km) from Plaza los Libertadores and 15.7 mi (25.3 km) from Llanabastos Market.  This guesthouse is 15.7 mi (25.3 km) from Cathedral of Our Lady of Carmen and 15.8 mi (25.5 km) from Macal Stadium.</p><p>Rooms : Make yourself at home in one of the 4 individually decorated guestrooms, featuring kitchens with full-sized refrigerators/freezers and stovetops. Rooms have private balconies or patios. 32-inch flat-screen televisions are provided, with cable programming available. Conveniences include separate sitting areas, and housekeeping is provided once per stay.</p><p>CheckIn Instructions : <ul>  <li>Extra-person charges may apply and vary depending on property policy</li><li>Government-issued photo identification and a cash deposit may be required at check-in for incidental charges</li><li>Special requests are subject to availability upon check-in and may incur additional charges; special requests cannot be guaranteed</li><li>Be prepared: check the latest COVID-19 travel requirements and measures in place for this destination before you travel.</li>  </ul></p><p>Special Instructions : There is no front desk at this property. This property doesn t offer after-hours check-in.</p>",011-57-3123500892,Pool umbrellas Barbecue grill(s) Picnic area Lazy river Terrace Meeting rooms Number of outdoor pools - 1 Garden Designated smoking areas Access to nearby outdoor pool Children's pool,4.022427|-73.782839,011-57-3123500892,507007,
CO,Colombia,104975,Acacías,1695867,New Western,ThreeStar,Via Acacias Guamal Finca El Palmar Vereda Centro507057 Acacias ,Distances are displayed to the nearest 0.1 mile and kilometer. <br /> <p>Iglesia Principal - 21.7 km / 13.5 mi <br /> Parque Nuevo Milenio - 21.8 km / 13.6 mi <br /> Castilla La Nueva Cultural House - 21.9 km / 13.6 mi <br /> Llanabastos Market - 38.4 km / 23.8 mi <br /> Plaza los Libertadores - 40.4 km / 25.1 mi <br /> Cathedral of Our Lady of Carmen - 40.5 km / 25.2 mi <br /> Macal Stadium - 40.7 km / 25.3 mi <br /> Parque de la Vida - 41.6 km / 25.9 mi <br /> Bioparque Los Ocarros - 45.4 km / 28.2 mi <br /> </p><p>The nearest airports are:<br />Villavicencio (VVC-La Vanguardia) - 44.5 km / 27.7 mi<br /> Bogota (BOG-El Dorado Intl.) - 155.5 km / 96.6 mi<br /> </p><p></p>,"<p><b>Property Location</b> <br />With a stay at New Western in Acacias, you'll be 13.5 mi (21.7 km) from Iglesia Principal and 13.6 mi (21.8 km) from Parque Nuevo Milenio.  This guesthouse is 13.6 mi (21.9 km) from Castilla La Nueva Cultural House and 23.8 mi (38.4 km) from Llanabastos Market.</p><p><b>Rooms</b> <br />Stay in one of 10 guestrooms featuring flat-screen televisions. Complimentary wireless Internet access is available to keep you connected. Bathrooms have showers and hair dryers. Conveniences include complimentary bottled water and portable fans, and housekeeping is provided on a limited basis.</p><p><b>Amenities</b> <br />Take advantage of recreation opportunities such as an outdoor pool or take in the view from a terrace and a garden. Additional features at this guesthouse include complimentary wireless Internet access, babysitting/childcare (surcharge), and a television in a common area.</p><p><b>Dining</b> <br />Take advantage of the guesthouse's room service (during limited hours). Quench your thirst with your favorite drink at the bar/lounge. Full breakfasts are available daily from 8 AM to 11 AM for a fee.</p><p><b>Business, Other Amenities</b> <br />Featured amenities include a 24-hour front desk, luggage storage, and laundry facilities. A roundtrip airport shuttle is provided for a surcharge (available 24 hours), and free self parking is available onsite.</p>",,24-hour front desk Accessible bathroom Airport transportation (surcharge) Babysitting or childcare Babysitting or childcare (surcharge) Bar/lounge Barbecue grill(s) Breakfast available (surcharge) Designated smoking areas Free WiFi Free self parking Garden In-room accessibility Laundry facilities Library Luggage storage One meeting room Outdoor pool Picnic area Safe-deposit box at front desk Television in common areas Terrace Total number of rooms - 10 Tours/ticket assistance,3.97198|-73.76724,,507057,
CO,Colombia,104975,Acacías,5607530,La Morena Hospedaje,All,Vereda El Centro Klm 1 Via Gualmal Lote 8  ,,"La Morena Hospedaje has garden views, free WiFi and free private parking, situated in Acacías.

Each unit has a balcony, a kitchen with a fridge, a dining area and a flat-screen TV, while the private bathroom includes a shower.

Guests can also relax in the shared lounge area.

The nearest airport is La Vanguardia Airport, 35 km from the apartment. This property will not accommodate hen, stag or similar parties.
Please inform La Morena Hospedaje in advance of your expected arrival time. You can use the Special Requests box when booking, or contact the property directly with the contact details provided in your confirmation.
Managed by a private host",,Parking Pets allowed 24-hour front desk Family rooms Free parking internet services wifi Free WiFi Shared kitchen shared lounge/TV area parking on site Private parking kids' outdoor play equipment Baby safety gates secured parking Accessible parking Picnic area Walking tours Fire extinguishers use of cleaning chemicals that are effective against coronavirus linens  towels and laundry washed in accordance with local authority guidelines guest accommodation is disinfected between stays guest accommodation sealed after cleaning physical distancing in dining areas food can be delivered to guest accommodation staff follow all safety protocols as directed by local authorities hand sanitizer in guest accommodation and key areas first aid kit available contactless check-in/check-out physical distancing rules followed invoice provided property is cleaned by professional cleaning companies all plates  cutlery  glasses and other tableware have been sanitized guests have the option to cancel any cleaning services for their accommodation during their stay breakfast takeaway containers delivered food is securely covered,3.96397|-73.76513,,507001,https://www.booking.com/hotel/co/la-morena-hospedaje-acacias.html
CO,Colombia,151410,Acandi,1129011,Hotel Nautilos Capurgana,All,Playa La Caleta 110911 Capurganá ,,"Offering an outdoor swimming pool and a spa and wellness centre, Hotel Nautilos Capurgana is located in Capurganá.

Each room here will provide you with air conditioning and a balcony. Private bathroom also comes with a shower. Extras include bed linen.

At Hotel Nautilos Capurgana you will find a restaurant. Other facilities offered at the property include entertainment staff, meeting facilities and a shared lounge. An array of activities can be enjoyed on site or in the surroundings, including hiking and snorkelling.",,CCTV outside property Bar Air conditioning Spa Facilities Steam room Plunge pool Fishing Water sport facilities (on site) CCTV in common areas Back massage Kid-friendly buffet Full body massage Hand massage Snorkelling board games/puzzles Daily housekeeping Table tennis Tour desk on-site coffee house Billiards Spa lounge/relaxation area airport shuttle (additional charge) Couples massage Swimming pool Luggage storage Spa and wellness centre airport pick up Pool with view Neck massage Evening entertainment Shuttle service Massage Entertainment staff outdoor pool (all year) Wine/champagne 24-hour security kids' pool Bike tours Kid meals Games room Foot massage Children television networks Outdoor pool sun loungers or beach chairs Themed dinner nights Beachfront Indoor play area Walking tours shuttle service (additional charge) Airport shuttle Facilities for disabled guests Beach Non-smoking throughout Karaoke Shallow end breakfast options Public Bath Bicycle rental (additional charge) airport drop off Sun terrace meeting/banquet facilities Fire extinguishers Key access Trouser press Bingo Garden pool/beach towels Head massage Special diet menus (on request) Hiking Restaurant Family rooms Snack Bar Fruits Swimming pool express check-in/check-out Laundry Safety Deposit Box shared lounge/TV area,8.63364|-77.34788,,110911,https://www.booking.com/hotel/co/nautilos-capurganan.html
CO,Colombia,151410,Acandi,1430702,Hotel Doña Triny,ThreeStar,Corregimiento de Sapzurro  ,,"Located in the countryside, only 3 km from La Miel And Cabo Tiburon Capes, Hotel Doña Triny offers rooms with air conditioning and TV sets in Sapzurro. There is a restaurant, and half board is provided. The Panamanian border is a few kilometers away.

Bright and spacious, rooms at Doña Triny are decorated with exposed-brick walls. All of them have private bathrooms.

An American breakfast is served daily. Regional dishes can be enjoyed at the propertys restaurant.

Hotel Doña Triny is a few steps from the Catolica de Sapzurro church and 4 km from Narcisa Navas de Capurganá Airport.",,Restaurant Room service Non-smoking rooms Family rooms Tour desk,8.6571|-77.366,+573127518626,278017,https://www.booking.com/hotel/co/doa-a-triny.html
CO,Colombia,151410,Acandi,1438524,Hotel Bahía Pinorroa,All,Barrio Las Palmas Calle 1CapurganáChoco ,,"HOTEL BAHÍA PINORROA has a restaurant, outdoor swimming pool, a bar and shared lounge in Capurganá. Boasting a garden, the hotel is close to several noted attractions, around 600 metres from Capurganá Beach and around 1 km from Capurganá. The accommodation offers a hot tub, karaoke and family rooms.

At the hotel all rooms have a flat-screen TV, a private bathroom, and a balcony with pool view.

HOTEL BAHÍA PINORROA offers a continental or buffet breakfast.

The accommodation offers a sun terrace. You can play table tennis at HOTEL BAHÍA PINORROA.",,Restaurant Pets allowed meeting/banquet facilities Bar Garden Non-smoking rooms Airport shuttle Laundry Family rooms internet services Safety Deposit Box Table tennis Karaoke Hot tub/jacuzzi Tour desk wifi Outdoor pool Free WiFi Air conditioning Snack Bar Sun terrace outdoor pool (all year) Entertainment staff Private check-in/check-out shuttle service (free) Special diet menus (on request) airport shuttle (free) shared lounge/TV area Daily housekeeping wifi available in all areas Public Bath board games/puzzles airport pick up airport drop off Spa lounge/relaxation area Swimming pool Shuttle service Themed dinner nights 24-hour security Key access CCTV in common areas CCTV outside property Fire extinguishers Swimming pool,8.63114|-77.35013,+5748272340,278017,http://www.hotelbahiapinorroa.com.co/
CO,Colombia,151410,Acandi,1477639,Tacarcuna Lodge,All,Plaza Principal CapurganáAcandi ,,"Located 200 metres from the Caribbean Sea, this Capurganá lodge offers an outdoor swimming pool, stream room, bar and a restaurant. Free WiFi access is available.

Tacarcuna Lodges independent, cottage-type rooms are surrounded by gardens and feature air conditioning a terrace with hammock and a private bathroom with shower.

Relax in the hammocks and enjoy the Tacarcuna Lodges peaceful garden. There is also a shared lounge, while an array of activities can be enjoyed on site or in the surroundings, including diving, snokelling, row boats and nautical bicycles.

The lodge is a 2.5 hour boat ride from the port of Turbo, Antioquia. It is a 1 hour and 10 minute flight from Medellin and 30 minutes by boat from Puerto Obaldia Airport in Panama. Airport shuttle services are available for an extra fee. Guests are required to show a photo identification and credit card upon check-in. Please note that all Special Requests are subject to availability and additional charges may apply.",,Pool Bar Walking tours Bike tours Happy hour 24-hour security Fire extinguishers Swimming pool use of cleaning chemicals that are effective against coronavirus linens  towels and laundry washed in accordance with local authority guidelines guest accommodation is disinfected between stays guest accommodation sealed after cleaning physical distancing in dining areas staff follow all safety protocols as directed by local authorities hand sanitizer in guest accommodation and key areas Restaurant Pets allowed meeting/banquet facilities Bar Sauna Garden Terrace Non-smoking rooms Airport shuttle Family rooms Games room internet services Safety Deposit Box Currency exchange Massage Table tennis Canoeing Hiking Cycling Tour desk Diving Snorkelling Luggage storage wifi Outdoor pool Free WiFi Air conditioning outdoor pool (all year) shuttle service (additional charge) Special diet menus (on request) water sport facilities on site airport shuttle (additional charge) shared lounge/TV area Daily housekeeping Kid meals pool/beach towels guests have the option to cancel any cleaning services for their accommodation during their stay all plates  cutlery  glasses and other tableware have been sanitized physical distancing rules followed cashless payment available first aid kit available process in place to check health of guests,8.63475|-77.34747,(4) 4366262,278017,https://www.booking.com/hotel/co/tacarcuna-lodge-capurgana.html
CO,Colombia,151410,Acandi,1490309,Hostal Capurgana,ThreeStar,Calle del Comercio CapurganáChoco ,,"Located a 10-minute walk from Caleta beach, Hostal Capurgana features a garden and a regional restaurant in Capurganá. Free Wi-Fi and breakfast are provided.

Providing a tranquil environment, the rooms in Hostal Capurgana have private bathrooms.

Guests at Hostal Capurgana are provided tourism information and luggage storage services. Free Wi-Fi is available in public areas.

Hostal Capurgana is 1 km from Narcisa Navas de Capurganá airport and from Casa de las Molas museum.",,face masks for guests available guests have the option to cancel any cleaning services for their accommodation during their stay all plates  cutlery  glasses and other tableware have been sanitized screens or physical barriers placed between staff and guests in appropriate areas physical distancing rules followed cashless payment available contactless check-in/check-out first aid kit available process in place to check health of guests hand sanitizer in guest accommodation and key areas shared stationery such as printed menus  magazines  pens  and paper removed staff follow all safety protocols as directed by local authorities physical distancing in dining areas guest accommodation sealed after cleaning guest accommodation is disinfected between stays linens  towels and laundry washed in accordance with local authority guidelines use of cleaning chemicals that are effective against coronavirus Fire extinguishers Key access 24-hour security Tour or class about local culture Walking tours Shuttle service coffee house on site airport drop off airport pick up Fruits Wine/champagne Wheelchair accessible Kid meals board games/puzzles Public Bath Daily housekeeping shared lounge/TV area airport shuttle (additional charge) Special diet menus (on request) shuttle service (additional charge) Sun terrace designated smoking area Non-smoking throughout Free WiFi wifi Luggage storage Snorkelling Tour desk Packed lunches Currency exchange internet services Family rooms Facilities for disabled guests Laundry Airport shuttle Garden Bar Room service Pets allowed Restaurant,8.63584|-77.34826,+573182064280,278017,https://www.booking.com/hotel/co/hostal-capurgana.html
CO,Colombia,151410,Acandi,1541687,La Bohemia,All,Carretera 1 No. 1 - 2 278017 CapurganáAcandíChocó ,,"Set in Capurganá, La Bohemia features a shared lounge, garden, BBQ facilities, and free WiFi. Featuring room service, this property also provides guests with a sun terrace. The accommodation offers a 24-hour front desk, a shared kitchen and currency exchange for guests.

At the guest house, all rooms are equipped with a seating area.

Triganá is 38 km from La Bohemia, while Sapzurro is 4.3 km away. Payment before arrival via bank transfer is required. The property will contact you after you book to provide instructions.",,staff follow all safety protocols as directed by local authorities cashless payment available invoice provided 24-hour front desk Garden Terrace Airport shuttle Fishing Laundry Games room internet services Currency exchange Hiking BBQ facilities Tour desk Snorkelling Luggage storage wifi Free WiFi designated smoking area Sun terrace concierge service Private check-in/check-out Special diet menus (on request) airport shuttle (additional charge) Shared kitchen shared lounge/TV area Daily housekeeping board games/puzzles Kid meals Pub crawls Walking tours Themed dinner nights Happy hour Cooking class linens  towels and laundry washed in accordance with local authority guidelines Pets allowed Room service,8.63335|-77.34606,,278017,http://www.labohemiahostal.com/
CO,Colombia,151410,Acandi,1652611,La Posada del Gecko,TwoStar,calle del comercio 2 CapurganáAcandi  municipalityChoco ,,"Featuring a garden and a restaurant, La Posada del Gecko is situated in Capurganá. The tour desk can help arrange some activities and free WiFi is available. Payment before arrival via bank transfer is required. The property will contact you after you book to provide instructions.",,Restaurant Pets allowed Bar/lounge Garden Non-smoking rooms Family rooms Internet access Tour desk Free WiFi Free WiFi Designated smoking areas Private check-in/check-out Area shuttle (surcharge) Shared kitchen Public Bath Games Children's books,8.637|-77.34689,,278010,https://www.booking.com/hotel/co/la-posada-del-gecko.html
CO,Colombia,151410,Acandi,1730257,Hotel Miramar Capurgana Playa,All,Calle 8520-8521 278017 Capurgana ,,"Set on the beachfront in Capurganá, Hotel Miramar Capurganá Playa features a shared lounge and free WiFi. Featuring family rooms, this property also provides guests with a terrace. All rooms are fitted with a balcony with views of the sea.

At the hotel, every room is fitted with a patio with a garden view. At Hotel Miramar Capurganá Playa every room has a wardrobe and a private bathroom.

Guests at the accommodation can enjoy an American breakfast.

Triganá is 37 km from Hotel Miramar Capurganá Playa, while Sapzurro is 5 km away. Payment before arrival via bank transfer is required. The property will contact you after you book to provide instructions.",,coffee house on site Outdoor furniture Terrace Non-smoking rooms Airport shuttle Fishing Family rooms internet services Solarium Currency exchange Hiking Tour desk Diving Snorkelling wifi Free WiFi Non-smoking throughout Sun terrace shared lounge/TV area Beachfront Daily housekeeping Wine/champagne Beach Fire extinguishers,8.63028|-77.34427,,278017,https://www.booking.com/hotel/co/miramar-capurgana-playa.html
CO,Colombia,151410,Acandi,1736050,Hilltop Sapzurro,All,Sapzurro 123 Lado De La Escuela Internacional278017 Zapzurro ,,"Hostal Hilltop Sapzurro has an outdoor swimming pool, garden, a shared lounge and terrace in Sapzurro. Boasting a concierge service, this property also provides guests with a restaurant. The accommodation features karaoke and a shared kitchen.

Activities such as hiking, fishing, snorkelling can be enjoyed in the surroundings, and guests can relax along the beachfront.

Playas Sapzurro is a few steps from the hostel. Payment before arrival via bank transfer is required. The property will contact you after you book to provide instructions.",,Hiking Karaoke express check-in/check-out Laundry Fishing Non-smoking rooms Terrace Garden Pets allowed Restaurant Swimming pool CCTV in common areas Smoke alarms Beach Swimming pool Yoga classes Picnic area Outdoor furniture Sun umbrellas Pet bowls Street parking board games/puzzles Daily housekeeping Beachfront shared lounge/TV area Shared kitchen concierge service outdoor pool (all year) Sun terrace designated smoking area Air conditioning Non-smoking throughout Outdoor pool Luggage storage Snorkelling Diving,8.65758|-77.3659,,278017,https://www.booking.com/hotel/co/hilltop-sapzurro.html
CO,Colombia,151410,Acandi,1739970,Hilltop Capurgana,All,Capurgana Plan Parejo 123 Frente Al Mar278017 Capurgana ,,"Hostal Hilltop Capurgana features an outdoor swimming pool, garden, a shared lounge and terrace in Capurganá. Among the facilities of this property are a restaurant, a shared kitchen and a concierge service, along with free WiFi. The accommodation offers karaoke and a tour desk.

Guests at the hostel can enjoy an American breakfast.

Guests at Hostal Hilltop Capurgana will be able to enjoy activities in and around Capurganá, like hiking and snorkelling.

Capurganá Beach is a few steps from the accommodation. Payment before arrival via bank transfer is required. The property will contact you after you book to provide instructions.",,Swimming pool CCTV in common areas Key access Happy hour Beach Swimming pool Yoga classes Outdoor fireplace Picnic area Outdoor furniture Pet bowls Pool with view board games/puzzles Beachfront shared lounge/TV area Shared kitchen nightclub/dj concierge service outdoor pool (all year) Sun terrace designated smoking area Air conditioning Non-smoking throughout Free WiFi Outdoor pool wifi Luggage storage Snorkelling Diving Tour desk Hiking Karaoke Massage express check-in/check-out internet services Laundry Fishing Non-smoking rooms Terrace Garden Bar Pets allowed Restaurant,8.63557|-77.34686,,278017,https://www.booking.com/hotel/co/hilltop-capurgana.html
CO,Colombia,151410,Acandi,1743214,Hotel Las Mananitas Capurgana,ThreeStar,Playa Desembarque Corregimiento Capurgana 278017 Capurganá ,,"Located 500 metres from the shopping and commercial area, Las Mañanitas Capurgana offers accommodation in Capurgana. All rooms feature splendid sea views. Capurgana is 300 metres from the property.

Providing a tranquil environment, the rooms in Las Mañanitas Capurgana have private bathrooms, air conditioning and minibars.

Hotel Las Mañanitas Capurganas helpful staff can arranged excursions in the area for an extra fee.

Guests can order local dishes at the restaurant and snacks at the bar.

Hotel Las Mañanitas Capurgana can only be reached by plane or boat.",,Kid meals Public Bath Daily housekeeping On private beach Television in common areas Free airport transportation Free area shuttle Terrace Designated smoking areas Air conditioning Free WiFi Outdoor pool Free WiFi Diving Car hire Safe-deposit box at front desk Internet access Family rooms Laundry facilities Airport shuttle Garden Bar/lounge Room service Pets allowed Restaurant,8.63388|-77.35036,,278017,https://www.booking.com/hotel/co/las-maa-anitas-capurgana.html
CO,Colombia,151410,Acandi,1770675,Hotel Sol Y Luna,ThreeStar,Barrio Plan Parejo Carrera 1A 11-30Capurgana111411 Acandi ,,"Facing the beachfront, SOL Y LUNA offers 3-star accommodation in Acandí and has a garden, shared lounge and terrace. Each accommodation at the 3-star hotel has garden views, and guests can enjoy access to a bar and to a private beach area. The accommodation features a 24-hour front desk, airport transfers, room service and free WiFi throughout the property.

At the hotel, each room is equipped with a desk. With a private bathroom fitted with a shower and free toiletries, some rooms at SOL Y LUNA also boast a sea view. At the accommodation rooms come with bed linen and towels.

Continental and vegan breakfast options are available each morning at SOL Y LUNA. At the hotel you will find a restaurant serving American and Caribbean cuisine. Vegetarian and vegan options can also be requested.

Capurganá Beach is a few steps from SOL Y LUNA.",,Currency exchange internet services Ironing service Games room Family rooms Laundry Business centre Fishing Airport shuttle Non-smoking rooms Terrace Garden 24-hour front desk Bar meeting/banquet facilities Room service Pets allowed Restaurant face masks for guests available thermometers for guests provided by property delivered food is securely covered guests have the option to cancel any cleaning services for their accommodation during their stay all plates  cutlery  glasses and other tableware have been sanitized property is cleaned by professional cleaning companies invoice provided first aid kit available process in place to check health of guests hand sanitizer in guest accommodation and key areas shared stationery such as printed menus  magazines  pens  and paper removed staff follow all safety protocols as directed by local authorities physical distancing in dining areas guest accommodation sealed after cleaning guest accommodation is disinfected between stays linens  towels and laundry washed in accordance with local authority guidelines use of cleaning chemicals that are effective against coronavirus CCTV outside property CCTV in common areas Security alarm Key access 24-hour security Live music/performance Cooking class Tour or class about local culture Themed dinner nights Walking tours Stand-up comedy Shuttle service Beach Full body massage Hand massage Head massage Couples massage Foot massage Neck massage Back massage Outdoor fireplace Picnic area Outdoor furniture Sun umbrellas sun loungers or beach chairs coffee house on site airport drop off airport pick up Wine/champagne Kid meals kids' outdoor play equipment Indoor play area board games/puzzles Public Bath Open-air bath wifi available in all areas Evening entertainment Beachfront shared lounge/TV area airport shuttle (additional charge) Special diet menus (on request) shuttle service (additional charge) Private check-in/check-out nightclub/dj Entertainment staff concierge service Sun terrace Snack Bar Private beach area designated smoking area Non-smoking throughout Free WiFi wifi Snorkelling Horse riding Tour desk Car hire BBQ facilities Hiking Massage Fire extinguishers,8.6302|-77.34375,,111411,https://www.booking.com/hotel/co/sol-y-luna-bogota.html
CO,Colombia,151410,Acandi,1783503,Cabana Pura Vida,All,Plan parejo capurgana choco 278017 Capurgana ,,"Featuring sea views, Cabaña Pura Vida in Capurganá offers accommodation and a terrace. Free WiFi is provided.

Some units include a balcony and/or patio.

A continental breakfast is served daily at the property.",,Children television networks Children's books Games Daily housekeeping Evening entertainment On private beach Area shuttle (surcharge) Designated smoking areas Free WiFi Free WiFi Snorkelling Tour desk Hiking Internet access Breakfast service Fishing Airport shuttle Terrace Bar/lounge Pets allowed Restaurant,8.6291|-77.34366,,278017,https://www.booking.com/hotel/co/cabana-pura-vida.html
CO,Colombia,151410,Acandi,1841742,Cabanas Deep Blue,ThreeStar,Sector La Playa 278017 Zapzurro ,Distances are calculated in a straight line from the property's location to the point of interest or attraction  and may not reflect actual travel distance. <br /><br /> Distances are displayed to the nearest 0.1 mile and kilometer. <p>Capurgana Church - 3.5 km / 2.2 mi <br />El Cielo Waterfall - 4.1 km / 2.6 mi <br />Isla Terron de Azucar - 11.5 km / 7.1 mi <br /></p><p>The nearest major airport is Medellin (MDE-Jose Maria Cordova Intl.) - 349.8 km / 217.4 mi. </p>,"<p><b>Property Location</b> <br />Located in Acandi, Cabanas Deep Blue is close to Capurgana Church and El Cielo Waterfall.  This hotel is within the region of Isla Terron de Azucar.</p><p><b>Rooms</b> <br />Stay in one of 9 guestrooms featuring flat-screen televisions. Satellite television is provided for your entertainment. Bathrooms with showers are provided.</p><p><b>Amenities</b> <br />Take in the views from a terrace and a garden and make use of amenities such as tour/ticket assistance. Additional features at this hotel include a picnic area and barbecue grills.</p><p><b>Dining</b> <br />Enjoy a meal at the restaurant, or stay in and take advantage of the hotel's room service (during limited hours). Quench your thirst with your favorite drink at the bar/lounge. A complimentary full breakfast is served daily from 7 AM to 9 AM.</p><p><b>Business, Other Amenities</b> <br />A roundtrip airport shuttle is provided for a surcharge (available 24 hours).</p>",,Airport transportation (surcharge) Bar/lounge - 1 Barbecue grill(s) Designated smoking areas Elevator/lift Free breakfast Garden Pets allowed Picnic area Restaurant - 1 Terrace Total number of rooms - 9 Tours/ticket assistance,8.6632|-77.36444,,278017,
CO,Colombia,151410,Acandi,1851840,Hotel Shaki,OneStar,Barrio Villa Olga Acandi ,Distances are calculated in a straight line from the property's location to the point of interest or attraction  and may not reflect actual travel distance. <br /><br /> Distances are displayed to the nearest 0.1 mile and kilometer. <p>Isla Terron de Azucar - 9.5 km / 5.9 mi <br />El Cielo Waterfall - 15.4 km / 9.6 mi <br />Capurgana Church - 15.9 km / 9.9 mi <br /></p><p>The nearest major airport is Medellin (MDE-Jose Maria Cordova Intl.) - 330.6 km / 205.4 mi. </p>,"<p><b>Property Location</b> <br />When you stay at Hotel Shaki in Acandi, you'll be within the vicinity of Isla Terron de Azucar.  This hostel is within the region of El Cielo Waterfall and Capurgana Church.</p><p><b>Rooms</b> <br />Stay in one of 18 guestrooms featuring flat-screen televisions. Complimentary wireless Internet access is available to keep you connected. Bathrooms with showers are provided. Housekeeping is provided daily, and irons/ironing boards can be requested.</p><p><b>Amenities</b> <br />Take in the views from a rooftop terrace and make use of amenities such as complimentary wireless Internet access.</p><p><b>Dining</b> <br />Stop by the hostel's restaurant, Restaurant, for lunch or dinner. Dining is also available at the coffee shop/café, and room service (during limited hours) is provided. Continental breakfasts are available daily from 7 AM to 10 AM for a fee.</p><p><b>Business, Other Amenities</b> <br />Featured amenities include a 24-hour front desk and coffee/tea in a common area.</p>",,24-hour front desk Breakfast available (surcharge) Coffee shop or café - 1 Coffee/tea in common areas Free WiFi Restaurant - 1 Rooftop terrace Smoke-free property Total number of rooms - 18,8.51011|-77.27898,,,
CO,Colombia,151410,Acandi,1876006,Hospedaje Marazul Capurgana,All,Calle Miramar 278017 Capurgana ,,"Located in Capurganá, Hospedaje Marazul Capurgana features a shared lounge. The accommodation features free WiFi.

An American breakfast is available daily at the hostel.",,Children television networks Daily housekeeping Television in common areas Free area shuttle Private check-in/check-out Air conditioning Non-smoking throughout Free WiFi Free WiFi Tour desk Internet access Family rooms Laundry facilities Airport shuttle Non-smoking rooms,8.62583|-77.34993,,278017,https://www.booking.com/hotel/co/hostalmarazulcapurgana.html
