countyCode,countyName,cityCode,cityName,HotelCode,HotelName,HotelRating,Address,Attractions,Description,FaxNumber,HotelFacilities,Map,PhoneNumber,PinCode,HotelWebsiteUrl
CK,Cook Islands,100070,Aitutaki,1090150,Inano Beach Bungalows,FourStar,Airport Rd Amuri PO Box 48Aitutaki ,,"Tai Roto Bay offers spacious, authentic accommodation located on its own private beach on the southern tip from Ootu beach. It is a beach front property and safe to swim at all tides.

All bungalows have a private balcony, private bathroom and equipped with self-catering facilities which includes a kitchenette, fridge, microwave, kettle, toaster and kitchen utensils.  An open grill is also available for barbecue nights on the beach.

The absolute beachfront bungalow provides an absolute stunning view of the beautiful lagoon which is right on our door step. The garden rooms including a stand alone one bedroom family room provide a partial lagoon and beach view.

It is a stroll away from the most popular café, several restaurants and bars surrounding Ootu point. Scooter, bicycle & kayak rentals can be booked on site. Local activities such as lagoon cruise tours, island nights, cultural village tour, kite surfing and scuba diving can be assisted by the help desk. Please inform Tai Roto Bay in advance of your expected arrival time. You can use the Special Requests box when booking, or contact the property directly with the contact details provided in your confirmation.
Food & beverage services at this property may be limited or unavailable due to Coronavirus (COVID-19).
Due to Coronavirus (COVID-19), this property is taking steps to help protect the safety of guests and staff. Certain services and amenities may be reduced or unavailable as a result.
Due to Coronavirus (COVID-19), this property has reduced reception and service operating hours.
Due to Coronavirus (COVID-19), please ensure that you are only booking this property following the local government guidelines of the destination, including but not limited to the purpose of travel, and maximum allowed group size.
The Cook Islands borders are only open to those who meet the requirements under the current Travel Advisory as at 13 May 2021.

Please note all rooms are serviced from Monday-Friday. There is no cleaning on Saturday and Sunday.

WiFi access is available for an extra charge. For further information please contact the property in advance, using the contact details found on the booking confirmation.",+68231553,Car hire Cycling Tour desk Diving Snorkelling Luggage storage wifi Allergy-free room Non-smoking throughout designated smoking area Private beach area Snack Bar Sun terrace nightclub/dj Private check-in/check-out shuttle service (additional charge) Special diet menus (on request) water sport facilities on site airport shuttle (additional charge) Beachfront Evening entertainment Daily housekeeping parking on site paid wifi board games/puzzles secured parking Street parking Parking Bar Golf course (within 3 km) Garden Terrace Non-smoking rooms Airport shuttle Fishing Laundry Family rooms breakfast in the room Ironing service Free parking internet services express check-in/check-out Safety Deposit Box Massage Karaoke Windsurfing Soundproof rooms BBQ facilities Personal trainer Beach Shuttle service Pub crawls Movie nights Walking tours Bike tours Themed dinner nights Happy hour Tour or class about local culture Cooking class Live music/performance Live sport events (broadcast) Bingo Key access Smoke alarms Fire extinguishers bicycle rental use of cleaning chemicals that are effective against coronavirus linens  towels and laundry washed in accordance with local authority guidelines Accessible parking Wine/champagne Fruits airport pick up airport drop off sun loungers or beach chairs Sun umbrellas Outdoor furniture Picnic area Beauty Services Facial treatments Waxing services Make up services hair treatments Manicure Pedicure hair cut hair colouring hair styling Body Treatments Body scrub Body wrap Spa Facilities Foot bath Spa/wellness packages Full body massage Yoga classes fitness classes first aid kit available cashless payment available physical distancing rules followed screens or physical barriers placed between staff and guests in appropriate areas invoice provided property is cleaned by professional cleaning companies all plates  cutlery  glasses and other tableware have been sanitized guests have the option to cancel any cleaning services for their accommodation during their stay breakfast takeaway containers delivered food is securely covered face masks for guests available guest accommodation is disinfected between stays guest accommodation sealed after cleaning physical distancing in dining areas food can be delivered to guest accommodation staff follow all safety protocols as directed by local authorities hand sanitizer in guest accommodation and key areas process in place to check health of guests,-18.84472|-159.75895,+68231758,,https://www.booking.com/hotel/ck/inanobeach-bungalows.html
CK,Cook Islands,100070,Aitutaki,1090152,Paradise Cove Lodge,ThreeStar,Maunga Pu Street Amuri ArutangaAitutaki ,Distances are displayed to the nearest 0.1 mile and kilometer. <br /> <p>Maungapu - 0.8 km / 0.5 mi <br /> Aitutaki Golf Club - 2.1 km / 1.3 mi <br /> Arutanga Harbour - 3.9 km / 2.4 mi <br /> Ee - 4.5 km / 2.8 mi <br /> Ootu Beach - 4.8 km / 3 mi <br /> Akaiami - 6.2 km / 3.8 mi <br /> Maina Island - 7.1 km / 4.4 mi <br /> </p><p>The preferred airport for Paradise Cove Lodges is Aitutaki (AIT) - 2.2 km / 1.3 mi </p>,"<p>HeadLine : Near Maungapu</p><p>Location : Located in Aitutaki, Paradise Cove Lodges is by the ocean, within a 5-minute drive of Maungapu and Aitutaki Golf Club.  This beach hotel is 2.4 mi (3.9 km) from Arutanga Harbour and 2.8 mi (4.5 km) from Ee.</p><p>Rooms : Make yourself at home in one of the 12 guestrooms, featuring kitchenettes. Conveniences include safes and desks, and housekeeping is provided daily.</p><p>Dining : At Paradise Cove Lodges, enjoy a satisfying meal at the restaurant. A complimentary continental breakfast is served daily.</p><p>CheckIn Instructions : Extra-person charges may apply and vary depending on property policy. <br />Government-issued photo identification and a credit card, debit card, or cash deposit are required at check-in for incidental charges. <br />Special requests are subject to availability upon check-in and may incur additional charges. Special requests cannot be guaranteed. <ul>  </ul></p>",682-31-218,Safe-deposit box at front desk Barbecue grill(s) Library Picnic area Luggage storage Free breakfast Laundry facilities Tours/ticket assistance Restaurant Dry cleaning/laundry service WiFi (surcharge) Airport transportation (surcharge) Smoke-free property Garden,-18.836968|-159.782367,682-31-218,682,http://www.paradisecove.co.ck/
CK,Cook Islands,100070,Aitutaki,1147448,Rino's Motel,ThreeStar,Ureia Aitutaki ,Distances are displayed to the nearest 0.1 mile and kilometer. <br /> <p>Arutanga Harbour - 1.1 km / 0.7 mi <br /> Maungapu - 3.7 km / 2.3 mi <br /> Vaipae Church - 3.8 km / 2.4 mi <br /> Aitutaki Golf Club - 5.3 km / 3.3 mi <br /> Ee - 7.4 km / 4.6 mi <br /> Akitua Island - 7.4 km / 4.6 mi <br /> Ootu Beach - 7.6 km / 4.7 mi <br /> </p><p>The preferred airport for Rino s Motel is Aitutaki (AIT) - 5.2 km / 3.2 mi </p>,"<p>HeadLine : Near Arutanga Harbour</p><p>Location : Located in Aitutaki, Rino s Motel is by the ocean, a 2-minute drive from Arutanga Harbour and 6 minutes from Maungapu.  This beach motel is 2.4 mi (3.8 km) from Vaipae Church and 3.3 mi (5.3 km) from Aitutaki Golf Club.</p><p>Rooms : Make yourself at home in one of the 11 guestrooms, featuring kitchenettes with refrigerators and stovetops. Rooms have private balconies or patios. Wireless Internet access (surcharge) is available to keep you connected. Conveniences include desks and microwaves.</p><p>Dining : A complimentary continental breakfast is included.</p><p>CheckIn Instructions : <ul>  <li>Extra-person charges may apply and vary depending on property policy</li><li>Government-issued photo identification and a credit card, debit card, or cash deposit may be required at check-in for incidental charges</li><li>Special requests are subject to availability upon check-in and may incur additional charges; special requests cannot be guaranteed</li><li>This property accepts credit cards</li>  </ul></p><p>Special Instructions : This property offers transfers from the airport (surcharges may apply). Guests must contact the property with arrival details before travel, using the contact information on the booking confirmation.</p>",682-3-1559,Dry cleaning/laundry service Airport transportation (surcharge) Free breakfast WiFi (surcharge) Scuba diving nearby Snorkeling nearby Garden Smoke-free property Wheelchair accessible parking Hiking/biking trails nearby Laundry facilities Tours/ticket assistance Kayaking nearby Free self parking Boat tours nearby Scooter/moped rentals on site Terrace Free continental breakfast Bicycle rentals on site,-18.85743|-159.794504,+682 3 1197,0,
CK,Cook Islands,100070,Aitutaki,1151429,Aitutaki Lagoon Resort & Spa,FourStar,Motu Akitua Aitutaki Lagoon ,Distances are displayed to the nearest 0.1 mile and kilometer. <br /> <p>Akitua Island - 0.1 km / 0.1 mi <br /> Ee - 0.4 km / 0.3 mi <br /> Ootu Beach - 0.8 km / 0.5 mi <br /> Aitutaki Golf Club - 3 km / 1.8 mi <br /> Maungapu - 5 km / 3.1 mi <br /> Arutanga Harbour - 8.5 km / 5.3 mi <br /> Vaipae Church - 10 km / 6.2 mi <br /> </p><p>The preferred airport for Aitutaki Lagoon Private Island Resort - Adults Only is Aitutaki (AIT) - 2.8 km / 1.7 mi </p>,"<p>HeadLine : Near Akitua Island</p><p>Location : Located in Aitutaki, Aitutaki Lagoon Private Island Resort - Adults Only is by the ocean, a 4-minute drive from Aitutaki Golf Club and 7 minutes from Maungapu.  This 4.5-star resort is 6.2 mi (10 km) from Vaipae Church.</p><p>Rooms : Make yourself at home in one of the 33 individually decorated guestrooms, featuring refrigerators and LCD televisions. Rooms have private furnished balconies or patios. Satellite programming and DVD players are provided for your entertainment, while wireless Internet access (surcharge) keeps you connected. Private bathrooms with showers feature rainfall showerheads and designer toiletries.</p><p>Dining : Enjoy local and international cuisine at Flying Boat Bar & Grill, a beachfront restaurant where you can enjoy drinks at the bar/lounge, take in the ocean view, and even dine alfresco. You can also stay in and take advantage of the room service (during limited hours). Wrap up your day with a drink at the beach bar. A complimentary continental breakfast is served daily from 7:30 AM to 10:00 AM.</p><p>CheckIn Instructions : <ul>  <li>Extra-person charges may apply and vary depending on property policy</li><li>Government-issued photo identification and a credit card, debit card, or cash deposit may be required at check-in for incidental charges</li><li>Special requests are subject to availability upon check-in and may incur additional charges; special requests cannot be guaranteed</li><li>The name on the credit card used at check-in to pay for incidentals must be the primary name on the guestroom reservation</li><li>This property accepts credit cards, debit cards, and cash</li><li>Parties and events are allowed on site</li><li>Safety features at this property include a fire extinguisher and a smoke detector</li><li>Please note that cultural norms and guest policies may differ by country and by property; the policies listed are provided by the property</li>  </ul></p><p>Special Instructions : Guests must transfer via airplane and shuttle to the property. Guests must contact the property at least 72 hours before travel, using the contact information on the confirmation received after booking. The front desk is open daily from 7 AM - 10 PM. This property doesn t offer after-hours check-in. Guests will receive an email 24 hours before arrival with check-in instructions. Front desk staff will greet guests on arrival. At check-in, guests must provide either a negative Antigen COVID-19 test result or a record of full COVID-19 vaccination. The negative COVID-19 test result requirement applies to all guests aged 16 and up, and test must have been administered no more than 72 hours prior to check-in. COVID-19 vaccination record requirement applies to all guests aged 16 and up; guests must have received complete vaccination at least 3 days prior to check-in. For more details, please contact the property using the information on the booking confirmation.  Air Rarotonga flies daily from Rarotonga to Aitutaki, with a flight time of approximately 50 minutes. Assistance booking your flight can be provided by contacting the property.</p>",68-2-31202,Front desk (limited hours) Scooter/moped rentals nearby Library Golfing nearby Spa services on site Safe-deposit box at front desk Snack bar/deli Hiking/biking trails nearby Free self parking Free beach cabanas Conference space Kayaking on site Beach sun loungers Gift shops or newsstand Beach volleyball on site Distance from property (meters) - 25 Comprehensive recycling policy Terrace Proposal/romance packages available Pool sun loungers Vegetarian breakfast available Conference space size (feet) - 3229 Free parking nearby Concierge services Pool umbrellas No single-use plastic straws Number of meeting rooms - 1 Conference space size (meters) - 300 Wired Internet access - surcharge Sailing nearby WiFi (surcharge) Biodegradable/compostable straws Scuba diving nearby No single-use plastic water bottles Number of bars/lounges - 1 Designated smoking areas Number of outdoor pools - 1 Number of beach bars - 1 Water skiing nearby Tours/ticket assistance Free continental breakfast On private beach Comprehensive food waste policy Energy-saving features in guest rooms Recycling Limited WiFi (surcharge) device count - 1 LED light bulbs Vegan menu options available Distance from property (ft) - 82 Vegetarian menu options available Free breakfast Daily Ecotours nearby Laundry facilities Fitness facilities Snorkeling on site Guest education on local ecosystems and culture Books Table tennis Locally-owned & organized tours & activities Composting No elevator (single level property) Spa treatment room(s) Well-lit path to entrance Garden Picnic area Internet access in public areas - high speed Wedding services Beach towels Boat tours nearby Free bicycles on site Couples/private dining Wheelchair accessible  no Luggage storage Express check-out Porter/bellhop Billiards or pool table,-18.84974|-159.757232,682-3-1200,000,http://www.aitutakilagoonresort.com
CK,Cook Islands,100070,Aitutaki,1181056,Aitutaki Escape,FiveStar,Amuri AmuriAitutaki ,Distances are displayed to the nearest 0.1 mile and kilometer. <br /> <p>Maungapu - 1.3 km / 0.8 mi <br /> Aitutaki Golf Club - 2.9 km / 1.8 mi <br /> Arutanga Harbour - 3.4 km / 2.1 mi <br /> Ee - 5.1 km / 3.1 mi <br /> Akitua Island - 5.1 km / 3.2 mi <br /> Ootu Beach - 5.3 km / 3.3 mi <br /> Vaipae Church - 5.9 km / 3.7 mi <br /> </p><p>The preferred airport for Aitutaki Escape is Aitutaki (AIT) - 2.8 km / 1.7 mi </p>,"<p>HeadLine : Near Maungapu</p><p>Location : With a stay at Aitutaki Escape in Aitutaki, you ll be within a 5-minute drive of Maungapu and Aitutaki Golf Club.  This 5-star villa is 2.1 mi (3.4 km) from Arutanga Harbour and 3.1 mi (5.1 km) from Ee.</p><p>Rooms : Make yourself at home in one of the 3 air-conditioned rooms featuring kitchens with full-sized refrigerators/freezers and stovetops. Your pillowtop bed comes with premium bedding. Rooms have private furnished balconies or patios. Wireless Internet access (surcharge) keeps you connected, and satellite programming is available for your entertainment.</p><p>Dining : Enjoy a meal at the restaurant, or stay in and take advantage of the villa s room service (during limited hours).</p><p>CheckIn Instructions : <ul>  <li>Extra-person charges may apply and vary depending on property policy</li><li>Government-issued photo identification and a credit card, debit card, or cash deposit may be required at check-in for incidental charges</li><li>Special requests are subject to availability upon check-in and may incur additional charges; special requests cannot be guaranteed</li><li>This property accepts credit cards and cash</li><li>Parties and events are allowed on site</li><li>Noise-free guestrooms cannot be guaranteed</li><li>Safety features at this property include a fire extinguisher and a smoke detector</li>  </ul></p><p>Special Instructions : This property offers transfers from the airport. To arrange pick-up, guests must contact the property 72 hours prior to arrival, using the contact information on the booking confirmation. The front desk is open daily from 8:00 AM - 7:00 PM. Front desk staff will greet guests on arrival.</p>",61-7-55245522,Pool umbrellas WiFi (surcharge) Scuba diving nearby Number of outdoor pools - 1 Hiking/biking trails on site Free self parking Snorkeling on site Kayaking on site Terrace Pool sun loungers Concierge services Garden In-room accessibility (in select rooms) Wheelchair accessible parking Roll-in shower (in select rooms) Wedding services Tours/ticket assistance Accessible bathroom (in select rooms) Beach towels Boat tours nearby Area shuttle (surcharge) Free bicycles on site Free airport transportation On private beach Luggage storage Front desk (limited hours) Library Barbecue grill(s) Smoke-free property Laundry facilities,-18.84002|-159.7854,+61 7 55245222,0,http://www.aitutakiescape.com
CK,Cook Islands,100070,Aitutaki,1208600,Tamanu Beach,ThreeStar,Main Road PO. Box 59Aitutaki ,Distances are displayed to the nearest 0.1 mile and kilometer. <br /> <p>Maungapu - 1.7 km / 1.1 mi <br /> Arutanga Harbour - 3.1 km / 1.9 mi <br /> Aitutaki Golf Club - 3.3 km / 2 mi <br /> Ee - 5.5 km / 3.4 mi <br /> Akitua Island - 5.5 km / 3.4 mi <br /> Ootu Beach - 5.7 km / 3.5 mi <br /> Vaipae Church - 6.1 km / 3.8 mi <br /> </p><p>The preferred airport for Tamanu Beach is Aitutaki (AIT) - 3.2 km / 2 mi </p>,"<p>HeadLine : Near Maungapu</p><p>Location : Located in Aitutaki, Tamanu Beach is by the ocean, a 3-minute drive from Maungapu and 5 minutes from Arutanga Harbour.  This beach hotel is 2.1 mi (3.3 km) from Aitutaki Golf Club and 3.4 mi (5.5 km) from Ee.</p><p>Rooms : Make yourself at home in one of the 23 air-conditioned rooms featuring refrigerators and espresso makers. 43-inch Smart televisions with digital programming provide entertainment, while wireless Internet access (surcharge) keeps you connected. Bathrooms have shower/tub combinations and hair dryers. Conveniences include safes and coffee/tea makers, and housekeeping is provided daily.</p><p>Dining : Enjoy international cuisine at Tamanu, a beachfront restaurant, or stay in and take advantage of the room service (during limited hours). Relax with a refreshing drink from the beach bar or one of the 2 bars/lounges. A complimentary cooked-to-order breakfast is served daily from 7:30 AM to 10:30 AM.</p><p>CheckIn Instructions : <ul>  <li>Extra-person charges may apply and vary depending on property policy</li><li>Government-issued photo identification and a credit card, debit card, or cash deposit may be required at check-in for incidental charges</li><li>Special requests are subject to availability upon check-in and may incur additional charges; special requests cannot be guaranteed</li><li>This property accepts credit cards; cash is not accepted</li><li>Safety features at this property include a fire extinguisher, a security system, and a first aid kit</li><li>Please note that cultural norms and guest policies may differ by country and by property; the policies listed are provided by the property</li>  </ul></p><p>Special Instructions : The front desk is open daily from 8:00 AM - 8:00 PM. Front desk staff will greet guests on arrival.</p>",682-31816,Gift shops or newsstand Pool umbrellas Number of meeting rooms - 1 Conference space size (meters) - 84 WiFi (surcharge) Laundry facilities Snorkeling on site Wheelchair accessible (may have limitations) Wheelchair-accessible spa Wheelchair-accessible registration desk Well-lit path to entrance Garden Picnic area Full-service spa Wedding services Beach towels Boat tours nearby Free bicycles on site Yoga classes/instruction on site Luggage storage Scuba diving nearby Number of bars/lounges - 2 Number of outdoor pools - 2 Number of beach bars - 1 Wheelchair accessible parking Roll-in shower (in select rooms) Tours/ticket assistance Scooter/moped rentals on site Free Cooked-to-Order Breakfast Free airport transportation Wheelchair-accessible on-site restaurant Free breakfast Multilingual staff Water dispenser Daily Business center Front desk (limited hours) Library Golfing nearby Safe-deposit box at front desk Smoke-free property Hiking/biking trails nearby Free self parking Conference space Kayaking on site Beach sun loungers Terrace Pool sun loungers Conference space size (feet) - 904 Concierge services,-18.842134|-159.787941,+682 31810,0,http://tamanubeach.com/
CK,Cook Islands,100070,Aitutaki,1211287,Pacific Resort Aitutaki,FiveStar,Po Box 90 Amuri Cook Islands ,Distances are displayed to the nearest 0.1 mile and kilometer. <br /> <p>Arutanga Harbour - 2.2 km / 1.4 mi <br /> Maungapu - 2.5 km / 1.6 mi <br /> Aitutaki Golf Club - 4.1 km / 2.5 mi <br /> Vaipae Church - 5 km / 3.1 mi <br /> Ee - 6.3 km / 3.9 mi <br /> Akitua Island - 6.3 km / 3.9 mi <br /> Ootu Beach - 6.5 km / 4 mi <br /> </p><p>The preferred airport for Pacific Resort Aitutaki is Aitutaki (AIT) - 4 km / 2.5 mi </p>,"<p>HeadLine : Near Maungapu</p><p>Location : When you stay at Pacific Resort Aitutaki in Aitutaki, you ll be on the waterfront, within a 5-minute drive of Maungapu and Arutanga Harbour.  This 5-star resort is 2.6 mi (4.2 km) from Aitutaki Golf Club and 3.2 mi (5.2 km) from Vaipae Church.</p><p>Rooms : Make yourself at home in one of the 29 air-conditioned rooms featuring refrigerators and plasma televisions. Rooms have private furnished balconies or patios. Digital programming and iPod docking stations are provided for your entertainment, while wireless Internet access (surcharge) keeps you connected. Private bathrooms with showers feature designer toiletries and hair dryers.</p><p>Dining : Grab a bite at Rapae Bay Restaurant, one of the resort s 2 restaurants, or stay in and take advantage of the room service (during limited hours). Snacks are also available at the coffee shop/cafe. Relax with your favorite drink at the bar/lounge or the poolside bar. A complimentary cooked-to-order breakfast is served daily from 7:30 AM to 10:30 AM.</p><p>CheckIn Instructions : <ul>  <li>Extra-person charges may apply and vary depending on property policy</li><li>Government-issued photo identification and a credit card, debit card, or cash deposit may be required at check-in for incidental charges</li><li>Special requests are subject to availability upon check-in and may incur additional charges; special requests cannot be guaranteed</li><li>This property accepts credit cards; cash is not accepted</li><li>Safety features at this property include a fire extinguisher, a smoke detector, a security system, and a first aid kit</li>  </ul></p><p>Special Instructions : Guests must transfer via Airplane to the property. Guests must contact the property at least 72 hours before travel, using the contact information on the confirmation received after booking. This property offers transfers from the airport. To arrange pick-up, guests must contact the property 72 hours prior to arrival, using the contact information on the booking confirmation. The front desk is open daily from 7:00 AM - 10:00 PM. This property doesn t offer after-hours check-in. Front desk staff will greet guests on arrival. At check-in, guests must provide a record of full COVID-19 vaccination. The COVID-19 vaccination record requirement applies to all guests aged 12 and up.</p>",68-0-2 21427,Gift shops or newsstand Dry cleaning/laundry service Shopping on site Pool umbrellas Sailing nearby WiFi (surcharge) Scuba diving nearby Number of bars/lounges - 1 Designated smoking areas Number of poolside bars - 1 Number of outdoor pools - 1 Wheelchair accessible parking Tours/ticket assistance Scooter/moped rentals on site Free Cooked-to-Order Breakfast Free airport transportation On private beach Free breakfast Daily Ecotours nearby Coffee/tea in common areas Number of coffee shops/cafes - 1 Laundry facilities Snorkeling on site Reception hall Spa treatment room(s) Internet access in public areas - surcharge Garden Picnic area Full-service spa Beach towels Boat tours nearby Free bicycles on site Luggage storage Porter/bellhop Front desk (limited hours) Golfing nearby Safe-deposit box at front desk Snack bar/deli Hiking/biking trails nearby Free self parking Kayaking on site Computer station Beach sun loungers Terrace Wheelchair accessible path of travel Pool sun loungers Concierge services,-18.847571|-159.793056,68-0-2 20427,790,http://www.pacificresort.com
CK,Cook Islands,100070,Aitutaki,1213470,Gina's Garden Lodges,ThreeStar,Tautu Village Tautu VillageCook Islands ,Distances are displayed to the nearest 0.1 mile and kilometer. <br /> <p>Vaipae Church - 0.7 km / 0.5 mi <br /> Arutanga Harbour - 3 km / 1.8 mi <br /> Ee - 2.2 km / 1.3 mi <br /> Maungapu - 6.1 km / 3.8 mi <br /> Aitutaki Golf Club - 8.7 km / 5.4 mi <br /> Akitua Island - 10.8 km / 6.7 mi <br /> Ootu Beach - 11 km / 6.8 mi <br /> </p><p>The preferred airport for Gina s Garden Lodges is Aitutaki (AIT) - 8.5 km / 5.3 mi </p>,"<p>HeadLine : Near Vaipae Church</p><p>Location : Located in Aitutaki, Gina s Garden Lodges is in a rural location, within a 5-minute drive of Vaipae Church and Ee.  This motel is 1.8 mi (2.9 km) from Arutanga Harbour and 3.8 mi (6.1 km) from Maungapu.</p><p>Rooms : Make yourself at home in one of the 4 guestrooms, featuring kitchenettes with refrigerators and ovens. Your pillowtop bed comes with premium bedding. Rooms have private patios. Wireless Internet access (surcharge) is available to keep you connected.</p><p>CheckIn Instructions : <ul>  <li>Extra-person charges may apply and vary depending on property policy</li><li>Government-issued photo identification and a credit card, debit card, or cash deposit may be required at check-in for incidental charges</li><li>Special requests are subject to availability upon check-in and may incur additional charges; special requests cannot be guaranteed</li><li>This property accepts credit cards; cash is not accepted</li>  </ul></p><p>Special Instructions : Guests must transfer via airplane and shuttle to the property. Guests must contact the property at least 72 hours before travel, using the contact information on the confirmation received after booking. This property offers transfers from the airport (surcharges may apply). To arrange pick-up, guests must contact the property 72 hours prior to arrival, using the contact information on the booking confirmation. There is no front desk at this property. To make arrangements for check-in please contact the property at least 24 hours before arrival using the information on the booking confirmation. Guests must contact the property in advance for check-in instructions. The host will greet guests on arrival.</p>",682-31-058,Dry cleaning/laundry service Sailing nearby Windsurfing nearby WiFi (surcharge) Scuba diving nearby Garden Picnic area Bicycle rentals nearby Wedding services Tours/ticket assistance Boat tours nearby Airport transportation (surcharge) Wheelchair accessible  no Luggage storage Parasailing nearby Scooter/moped rentals nearby Snorkeling nearby Smoke-free property Ecotours nearby Hiking/biking trails nearby Laundry facilities Kayaking nearby Free self parking Terrace,-18.876311|-159.782115,+68231058,00000,http://www.ginasaitutakidesire.com/
CK,Cook Islands,100070,Aitutaki,1219138,Aitutaki Village,ThreeStar,Ootu Beach Aitutaki ,,"Aitutaki Village is located on the white-sandy beach of Ootu. The Blue Lagoon Restaurant and Bar is open for breakfast, lunch and dinner, featuring a special Cultural Night on Tuesday evenings. Sip cocktails and enjoy the sunset view at the bar.

Aitutaki Village offers a free shuttle service to and from Aitutaki Airport, just a 5-minute drive away. The property is only a 20-minute drive from Arutanga town centre.

Overlooking lush gardens and coconut palms all air-conditioned bungalows include a patio with outdoor furniture and tea and coffee making facilities.

The tour desk can organise excursions including lagoon and island tours. Free use of kayaks and sun loungers are included. Please inform Aitutaki Village in advance of your expected arrival time. You can use the Special Requests box when booking, or contact the property directly with the contact details provided in your confirmation.
Please note that Aitutaki Village does not accept payments by American Express.

Free meet and greet transfers are available to and from Aitutaki Airport. Please inform Aitutaki Village in advance if you want to use this service, using the contact details found on the booking confirmation.

The restaurant is open as follows:
Monday-Sunday 08:00 until 21:00, offering breakfast, lunch and dinner.
Bar opening hours: 11:00 until 21:00",,Family rooms Free parking internet services express check-in/check-out Massage Windsurfing Canoeing Tour desk Diving Snorkelling wifi Air conditioning Parking Restaurant Room service Bar Golf course (within 3 km) Garden Non-smoking rooms Airport shuttle Fishing babysitting/child services Laundry delivered food is securely covered guests have the option to cancel any cleaning services for their accommodation during their stay all plates  cutlery  glasses and other tableware have been sanitized invoice provided physical distancing rules followed cashless payment available first aid kit available staff follow all safety protocols as directed by local authorities food can be delivered to guest accommodation physical distancing in dining areas guest accommodation is disinfected between stays linens  towels and laundry washed in accordance with local authority guidelines use of cleaning chemicals that are effective against coronavirus CCTV in common areas Smoke alarms Tour or class about local culture Happy hour Shuttle service Beach Picnic area Sun umbrellas sun loungers or beach chairs airport drop off airport pick up Wine/champagne Accessible parking Kid meals paid wifi wifi available in all areas parking on site Daily housekeeping Evening entertainment Beachfront airport shuttle (free) Special diet menus (on request) shuttle service (additional charge) Private check-in/check-out,-18.84823|-159.75987,+682 31526,0000,https://www.booking.com/hotel/ck/samade-on-the-beach.html
CK,Cook Islands,100070,Aitutaki,1225578,Etu Moana Boutique Beach Villas,FourStar,P.O. Box 123 Aitutaki ,Distances are displayed to the nearest 0.1 mile and kilometer. <br /> <p>Maungapu - 1.3 km / 0.8 mi <br /> Aitutaki Golf Club - 2.9 km / 1.8 mi <br /> Arutanga Harbour - 3.4 km / 2.1 mi <br /> Ee - 5.1 km / 3.2 mi <br /> Akitua Island - 5.1 km / 3.2 mi <br /> Ootu Beach - 5.3 km / 3.3 mi <br /> Vaipae Church - 6 km / 3.7 mi <br /> </p><p>The nearest major airport is Aitutaki (AIT) - 2.8 km / 1.8 mi</p>,"<p>HeadLine : Near Maungapu</p><p>Location : When you stay at Etu Moana Boutique Beach Villas in Aitutaki, you ll be on the beach and within a 5-minute drive of Maungapu.  This 4-star hotel is 1.8 mi (3 km) from Aitutaki Golf Club and 2.1 mi (3.4 km) from Arutanga Harbour.</p><p>Rooms : Make yourself at home in one of the 8 air-conditioned rooms featuring kitchenettes. Rooms have private patios. 32-inch flat-screen televisions can provide entertainment. Conveniences include safes and desks, and housekeeping is provided daily.</p><p>Dining : Wrap up your day with a drink at the poolside bar. A complimentary buffet breakfast is included.</p><p>CheckIn Instructions : <ul>  <li>Extra-person charges may apply and vary depending on property policy</li><li>Government-issued photo identification and a credit card, debit card, or cash deposit may be required at check-in for incidental charges</li><li>Special requests are subject to availability upon check-in and may incur additional charges; special requests cannot be guaranteed</li><li>This property accepts credit cards and cash</li><li>Safety features at this property include a fire extinguisher, a smoke detector, and a first aid kit</li>  </ul></p><p>Special Instructions : This property offers transfers from the airport. Guests must contact the property with arrival details before travel, using the contact information on the booking confirmation. The front desk is open daily from 8 AM - 5 PM. Guests will receive an email 7 days before arrival with check-in instructions. Front desk staff will greet guests on arrival. For more details, please contact the property using the information on the booking confirmation.</p>",68231459,Snorkeling on site Free self parking Laundry facilities Hiking/biking trails nearby Smoke-free property Safe-deposit box at front desk Spa services on site Library Front desk (limited hours) Free breakfast Luggage storage Wheelchair accessible  no Couples/private dining Free airport transportation Free Buffet Breakfast Free bicycles on site Scooter/moped rentals on site Tours/ticket assistance Garden Number of outdoor pools - 1 Number of poolside bars - 1 Spa treatment room(s) Free WiFi 24-hour pool access Outdoor furniture Proposal/romance packages available Dry cleaning/laundry service Concierge services Terrace Kayaking on site,-18.84007|-159.785425,682-31-31458,12345,http://www.etumoana.com/index.html
CK,Cook Islands,100070,Aitutaki,1362188,Villa Te Arau,FourStar,MOTU AKITUA AKITUA ISLAND AITUTAKI ,,Aitutaki's first luxury private pool villa the exclusive Villa Te Arau ~ Royal Honeymoon Pool Villa is a secluded retreat fit for a king and his queen. A delightful journey of just 2 minutes by small private ferry from the main island takes you to Aitutaki's only private pool villa. Villa Te Arau is set on the magical private island of Motu Akitua located directly on the world's most beautiful lagoon Aitutaki Lagoon in the Cook Islands. Named Villa Te Arau in honour of the favourite wife of legendary Polynesian navigator Chief Ru Villa Te Arau is designed for luxurious tropical living and features a draped 4 poster super king bed iPod + Bose sound dock flat screen TV + movies DVD/CD player air conditioning and ensuite with glorious open air rainshower. The private pool is flanked by a cocoon shaped hydrotherapy spa in its own pavilion on one side and a romantic thatched daybed pavilion on the other and a separate third pavilion houses the full designer kitchen with indoor / outdoor dining.  Fully enclosed in its lush private garden the tropical luxe Villa Te Arau showcases polished island hardwoods and black pearl shell painstakingly worked by local craftsmen into beautiful flooring feature furniture pieces and objects d'art used throughout the villa.  Guests of Villa Te Arau can also access the services of SpaPolynesia Flying Boat Beach Bar & Grill Personal Wedding Planner tour desk gift shop and complimentary snorkelling fish feeding outrigger canoeing windsurfing bicycles and hura (hula) lessons at The Aitutaki Lagoon Resort & Spa. Aitutaki's first luxury pool villa has a wildly romantic ambience ideal for falling in love all over again whether on your first  or your fifth honeymoon! An idyllic super luxe and very exclusive honeymoon hideaway.,,Gym Currency exchange facilities Hotel safe Launderette Visa Electrón Visa MasterCard Diners Club American Express Hotel,-18.87179|-159.78231,,CK,http://www.villasofthesouthseas.com/te_arau_home.cfm
CK,Cook Islands,100070,Aitutaki,1387571,Ranginui's Retreat,ThreeStar,PO Box 8 Ootu BeachAitutaki-Cook Islands ,,"Offering a picturesque beachfront location, Ranginuis Retreat features an outdoor swimming pool and BBQ facilities. Guests enjoy free use of kayaks. Free transfers are provided to and from Aitutaki Airport.

Surrounded by tropical gardens, Ranginuis Retreat is located in Ootu Beach on the stunning island of Aititaki. It is 100 metres from a restaurant and cafes. Aitutaki Airport is 2 minutes drive away.

Accommodation options include bungalows and budget rooms. All room types offer a toaster, refrigerator, and tea and coffee making facilities. There is a private bathroom with a shower. Some bungalows include a balcony with sea views.

Ranginuis Retreat features a tour desk and free luggage storage. Motor scooter rental is available on-site. Please note that this property does not accept payments with American Express credit cards.

Free transfers are available to and from Aitutaki Airport between 08:30 and 18:00. An additional charge of NZ $20 applies if guests require to be picked up before 08:30. Please inform Ranginuis Retreat in advance if you want to use this service, using the contact details found on the booking confirmation.

Please note WiFi is available at an additional charge. For more information, please contact Ranginuis Retreat using the contact details found on the booking form.",+68231658,paid wifi Swimming pool Beach Swimming pool bicycle rental Private parking parking on site Beachfront airport shuttle (free) water sport facilities on site Air conditioning Outdoor pool wifi Luggage storage Tour desk Car hire BBQ facilities Canoeing Safety Deposit Box internet services Free parking Laundry Airport shuttle Non-smoking rooms Garden Parking,-18.84897|-159.75888,+68231657,,https://www.booking.com/hotel/ck/ranginuis-retreat.html
CK,Cook Islands,100070,Aitutaki,1534702,Aitutaki Seaside Lodges,ThreeStar,P.O. Box 79 Aitutaki ,,"Set alongside Aitutaki Lagoon, this resort offers 3 beachfront bungalows. Aitutaki Seaside Lodges is located in Amuri, 5 minutes drive from Aitutaki Airport.

Each air-conditioned bungalow is situated only 20 metres from the water and are fully insect screened. All offer a fully equipped kitchen, a living area and a flat-screen TV. Towels and bed linen are provided.

Aitutaki Seaside Lodges is situated in a private setting on the north western side of Aitutaki. It is a 10-minutes walk from the closest restaurant and bar, and a 10-minute drive from Arutanga Village.

Guests can create a meal on the BBQ, or enjoy onsite activities such as swimming and kayaking. The property can book lagoon or fishing trips and also car hire. Other facilities include a shared laundry and a phone for guests to make local calls. Please inform Aitutaki Seaside in advance of your expected arrival time. You can use the Special Requests box when booking, or contact the property directly with the contact details provided in your confirmation.
Transfers are available to and from Aitutaki Airport. These are charged NZD 25 per person, return. Please inform Aitutaki Seaside Lodges in advance if you want to use this service, using the contact details found on the booking confirmation.

Please advise your flight details at time of booking, using the contact details found on the booking confirmation.

The bungalows are self catering, self servicing bungalows however the local managers are available for assistance if required.
Managed by a private host",,board games/puzzles Private parking parking on site Beachfront airport shuttle (free) water sport facilities on site shuttle service (free) Private check-in/check-out Sun terrace Private beach area Air conditioning Free WiFi wifi Luggage storage Snorkelling Tour desk BBQ facilities Canoeing express check-in/check-out internet services Free parking Family rooms Laundry Airport shuttle Non-smoking rooms Terrace Garden Golf course (within 3 km) Pets allowed Parking cashless payment available first aid kit available staff follow all safety protocols as directed by local authorities Fire extinguishers,-18.83048|-159.77793,+68270458|+68231056,P.O.Box 79,http://www.seaside-aitutaki.com/
CK,Cook Islands,100070,Aitutaki,1534721,Reef Motel Aitutaki,TwoStar,Nikaupara Nikaupara Aitutaki ,Distances are displayed to the nearest 0.1 mile and kilometer. <br /> <p>Arutanga Harbour - 1.7 km / 1 mi <br /> Maina Island - 1.9 km / 1.2 mi <br /> Akaiami - 2.9 km / 1.8 mi <br /> Ee - 4 km / 2.5 mi <br /> Maungapu - 5.4 km / 3.4 mi <br /> Aitutaki Golf Club - 7.7 km / 4.8 mi <br /> Ootu Beach - 10.1 km / 6.3 mi <br /> </p><p>The nearest major airport is Aitutaki (AIT) - 7.6 km / 4.7 mi</p>,"<p>HeadLine : Near Arutanga Harbour</p><p>Location : When you stay at The Reef Motel Aitutaki in Aitutaki, you ll be on the beach, within a 5-minute drive of Maina Island and Arutanga Harbour.  This beach hotel is 6.3 mi (10.1 km) from Ootu Beach and 2.1 mi (3.3 km) from Akaiami.</p><p>Rooms : Make yourself at home in one of the 12 guestrooms featuring refrigerators and microwaves. Rooms have private furnished patios. Prepare your meals in the shared/communal kitchen. Wireless Internet access (surcharge) is available to keep you connected. Bathrooms with showers are provided.</p><p>CheckIn Instructions : Extra-person charges may apply and vary depending on property policy Government-issued photo identification and a credit card, debit card, or cash deposit may be required at check-in for incidental charges Special requests are subject to availability upon check-in and may incur additional charges; special requests cannot be guaranteed</p><p>Special Instructions : Airport shuttle service is available on request during limited hours. Fees may apply. Contact the property in advance to make arrangements.</p>",682-25-673,Designated smoking areas Outdoor pool WiFi (surcharge) Free parking nearby Wheelchair accessible parking Tours/ticket assistance Terrace Parking (limited spaces) Laundry facilities,-18.876694|-159.79793,+682 31 511,0002,http://www.thereefmotel.com/
CK,Cook Islands,100070,Aitutaki,1534738,Vaiorea Beach House,FourStar,Aratea ArutangaAitutaki ,,"Booking.Com Award Winner 2015 
Rated 9.9 out of 10
This neighbour free property is what you need to enjoy your holiday, whether for honeymooners or just holidaymakers then look no further as this self catering property is the perfect & ideal location for peace, relaxation & tranquillity!
swimming hole right outside your balcony, restaurants in walking distance, or walk up Aitutakis highest point(Maunga Pu) just 15mins from bottom to top! Set opposite Aitutakis beautiful turquoise lagoon, Vaiorea Beach House boasts beautiful ocean views and direct beach access. This beachfront villa provides a secluded setting, ideally located to enjoy the beach.

This spacious open-plan villa features a balcony with an outdoor dining area. It offers a fully equipped kitchen and a dining/lounge area. You can share a meal using the BBQ facilities.

Snorkeling, diving and kayaking can be organised. An airport shuttle can also be arranged.

Vaiorea Villa is a 5-minute drive from Aitutaki Airport. Please inform Vaiorea Beach House in advance of your expected arrival time. You can use the Special Requests box when booking, or contact the property directly with the contact details provided in your confirmation.
Transfers are available to and from Aitutaki Airport for flights arriving after 14:00. These are charged NZD 10 per person, each way. Please inform Vaiorea Beach House in advance if you want to use this service, using the contact details found on the booking confirmation. If you expect to arrive before 14:00, please contact the property in advance, using the contact details found on the booking confirmation.

Please note that Vaiorea Beach House does not accept payments via credit card. You will be contacted by the hotel with bank account details for you to make payment of your deposit.",,Free self parking Golf course (within 3 km) Garden Terrace Non-smoking rooms Airport shuttle Fishing Laundry facilities Family rooms Bicycle rental (additional charge) Business services Hiking BBQ facilities Car hire Diving Snorkelling Air conditioning Designated smoking areas On private beach Free airport transportation Parking onsite Private parking,-18.8375|-159.78369,,,https://www.booking.com/hotel/ck/vaiorea-beach-house.html
CK,Cook Islands,100070,Aitutaki,1644529,Kuru Club,FourStar,Main Airport Road Amuri Aitutaki ,Distances are displayed to the nearest 0.1 mile and kilometer. <br /> <p>Aitutaki Golf Club - 1.1 km / 0.7 mi <br /> Akitua Island - 1.9 km / 1.2 mi <br /> Ootu Beach - 2 km / 1.2 mi <br /> Ee - 2.2 km / 1.4 mi <br /> Maungapu - 3.6 km / 2.3 mi <br /> Arutanga Harbour - 6.7 km / 4.2 mi <br /> Vaipae Church - 8.3 km / 5.1 mi <br /> </p><p>The preferred airport for Kuru Club Aitutaki is Aitutaki (AIT) - 1 km / 0.6 mi </p>,"<p>HeadLine : Near Aitutaki Golf Club</p><p>Location : Located in Aitutaki, Kuru Club Aitutaki is on the boardwalk, within a 5-minute drive of Aitutaki Golf Club and Akitua Island.  This 4-star hotel is 1.1 mi (1.8 km) from Ee and 1.2 mi (2 km) from Ootu Beach.</p><p>Rooms : Make yourself at home in one of the 10 individually decorated guestrooms, featuring refrigerators and LED televisions. Your pillowtop bed comes with Egyptian cotton sheets. Rooms have private furnished patios. Wireless Internet access (surcharge) keeps you connected, and digital programming is available for your entertainment. Private bathrooms with showers feature rainfall showerheads and complimentary toiletries.</p><p>Dining : Take advantage of the hotel s room service (during limited hours). Quench your thirst with your favorite drink at the beach bar. Cooked-to-order breakfasts are available daily from 7:30 AM to noon for a fee.</p><p>CheckIn Instructions : <ul>  <li>Extra-person charges may apply and vary depending on property policy</li><li>Government-issued photo identification and a credit card may be required at check-in for incidental charges</li><li>Special requests are subject to availability upon check-in and may incur additional charges; special requests cannot be guaranteed</li><li>Guests must contact this property in advance to reserve cribs/infant beds</li><li>This property accepts credit cards and debit cards; cash is not accepted</li>  </ul></p><p>Special Instructions : This property offers transfers from the airport. To arrange pick-up, guests must contact the property 48 hours prior to arrival, using the contact information on the booking confirmation. There is no front desk at this property. If you are planning to arrive after 8:00 PM please contact the property in advance using the information on the booking confirmation. The host will greet guests on arrival.</p>",64-21-606068,Roll-in shower (in select rooms) Tours/ticket assistance Accessible bathroom (in select rooms) Shopping center shuttle (surcharge) Scooter/moped rentals on site Free airport transportation On private beach Parking (limited spaces) Babysitting or childcare (surcharge) Pool umbrellas Sailing nearby WiFi (surcharge) Scuba diving nearby Designated smoking areas Number of outdoor pools - 1 Number of beach bars - 1 Water skiing nearby In-room accessibility (in select rooms) Multilingual staff Parasailing nearby Water dispenser Electric car charging station Personal motor watercraft nearby Breakfast available (surcharge) Marina nearby Barbecue grill(s) Coffee/tea in common areas Laundry facilities Motor boating nearby Wheelchair accessible (may have limitations) Free grocery shopping service Fishing nearby Television in common areas Windsurfing nearby Well-lit path to entrance Garden Free bicycles on site Beach shuttle (surcharge) Luggage storage Housekeeping on request Snorkeling nearby Designated smoking areas (fines apply) Hiking/biking trails nearby Children's pool Surfing/bodyboarding nearby Kayaking nearby Beach sun loungers Terrace Pool sun loungers Picnic area Stair-free path to entrance Wedding services Beach towels Boat tours nearby,-18.834573|-159.763108,64-21-606068,0,http://www.kuruclub.co.ck
CK,Cook Islands,100070,Aitutaki,1825744,Patia Holiday Home,ThreeStar,Road Aitutaki Aitutaki ,Distances are displayed to the nearest 0.1 mile and kilometer. <br /> <p>Arutanga Harbour - 1.8 km / 1.1 mi <br /> Maungapu - 4.3 km / 2.6 mi <br /> Aitutaki Golf Club - 6.6 km / 4.1 mi <br /> Ee - 8.7 km / 5.4 mi <br /> Akitua Island - 8.7 km / 5.4 mi <br /> Ootu Beach - 9 km / 5.6 mi <br /> </p><p>The nearest major airport is Aitutaki (AIT) - 6.4 km / 4 mi</p>,"<p>HeadLine : Near Arutanga Harbour</p><p>Location : Located in Aitutaki, this villa is in the mountains, a 3-minute drive from Arutanga Harbour and 6 minutes from Maungapu.  This villa is 5.4 mi (8.7 km) from Akitua Island and 5.6 mi (9 km) from Ootu Beach.</p><p>Rooms : Make yourself comfortable in this villa, featuring a kitchen with a full-sized refrigerator/freezer and an oven. Wireless Internet access (surcharge) keeps you connected, and a flat-screen television is provided for your entertainment. Conveniences include a desk and a microwave.</p><p>CheckIn Instructions : <ul>  <li>Extra-person charges may apply and vary depending on property policy</li><li>Government-issued photo identification and a credit card, debit card, or cash deposit may be required at check-in for incidental charges</li><li>Special requests are subject to availability upon check-in and may incur additional charges; special requests cannot be guaranteed</li><li>Minimum Spring Break check-in age is 18 years old</li><li>This property accepts cash</li><li>Safety features at this property include a carbon monoxide detector, a fire extinguisher, a smoke detector, a first aid kit, and window guards</li>  </ul></p><p>Special Instructions : This property doesn t offer after-hours check-in. To make arrangements for check-in please contact the property at least 72 hours before arrival using the information on the booking confirmation. Guests must contact the property in advance for check-in instructions. Front desk staff will greet guests on arrival.</p>",,Barbecue grill(s) Picnic area Express check-in Terrace Luggage storage Designated smoking areas Beach shuttle (surcharge) 24-hour front desk Laundry facilities Express check-out Accessible bathroom Free self parking Dry cleaning/laundry service Garden,-18.86359|-159.7847,,,
CK,Cook Islands,100070,Aitutaki,1870457,Matriki Beach Huts,All,PO Box 32 AmuriAitutakiArutanga ,,"Matriki Beach Huts provide absolute beachfront accommodation on the sunset side of the island. You can enjoy snorkelling from the beautiful white sand beach right at the front of the property.

The property offers 4 unique, rustic, self-contained beach huts, each with their own terrace, simple cooking facilities and an open air shower. They share a toilet facility at the rear of the property. Also available is a garden unit which has its own en suite toilet and shower. There is a shared BBQ and outdoor table setting on the beach.

Guests can enjoy various activities including snorkelling, hiking, fishing, and diving. Bicycle and semi automatic scooter hire is available on site.

Matriki Beach Huts offers lagoon, water taxi and fishing tours on their 7 metre long boat, for an additional charge. The nearest airport is Aitutaki Airport, 3 km from the property. Please inform Matriki Beach Huts in advance of your expected arrival time. You can use the Special Requests box when booking, or contact the property directly with the contact details provided in your confirmation.",+68231564,Parking Golf course (within 3 km) Garden Terrace Non-smoking rooms Airport shuttle Fishing Laundry Free parking internet services express check-in/check-out Safety Deposit Box Massage Canoeing Hiking BBQ facilities Car hire Cycling Tour desk Diving Snorkelling Luggage storage Tour or class about local culture wifi Key access Private beach area Smoke alarms Sun terrace Fire extinguishers Private check-in/check-out bicycle rental shuttle service (additional charge) use of cleaning chemicals that are effective against coronavirus water sport facilities on site linens  towels and laundry washed in accordance with local authority guidelines airport shuttle (additional charge) guest accommodation is disinfected between stays Beachfront hand sanitizer in guest accommodation and key areas parking on site Private parking wifi available in all areas paid wifi board games/puzzles process in place to check health of guests first aid kit available cashless payment available invoice provided guests have the option to cancel any cleaning services for their accommodation during their stay secured parking Street parking Accessible parking Fruits airport pick up airport drop off sun loungers or beach chairs Outdoor furniture Picnic area Outdoor fireplace Beach Shuttle service,-18.84111|-159.7884,+68231564,,https://www.booking.com/hotel/ck/matriki-beach-huts.html
CK,Cook Islands,100070,Aitutaki,5269036,Ranginui Sunset,ThreeStar,Amuri Ck  ,,"Set a few steps from Aitutaki Beach, Ranginui Sunset offers accommodation with a garden, barbecue facilities and free shuttle service for your convenience.

There is a fully equipped kitchenette and a private bathroom.

Both a bicycle rental service and a car rental service are available at the villa, while canoeing can be enjoyed nearby.

The nearest airport is Aitutaki Airport, a few steps from Ranginui Sunset. This property will not accommodate hen, stag or similar parties.
Please note this property does not accept payments made with American Express credit cards.

Free transfers are available to and from Aitutaki Airport. Please inform Villa Ranginuis Sunset in advance if you want to use this service, using the contact details found on the booking confirmation.

Car hire is available and is subject to availability. For further information please contact the property in advance, using the contact details found on the booking confirmation.
Managed by a private host",,Parking Garden Non-smoking rooms Airport shuttle Laundry Free parking internet services Canoeing BBQ facilities Car hire Diving wifi Non-smoking throughout airport shuttle (free) Beachfront parking on site Private parking wifi available in all areas paid wifi Beach bicycle rental invoice provided,-18.82586|-159.77563,,,https://www.booking.com/hotel/ck/villa-ranginui-39-s-sunset.html
CK,Cook Islands,100070,Aitutaki,5294410,Paparei Beachfront Bungalows Aitutaki,ThreeStar,Ureia  ,,"Located in the Ureia Village, Paparei Beachfront Bungalows, Aitutaki offers beach-side accommodation with free airport transfers. Each bungalow offers a kitchenette and a private bathroom.n

Paparei Beachfront Bungalows is 5 minutes walk from dining options. It is 10 minutes drive from Aitutaki Airport. Bike hire is available at the property and the area is popular for snorkeling.

All bungalows include bed linen, tea/coffee making facilities and a lounge area with a sofa. Guests can enjoy an outdoor meal using the shared BBQ facilities. Free transfers are available to and from Aitutaki Airport. Please inform Paparei Beachfront Bungalows, Aitutaki in advance if you want to use this service, using the contact details found on the booking confirmation.
Managed by a private host",,Parking Garden Airport shuttle Laundry Ironing service Free parking internet services Bicycle rental (additional charge) BBQ facilities Packed lunches Car hire Snorkelling wifi Special diet menus (on request) airport shuttle (free) Beachfront Daily housekeeping grocery deliveries parking on site Private parking wifi available in all areas paid wifi,-18.85865|-159.79564,,,https://www.booking.com/hotel/ck/paparei-beachfront-bungalows-aitutaki.html
CK,Cook Islands,100070,Aitutaki,5305577,Moana Villa Aitutaki,FiveStar,Amuri  ,,"This waterfront property offers beautifully appointed luxury villas, designed for maximum privacy and relaxation. Each has a beachside patio, private swimming pool, air conditioning and stunning lagoon views.

Aitutaki Escape is situated 3km from Aitutaki Airport. The flight from Rarotonga to Aitutaki takes about 45 minutes. Airport transfers are available.

All of these 5-star villas feature marble floors throughout and fully equipped designer kitchens. Guests can relax with a home entertainment system featuring a 50-inch TV, DVD library and iPod connection.

The spacious dining and living areas open onto a beachfront terrace with your own spa pool, while a A boardwalk takes you from your private villa to a sun lounging area at the waters edge.

Guests at Aitutaki Escape Cook Islands enjoy free use of snorkelling gear, bicycles and kayaks. In-house dining options include hamper packs, or there is a private chef who can cater for romantic dinners. Please note that this hotel is not suitable for guests under the age of 16 years of age.

There is a transfer service available to and from Aitutaki Airport (charges apply). Please inform Aitutaki Escape in advance if you want to use the service, using the contact details found on the booking confirmation.",,Non-smoking throughout Air conditioning Private beach area outdoor pool (all year) concierge service Private check-in/check-out shuttle service (free) shuttle service (additional charge) Special diet menus (on request) water sport facilities on site airport shuttle (free) Beachfront Adult only Daily housekeeping grocery deliveries parking on site Private parking wifi available in all areas paid wifi board games/puzzles pool/beach towels Shallow end Pub crawls Tour or class about local culture Smoke alarms Fire extinguishers Swimming pool use of cleaning chemicals that are effective against coronavirus linens  towels and laundry washed in accordance with local authority guidelines guest accommodation is disinfected between stays physical distancing in dining areas food can be delivered to guest accommodation Parking Restaurant Room service Golf course (within 3 km) Garden Terrace Non-smoking rooms Airport shuttle Fishing Laundry breakfast in the room Free parking internet services express check-in/check-out Safety Deposit Box Massage Windsurfing Canoeing Hiking BBQ facilities Car hire Tour desk Diving wifi Outdoor pool staff follow all safety protocols as directed by local authorities hand sanitizer in guest accommodation and key areas first aid kit available invoice provided all plates  cutlery  glasses and other tableware have been sanitized guests have the option to cancel any cleaning services for their accommodation during their stay delivered food is securely covered,-18.83111|-159.77736,,00000,https://www.booking.com/hotel/ck/aitutaki-escape.html
CK,Cook Islands,100070,Aitutaki,5466654,Aitutaki Ootu Villa,ThreeStar,Vaitupa  ,Distances are displayed to the nearest 0.1 mile and kilometer. <br /> <p>Arutanga Harbour - 2 km / 1.2 mi <br /> Maungapu - 3.9 km / 2.4 mi <br /> Akaiami - 4 km / 2.5 mi <br /> Moturakau Island - 4.6 km / 2.9 mi <br /> Maina Island - 4.8 km / 3 mi <br /> One Foot Island Beach - 4.9 km / 3 mi <br /> Aitutaki Golf Club - 6.2 km / 3.9 mi <br /> Ee - 8 km / 4.9 mi <br /> Akitua Island - 8 km / 5 mi <br /> Ootu Beach - 8.2 km / 5.1 mi <br /> </p><p>The nearest major airport is Aitutaki (AIT) - 5.7 km / 3.5 mi</p>,"<p>HeadLine : Near Arutanga Harbour</p><p>Location : Located in Aitutaki, this vacation home is a 5-minute drive from Arutanga Harbour and 9 minutes from Maungapu.  This vacation home is 3 mi (4.9 km) from One Foot Island Beach and 5 mi (8 km) from Akitua Island.</p><p>Rooms : Make yourself comfortable in this air-conditioned vacation home, featuring a kitchen with a full-sized refrigerator/freezer and an oven. Wireless Internet access (surcharge) is available to keep you connected. Conveniences include a phone, as well as a washing machine and a ceiling fan.</p><p>CheckIn Instructions : <ul>  <li>Extra-person charges may apply and vary depending on property policy</li><li>Government-issued photo identification and a credit card, debit card, or cash deposit may be required at check-in for incidental charges</li><li>Special requests are subject to availability upon check-in and may incur additional charges; special requests cannot be guaranteed</li><li>This property accepts credit cards</li>  </ul></p><p>Special Instructions : There is no front desk at this property. Guests will receive an email with special check-in instructions. For more details, please contact the property using the information on the booking confirmation.</p>",682-00-000,Barbecue grill(s) Terrace Free self parking Airport transportation (surcharge) Bicycle rentals on site Garden,-18.85795|-159.7853,682-70-281,,
CK,Cook Islands,100070,Aitutaki,5466869,Ootu Beach House,ThreeStar,Vaitupa  ,Distances are displayed to the nearest 0.1 mile and kilometer. <br /> <p>Arutanga Harbour - 2 km / 1.2 mi <br /> Maungapu - 3.9 km / 2.4 mi <br /> Aitutaki Golf Club - 6.6 km / 4.1 mi <br /> Ee - 7.8 km / 4.9 mi <br /> Ootu Beach - 9 km / 5.6 mi <br /> </p><p>The nearest major airport is Aitutaki (AIT) - 6.5 km / 4 mi</p>,"<p>HeadLine : Near Arutanga Harbour</p><p>Location : Located in Aitutaki, this vacation home is by the sea, a 5-minute drive from Arutanga Harbour and 7 minutes from Maungapu.  This vacation home is 4.1 mi (6.6 km) from Aitutaki Golf Club and 4.9 mi (7.8 km) from Ee.</p><p>Rooms : Make yourself comfortable in your vacation home, featuring a microwave and a DVD player. There s a private balcony or patio. Wireless Internet access (surcharge) is available to keep you connected. Conveniences include a coffee/tea maker and a washing machine.</p><p>CheckIn Instructions : Extra-person charges may apply and vary depending on property policy. <br />Government-issued photo identification and a credit card, debit card, or cash deposit are required at check-in for incidental charges. <br />Special requests are subject to availability upon check-in and may incur additional charges. Special requests cannot be guaranteed. <ul>  Please note that cultural norms and guest policies may differ by country and by property. The policies listed are provided by the property. </ul></p>",682-00-000,Barbecue grill(s) Laundry facilities Terrace Luggage storage Free self parking Airport transportation (surcharge) Wired Internet access - surcharge Smoke-free property Garden,-18.857952|-159.785284,682-70-281,,
CK,Cook Islands,100070,Aitutaki,5639268,Tavake Villa,All,Ureia Aitutaki Cook Islands  ,,"Featuring sea views, Tavake Villa provides accommodation with a garden, a restaurant and a bar, around 2.2 km from Aitutaki Beach. This villa features free private parking and free shuttle service.

The air-conditioned villa consists of 1 bedroom, a living room, a fully equipped kitchen with a fridge and a kettle, and 1 bathroom with a shower and free toiletries. Towels and bed linen are provided in the villa.

A bicycle rental service and a private beach area are available at the villa.

The nearest airport is Aitutaki Airport, 5 km from Tavake Villa. Please inform Tavake Villa in advance of your expected arrival time. You can use the Special Requests box when booking, or contact the property directly with the contact details provided in your confirmation.
This property will not accommodate hen, stag or similar parties.",,food can be delivered to guest accommodation staff follow all safety protocols as directed by local authorities shared stationery such as printed menus  magazines  pens  and paper removed hand sanitizer in guest accommodation and key areas process in place to check health of guests first aid kit available contactless check-in/check-out cashless payment available physical distancing rules followed mobile app for room service screens or physical barriers placed between staff and guests in appropriate areas property is cleaned by professional cleaning companies all plates  cutlery  glasses and other tableware have been sanitized guests have the option to cancel any cleaning services for their accommodation during their stay breakfast takeaway containers delivered food is securely covered thermometers for guests provided by property face masks for guests available secured parking Accessible parking airport pick up airport drop off Outdoor furniture Beach Parking Restaurant Bar Golf course (within 3 km) Garden Airport shuttle Fishing Laundry dry cleaning Key access Family rooms Free parking Safety Deposit Box CCTV outside property bicycle rental use of cleaning chemicals that are effective against coronavirus linens  towels and laundry washed in accordance with local authority guidelines guest accommodation is disinfected between stays guest accommodation sealed after cleaning physical distancing in dining areas Car hire Diving Non-smoking throughout Air conditioning designated smoking area Private beach area nightclub/dj Private check-in/check-out airport shuttle (free) Beachfront Evening entertainment Daily housekeeping parking on site Private parking board games/puzzles,-18.86364|-159.79856,,,https://www.booking.com/hotel/ck/tavake-villa.html
CK,Cook Islands,100070,Aitutaki,5956989,Abera's Aitutaki Villas,All,Aberas Aitutaki Villas Amuri  ,,"Featuring sea views, Aberas Aitutaki Villas provides accommodation with a garden, a terrace and water sports facilities, around a few steps from Aitutaki Beach. Boasting a private pool, the villa is in an area where guests can engage in activities such as hiking and snorkelling.

The air-conditioned villa consists of 1 bedroom, a living room, a fully equipped kitchen with a fridge and a coffee machine, and 1 bathroom with a shower and free toiletries. Towels and bed linen are provided in the villa.

Guests at the villa can enjoy a continental breakfast.

Aberas Aitutaki Villas has a barbecue, along with a private beach area.

The nearest airport is Aitutaki Airport, 3 km from the accommodation. Please inform Aberas Aitutaki Villas in advance of your expected arrival time. You can use the Special Requests box when booking, or contact the property directly with the contact details provided in your confirmation.
This property will not accommodate hen, stag or similar parties.",,Private check-in/check-out water sport facilities on site Beachfront Adult only Salt-water pool airport pick up airport drop off sun loungers or beach chairs Sun umbrellas Outdoor furniture Picnic area Full body massage kids' pool Swimming pool Beach 24-hour security Key access Swimming pool use of cleaning chemicals that are effective against coronavirus Golf course (within 3 km) Garden Terrace Non-smoking rooms Airport shuttle Fishing Laundry breakfast in the room express check-in/check-out Safety Deposit Box Massage Hiking BBQ facilities Car hire Heating Snorkelling Outdoor pool Air conditioning designated smoking area Private beach area Sun terrace outdoor pool (all year) linens  towels and laundry washed in accordance with local authority guidelines guest accommodation is disinfected between stays physical distancing in dining areas food can be delivered to guest accommodation staff follow all safety protocols as directed by local authorities first aid kit available contactless check-in/check-out cashless payment available all plates  cutlery  glasses and other tableware have been sanitized guests have the option to cancel any cleaning services for their accommodation during their stay breakfast takeaway containers delivered food is securely covered,-18.84524|-159.7931,,,https://www.booking.com/hotel/ck/abera-39-s-aitutaki-villas-arutanga.html
CK,Cook Islands,110080,Atiu,1267061,Atiu Villas,ThreeStar,Box 7  ,,"Featuring a swimming pool, a restaurant and a bar, Atiu Villas are located on Atiu Island. Each of the self-contained villas is surrounded by tropical gardens. Guests also enjoy a tennis court and free use of snorkelling equipment.

Atiu Island Villas are just 5 minutes drive from Matai Beach. Enua Airport is 15 minutes drive away.

Built using local native wood, the chalet-style villas features a kitchen with a stove, oven and refrigerator. All offer a fully stocked food cupboard with bread, eggs, cheese, canned goods and more.

Guests enjoy 30 MB of free Wi-Fi (for 1 device) each day. The tour desk books caving, hiking and cultural tours. Bicycle, motor bike and 4WD hire is also available.

The restaurant serves dinner each night and offers a large communal dining area. The bar offers a selection of beer and wine. Please inform Atiu Villas in advance of your expected arrival time. You can use the Special Requests box when booking, or contact the property directly with the contact details provided in your confirmation.
Transfers are available to and from Enua Airport. These are charged at NZD 12 per person, per way. Children under 12 years old receive a 50% discount.
Please inform Atiu Villas in advance if you want to use this service, using the contact details found on the booking confirmation.

Please let Atiu Villas know your expected arrival time in advance. You can use the Special Requests box when booking, or contact the property using the contact details found on the booking confirmation.

Please note that Atiu Villas does not accept payments with American Express credit cards.
Managed by a private host",682-23288,Outdoor fireplace Swimming pool Swimming pool bicycle rental invoice provided Parking Restaurant Pets allowed Bar Tennis Court Garden Airport shuttle Fishing Laundry Family rooms Free parking internet services Hiking BBQ facilities Car hire Cycling Tour desk Snorkelling wifi Free WiFi Snack Bar Sun terrace outdoor pool (all year) Special diet menus (on request) airport shuttle (additional charge) parking on site Private parking wifi available in all areas Salt-water pool Shallow end Wine/champagne Fruits airport pick up airport drop off tennis equipment sun loungers or beach chairs Picnic area,-20.00728|-158.10892,682-22888,000,https://www.booking.com/hotel/ck/atiu-villas.html
CK,Cook Islands,126395,Mangaia Island,1023171,Mangaia Villas,ThreeStar,Oneroa Road RarotongaCook Islands ,,"<p>HeadLine : In Mangaia</p><p>Location : Mangaia Villas is located in Mangaia.</p><p>Rooms : Make yourself at home in one of the 4 guestrooms, featuring kitchens with full-sized refrigerators/freezers and ovens. Rooms have private balconies. Conveniences include microwaves and electric kettles, and housekeeping is provided on weekdays only.</p><p>Dining : A complimentary continental breakfast is served daily from 7 AM to 10 AM.</p><p>CheckIn Instructions : <ul>  <li>Extra-person charges may apply and vary depending on property policy</li><li>Government-issued photo identification and a credit card, debit card, or cash deposit may be required at check-in for incidental charges</li><li>Special requests are subject to availability upon check-in and may incur additional charges; special requests cannot be guaranteed</li><li>This property accepts credit cards and cash</li>  </ul></p><p>Special Instructions : This property offers transfers from the airport (surcharges may apply). Guests must contact the property with arrival details before travel, using the contact information on the booking confirmation. There is no front desk at this property. To make arrangements for check-in please contact the property ahead of time using the information on the booking confirmation. If you are planning to arrive after 6 PM please contact the property in advance using the information on the booking confirmation. Guests must contact the property for check-in instructions.</p>",682-29-884,Airport transportation (surcharge) Limited WiFi (surcharge) device count - 1 Free breakfast WiFi (surcharge) Library Daily Barbecue grill(s) Garden Picnic area In-room accessibility (in select rooms) Wheelchair accessible parking Laundry facilities Tours/ticket assistance Free self parking Terrace Free continental breakfast Concierge services,-21.910138|-157.95192,+68229882,n a,http://www.mangaiavillas.com/
CK,Cook Islands,126395,Mangaia Island,1255031,Ara Moana Bungalows,TwoStar,Ivirua Mangaia Island Mangaia ,,"<p>HeadLine : On the beach</p><p>Location : You ll be on the beach with a stay at Ara Moana Bungalows in Mangaia.</p><p>Rooms : Make yourself at home in one of the 2 guestrooms. Rooms have private balconies. Complimentary wireless Internet access is available to keep you connected. Bathrooms with showers are provided.</p><p>Dining : At Ara Moana Bungalows, enjoy a satisfying meal at the restaurant. Unwind at the end of the day with a drink at the bar/lounge or the beach bar. Cooked-to-order breakfasts are available daily from 8 AM to 10 AM for a fee.</p><p>CheckIn Instructions : <ul>  <li>Extra-person charges may apply and vary depending on property policy</li><li>Government-issued photo identification and a credit card, debit card, or cash deposit may be required at check-in for incidental charges</li><li>Special requests are subject to availability upon check-in and may incur additional charges; special requests cannot be guaranteed</li><li>This property accepts cash</li>  </ul></p><p>Special Instructions : This property offers transfers from the airport (surcharges may apply). Guests must contact the property with arrival details before travel, using the contact information on the booking confirmation. To make arrangements for check-in please contact the property ahead of time using the information on the booking confirmation. If you are planning to arrive after midnight please contact the property in advance using the information on the booking confirmation. Guests must contact the property in advance for check-in instructions. Front desk staff will greet guests on arrival.</p>",682-23-940,Dry cleaning/laundry service Airport transportation (surcharge) Luggage storage Number of meeting rooms - 1 24-hour front desk Breakfast available (surcharge) Free WiFi Number of bars/lounges - 1 Number of beach bars - 1 Garden Smoke-free property Wheelchair accessible parking Free newspapers in lobby Tours/ticket assistance Free self parking Terrace 24-hour business center,-21.92072|-157.8901,682--34278,00000,http://www.aramoana.com
CK,Cook Islands,129452,Ngatangiia,1181012,Avana Waterfront Apartments,ThreeStar,Po Box 869 Ngatangiia Muri beachRarotonga ,Distances are displayed to the nearest 0.1 mile and kilometer. <br /> <p>Avana Harbour - 0.1 km / 0.1 mi <br /> Muri Lagoon - 0.4 km / 0.2 mi <br /> Te Vara Nui Village - 1.6 km / 1 mi <br /> Koromiri - 1.8 km / 1.1 mi <br /> Koteka Winery - 1.8 km / 1.1 mi <br /> Muri Night Markets - 1.9 km / 1.2 mi <br /> Muri Beach - 2.4 km / 1.5 mi <br /> Matutu Brewing Company - 3.6 km / 2.3 mi <br /> Tikioki Beach - 3.7 km / 2.3 mi <br /> Tikioki Marine Sanctuary - 3.9 km / 2.4 mi <br /> Maire Nui Botanical Gardens - 4.6 km / 2.9 mi <br /> Takitumu Conservation Area - 6.5 km / 4.1 mi <br /> Beachcomber Pearl Market - 6.9 km / 4.3 mi <br /> Wreck of the Matai - 7 km / 4.3 mi <br /> Bergman & Sons - 7.1 km / 4.4 mi <br /> </p><p>The preferred airport for Avana Waterfront Apartments is Rarotonga (RAR-Rarotonga Intl.) - 10.7 km / 6.7 mi </p>,"<p>HeadLine : In Rarotonga (Takitumu District)</p><p>Location : With a stay at Avana Waterfront Apartments in Rarotonga (Takitumu District), you ll be a 1-minute drive from Muri Lagoon and 6 minutes from Muri Beach.  This beach aparthotel is 4.3 mi (6.9 km) from Beachcomber Pearl Market and 4.3 mi (7 km) from Wreck of the Matai.</p><p>Rooms : Make yourself at home in one of the 10 guestrooms featuring microwaves and LED televisions. Satellite television is provided for your entertainment. Bathrooms have showers and hair dryers. Conveniences include electric kettles and complimentary bottled water, and housekeeping is provided weekly.</p><p>CheckIn Instructions : <ul>  <li>Extra-person charges may apply and vary depending on property policy</li><li>Government-issued photo identification and a credit card, debit card, or cash deposit may be required at check-in for incidental charges</li><li>Special requests are subject to availability upon check-in and may incur additional charges; special requests cannot be guaranteed</li><li>This property accepts credit cards; cash is not accepted</li><li>Safety features at this property include a fire extinguisher and a smoke detector</li>  </ul></p><p>Special Instructions : This property offers transfers from the airport (surcharges may apply). Guests must contact the property with arrival details before travel, using the contact information on the booking confirmation. The front desk is open during the following times:<ul><li>Monday - Friday: 8:00 AM - 4:00 PM</li></ul> <ul><li>Saturday - Saturday: 1:00 PM - 4:00 PM</li></ul>To make arrangements for check-in please contact the property at least 72 hours before arrival using the information on the booking confirmation. Guests must contact the property in advance for check-in instructions and key retrieval information. Front desk staff will greet guests on arrival.</p>",682-20-837,Beach umbrellas Free parking nearby Babysitting or childcare (surcharge) Windsurfing nearby Scuba diving nearby Bicycle parking available Number of outdoor pools - 1 Garden Picnic area Bicycle rentals nearby Tours/ticket assistance Beach towels Boat tours nearby Airport transportation (surcharge) On private beach Wheelchair accessible  no Luggage storage Express check-out Scooter/moped rentals nearby Mountain climbing nearby Barbecue grill(s) Safe-deposit box at front desk Smoke-free property Ecotours nearby Hiking/biking trails nearby Laundry facilities Surfing/bodyboarding nearby Free self parking Snorkeling on site Kayaking on site Beach sun loungers Terrace Pool sun loungers Bicycle rentals on site,-21.24292|-159.7263,+68220836,869,http://www.avanawaterfront.co.ck/
