countyCode,countyName,cityCode,cityName,HotelCode,HotelName,HotelRating,Address,Attractions,Description,FaxNumber,HotelFacilities,Map,PhoneNumber,PinCode,HotelWebsiteUrl
DK,Denmark,104692,Aakirkeby,1431680,Kanns Hotel,All,Eskildsgade 6 3720 Aakirkeby ,,"This modern hotel, located in the Bornholm island town of Aakirkeby, is 16 km from Rønne. It provides free Wi-Fi, an on-site restaurant with a furnished terrace, as well as rooms with a large flat-screen TV.

Up-to-date furnishings and a private bathroom with a shower are offered in all Kanns Hotel rooms, along with a desk.

The white sandy beaches of Boderne are 5 km away, while Bornholm Golf Club is 11 minutes drive from the hotel. Please inform Kanns Hotel in advance of your expected arrival time. You can use the Special Requests box when booking, or contact the property directly with the contact details provided in your confirmation.
If you expect to arrive outside check-in hours, please inform Kanns Hotel in advance. Keys will be placed in a locked box.

At Kanns Hotel, there is an extra charge when you pay with a foreign credit card.",,Parking meeting/banquet facilities Garden Terrace Non-smoking rooms Barber/beauty shop Free parking internet services Packed lunches Heating wifi Free WiFi Non-smoking throughout shared lounge/TV area parking on site Private parking wifi available in all areas Street parking Outdoor furniture Massage chair Key access Smoke alarms Fire extinguishers linens  towels and laundry washed in accordance with local authority guidelines guest accommodation sealed after cleaning contactless check-in/check-out cashless payment available guests have the option to cancel any cleaning services for their accommodation during their stay,55.07039|14.92285,56 97 40 12,3720,https://www.booking.com/hotel/dk/kanns.html
DK,Denmark,104692,Aakirkeby,1574471,Rosengaarden,TwoStar,Bodernevej 28 3720 Aakirkeby ,,"This hostel is 5 km south of Aakirkeby, on the island of Bornholm. It offers free private parking, a large garden and a communal kitchen and living room.

All rooms at Danhostel Boderne have a private terrace and a bathroom with shower.

Free Wi-Fi is available in the guest TV lounge at Danhostel. A trampoline, outdoor chess and a childrens playground are found in the surrounding garden. Other facilities include a BBQ area.

Danhostel Boderne is only 50 metres from the nearest bus stop and 1 km from the beach. Bed linen and towels are not included. You can rent them on site or bring your own.

At Danhostel Boderne, there is an extra charge when you pay with a foreign credit card.

If you expect to arrive outside check-in hours, please inform Danhostel Boderne in advance.

Please note that the use of travel sheets and sleeping bags is not allowed.",,Free self parking Meeting rooms Bar/lounge Garden Terrace Non-smoking rooms Laundry facilities Facilities for disabled guests Family rooms Internet access Children s playground Table tennis Darts Bicycle rental (additional charge) Library Hiking BBQ facilities Packed lunches Cycling Heating Fax/photocopying Shopping on site Free WiFi Allergy-free room Free WiFi Non-smoking throughout Terrace Shared kitchen Lockers Television in common areas On private beach Parking onsite Private parking Games Children's books Indoor play area Kids  outdoor play equipment Children television networks Kid meals,55.03475|14.9157,+4556974950,3720,https://www.booking.com/hotel/dk/danhostel-boderne.html
DK,Denmark,104692,Aakirkeby,1784042,Aakirkeby Bed And Breakfast,All,Hans Rømersvej 12 3720 Aakirkeby ,,"Located in Åkirkeby, 1.1 km from Natur Bornholm and 5.1 km from The Echo Valley, Aakirkeby Bed and Breakfast provides accommodation with free WiFi and a garden with a terrace and city views.

There is a fully equipped shared bathroom with shower and a hairdryer.

A vegetarian breakfast is available daily at the bed and breakfast.

Østerlars Church is 13 km from Aakirkeby Bed and Breakfast, while Bornholm Butterfly Park is 14 km away. The nearest airport is Bornholm Airport, 11 km from the accommodation. Please inform Aakirkeby Bed and Breakfast in advance of your expected arrival time. You can use the Special Requests box when booking, or contact the property directly with the contact details provided in your confirmation.
In response to Coronavirus (COVID-19), additional safety and sanitation measures are in effect at this property.
Managed by a private host",,invoice provided Smoke alarms Key access Walking tours Outdoor furniture Street parking Kid-friendly buffet board games/puzzles wifi available in all areas Private check-in/check-out Sun terrace Non-smoking throughout Free WiFi wifi Heating express check-in/check-out internet services Free parking Family rooms Non-smoking rooms Terrace Garden Pets allowed Parking,55.07159|14.91836,,3720,http://aakirkebybedandbreakfast.mono.net
DK,Denmark,104692,Aakirkeby,5476415,Holiday Home Aakirkeby,ThreeStar,Poserekrogen 3  ,Distances are displayed to the nearest 0.1 mile and kilometer. <br /> <p>Dueodde Golf Course - 3.5 km / 2.2 mi <br /> Jans Keramik - 6.4 km / 4 mi <br /> Dueodde Beach - 6.4 km / 4 mi <br /> Sct. Povls Kirke - 6.6 km / 4.1 mi <br /> Bornholmertarnet - 6.9 km / 4.3 mi <br /> Ringborgen Rispebjerg - 8.5 km / 5.3 mi <br /> Sanddyner Dueodde - 8.7 km / 5.4 mi <br /> Aa Kirke - 10.7 km / 6.6 mi <br /> NaturBornholm - 11.2 km / 7 mi <br /> Helleristninger Ved Li. Strandbygaard - 11.4 km / 7.1 mi <br /> Fotogalleri Bornholm - 11.8 km / 7.3 mi <br /> Ølene Bird Sanctuary - 11.9 km / 7.4 mi <br /> Balka Beach - 12.5 km / 7.8 mi <br /> Annelise Kofoed Hansen - 13.6 km / 8.4 mi <br /> Gallery Paradise Ceramics - 13.9 km / 8.6 mi <br /> </p><p>The preferred airport for this cottage is Ronne (RNN-Bornholm) - 19.8 km / 12.3 mi </p>,"<p>HeadLine : In Akirkeby</p><p>Location : Located in Akirkeby, this cottage is within a 10-minute drive of Dueodde Golf Course and Jans Keramik.  This cottage is 4 mi (6.4 km) from Dueodde Beach and 4.1 mi (6.6 km) from Sct. Povls Kirke.</p><p>Rooms : Make yourself comfortable in this cottage, which features a fireplace and a flat-screen TV. There s a private furnished balcony/patio. A kitchen is outfitted with a full-sized refrigerator/freezer, an oven, and a stovetop. Complimentary wireless Internet access is available to keep you connected.</p><p>CheckIn Instructions : <ul>  <li>Extra-person charges may apply and vary depending on property policy</li><li>Government-issued photo identification and a credit card, debit card, or cash deposit may be required at check-in for incidental charges</li><li>Special requests are subject to availability upon check-in and may incur additional charges; special requests cannot be guaranteed</li>  </ul></p><p>Special Instructions : There is no front desk at this property. Guests will receive an email with check-in instructions and lockbox information prior to arrival. Guests can access their accommodation through a private entrance.</p>",45-45-71749748,Free WiFi Terrace Free self parking Wheelchair accessible  no Laundry facilities Smoke-free property Garden Upper floors accessible by stairs only Barbecue grill(s),55.005|14.982,45-45-71749748,3720,
DK,Denmark,104692,Aakirkeby,5637872,Holiday home in Aakirkeby 9,FourStar,Siegårdsvejen 2 3720 Aakirkeby Denmark Akirkeby  ,,"Located 5 km from Natur Bornholm, Three-Bedroom Holiday home in Aakirkeby 9 is in Åkirkeby and features barbecue facilities and a terrace.

The holiday home comes with 3 bedrooms, a TV and a fully equipped kitchen that provides guests with a dishwasher, a microwave, a washing machine, a fridge and a stovetop.

The nearest airport is Bornholm Airport, 15 km from the holiday home. Please note that the full amount of the reservation is due before arrival. Dancenter will send a confirmation with detailed payment information. After full payment is taken, the propertys details, including the address and where to collect keys, will be emailed to you.
Please notice there are possible extra charges regarding Gas, Electricity, and Heating.
Facilities like cleaning and bed linen are optional and require an extra charge. Please order them at least 2 weeks prior arrival via the link provided in your Dancenter confirmation.
You will receive the Dancenter voucher by e-mail. This voucher is required on the day of arrival.",,Parking all plates  cutlery  glasses and other tableware have been sanitized property is cleaned by professional cleaning companies shared stationery such as printed menus  magazines  pens  and paper removed staff follow all safety protocols as directed by local authorities physical distancing in dining areas guest accommodation is disinfected between stays linens  towels and laundry washed in accordance with local authority guidelines use of cleaning chemicals that are effective against coronavirus wifi available in all areas Non-smoking throughout Free WiFi wifi BBQ facilities internet services Free parking Terrace Pets allowed,55.0695|14.97748,,3720,https://www.booking.com/hotel/dk/three-bedroom-holiday-home-in-aakirkeby-9-aakirkeby.html
DK,Denmark,104692,Aakirkeby,6012420,Apartment Aakirkeby,All,3720. Åkirkeby  ,,"Apartment Aakirkeby, a property with a terrace and barbecue facilities, is situated in Åkirkeby, 800 metres from Natur Bornholm, 6.5 km from The Echo Valley, as well as 14 km from Bornholm Butterfly Park. This apartment is 23 km from The Sanctuary Cliffs and 32 km from Hammershus Besøgscenter.

With free WiFi, this 2-bedroom apartment features a TV and a kitchen with a fridge and dishwasher.

Østerlars Church is 15 km from the apartment, while Brændegårdshaven is 19 km from the property. The nearest airport is Bornholm Airport, 13 km from Apartment Aakirkeby. Please note that the full amount of the reservation is due before arrival. Dancenter will send a confirmation with detailed payment information. After full payment is taken, the propertys details, including the address and where to collect keys, will be emailed to you.
Please notice there are possible extra charges regarding Gas, Electricity, and Heating. Facilities like cleaning and bed linen are optional and require an extra charge. Please order them at least 2 weeks prior arrival via the link provided in your DanCenter confirmation. 
You will receive the DanCenter voucher by e-mail. This voucher is required on the day of arrival.

Please note that the full amount of the reservation is due before arrival. DanCenter will send a confirmation with detailed payment information. After full payment is taken, the propertys details, including the address and where to collect keys, will be emailed to you.

Energy costs are not included in the price and will be charged according to guest use, upon departure.",,all plates  cutlery  glasses and other tableware have been sanitized property is cleaned by professional cleaning companies shared stationery such as printed menus  magazines  pens  and paper removed staff follow all safety protocols as directed by local authorities physical distancing in dining areas guest accommodation is disinfected between stays linens  towels and laundry washed in accordance with local authority guidelines use of cleaning chemicals that are effective against coronavirus wifi available in all areas Non-smoking throughout Free WiFi wifi BBQ facilities internet services Free parking Terrace Pets allowed Parking,55.06313|14.92272,,3720,https://www.booking.com/hotel/dk/apartment-aakirkeby.html
DK,Denmark,100753,Aalbaek,1350557,Aalbæk Badehotel,ThreeStar,Skagensvej 42 9982 Ålbæk ,Distances are displayed to the nearest 0.1 mile and kilometer. <br /> <p>Simons Raalling Egnssamling - 0.1 km / 0.1 mi <br /> Fladstrand Kirke - 0.4 km / 0.3 mi <br /> Plantagen - 0.7 km / 0.4 mi <br /> Aalbaek Kirke - 0.8 km / 0.5 mi <br /> Jerup Strand - 1.3 km / 0.8 mi <br /> Farm Fun - 1.7 km / 1.1 mi <br /> Golfklubben Hvide Klit - 4.2 km / 2.6 mi <br /> Hulsig Beach - 6 km / 3.7 mi <br /> Jerup Kirke - 6.6 km / 4.1 mi <br /> Raabjerg Kirke - 6.9 km / 4.3 mi <br /> Skagen Antik Og Design - 7.6 km / 4.7 mi <br /> Hulsig Kirke - 7.9 km / 4.9 mi <br /> Kandestederne Beach - 9.7 km / 6.1 mi <br /> Sorig Church - 9.8 km / 6.1 mi <br /> Dorthe Hansen - 10.6 km / 6.6 mi <br /> </p><p>The preferred airport for Aalbæk Badehotel is Aalborg (AAL) - 90.6 km / 56.3 mi </p>,"<p>HeadLine : Near Plantagen</p><p>Location : With a stay at Aalbæk Badehotel, you ll be centrally located in Aalbaek, steps from Simons Raalling Egnssamling and within a 10-minute walk of Plantagen.  This beach hotel is 0.4 mi (0.7 km) from Aalbaek Kirke and 3.9 mi (6.3 km) from Golfklubben Hvide Klit.</p><p>Rooms : Stay in one of 59 guestrooms featuring flat-screen televisions. Complimentary wireless Internet access keeps you connected, and cable programming is available for your entertainment. Bathrooms have showers and hair dryers. Conveniences include desks and dryers, and housekeeping is provided daily.</p><p>Dining : Satisfy your appetite at Krostuen, one of the hotel s 2 restaurants. Quench your thirst with your favorite drink at the bar/lounge. A complimentary buffet breakfast is served daily from 7:30 AM to 10:00 AM.</p><p>Renovations : The property is closed between January 1 and January 27.</p><p>CheckIn Instructions : <ul>  <li>Extra-person charges may apply and vary depending on property policy</li><li>Government-issued photo identification and a credit card, debit card, or cash deposit may be required at check-in for incidental charges</li><li>Special requests are subject to availability upon check-in and may incur additional charges; special requests cannot be guaranteed</li><li>This property accepts major credit cards, debit cards, and cash</li><li>Safety features at this property include a fire extinguisher and a smoke detector</li><li>Please note that cultural norms and guest policies may differ by country and by property; the policies listed are provided by the property</li>  </ul></p><p>Special Instructions : The front desk is open daily from 7:30 AM - 8:00 PM. If you are planning to arrive after 6 PM please contact the property in advance using the information on the booking confirmation. Front desk staff will greet guests on arrival.</p>",+4598488365,Terrace Pool sun loungers Conference space size (feet) - 50 Golf cart Optional golf privileges Golf clubs (equipment) Number of meeting rooms - 1 Swimming nearby Sailing nearby Free WiFi Number of bars/lounges - 1 In-room accessibility (in select rooms) Bicycle rentals nearby Wheelchair accessible parking Roll-in shower (in select rooms) Tours/ticket assistance Accessible bathroom (in select rooms) Free Buffet Breakfast Wheelchair-accessible lounge Wheelchair-accessible on-site restaurant Free breakfast Electric car charging station Daily Wheelchair-accessible meeting spaces/business center Bicycle rentals on site Motor boating nearby Mountain biking nearby Wheelchair accessible (may have limitations) Fishing nearby Wheelchair-accessible van parking Wheelchair-accessible registration desk Wheelchair-accessible public washroom Garden Stair-free path to entrance Boat tours nearby Pro shop Clubhouse Luggage storage Business center Front desk (limited hours) Playground on site Golfing nearby Safe-deposit box at front desk Smoke-free property Hiking/biking trails nearby Kayaking nearby Free self parking Conference space Hair salon,57.59411|10.41293,45-98-489022,9982,http://www.aalbak-gl-kro.dk/
DK,Denmark,100753,Aalbaek,1785913,Fru Møllers Bed & Breakfast,All,Skagensvej 39 9982 Aalbæk ,,"Located 20 minutes drive from both Skagen and Fredrikshavn, this B&B is also a 5-minute walk from the Aalbæk Train Station. It offers individually decorated guest rooms and an in-house café.

Guest rooms at Aalbæk Gl. Kro Bed & Breakfast are uniquely furnished in various styles and themes. Bathroom facilities are shared.

This property is situated in the same building as the Fru Mølles Antic Café, where antiques of all kinds are sold. Guests can enjoy a cup of coffee and light snack in the café. Traditional Danish and international cuisine are served at the restaurant across the street, which the Aalbæk Gl. Kro B&B owns.

Hvide Klit Golf Club is about 5 km away. Other area activities include swimming and fishing. Free parking is available at Aalbæk Gl. Kro. Please inform Fru Møllers Bed & Breakfast in advance of your expected arrival time. You can use the Special Requests box when booking, or contact the property directly with the contact details provided in your confirmation.
Please note that the check-in and key-collection take place at: Skagensvej 42, 9982  Aalbæk.
Guests arriving later than 18:00 are kindly requested to inform the property in advance. Contact details can be found on the booking confirmation. Please note that check-in after 21:00 is not possible.

Please note that this property has no reception. Guests are kindly requested to check in at Aalbæk Gl. Kro, Skagensvej 42. T

Please note that additional charges apply when paying with foreign credit cards.

Please also note that the breakfast is served at Aalbæk Gl. Kro.",,Free self parking Garden Internet access Children s playground Heating Free WiFi Free WiFi Non-smoking throughout,57.59399|10.41367,+4598489022,9982,https://www.booking.com/hotel/dk/aalba-k-gl-kro-bed.html
DK,Denmark,100753,Aalbaek,1797515,Hotel Hvideklit,ThreeStar,Hvideklitvej 15 9982 AlbaekNordjylland ,Distances are displayed to the nearest 0.1 mile and kilometer. <br /> <p>Golfklubben Hvide Klit - 0.2 km / 0.1 mi <br /> Raabjerg Mile - 2 km / 1.2 mi <br /> Hulsig Beach - 3.3 km / 2 mi <br /> Simons Raalling Egnssamling - 4.3 km / 2.7 mi <br /> Fladstrand Kirke - 4.6 km / 2.9 mi <br /> Plantagen - 4.9 km / 3 mi <br /> Hulsig Kirke - 4.9 km / 3.1 mi <br /> Aalbaek Kirke - 5 km / 3.1 mi <br /> Raabjerg Kirke - 5.5 km / 3.4 mi <br /> Jerup Strand - 7.1 km / 4.4 mi <br /> Farm Fun - 7.9 km / 4.9 mi <br /> Kandestederne Beach - 9.7 km / 6 mi <br /> Skagen Antik Og Design - 10.8 km / 6.7 mi <br /> Tannis Strand - 11 km / 6.8 mi <br /> Jerup Kirke - 12.8 km / 8 mi <br /> </p>,"<p>HeadLine : Near Golfklubben Hvide Klit</p><p>Location : Located in Aalbaek, Hotel Hvideklit is by the sea, a 1-minute drive from Golfklubben Hvide Klit and 8 minutes from Fladstrand Kirke.  This beach hotel is 4.3 mi (6.9 km) from Aalbaek Kirke and 5.3 mi (8.5 km) from Raabjerg Mile.</p><p>Rooms : Make yourself at home in one of the 26 guestrooms featuring minibars and flat-screen televisions. Rooms have private furnished balconies or patios. Complimentary wireless Internet access keeps you connected, and cable programming is available for your entertainment. Private bathrooms with showers feature complimentary toiletries and hair dryers.</p><p>Dining : Stop by the hotel s restaurant, Restaurant Hvideklit, for lunch or dinner. Dining is also available at the coffee shop/cafe, and room service (during limited hours) is provided. Quench your thirst with your favorite drink at the bar/lounge. Buffet breakfasts are available daily from 7 AM to 10 AM for a fee.</p><p>CheckIn Instructions : <ul>  <li>Extra-person charges may apply and vary depending on property policy</li><li>Government-issued photo identification and a credit card, debit card, or cash deposit may be required at check-in for incidental charges</li><li>Special requests are subject to availability upon check-in and may incur additional charges; special requests cannot be guaranteed</li><li>This property accepts credit cards; cash is not accepted</li><li>Safety features at this property include a fire extinguisher, a smoke detector, and a first aid kit</li>  </ul></p><p>Special Instructions : The front desk is open daily from 7:30 AM - 10:30 PM. To make arrangements for check-in please contact the property at least 24 hours before arrival using the information on the booking confirmation. If you are planning to arrive after 10 PM please contact the property in advance using the information on the booking confirmation. Guests must contact the property in advance for check-in instructions. Front desk staff will greet guests on arrival.</p>",45-31-320002,Wheelchair accessible (may have limitations) Direct access to private beach Number of meeting rooms - 4 Wheelchair-accessible registration desk Scuba diving nearby Free WiFi Number of bars/lounges - 1 Garden Picnic area In-room accessibility (in select rooms) Wheelchair accessible parking Stair-free path to entrance Free newspapers in lobby Wedding services Tours/ticket assistance Fireplace in lobby Beach towels Golf driving range on site Wheelchair-accessible lounge Luggage storage Private beach nearby Wheelchair-accessible on-site restaurant Golf lessons available nearby Indoor tennis courts - 1 Front desk (limited hours) Breakfast available (surcharge) Wheelchair-accessible meeting spaces/business center Snorkeling nearby Safe-deposit box at front desk Smoke-free property Number of coffee shops/cafes - 1 Free self parking Fitness facilities Terrace,57.62324|10.43052,45-31-320002,9982,http://www.hotelhvideklit.dk
DK,Denmark,100753,Aalbaek,5524133,Knasborg Ferieboliger,All,Vibevej 2  ,,"Located in Ålbæk in the Nordjylland region and Grenen Sandbar Spit reachable within 24 km, Knasborg Ferieboliger provides accommodation with free WiFi, BBQ facilities, a garden and free private parking.

The apartment provides guests with a terrace, city views, a seating area, satellite flat-screen TV, a fully equipped kitchen with a fridge and an oven, and a private bathroom with shower and a hairdryer. A stovetop and toaster are also provided, as well as a coffee machine and a kettle.

Hiking and fishing can be enjoyed nearby.

Voergaard Castle is 47 km from Knasborg Ferieboliger. The nearest airport is Aalborg Airport, 83 km from the accommodation. Please inform Knasborg Ferieboliger in advance of your expected arrival time. You can use the Special Requests box when booking, or contact the property directly with the contact details provided in your confirmation.
In the event of an early departure, the property will charge you the full amount for your stay.
This property will not accommodate hen, stag or similar parties.
In response to Coronavirus (COVID-19), additional safety and sanitation measures are in effect at this property.
It is not possible to stay at this property for Coronavirus (COVID-19) quarantine purposes.
Managed by a private host",,first aid kit available contactless check-in/check-out cashless payment available physical distancing rules followed invoice provided all plates  cutlery  glasses and other tableware have been sanitized Key access Smoke alarms Fire extinguishers use of cleaning chemicals that are effective against coronavirus linens  towels and laundry washed in accordance with local authority guidelines guest accommodation is disinfected between stays guest accommodation sealed after cleaning physical distancing in dining areas staff follow all safety protocols as directed by local authorities shared stationery such as printed menus  magazines  pens  and paper removed hand sanitizer in guest accommodation and key areas Parking Golf course (within 3 km) Garden Terrace Non-smoking rooms Fishing Free parking internet services express check-in/check-out Soundproof rooms Hiking BBQ facilities Heating Fax/photocopying Luggage storage wifi Allergy-free room Free WiFi designated smoking area Sun terrace concierge service Private check-in/check-out Lockers minimarket on site Beachfront parking on site Private parking wifi available in all areas Street parking Accessible parking sun loungers or beach chairs Sun umbrellas Outdoor furniture Picnic area Beach temporary art galleries,57.59108|10.41342,,9982,https://www.booking.com/hotel/dk/knasborg-ferieboliger.html
DK,Denmark,100753,Aalbaek,5618394,Holiday home Ålbæk XIV,All,9982. Ålbæk  ,,"Set 26 km from Grenen Sandbar Spit, Premium Holiday Home in Jutland with Whirlpool offers accommodation in Ålbæk with access to a sauna. This property offers access to a terrace, ping-pong, and free WiFi.

The 8-bedroom holiday home comes with a living room with a TV, a fully equipped kitchen with a fridge and dishwasher, and 3 bathrooms with bath or shower.

A childrens playground and a barbecue are featured at the holiday home.

Voergaard Castle is 46 km from Premium Holiday Home in Jutland with Whirlpool, while Rubjerg Knude Lighthouse is 49 km away. The nearest airport is Aalborg Airport, 81 km from the accommodation. Please note that the full amount of the reservation is due before arrival. Dancenter will send a confirmation with detailed payment information. After full payment is taken, the propertys details, including the address and where to collect keys, will be emailed to you.
Please notice there are possible extra charges regarding Gas, Electricity, and Heating. Facilities like cleaning and bed linen are optional and require an extra charge. Please order them at least 2 weeks prior arrival via the link provided in your DanCenter confirmation. 
You will receive the DanCenter voucher by e-mail. This voucher is required on the day of arrival.

Please note that the full amount of the reservation is due before arrival. DanCenter will send a confirmation with detailed payment information. After full payment is taken, the propertys details, including the address and where to collect keys, will be emailed to you.

Energy costs are not included in the price and will be charged according to guest use, upon departure.",,Parking Pets allowed Sauna Terrace Free parking internet services children's playground Table tennis BBQ facilities wifi Free WiFi Non-smoking throughout wifi available in all areas Swimming pool use of cleaning chemicals that are effective against coronavirus linens  towels and laundry washed in accordance with local authority guidelines guest accommodation is disinfected between stays physical distancing in dining areas staff follow all safety protocols as directed by local authorities shared stationery such as printed menus  magazines  pens  and paper removed property is cleaned by professional cleaning companies all plates  cutlery  glasses and other tableware have been sanitized,57.57528|10.41561,,9982,https://www.booking.com/hotel/dk/holiday-home-albaek-xiv.html
DK,Denmark,100753,Aalbaek,5618401,Holiday home Ålbæk XV,All,9982. Ålbæk  ,,"Situated in Ålbæk, just 24 km from Grenen Sandbar Spit, Charming Holiday Home in Albak near Sea features accommodation with a terrace, barbecue facilities and free WiFi. This holiday home is 50 km from Rubjerg Knude Lighthouse.

The 4-bedroom holiday home features a living room with a TV, a fully equipped kitchen with a fridge and stovetop, and 1 bathroom with bath or shower.

The nearest airport is Aalborg Airport, 87 km from the holiday home. Please note that the full amount of the reservation is due before arrival. Dancenter will send a confirmation with detailed payment information. After full payment is taken, the propertys details, including the address and where to collect keys, will be emailed to you.
Please notice there are possible extra charges regarding Gas, Electricity, and Heating. Facilities like cleaning and bed linen are optional and require an extra charge. Please order them at least 2 weeks prior arrival via the link provided in your DanCenter confirmation. 
You will receive the DanCenter voucher by e-mail. This voucher is required on the day of arrival.

Please note that the full amount of the reservation is due before arrival. DanCenter will send a confirmation with detailed payment information. After full payment is taken, the propertys details, including the address and where to collect keys, will be emailed to you.

Energy costs are not included in the price and will be charged according to guest use, upon departure.",,Parking Pets allowed Terrace Free parking internet services BBQ facilities Heating wifi Free WiFi Non-smoking throughout wifi available in all areas use of cleaning chemicals that are effective against coronavirus linens  towels and laundry washed in accordance with local authority guidelines guest accommodation is disinfected between stays physical distancing in dining areas staff follow all safety protocols as directed by local authorities shared stationery such as printed menus  magazines  pens  and paper removed property is cleaned by professional cleaning companies all plates  cutlery  glasses and other tableware have been sanitized,57.61681|10.39555,,9982,https://www.booking.com/hotel/dk/holiday-home-albaek-xv.html
DK,Denmark,100753,Aalbaek,5711123,Holiday home Ålbæk XXII,All,9982. Ålbæk  ,,"Featuring a hot tub, Holiday home Ålbæk XXII is set in Ålbæk. The accommodation is 32 km from Hirtshals.

With free WiFi, this holiday home offers a TV and a kitchen with a dishwasher and microwave.

A barbecue and a terrace are available for guests at the holiday home to use.

Skagen is 21 km from Holiday home Ålbæk XXII, while Frederikshavn is 21 km away. The nearest airport is Aalborg Airport, 66 km from the accommodation. Please note that the full amount of the reservation is due before arrival. Dancenter will send a confirmation with detailed payment information. After full payment is taken, the propertys details, including the address and where to collect keys, will be emailed to you.
Please notice there are possible extra charges regarding Gas, Electricity, and Heating.
Facilities like cleaning and bed linen are optional and require an extra charge. Please order them at least 2 weeks prior arrival via the link provided in your Dancenter confirmation.
You will receive the Dancenter voucher by e-mail. This voucher is required on the day of arrival.",,Parking Pets allowed Terrace Free parking internet services BBQ facilities wifi Free WiFi Non-smoking throughout wifi available in all areas use of cleaning chemicals that are effective against coronavirus linens  towels and laundry washed in accordance with local authority guidelines guest accommodation is disinfected between stays physical distancing in dining areas staff follow all safety protocols as directed by local authorities shared stationery such as printed menus  magazines  pens  and paper removed property is cleaned by professional cleaning companies all plates  cutlery  glasses and other tableware have been sanitized,57.59535|10.42268,,9982,https://www.booking.com/hotel/dk/holiday-home-albaek-xxii-albaek1.html
DK,Denmark,100753,Aalbaek,5741442,Holiday home Ålbæk XXX,All,9982. Ålbæk  ,,"Set in Ålbæk, just 23 km from Grenen Sandbar Spit, Secluded Holiday Home in Jutland with Terrace offers accommodation with a terrace, barbecue facilities and free WiFi.

The 4-bedroom holiday home is fitted with a living room with a TV, a fully equipped kitchen with a fridge and dishwasher, and 2 bathrooms with shower.

Voergaard Castle is 49 km from the holiday home. The nearest airport is Aalborg Airport, 88 km from Secluded Holiday Home in Jutland with Terrace. Please note that the full amount of the reservation is due before arrival. Dancenter will send a confirmation with detailed payment information. After full payment is taken, the propertys details, including the address and where to collect keys, will be emailed to you.
Please notice there are possible extra charges regarding Gas, Electricity, and Heating. Facilities like cleaning and bed linen are optional and require an extra charge. Please order them at least 2 weeks prior arrival via the link provided in your DanCenter confirmation. 
You will receive the DanCenter voucher by e-mail. This voucher is required on the day of arrival.

Please note that the full amount of the reservation is due before arrival. DanCenter will send a confirmation with detailed payment information. After full payment is taken, the propertys details, including the address and where to collect keys, will be emailed to you.

Energy costs are not included in the price and will be charged according to guest use, upon departure.",,Parking Terrace Free parking internet services BBQ facilities wifi Free WiFi Non-smoking throughout wifi available in all areas use of cleaning chemicals that are effective against coronavirus linens  towels and laundry washed in accordance with local authority guidelines guest accommodation is disinfected between stays physical distancing in dining areas staff follow all safety protocols as directed by local authorities shared stationery such as printed menus  magazines  pens  and paper removed property is cleaned by professional cleaning companies all plates  cutlery  glasses and other tableware have been sanitized,57.60618|10.43117,,9982,https://www.booking.com/hotel/dk/holiday-home-albaek-xxx.html
DK,Denmark,100753,Aalbaek,5752198,Holiday Home AlbÆk Xxix,ThreeStar,Rensdyrvej 11  ,,"Within 22 km of Grenen Sandbar Spit and 1.7 km of Bunken, Scenic Holiday Home in Jutland with Terrace provides free WiFi and barbecue facilities. This holiday home is 5.7 km from Klitlund and 6.4 km from Ålbæk.

The holiday home features 3 bedrooms, a TV, an equipped kitchen with a dishwasher and a microwave, a washing machine, and 1 bathroom with a bath or shower.

The holiday home offers a terrace.

Lodskovvad is 3.3 km from Scenic Holiday Home in Jutland with Terrace, while Hedensted - Nordjylland is 3.3 km away. The nearest airport is Aalborg Airport, 93 km from the accommodation. Please note that the full amount of the reservation is due before arrival. Dancenter will send a confirmation with detailed payment information. After full payment is taken, the propertys details, including the address and where to collect keys, will be emailed to you.
Please notice there are possible extra charges regarding Gas, Electricity, and Heating. Facilities like cleaning and bed linen are optional and require an extra charge. Please order them at least 2 weeks prior arrival via the link provided in your DanCenter confirmation. 
You will receive the DanCenter voucher by e-mail. This voucher is required on the day of arrival.

Please note that the full amount of the reservation is due before arrival. DanCenter will send a confirmation with detailed payment information. After full payment is taken, the propertys details, including the address and where to collect keys, will be emailed to you.

Energy costs are not included in the price and will be charged according to guest use, upon departure.",,Parking Pets allowed Terrace Free parking internet services BBQ facilities wifi Free WiFi Non-smoking throughout wifi available in all areas use of cleaning chemicals that are effective against coronavirus linens  towels and laundry washed in accordance with local authority guidelines guest accommodation is disinfected between stays physical distancing in dining areas staff follow all safety protocols as directed by local authorities shared stationery such as printed menus  magazines  pens  and paper removed property is cleaned by professional cleaning companies all plates  cutlery  glasses and other tableware have been sanitized,57.62546|10.42565,,9982,https://www.booking.com/hotel/dk/holiday-home-albaek-xxix.html
DK,Denmark,100753,Aalbaek,5785566,Holiday Home AlbÆk Xxvi,All,Albaekvej 38  ,,"Located in Ålbæk, just 21 km from Grenen Sandbar Spit, Stylish Holiday Home in lb k with Beach nearby provides accommodation with a terrace, barbecue facilities and free WiFi.

The 3-bedroom holiday home is equipped with a living room with a TV, a fully equipped kitchen with a fridge and dishwasher, and 1 bathroom with bath or shower.

The nearest airport is Aalborg Airport, 89 km from the holiday home. Please note that the full amount of the reservation is due before arrival. Dancenter will send a confirmation with detailed payment information. After full payment is taken, the propertys details, including the address and where to collect keys, will be emailed to you.
Costs for energy and water are usually not included in the price and will be charged according to consumption upon departure. Detailed information about the cost on side for the booked house and a deposit - if  required - can be found in your DanCenter travel documents (rental statement). When booking, you will receive a confirmation from DanCenter by e-mail. In addition to the payment link, this will contain further information such as the house description, address as well information about how to get the keys. If you book within 21 days until arrival, you will receive the complete DanCenter travel documents only after DanCenter has received your payment. The booking confirmation from Booking.com is not considered as a rental document and does not entitle you to receive the key. Please note: In your Booking.com account, links and attachments sent by DanCenter will not be displayed. Therefore, check your regular email account/SPAM folder as well. DanCenters payment terms and conditions apply. Booking.coms terms and conditions apply to cancellations.  A prepayment of 25% of the rental price is due after booking is made, the balance due no later than 4 weeks prior to arrival. If you book less than 40 days before arrival the total rental amount is due immediately after booking.   Services such as final cleaning, bed linen and other are optionally available for a fee, but only if listed as bookable extras in the house description. In case guest opts to clean the house themselves, a cleaning audit charge of 220 DKK will be applicable. If you are traveling to Sweden or Norway, services such as final cleaning, bed linen and other cannot be ordered. For more information, please check the house description in your DanCenter travel documents. Please book services at least 2 weeks before your arrival via the corresponding link in your DanCenter travel documents. Some properties may not be available for youth groups and/or business/trade travel. If this is the case, you will find information about this in the original house description in your DanCenter travel documents. For youth groups there are special conditions regarding deposit/final cleaning. Please ask DanCenter before booking or paying the booking.",,Parking Pets allowed Terrace Free parking internet services BBQ facilities Heating wifi Free WiFi Non-smoking throughout wifi available in all areas use of cleaning chemicals that are effective against coronavirus linens  towels and laundry washed in accordance with local authority guidelines guest accommodation is disinfected between stays physical distancing in dining areas staff follow all safety protocols as directed by local authorities shared stationery such as printed menus  magazines  pens  and paper removed property is cleaned by professional cleaning companies all plates  cutlery  glasses and other tableware have been sanitized,57.61975|10.44061,,9982,https://www.booking.com/hotel/dk/holiday-home-albaek-xxvi.html
DK,Denmark,100753,Aalbaek,5790561,Holiday home Ålbæk VIII,All,9982. Ålbæk  ,,"Holiday home Ålbæk VIII is situated in Ålbæk and offers barbecue facilities and a terrace. The accommodation is 33 km from Hirtshals.

With free WiFi, this holiday home features a TV and a kitchen with a microwave and fridge.

Skagen is 23 km from the holiday home, while Frederikshavn is 18 km from the property. The nearest airport is Aalborg Airport, 63 km from Holiday home Ålbæk VIII. Please note that the full amount of the reservation is due before arrival. Dancenter will send a confirmation with detailed payment information. After full payment is taken, the propertys details, including the address and where to collect keys, will be emailed to you.
Please notice there are possible extra charges regarding Gas, Electricity, and Heating.
Facilities like cleaning and bed linen are optional and require an extra charge. Please order them at least 2 weeks prior arrival via the link provided in your Dancenter confirmation.
You will receive the Dancenter voucher by e-mail. This voucher is required on the day of arrival.",,physical distancing in dining areas wifi staff follow all safety protocols as directed by local authorities use of cleaning chemicals that are effective against coronavirus Free parking internet services shared stationery such as printed menus  magazines  pens  and paper removed guest accommodation is disinfected between stays linens  towels and laundry washed in accordance with local authority guidelines wifi available in all areas Parking property is cleaned by professional cleaning companies Non-smoking throughout all plates  cutlery  glasses and other tableware have been sanitized BBQ facilities Free WiFi Terrace,57.57411|10.4217,,9982,https://www.booking.com/hotel/dk/holiday-home-albaek-viii.html
DK,Denmark,100753,Aalbaek,5811375,Holiday Home AlbÆk Xxviii,All,Elvervej 28  ,,"Set 27 km from Grenen Sandbar Spit, Holiday home Ålbæk XXVIII features accommodation in Ålbæk with access to a sauna.

With free WiFi, this 3-bedroom holiday home offers a TV and a kitchen with a fridge and dishwasher.

A terrace can be found at the holiday home, along with a barbecue.

Voergaard Castle is 45 km from Holiday home Ålbæk XXVIII, while Rubjerg Knude Lighthouse is 48 km from the property. The nearest airport is Aalborg Airport, 80 km from the accommodation. Please note that the full amount of the reservation is due before arrival. Dancenter will send a confirmation with detailed payment information. After full payment is taken, the propertys details, including the address and where to collect keys, will be emailed to you.
Costs for energy and water are usually not included in the price and will be charged according to consumption upon departure. Detailed information about the cost on side for the booked house and a deposit - if  required - can be found in your DanCenter travel documents (rental statement). When booking, you will receive a confirmation from DanCenter by e-mail. In addition to the payment link, this will contain further information such as the house description, address as well information about how to get the keys. If you book within 21 days until arrival, you will receive the complete DanCenter travel documents only after DanCenter has received your payment. The booking confirmation from Booking.com is not considered as a rental document and does not entitle you to receive the key. Please note: In your Booking.com account, links and attachments sent by DanCenter will not be displayed. Therefore, check your regular email account/SPAM folder as well. DanCenters payment terms and conditions apply. Booking.coms terms and conditions apply to cancellations.  A prepayment of 25% of the rental price is due after booking is made, the balance due no later than 4 weeks prior to arrival. If you book less than 40 days before arrival the total rental amount is due immediately after booking.   Services such as final cleaning, bed linen and other are optionally available for a fee, but only if listed as bookable extras in the house description. In case guest opts to clean the house themselves, a cleaning audit charge of 220 DKK will be applicable. If you are traveling to Sweden or Norway, services such as final cleaning, bed linen and other cannot be ordered. For more information, please check the house description in your DanCenter travel documents. Please book services at least 2 weeks before your arrival via the corresponding link in your DanCenter travel documents. Some properties may not be available for youth groups and/or business/trade travel. If this is the case, you will find information about this in the original house description in your DanCenter travel documents. For youth groups there are special conditions regarding deposit/final cleaning. Please ask DanCenter before booking or paying the booking.",,Parking Pets allowed Sauna Terrace Free parking internet services BBQ facilities Heating wifi Free WiFi Non-smoking throughout wifi available in all areas use of cleaning chemicals that are effective against coronavirus linens  towels and laundry washed in accordance with local authority guidelines guest accommodation is disinfected between stays physical distancing in dining areas staff follow all safety protocols as directed by local authorities shared stationery such as printed menus  magazines  pens  and paper removed property is cleaned by professional cleaning companies all plates  cutlery  glasses and other tableware have been sanitized,57.56641|10.41936,,9982,https://www.booking.com/hotel/dk/holiday-home-albaek-xxviii.html
DK,Denmark,100753,Aalbaek,5854480,Holiday Home Pandrup Ii,All,Musvagevej 178  ,,"Located in Ålbæk, just 26 km from Grenen Sandbar Spit, Holiday home Pandrup II provides accommodation with a terrace, barbecue facilities and free WiFi.

The holiday home is equipped with 5 bedrooms, a TV and a fully equipped kitchen that provides guests with a fridge, a dishwasher, a washing machine, a microwave and a stovetop.

At the holiday home guests are welcome to take advantage of a sauna.

The nearest airport is Aalborg Airport, 88 km from Holiday home Pandrup II. Please note that the full amount of the reservation is due before arrival. Dancenter will send a confirmation with detailed payment information. After full payment is taken, the propertys details, including the address and where to collect keys, will be emailed to you.
Costs for energy and water are usually not included in the price and will be charged according to consumption upon departure. Detailed information about the cost on side for the booked house and a deposit - if  required - can be found in your DanCenter travel documents (rental statement). When booking, you will receive a confirmation from DanCenter by e-mail. In addition to the payment link, this will contain further information such as the house description, address as well information about how to get the keys. If you book within 21 days until arrival, you will receive the complete DanCenter travel documents only after DanCenter has received your payment. The booking confirmation from Booking.com is not considered as a rental document and does not entitle you to receive the key. Please note: In your Booking.com account, links and attachments sent by DanCenter will not be displayed. Therefore, check your regular email account/SPAM folder as well. DanCenters payment terms and conditions apply. Booking.coms terms and conditions apply to cancellations.  A prepayment of 25% of the rental price is due after booking is made, the balance due no later than 4 weeks prior to arrival. If you book less than 40 days before arrival the total rental amount is due immediately after booking.   Services such as final cleaning, bed linen and other are optionally available for a fee, but only if listed as bookable extras in the house description. In case guest opts to clean the house themselves, a cleaning audit charge of 220 DKK will be applicable. If you are traveling to Sweden or Norway, services such as final cleaning, bed linen and other cannot be ordered. For more information, please check the house description in your DanCenter travel documents. Please book services at least 2 weeks before your arrival via the corresponding link in your DanCenter travel documents. Some properties may not be available for youth groups and/or business/trade travel. If this is the case, you will find information about this in the original house description in your DanCenter travel documents. For youth groups there are special conditions regarding deposit/final cleaning. Please ask DanCenter before booking or paying the booking.",,Parking Sauna Terrace Free parking internet services BBQ facilities Heating wifi Free WiFi Non-smoking throughout wifi available in all areas use of cleaning chemicals that are effective against coronavirus linens  towels and laundry washed in accordance with local authority guidelines guest accommodation is disinfected between stays physical distancing in dining areas staff follow all safety protocols as directed by local authorities shared stationery such as printed menus  magazines  pens  and paper removed property is cleaned by professional cleaning companies all plates  cutlery  glasses and other tableware have been sanitized,57.61107|10.41182,,9982,https://www.booking.com/hotel/dk/holiday-home-pandrup-ii-albaek.html
DK,Denmark,100753,Aalbaek,5978584,Holiday home Ålbæk XXXI,All,9982. Ålbæk  ,,"Holiday home Ålbæk XXXI, a property with a terrace and barbecue facilities, is situated in Ålbæk, 27 km from Grenen Sandbar Spit, 45 km from Voergaard Castle, as well as 48 km from Rubjerg Knude Lighthouse.

The holiday home features 3 bedrooms, a TV and a fully equipped kitchen that provides guests with a fridge and a stovetop.

The nearest airport is Aalborg Airport, 80 km from the holiday home. Please note that the full amount of the reservation is due before arrival. Dancenter will send a confirmation with detailed payment information. After full payment is taken, the propertys details, including the address and where to collect keys, will be emailed to you.
Costs for energy and water are usually not included in the price and will be charged according to consumption upon departure. Detailed information about the cost on side for the booked house and a deposit - if  required - can be found in your DanCenter travel documents (rental statement). When booking, you will receive a confirmation from DanCenter by e-mail. In addition to the payment link, this will contain further information such as the house description, address as well information about how to get the keys. If you book within 21 days until arrival, you will receive the complete DanCenter travel documents only after DanCenter has received your payment. The booking confirmation from Booking.com is not considered as a rental document and does not entitle you to receive the key. Please note: In your Booking.com account, links and attachments sent by DanCenter will not be displayed. Therefore, check your regular email account/SPAM folder as well. DanCenters payment terms and conditions apply. Booking.coms terms and conditions apply to cancellations.  A prepayment of 25% of the rental price is due after booking is made, the balance due no later than 4 weeks prior to arrival. If you book less than 40 days before arrival the total rental amount is due immediately after booking.   Services such as final cleaning, bed linen and other are optionally available for a fee, but only if listed as bookable extras in the house description. In case guest opts to clean the house themselves, a cleaning audit charge of 220 DKK will be applicable. If you are traveling to Sweden or Norway, services such as final cleaning, bed linen and other cannot be ordered. For more information, please check the house description in your DanCenter travel documents. Please book services at least 2 weeks before your arrival via the corresponding link in your DanCenter travel documents. Some properties may not be available for youth groups and/or business/trade travel. If this is the case, you will find information about this in the original house description in your DanCenter travel documents. For youth groups there are special conditions regarding deposit/final cleaning. Please ask DanCenter before booking or paying the booking.",,Parking Terrace Free parking BBQ facilities Non-smoking throughout use of cleaning chemicals that are effective against coronavirus linens  towels and laundry washed in accordance with local authority guidelines guest accommodation is disinfected between stays physical distancing in dining areas staff follow all safety protocols as directed by local authorities shared stationery such as printed menus  magazines  pens  and paper removed property is cleaned by professional cleaning companies all plates  cutlery  glasses and other tableware have been sanitized,57.56682|10.41862,,9982,https://www.booking.com/hotel/dk/holiday-home-albaek-xxxi.html
DK,Denmark,100753,Aalbaek,6005133,Holiday home in Broager 4,All,9982. Ålbæk  ,,"Situated 26 km from Grenen Sandbar Spit, Three-Bedroom Holiday home in Broager 4 features accommodation in Ålbæk with access to a sauna. This property offers access to a terrace, ping-pong, and free WiFi.

The holiday home features 4 bedrooms, a TV and a fully equipped kitchen that provides guests with a fridge, a dishwasher, a washing machine, a microwave and a stovetop.

A barbecue is available for guests to use at the holiday home.

Voergaard Castle is 46 km from Three-Bedroom Holiday home in Broager 4, while Rubjerg Knude Lighthouse is 49 km from the property. The nearest airport is Aalborg Airport, 81 km from the accommodation. Please note that the full amount of the reservation is due before arrival. Dancenter will send a confirmation with detailed payment information. After full payment is taken, the propertys details, including the address and where to collect keys, will be emailed to you.
Costs for energy and water are usually not included in the price and will be charged according to consumption upon departure. Detailed information about the cost on side for the booked house and a deposit - if  required - can be found in your DanCenter travel documents (rental statement). When booking, you will receive a confirmation from DanCenter by e-mail. In addition to the payment link, this will contain further information such as the house description, address as well information about how to get the keys. If you book within 21 days until arrival, you will receive the complete DanCenter travel documents only after DanCenter has received your payment. The booking confirmation from Booking.com is not considered as a rental document and does not entitle you to receive the key. Please note: In your Booking.com account, links and attachments sent by DanCenter will not be displayed. Therefore, check your regular email account/SPAM folder as well. DanCenters payment terms and conditions apply. Booking.coms terms and conditions apply to cancellations.  A prepayment of 25% of the rental price is due after booking is made, the balance due no later than 4 weeks prior to arrival. If you book less than 40 days before arrival the total rental amount is due immediately after booking.   Services such as final cleaning, bed linen and other are optionally available for a fee, but only if listed as bookable extras in the house description. In case guest opts to clean the house themselves, a cleaning audit charge of 220 DKK will be applicable. If you are traveling to Sweden or Norway, services such as final cleaning, bed linen and other cannot be ordered. For more information, please check the house description in your DanCenter travel documents. Please book services at least 2 weeks before your arrival via the corresponding link in your DanCenter travel documents. Some properties may not be available for youth groups and/or business/trade travel. If this is the case, you will find information about this in the original house description in your DanCenter travel documents. For youth groups there are special conditions regarding deposit/final cleaning. Please ask DanCenter before booking or paying the booking.",,internet services Table tennis BBQ facilities Heating wifi Free WiFi Non-smoking throughout wifi available in all areas use of cleaning chemicals that are effective against coronavirus linens  towels and laundry washed in accordance with local authority guidelines guest accommodation is disinfected between stays physical distancing in dining areas staff follow all safety protocols as directed by local authorities Parking Pets allowed Sauna Terrace Free parking shared stationery such as printed menus  magazines  pens  and paper removed property is cleaned by professional cleaning companies all plates  cutlery  glasses and other tableware have been sanitized,57.57666|10.41911,,9982,https://www.booking.com/hotel/dk/three-bedroom-holiday-home-in-broager-4-albaek.html
DK,Denmark,100753,Aalbaek,6005467,Holiday Home AlbÆk Xxxv,All,Nornensvej 2  ,,"Set in Ålbæk in the Nordjylland region, Holiday home Ålbæk XXXV has a terrace. The accommodation is 33 km from Hirtshals.

The holiday home comes with a TV. The kitchen has a dishwasher, a fridge and a stovetop, as well as coffee machine.

Skagen is 24 km from the holiday home, while Frederikshavn is 17 km from the property. The nearest airport is Aalborg Airport, 85 km from Holiday home Ålbæk XXXV. Please note that the full amount of the reservation is due before arrival. Dancenter will send a confirmation with detailed payment information. After full payment is taken, the propertys details, including the address and where to collect keys, will be emailed to you.
Please notice there are possible extra charges regarding Gas, Electricity, and Heating.
Facilities like cleaning and bed linen are optional and require an extra charge. Please order them at least 2 weeks prior arrival via the link provided in your Dancenter confirmation.
You will receive the Dancenter voucher by e-mail. This voucher is required on the day of arrival.",,Terrace linens  towels and laundry washed in accordance with local authority guidelines Non-smoking throughout staff follow all safety protocols as directed by local authorities wifi available in all areas use of cleaning chemicals that are effective against coronavirus internet services shared stationery such as printed menus  magazines  pens  and paper removed Parking guest accommodation is disinfected between stays physical distancing in dining areas Pets allowed Free parking Free WiFi property is cleaned by professional cleaning companies all plates  cutlery  glasses and other tableware have been sanitized wifi,57.56855|10.41896,,9982,https://www.booking.com/hotel/dk/holiday-home-albaek-xxxv.html
DK,Denmark,100007,Aalborg,1030349,Pier 5 Hotel,FourStar,Rendsburggade 5 9000 Aalborg ,Distances are displayed to the nearest 0.1 mile and kilometer. <br /> <p>Utzon Center - 0.3 km / 0.2 mi <br /> House of Music - 0.3 km / 0.2 mi <br /> Aalborg Castle - 0.4 km / 0.3 mi <br /> Nordkraft - 0.5 km / 0.3 mi <br /> Vor Frue Kirke - 0.5 km / 0.3 mi <br /> Aalborg Stadsarkiv - 0.5 km / 0.3 mi <br /> Osteragade - 0.6 km / 0.4 mi <br /> Kongelig Toldkammer & Toldbodsplads - 0.6 km / 0.4 mi <br /> Graabrodrekloster Museet - 0.6 km / 0.4 mi <br /> Franciscan Friary Museum - 0.6 km / 0.4 mi <br /> Jens Bangs Stenhus - 0.6 km / 0.4 mi <br /> Aalborg Raadhus - 0.7 km / 0.4 mi <br /> Budolfi Church - 0.7 km / 0.4 mi <br /> Aalborg Harbour - 0.7 km / 0.5 mi <br /> Budolfi Cathedral - 0.7 km / 0.5 mi <br /> </p><p>The nearest major airport is Aalborg (AAL) - 6.6 km / 4.1 mi</p>,"<p>HeadLine : In Aalborg (Aalborg Centrum)</p><p>Location : A stay at Pier 5 Hotel places you in the heart of Aalborg, within a 5-minute walk of Utzon Center and House of Music.  This 4-star hotel is 0.4 mi (0.7 km) from Nordkraft and 0.6 mi (0.9 km) from Aalborg Castle.</p><p>Rooms : Stay in one of 156 guestrooms featuring flat-screen televisions. Complimentary wireless Internet access keeps you connected, and cable programming is available for your entertainment. Private bathrooms have complimentary toiletries and hair dryers. Conveniences include desks and blackout drapes/curtains, and housekeeping is provided daily.</p><p>Dining : Grab a bite from the snack bar/deli serving guests of Pier 5 Hotel. Wrap up your day with a drink at the bar/lounge. Buffet breakfasts are available daily for a fee.</p><p>CheckIn Instructions : <ul>  <li>Extra-person charges may apply and vary depending on property policy</li><li>Government-issued photo identification and a credit card may be required at check-in for incidental charges</li><li>Special requests are subject to availability upon check-in and may incur additional charges; special requests cannot be guaranteed</li><li>This property accepts credit cards and cash</li><li>Safety features at this property include a security system</li>  </ul></p><p>Special Instructions : Front desk staff will greet guests on arrival.</p>",45-98116570,Food and water bowls Humane animal treatment Locally-owned & organized tours & activities Wheelchair-accessible path to elevator Change of bed sheets (on request) Wheelchair-accessible registration desk Change of towels (on request) Garden Stair-free path to entrance Boat tours nearby Water-efficient toilets only Water dispenser use by guests actively encouraged Luggage storage Water-efficient showers only Express check-out Coin laundry on site 24-hour front desk Housekeeping on request Designated smoking areas (fines apply) Snack bar/deli Self parking (surcharge) Terrace Distance from property (meters) - 50 Comprehensive recycling policy Bulk dispenser for toiletries Parking (limited spaces) Outdoor furniture No single-use plastic straws Water sports equipment Swimming nearby No single-use plastic stirrers Reusable cups only Reusable tableware only Free WiFi No single-use plastic water bottles Number of bars/lounges - 1 Bicycle parking available Designated smoking areas In-room accessibility (in select rooms) Wheelchair accessible parking Tours/ticket assistance Comprehensive food waste policy Energy-saving switches Wheelchair-accessible lounge Distance from property (ft) - 164 Multilingual staff Handrails in stairways Water dispenser Breakfast available (surcharge) Secured bicycle storage Coffee/tea in common areas elevator Double-glazing on all windows Locally-sourced food on site (80% or more) Bicycle rentals on site Sustainability/community reinvestment (10% revenue or more) Annual carbon offsets Organic food Casino nearby Wheelchair accessible (may have limitations) Showcase for local artists,57.0484|9.92845,45-98-101400,9000,https://www.firsthotels.com/hotels/denmark/aalborg/
DK,Denmark,100007,Aalborg,1081283,Scandic Aalborg City,FourStar,Europa plads 1 9000 Aalborg ,Distances are displayed to the nearest 0.1 mile and kilometer. <br /> <p>Aalborg Congress and Culture Center - 0.1 km / 0.1 mi <br /> Gaasepigen - 0.4 km / 0.3 mi <br /> North Jutland Art Museum - 0.6 km / 0.4 mi <br /> Greyfriars Monastery Museum - 0.7 km / 0.4 mi <br /> Aalborg Historical Museum - 0.7 km / 0.4 mi <br /> Aalborg Tower - 0.7 km / 0.5 mi <br /> Medinaen - 0.7 km / 0.5 mi <br /> Aalborg Monastery - 0.8 km / 0.5 mi <br /> Aalborgtarnet - 0.8 km / 0.5 mi <br /> Budolfi Cathedral - 0.8 km / 0.5 mi <br /> Budolfi Church - 0.8 km / 0.5 mi <br /> Gammeltorv - 0.9 km / 0.5 mi <br /> Aalborg Raadhus - 0.9 km / 0.6 mi <br /> Jomfru Ane Gade - 0.9 km / 0.6 mi <br /> Haandvaerkerhuset - 0.9 km / 0.6 mi <br /> </p><p>The preferred airport for Scandic Aalborg City is Aalborg (AAL) - 6.7 km / 4.2 mi </p>,"<p>HeadLine : In Aalborg (Aalborg Centrum)</p><p>Location : A stay at Scandic Aalborg City places you in the heart of Aalborg, steps from Aalborg Congress and Culture Center and 5 minutes by foot from Gaasepigen.  This 4-star hotel is 0.7 mi (1.1 km) from Jomfru Ane Gade and 0.5 mi (0.7 km) from Greyfriars Monastery Museum.</p><p>Rooms : Stay in one of 168 guestrooms featuring flat-screen televisions. Complimentary wireless Internet access keeps you connected, and cable programming is available for your entertainment. Bathrooms have complimentary toiletries and hair dryers. Conveniences include phones, as well as safes and desks.</p><p>Dining : Enjoy a meal at the restaurant or snacks in the hotel s coffee shop/cafe. Quench your thirst with your favorite drink at the bar/lounge. A complimentary buffet breakfast is served on weekdays from 6:30 AM to 9:30 AM and on weekends from 7:00 AM to 10:00 AM.</p><p>CheckIn Instructions : <ul>  <li>Extra-person charges may apply and vary depending on property policy</li><li>Government-issued photo identification and a credit card, debit card, or cash deposit may be required at check-in for incidental charges</li><li>Special requests are subject to availability upon check-in and may incur additional charges; special requests cannot be guaranteed</li><li>This property accepts credit cards; cash is not accepted</li><li>Onsite parties or group events are strictly prohibited</li><li>Safety features at this property include a fire extinguisher, a smoke detector, a security system, and a first aid kit</li>  </ul></p><p>Special Instructions : Front desk staff will greet guests on arrival.</p>",45-70128181,Dry cleaning/laundry service Television in common areas Free WiFi Number of bars/lounges - 1 In-room accessibility (in select rooms) Bicycle rentals nearby Wheelchair accessible parking Tours/ticket assistance Accessible bathroom (in select rooms) 24-hour fitness facilities Free Buffet Breakfast Comprehensive food waste policy Water-efficient toilets only Luggage storage Free breakfast Multilingual staff 24-hour front desk Daily Safe-deposit box at front desk Smoke-free property Snack bar/deli Number of coffee shops/cafes - 1 Hiking/biking trails nearby Laundry facilities elevator Fitness facilities Self parking (surcharge) Terrace ATM/banking Wheelchair accessible path of travel,57.04413|9.91266,4570125151,9000,http://www.choicehotels.dk
DK,Denmark,100007,Aalborg,1100111,Scandic Aalborg Øst,ThreeStar,Hadsundvej 200 9220 Aalborg ,Distances are displayed to the nearest 0.1 mile and kilometer. <br /> <p>Gigantium Arena - 0.6 km / 0.4 mi <br /> Aalborg University - 0.7 km / 0.5 mi <br /> Urania Observatoriet - 1.9 km / 1.2 mi <br /> Nr. Tranders Kirke - 2.4 km / 1.5 mi <br /> FunCenter - 3 km / 1.9 mi <br /> Gug Church - 3.3 km / 2.1 mi <br /> Gug Kirke - 3.3 km / 2.1 mi <br /> Oster Sundby Molle - 3.4 km / 2.1 mi <br /> Vandteknisk Museum - 3.5 km / 2.2 mi <br /> Karolinelund - 3.9 km / 2.4 mi <br /> Nordkraft - 4.2 km / 2.6 mi <br /> House of Music - 4.3 km / 2.7 mi <br /> Vester Mariendal Molle - 4.4 km / 2.7 mi <br /> Frejlev Kirke - 4.4 km / 2.7 mi <br /> Vor Frue Kirke - 4.6 km / 2.8 mi <br /> </p><p>The preferred airport for Scandic Aalborg Øst is Aalborg (AAL) - 17.6 km / 11 mi </p>,"<p>HeadLine : Near Gigantium Arena</p><p>Location : When you stay at Scandic Aalborg Øst in Aalborg, you ll be in the business district, within a 10-minute walk of Gigantium Arena and Aalborg University.  This hotel is 3.3 mi (5.2 km) from Jomfru Ane Gade and 1.6 mi (2.5 km) from Nr. Tranders Kirke.</p><p>Rooms : Stay in one of 101 guestrooms featuring flat-screen televisions. Complimentary wireless Internet access keeps you connected, and cable programming is available for your entertainment. Private bathrooms with showers feature complimentary toiletries and hair dryers. Conveniences include phones, as well as safes and desks.</p><p>Dining : Enjoy Scandinavian cuisine at Garden, a restaurant which features a bar/lounge and a garden view. You can also stay in and take advantage of the room service (during limited hours). A complimentary buffet breakfast is served on weekdays from 6:30 AM to 9:30 AM and on weekends from 7:00 AM to 10:00 AM.</p><p>Renovations : The following facilities are closed seasonally each year. They will be closed from December 18 to January 03:<ul><li>Bar/Lounge</li><li>Dining venue(s)</li></ul> The following facilities are closed on Sunday, Friday, and Saturday: <ul><li>Bar/lounge</li><li>Dining venue(s)</li></ul></p><p>CheckIn Instructions : <ul>  <li>Extra-person charges may apply and vary depending on property policy</li><li>Government-issued photo identification and a credit card, debit card, or cash deposit may be required at check-in for incidental charges</li><li>Special requests are subject to availability upon check-in and may incur additional charges; special requests cannot be guaranteed</li><li>This property accepts credit cards; cash is not accepted</li><li>Safety features at this property include a fire extinguisher, a smoke detector, a security system, and a first aid kit</li>  </ul></p><p>Special Instructions : If you are planning to arrive after midnight please contact the property in advance using the information on the booking confirmation. Front desk staff will greet guests on arrival.</p>",45-98-155588,Gift shops or newsstand Number of meeting rooms - 9 Television in common areas Concierge services Free WiFi Number of bars/lounges - 1 Garden In-room accessibility (in select rooms) Wheelchair accessible parking Tours/ticket assistance Free Buffet Breakfast Comprehensive food waste policy Water-efficient toilets only Luggage storage Free breakfast Multilingual staff 24-hour front desk Electric car charging station Daily Housekeeping on request Safe-deposit box at front desk Smoke-free property Sauna Free self parking Fitness facilities Conference space Terrace Wheelchair accessible path of travel Bicycle rentals on site,57.02072|9.96745,4598154500,9220,http://www.scandichotels.com/aalborg
DK,Denmark,100007,Aalborg,1104712,Radisson Blu Limfjord Hotel Aalborg,FourStar,Ved Stranden 14-16 9000 Aalborg ,Distances are displayed to the nearest 0.1 mile and kilometer. <br /> <p>Jomfru Ane Gade - 0.1 km / 0.1 mi <br /> Haandvaerkerhuset - 0.2 km / 0.1 mi <br /> Kongelig Toldkammer & Toldbodsplads - 0.2 km / 0.1 mi <br /> Aalborg Harbour - 0.3 km / 0.2 mi <br /> Osteragade - 0.3 km / 0.2 mi <br /> Gammeltorv - 0.4 km / 0.2 mi <br /> Aalborg Monastery - 0.4 km / 0.3 mi <br /> Greyfriars Monastery Museum - 0.4 km / 0.3 mi <br /> Aalborg Raadhus - 0.4 km / 0.3 mi <br /> Aalborg Castle - 0.4 km / 0.3 mi <br /> Medinaen - 0.4 km / 0.3 mi <br /> Aalborg Historical Museum - 0.4 km / 0.3 mi <br /> Jens Bangs Stenhus - 0.4 km / 0.3 mi <br /> Sct. Mariae Kirke - 0.4 km / 0.3 mi <br /> Budolfi Church - 0.5 km / 0.3 mi <br /> </p><p>The preferred airport for Radisson Blu Limfjord Hotel Aalborg is Aalborg (AAL) - 5.9 km / 3.7 mi </p>,"<p>HeadLine : In Aalborg (Aalborg Centrum)</p><p>Location : A stay at Radisson Blu Limfjord Hotel Aalborg places you in the heart of Aalborg, steps from Jomfru Ane Gade and Haandvaerkerhuset.  This 4-star hotel is 0.2 mi (0.3 km) from Kongelig Toldkammer & Toldbodsplads and 0.2 mi (0.3 km) from Aalborg Harbour.</p><p>Rooms : Make yourself at home in one of the 188 guestrooms featuring minibars and Smart televisions. Complimentary wireless Internet access keeps you connected, and cable programming is available for your entertainment. Private bathrooms have complimentary toiletries and hair dryers. Conveniences include safes and irons/ironing boards, and housekeeping is provided daily.</p><p>Dining : Satisfy your appetite for lunch or dinner at the hotel s restaurant, Restaurant Boldt, or stay in and take advantage of the room service (during limited hours). Quench your thirst with your favorite drink at the bar/lounge. A complimentary continental breakfast is served daily from 7 AM to 11 AM.</p><p>CheckIn Instructions : <ul>  <li>Extra-person charges may apply and vary depending on property policy</li><li>Government-issued photo identification and a credit card, debit card, or cash deposit may be required at check-in for incidental charges</li><li>Special requests are subject to availability upon check-in and may incur additional charges; special requests cannot be guaranteed</li><li>This property accepts credit cards; cash is not accepted</li>  </ul></p><p>Special Instructions : Front desk staff will greet guests on arrival. For more details, please contact the property using the information on the booking confirmation.</p>",45-98-161 747,Free breakfast Express check-out Business center 24-hour front desk Conference center Daily Golfing nearby Safe-deposit box at front desk Laundry facilities Casino Use of nearby fitness center (discount) elevator Fitness facilities Conference space Self parking (surcharge) Computer station Terrace ATM/banking Conference space size (feet) - 4951 Dry cleaning/laundry service Casino nearby Wheelchair accessible (may have limitations) Express check-in Number of slot machines - 47 Meeting rooms Number of VIP gaming rooms - 1 Conference space size (meters) - 460 Number of gaming tables - 6 Free WiFi Number of bars/lounges - 1 Health club Designated smoking areas Internet access in public areas - surcharge In-room accessibility (in select rooms) Bicycle rentals nearby Internet access in public areas - high speed Wheelchair accessible parking Free newspapers in lobby Roll-in shower (in select rooms) Tours/ticket assistance Accessible bathroom (in select rooms) Free continental breakfast Off-street parking Luggage storage,57.05072|9.91962,4598164333,DK-9000,https://www.radissonblu.com/en/hotel-aalborg?facilitatorId=CSOSEO&csref=org_gmb_sk_en_sn_ho_AALZH
DK,Denmark,100007,Aalborg,1107006,Hotel Gestus,ThreeStar,Vesterbro 36 38 9000 Aalborg ,Distances are displayed to the nearest 0.1 mile and kilometer. <br /> <p>Gaasepigen - 0.1 km / 0.1 mi <br /> Greyfriars Monastery Museum - 0.3 km / 0.2 mi <br /> Aalborg Historical Museum - 0.3 km / 0.2 mi <br /> Medinaen - 0.4 km / 0.2 mi <br /> Aalborg Monastery - 0.4 km / 0.2 mi <br /> Budolfi Cathedral - 0.4 km / 0.3 mi <br /> Budolfi Church - 0.4 km / 0.3 mi <br /> Aalborg Congress and Culture Center - 0.4 km / 0.3 mi <br /> Gammeltorv - 0.5 km / 0.3 mi <br /> Aalborg Raadhus - 0.5 km / 0.3 mi <br /> Jomfru Ane Gade - 0.5 km / 0.3 mi <br /> Haandvaerkerhuset - 0.5 km / 0.3 mi <br /> Graabrodrekloster Museet - 0.6 km / 0.3 mi <br /> Jens Bangs Stenhus - 0.6 km / 0.4 mi <br /> Franciscan Friary Museum - 0.6 km / 0.4 mi <br /> </p><p>The preferred airport for Milling Hotel Gestus is Aalborg (AAL) - 6.4 km / 4 mi </p>,"<p>HeadLine : In Aalborg (Aalborg Centrum)</p><p>Location : A stay at Milling Hotel Gestus places you in the heart of Aalborg, steps from Gaasepigen and 3 minutes by foot from Greyfriars Monastery Museum.  This eco-certified hotel is 0.5 mi (0.8 km) from Jomfru Ane Gade and 0.2 mi (0.4 km) from Aalborg Congress and Culture Center.</p><p>Rooms : Stay in one of 89 guestrooms featuring flat-screen televisions. Complimentary wireless Internet access keeps you connected, and cable programming is available for your entertainment. Bathrooms have showers and complimentary toiletries.</p><p>Dining : Wrap up your day with a drink at the bar/lounge. A complimentary buffet breakfast is served on weekdays from 6:30 AM to 9:30 AM and on weekends from 7:30 AM to 10:30 AM.</p><p>Renovations : The property is closed between December 22 and January 4.</p><p>CheckIn Instructions : <ul>  <li>Extra-person charges may apply and vary depending on property policy</li><li>Government-issued photo identification and a credit card, debit card, or cash deposit may be required at check-in for incidental charges</li><li>Special requests are subject to availability upon check-in and may incur additional charges; special requests cannot be guaranteed</li><li>This property accepts credit cards; cash is not accepted</li><li>Safety features at this property include a fire extinguisher, a smoke detector, and a first aid kit</li><li>Please note that cultural norms and guest policies may differ by country and by property; the policies listed are provided by the property</li>  </ul></p><p>Special Instructions : Front desk staff will greet guests on arrival. For more details, please contact the property using the information on the booking confirmation.  Guests planning to arrive outside of normal check-in hours must contact this property in advance to arrange check-in.</p>",45-98-131344,Free Buffet Breakfast Terrace Self parking (surcharge) elevator Tours/ticket assistance Smoke-free property Daily Number of bars/lounges - 1 Free WiFi Television in common areas 24-hour front desk Free breakfast Luggage storage Parking (limited spaces) Wheelchair accessible  no,57.04696|9.91443,45 98 126933,9000,http://millinghotels.dk/hoteller/hotel-gestus/
DK,Denmark,100007,Aalborg,1112503,Park Hotel Aalborg,ThreeStar,John F Kennedys Plads 41 Postboks 13609000 Aalborg ,,HotelDescription#This lovely Hotel is located in Aalborg. This is not a pet-friendly property.,+4598133166,,57.0432250485763|9.91869896650314,+4598123133,9000,http://www.park-hotel-aalborg.dk/
DK,Denmark,100007,Aalborg,1164736,Casa Corner Bed & Breakfast,All,Hobrovej 9 9000 Aalborg ,,"Offering a garden and garden view, aday - Aalborg mansion - Big apartment with garden is situated in Aalborg, 400 metres from Aalborg Congress & Culture Centre and 1.1 km from Monastry of the holy ghost. Complimentary WiFi is available throughout the property and private parking is available on site.

The apartment consists of 3 bedrooms, a living room, a fully equipped kitchen with a fridge and a coffee machine, and 2 bathrooms with a shower and a hairdryer. The apartment also includes 2 bathrooms.

Popular points of interest near the apartment include Aalborg Historical Museum, Budolfi Cathedral and Train Station Aalborg. The nearest airport is Aalborg Airport, 6 km from aday - Aalborg mansion - Big apartment with garden. In response to Coronavirus (COVID-19), additional safety and sanitation measures are in effect at this property.
This property will not accommodate hen, stag or similar parties.",+4598103800,wifi available in all areas Private parking parking on site Non-smoking throughout Free WiFi wifi Heating BBQ facilities internet services Non-smoking rooms Garden Pets allowed Parking,57.04051|9.91104,+4598103800,9000,https://www.booking.com/hotel/dk/casa-corner-bed-breakfast.html
DK,Denmark,100007,Aalborg,1231442,Best Western Hotel Scheelsminde,FourStar,Scheelsmindevej 35 9200 Aalborg ,Distances are displayed to the nearest 0.1 mile and kilometer. <br /> <p>Vester Mariendal Molle - 0.5 km / 0.3 mi <br /> Aalborg Zoo - 2.2 km / 1.3 mi <br /> Nordjysk Spejdermuseum - 2.5 km / 1.6 mi <br /> Vandteknisk Museum - 2.6 km / 1.6 mi <br /> Gug Kirke - 2.7 km / 1.7 mi <br /> Aalborgtarnet - 2.7 km / 1.7 mi <br /> Gug Church - 2.7 km / 1.7 mi <br /> Aalborg Tower - 3 km / 1.9 mi <br /> FunCenter - 3.2 km / 2 mi <br /> North Jutland Art Museum - 3.2 km / 2 mi <br /> Aalborg Congress and Culture Center - 3.2 km / 2 mi <br /> Gaasepigen - 3.3 km / 2.1 mi <br /> Urania Observatoriet - 3.5 km / 2.2 mi <br /> Greyfriars Monastery Museum - 3.5 km / 2.2 mi <br /> Capella Play - 3.6 km / 2.2 mi <br /> </p><p>The nearest major airport is Aalborg (AAL) - 24.2 km / 15.1 mi</p>,"<p>HeadLine : Near Vester Mariendal Molle</p><p>Location : When you stay at Hotel Scheelsminde in Aalborg, you ll be near the airport, within a 5-minute drive of Vester Mariendal Molle and Aalborg Zoo.  This 4-star hotel is 2.5 mi (3.9 km) from Jomfru Ane Gade and 1.6 mi (2.5 km) from Nordjysk Spejdermuseum.</p><p>Rooms : Stay in one of 92 guestrooms featuring flat-screen televisions. Complimentary wireless Internet access keeps you connected, and cable programming is available for your entertainment. Bathrooms feature showers, complimentary toiletries, and hair dryers. Conveniences include desks and electric kettles, and housekeeping is provided daily.</p><p>Dining : Enjoy a meal at the restaurant, or stay in and take advantage of the hotel s room service (during limited hours). Wrap up your day with a drink at the bar/lounge. Buffet breakfasts are served on weekdays from 6:30 AM to 9:30 AM for a fee.</p><p>Renovations : The following facilities are closed seasonally each year. They will be closed from January 1 to January 4:<ul><li>Bar/Lounge</li><li>Dining venue(s)</li></ul></p><p>CheckIn Instructions : <ul>  <li>Extra-person charges may apply and vary depending on property policy</li><li>Government-issued photo identification and a credit card, debit card, or cash deposit may be required at check-in for incidental charges</li><li>Special requests are subject to availability upon check-in and may incur additional charges; special requests cannot be guaranteed</li><li>This property accepts credit cards, debit cards, and cash</li><li>Safety features at this property include a smoke detector</li>  </ul></p><p>Special Instructions : The front desk is open during the following times:<ul><li>Monday - Friday: 7:00 AM - 10:00 PM</li></ul> <ul><li>Saturday - Saturday: 8:00 AM - 10:00 PM</li></ul>To make arrangements for check-in please contact the property at least 24 hours before arrival using the information on the booking confirmation. If you are planning to arrive after 6:00 PM please contact the property in advance using the information on the booking confirmation. Guests planning to arrive outside of normal check-in hours must contact the property in advance for check-in instructions and an access code. Front desk staff will greet guests on arrival.</p>",45-30320965,Concierge services Bicycle rentals on site Terrace Free self parking Sauna Designated smoking areas (fines apply) Safe-deposit box at front desk Breakfast available (surcharge) Electric car charging station Multilingual staff Luggage storage Wheelchair accessible  no Tours/ticket assistance In-room accessibility (in select rooms) Picnic area Garden Number of indoor pools - 1 Number of spa tubs - 1 Designated smoking areas Number of bars/lounges - 1 Free WiFi Swimming pool Number of meeting rooms - 6 Food and water bowls Casino nearby Gift shops or newsstand,57.02002|9.90362,45-98183233,9200,http://www.scheelsminde.dk
