countyCode,countyName,cityCode,cityName,HotelCode,HotelName,HotelRating,Address,Attractions,Description,FaxNumber,HotelFacilities,Map,PhoneNumber,PinCode,HotelWebsiteUrl
EC,Ecuador,105074,Alausi,1440125,Hostería La Eterna Primavera,FourStar,Barrio Turístico Cantón Alausí060254 Huigra ,,"An outdoor swimming pool surrounded by gardens and hammocks can be enjoyed in Huigra, 500 metres from the train station and 200 metres from Panama Cascade. Wi-Fi is free. Nariz del Diablo station is a 40-minute drive away. Hostería La Eterna Primavera also offers outdoor activities.

Guests staying at Hostería La Eterna Primavera can book rooms with private bathrooms.

Regional and international dishes can be enjoyed at the restaurant.

La Eterna Primavera offers 24-hour front desk assistance. Private parking is free. Please inform Hostería La Eterna Primavera in advance of your expected arrival time. You can use the Special Requests box when booking, or contact the property directly with the contact details provided in your confirmation.
Payment before arrival via bank transfer is required. The property will contact you after you book to provide instructions.
In response to Coronavirus (COVID-19), additional safety and sanitation measures are in effect at this property.
Due to Coronavirus (COVID-19), this property is taking steps to help protect the safety of guests and staff. Certain services and amenities may be reduced or unavailable as a result.
In accordance with government guidelines to minimise transmission of the Coronavirus (COVID-19), this property may request additional documentation from guests to validate identity, travel itinerary and other relevant information, during dates where such guidelines exist.
Please note that the propertys restaurant and room service are available daily from 08:00 until 21:00.",,Outdoor pool Free WiFi designated smoking area Snack Bar outdoor pool (all year) Private check-in/check-out shuttle service (additional charge) Special diet menus (on request) shared lounge/TV area Evening entertainment Daily housekeeping parking on site Private parking wifi available in all areas board games/puzzles Indoor play area Kid meals secured parking Pool with view Shallow end Wine/champagne Fruits coffee house on site Outdoor furniture Picnic area Outdoor fireplace Swimming pool Shuttle service Walking tours Parking 24-hour security Key access Fire extinguishers Swimming pool use of cleaning chemicals that are effective against coronavirus linens  towels and laundry washed in accordance with local authority guidelines guest accommodation is disinfected between stays guest accommodation sealed after cleaning Restaurant Room service meeting/banquet facilities Bar Garden Terrace Non-smoking rooms Laundry Family rooms Games room Free parking internet services Billiards Karaoke Hiking Tour desk Luggage storage wifi physical distancing in dining areas staff follow all safety protocols as directed by local authorities shared stationery such as printed menus  magazines  pens  and paper removed hand sanitizer in guest accommodation and key areas process in place to check health of guests first aid kit available contactless check-in/check-out cashless payment available physical distancing rules followed invoice provided all plates  cutlery  glasses and other tableware have been sanitized guests have the option to cancel any cleaning services for their accommodation during their stay delivered food is securely covered,-2.27826|-78.97215,03 2938057,060254,http://www.hosteriaeternaprimavera.com/
EC,Ecuador,105074,Alausi,1656103,Hotel Noris,ThreeStar,Av. 5 De Junio Y 9 De Octubre De Junio Y 9 De Octubre060202 Alausí ,Distances are displayed to the nearest 0.1 mile and kilometer. <br /> <p>Monument to Saint Peter - 0.2 km / 0.1 mi <br /> Alausi Main Square - 0.5 km / 0.3 mi <br /> Nariz del Diablo - 32.8 km / 20.4 mi <br /> Huigra Park - 33.9 km / 21.1 mi <br /> Guamote Market - 45.6 km / 28.3 mi <br /> Church of Guamote - 45.8 km / 28.5 mi <br /> </p>,"<p>HeadLine : Near Monument to Saint Peter</p><p>Location : With a stay at Hotel Noris Alausí in Alausi, you ll be a 2-minute walk from Monument to Saint Peter and 6 minutes by foot from Alausi Main Square.  This hotel is 20.4 mi (32.8 km) from Nariz del Diablo and 21.1 mi (33.9 km) from Huigra Park.</p><p>Rooms : Stay in one of 18 guestrooms featuring flat-screen televisions. Complimentary wireless Internet access keeps you connected, and cable programming is available for your entertainment. Bathrooms have showers and complimentary toiletries. Conveniences include safes and complimentary bottled water, and housekeeping is provided daily.</p><p>Dining : Stop by the hotel s restaurant for lunch or dinner. Dining is also available at the coffee shop/cafe, and room service (during limited hours) is provided. Quench your thirst with your favorite drink at the bar/lounge. A complimentary buffet breakfast is served daily from 7 AM to 9 AM.</p><p>CheckIn Instructions : <ul>  <li>Extra-person charges may apply and vary depending on property policy</li><li>Government-issued photo identification and a credit card, debit card, or cash deposit may be required at check-in for incidental charges</li><li>Special requests are subject to availability upon check-in and may incur additional charges; special requests cannot be guaranteed</li><li>This property accepts credit cards</li>  </ul></p><p>Special Instructions : Front desk staff will greet guests on arrival.</p>",593-3-2931111,Dry cleaning/laundry service Free breakfast 24-hour front desk Free WiFi Number of bars/lounges - 1 Daily Safe-deposit box at front desk Smoke-free property Number of coffee shops/cafes - 1 Laundry facilities Tours/ticket assistance Free self parking Terrace Free Buffet Breakfast Concierge services Rooftop terrace,-2.203808|-78.847408,593-3-2931111,060202,
EC,Ecuador,105074,Alausi,1656315,Hostal Gampala,TwoStar,Avenida 5 de Junio 122 Y Pedro de loza060201 Alausí ,,"Located in Alausí, Hostal Gampala features an on-site restaurant, free WiFi access and free private parking.

Each room here will provide you with a cable TV, bed linen and a washer and dryer. Featuring a shower, private bathroom also comes with a hairdryer and free toiletries.

At Hostal Gampala you will find a 24-hour front desk, a terrace and a bar. Other facilities offered at the property include a tour desk. Please inform Hostal Gampala in advance of your expected arrival time. You can use the Special Requests box when booking, or contact the property directly with the contact details provided in your confirmation.
Payment before arrival via bank transfer is required. The property will contact you after you book to provide instructions.",,Free self parking Restaurant Bar/lounge 24-hour front desk Terrace Laundry facilities Internet access Shoeshine Tour desk Luggage storage Free WiFi Free WiFi Non-smoking throughout Designated smoking areas Area shuttle (surcharge) Trouser press Daily housekeeping Private parking,-2.20327|-78.84749,+59332930138,060201,https://www.booking.com/hotel/ec/gampala.html
EC,Ecuador,105074,Alausi,1734795,Killa Wasi Hostel,All,La Quinta de La Falilia Rivadeneira barrio Mullenquiz 060250 Alausí ,,"Killa Wasi Hostel is set in Alausí and features barbecue facilities. The accommodation offers a 24-hour front desk, and organising tours for guests.

At the hostel, rooms are equipped with a wardrobe. All units will provide guests with a fridge.

You can play darts at Killa Wasi Hostel, and bike hire is available.",,Free self parking 24-hour front desk Garden Non-smoking rooms Airport shuttle Internet access Darts Bicycle rental (additional charge) Library Hiking BBQ facilities Packed lunches Tour desk Luggage storage Free WiFi Free WiFi Non-smoking throughout Designated smoking areas Special diet menus (on request) Shared kitchen Lockers Adult only Grocery/convenience store Parking onsite Private parking Games Children's books,-2.20802|-78.85268,,060250,https://www.booking.com/hotel/ec/killa-wasi-hostel.html
EC,Ecuador,105074,Alausi,1873187,La posada de Carlitos,All,Eloy Alfaro 167 Diagonal A La Estación Del Tren060250 Alausí ,,"Featuring free WiFi and a restaurant, La posada de Carlitos offers accommodation in Alausí. Guests can enjoy the on-site gallery and bar. Continental breakfast is available for a surcharge.

Some rooms at La Posada de Carlitos offer a private batrhoom with a shower, other bathrooms are shared. Free toiletries are included. Daily maid service is provided.

Guests at La Posada de Carlitos have access to a shared lounge and kitchen as well as a tour desk. Parking is available for a surcharge.

There is a 24-hour front desk at the property and a souvenir store. Guayaquil airport is 200 km away. Please note that guests must be 7 years old or older.",,Free self parking Restaurant Bar/lounge 24-hour front desk Laundry facilities Family rooms Internet access Massage Gift shops or newsstand Tour desk Free WiFi Free WiFi Non-smoking throughout Snack bar/deli Shared kitchen Television in common areas Daily housekeeping Street parking,-2.20127|-78.84784,,060250,https://www.booking.com/hotel/ec/la-posada-de-carlitos.html
EC,Ecuador,105074,Alausi,1886004,Hotel El Molino,FourStar,Sucre N141 y Bolivar Alausi ,,"Set in Alausí, within 400 metres of Alausí and 700 metres of Mirador, Hotel El Molino Alausí offers accommodation with a garden and free WiFi throughout the property as well as free private parking for guests who drive. All rooms boast a flat-screen TV with cable channels and a private bathroom. The accommodation features evening entertainment and a 24-hour front desk.

At the hotel the rooms are equipped with bed linen and towels.

A buffet breakfast is available every morning at Hotel El Molino Alausí.

Lookout house is less than 1 km from the accommodation, while Zulas valley is 7.7 km from the property.",,Non-smoking rooms Laundry Facilities for disabled guests Games room Ironing service Free parking internet services Safety Deposit Box BBQ facilities Tour desk wifi Free WiFi designated smoking area Evening entertainment Daily housekeeping parking on site Private parking wifi available in all areas Public Bath kids' outdoor play equipment secured parking Parking garage Accessible parking Wheelchair accessible Wine/champagne Outdoor furniture 24-hour security Key access Security alarm Smoke alarms CCTV in common areas CCTV outside property Fire extinguishers Parking Pets allowed meeting/banquet facilities 24-hour front desk Garden,-2.2013|-78.84581,+59332930739|+593960460746,060202,https://www.booking.com/hotel/ec/el-molino-alausi.html
EC,Ecuador,105074,Alausi,1886187,Hosteria Rincon de Isabel,All,Av. Capitan Ponton Barrio Buha. A 600 Metros Del Estadio 060201 Alausi ,,"Hosteria Rincón de Isabel is located in Alausí. Free WiFi access and free private parking are available.

Each room has a rustic décor features a private bathroom with a shower and free toiletries.

At Hosteria Rincón de Isabel you will find a peaceful garden and a bar. Other facilities offered at the property include meeting facilities, an ironing service and laundry facilities.

The propertys on-site restaurant is specialized in traditional Ecuadorian meals and is available for large groups.


Mariscal Lamar Airport, in Cuenca, is a 2-hour drive away.",,Free self parking Meeting rooms Bar/lounge Garden Non-smoking rooms Laundry facilities Facilities for disabled guests Ironing service Internet access Tour desk Free WiFi Free WiFi Non-smoking throughout Designated smoking areas Private check-in/check-out Area shuttle (surcharge) Special diet menus (on request) Shared kitchen Television in common areas Daily housekeeping Parking onsite Private parking Children television networks,-2.19306|-78.85023,,060201,https://www.booking.com/hotel/ec/hosteria-rincon-de-santa-isabel.html
EC,Ecuador,105074,Alausi,5643733,Hostal Ventura,All,Antonio Mora Y 9 De Octubre  ,,"Hostal Ventura Alausí is set in Alausí and features a bar. Among the facilities of this property are a restaurant, a 24-hour front desk and room service, along with free WiFi throughout the property. There is free private parking and the property offers paid airport shuttle service.

The units in the guest house are fitted with a flat-screen TV with cable channels. With a private bathroom equipped with a shower and free toiletries, rooms at Hostal Ventura Alausí also provide guests with a city view.

Guests at the accommodation can enjoy a continental breakfast.

Guests at Hostal Ventura Alausí will be able to enjoy activities in and around Alausí, like cycling. Please inform Hostal Ventura Alausí in advance of your expected arrival time. You can use the Special Requests box when booking, or contact the property directly with the contact details provided in your confirmation.
In response to Coronavirus (COVID-19), additional safety and sanitation measures are currently in effect at this property.
Due to Coronavirus (COVID-19), this property is taking steps to help protect the safety of guests and staff. Certain services and amenities may be reduced or unavailable as a result.
In accordance with government guidelines to minimise transmission of the Coronavirus (COVID-19), this property may request additional documentation from guests to validate identity, travel itinerary and other relevant information, during dates where such guidelines exist.",,wifi available in all areas Airport shuttle Fire extinguishers Luggage storage breakfast in the room Ticket service Daily housekeeping Happy hour shuttle service (additional charge) Bar Non-smoking rooms Tour or class about local culture Tour desk 24-hour security meeting/banquet facilities Smoke alarms Restaurant Cycling Private check-in/check-out CCTV outside property Room service 24-hour front desk Kid-friendly buffet grocery deliveries Special diet menus (on request) Laundry Fax/photocopying Themed dinner nights internet services Children television networks Live sport events (broadcast) Private parking Walking tours Non-smoking throughout Free parking Free WiFi Hiking Family rooms CCTV in common areas wifi Parking Bike tours Kid meals airport shuttle (additional charge) Packed lunches Evening entertainment concierge service designated smoking area,-2.20176|-78.84668,,060250,https://www.booking.com/hotel/ec/hostal-ventura.html
EC,Ecuador,101119,Ambato,1261449,Hotel Emperador,FourStar,Avenida Cevallos 1014 Ambato ,,"Boasting a panoramic terrace with city views, spa facilities and an on-site gym, Emperador has rooms with chic décor and city views in Ambato. Guests can also enjoy an indoor swimming pool.

Hotel Emperador has suites and rooms with air conditioning, flat screen TV and comfortable seating areas. Suites also feature hot tubs, kitchenettes and DVD players.

An American breakfast with tropical fruits can be enjoyed daily and guests can enjoy regional dishes at the restaurant.

Museo del Colegio Bolivar is 300 metres away. The main bus station is 1 km away. Car rental can be arranged and there is free private parking.

Quito City is 136 km from Emperador and shuttles to Latacunga Airport, 45 km away, are possible for a fee. Sauna is closed from Sat 06 Feb 2021 until Wed 31 Mar 2021
Spa/wellness centre is closed from Sat 06 Feb 2021 until Wed 31 Mar 2021
Hot tub/jacuzzi is closed from Sat 06 Feb 2021 until Wed 31 Mar 2021",593-032424460 Extensión: 144,Parking Restaurant Pets allowed Room service meeting/banquet facilities Bar 24-hour front desk Sauna Fitness centre Terrace Non-smoking rooms Airport shuttle Business centre Laundry dry cleaning Facilities for disabled guests Family rooms breakfast in the room Ironing service Free parking internet services lift Solarium Valet parking Spa and wellness centre Massage Hot tub/jacuzzi Soundproof rooms Packed lunches Car hire Tour desk hammam Heating Fax/photocopying Luggage storage wifi Free WiFi Non-smoking throughout Air conditioning Sun terrace concierge service shuttle service (additional charge) Special diet menus (on request) airport shuttle (additional charge) shared lounge/TV area Daily housekeeping grocery deliveries parking on site Private parking wifi available in all areas Kid meals secured parking Parking garage Accessible parking Wheelchair accessible Toilet with grab rails Wine/champagne Fruits airport pick up airport drop off coffee house on site Spa Facilities Spa lounge/relaxation area Fitness fitness/spa locker rooms Shuttle service 24-hour security Key card access Security alarm Smoke alarms CCTV in common areas CCTV outside property Fire extinguishers use of cleaning chemicals that are effective against coronavirus linens  towels and laundry washed in accordance with local authority guidelines guest accommodation is disinfected between stays guest accommodation sealed after cleaning physical distancing in dining areas food can be delivered to guest accommodation staff follow all safety protocols as directed by local authorities hand sanitizer in guest accommodation and key areas process in place to check health of guests property is cleaned by professional cleaning companies all plates  cutlery  glasses and other tableware have been sanitized guests have the option to cancel any cleaning services for their accommodation during their stay breakfast takeaway containers delivered food is securely covered face masks for guests available,-1.24119|-78.62649,+59332424460,180150,https://www.booking.com/hotel/ec/hotel-casino-emperador.html
EC,Ecuador,101119,Ambato,1397932,Hotel Versailles,ThreeStar,Av. Bolivariana Km 5 1 2 Via Banos Diagonal Universidad Uniandes Via BanosDiagonal Universidad Uniandes180166 Ambato ,,"Located 5 km from central Ambato, Hotel Versailles offers a hot tub, a restaurant and functional rooms with mountain views. Free Wi-Fi and free parking are provided.

Each room at Hotel Versailles has functional décor, a desk and satellite TV. The private bathrooms come with a shower. American breakfast is included in the rate.

At Hotel Versailles you will find a bar, meeting facilities and a 24-hour front desk with information about the area. Airport transfers can be arranged at an extra cost.

Cotopaxi International Airport is located 50 km from Hotel Versailles. The Cotopaxi Volcano is around an hours drive away, while Quito is a 2-hour drive away.",,Trouser press Parking Restaurant Room service meeting/banquet facilities Bar 24-hour front desk Garden Terrace Non-smoking rooms Airport shuttle Business centre Laundry Facilities for disabled guests Family rooms breakfast in the room Ironing service Free parking internet services express check-in/check-out Safety Deposit Box Karaoke Packed lunches Tour desk Fax/photocopying Luggage storage wifi Free WiFi designated smoking area Snack Bar Sun terrace concierge service Private check-in/check-out shuttle service (additional charge) airport shuttle (additional charge) shared lounge/TV area Daily housekeeping grocery deliveries parking on site Private parking wifi available in all areas Kid meals secured parking Parking garage Wheelchair accessible Toilet with grab rails Lower bathroom sink Emergency cord in bathroom Wine/champagne Fruits airport pick up airport drop off coffee house on site Picnic area Shuttle service 24-hour security Key card access Security alarm Smoke alarms CCTV in common areas CCTV outside property Fire extinguishers use of cleaning chemicals that are effective against coronavirus linens  towels and laundry washed in accordance with local authority guidelines guest accommodation is disinfected between stays physical distancing in dining areas food can be delivered to guest accommodation staff follow all safety protocols as directed by local authorities shared stationery such as printed menus  magazines  pens  and paper removed hand sanitizer in guest accommodation and key areas process in place to check health of guests first aid kit available contactless check-in/check-out cashless payment available physical distancing rules followed mobile app for room service invoice provided property is cleaned by professional cleaning companies all plates  cutlery  glasses and other tableware have been sanitized guests have the option to cancel any cleaning services for their accommodation during their stay breakfast takeaway containers delivered food is securely covered thermometers for guests provided by property face masks for guests available,-1.2951|-78.60334,,180150,https://www.booking.com/hotel/ec/versailles.html
EC,Ecuador,101119,Ambato,1398191,Hotel Boutique Mary Carmen,ThreeStar,Avenida Cevallos Y Martinez Ambato ,,"Offering a spa and wellness centre and a restaurant, Hotel Mary Carmen is located in the Tungurahua Province in Ambato, 2 hours away from Quito. Free Wi-Fi access is available.

Rooms here will provide you with a TV. Featuring a shower, the private bathrooms also come with a hairdryer and towels. Extras include linen.

The restaurant at Hotel Mary Carmen is specialized in typical cuisine of the region.

At Hotel Mary Carmen you will find a fitness centre along with other facilities, such as a tour desk, shops on site and an ironing service. The property offers free parking.",01159332420912,linens  towels and laundry washed in accordance with local authority guidelines guest accommodation is disinfected between stays guest accommodation sealed after cleaning physical distancing in dining areas Facilities for disabled guests Barber/beauty shop Family rooms breakfast in the room Ironing service Free parking internet services lift express check-in/check-out Safety Deposit Box Valet parking Spa and wellness centre Massage Karaoke Hot tub/jacuzzi Soundproof rooms Packed lunches Car hire Tour desk hammam Heating Fax/photocopying Luggage storage wifi Allergy-free room Free WiFi Non-smoking throughout Air conditioning use of cleaning chemicals that are effective against coronavirus dry cleaning Fire extinguishers Laundry CCTV outside property babysitting/child services CCTV in common areas Business centre Smoke alarms Airport shuttle Non-smoking rooms Fitness centre Sauna 24-hour front desk Bar Security alarm meeting/banquet facilities Key card access Room service 24-hour security Restaurant Live sport events (broadcast) Parking Themed dinner nights Shuttle service fitness/spa locker rooms Fitness Massage chair Spa/wellness packages Foot bath Spa lounge/relaxation area Steam room Spa Facilities Body scrub Body Treatments hair styling hair colouring hair cut designated smoking area Snack Bar concierge service nightclub/dj Private check-in/check-out shuttle service (additional charge) Special diet menus (on request) airport shuttle (additional charge) shared lounge/TV area Evening entertainment Daily housekeeping parking on site wifi available in all areas Kid meals secured parking Parking garage Accessible parking Wheelchair accessible Toilet with grab rails Higher level toilet Lower bathroom sink Emergency cord in bathroom Wine/champagne Fruits airport pick up airport drop off Visual aids: Braille coffee house on site Sun umbrellas Outdoor furniture Beauty Services Facial treatments Waxing services Make up services hair treatments Manicure Pedicure food can be delivered to guest accommodation staff follow all safety protocols as directed by local authorities hand sanitizer in guest accommodation and key areas process in place to check health of guests first aid kit available contactless check-in/check-out cashless payment available physical distancing rules followed mobile app for room service screens or physical barriers placed between staff and guests in appropriate areas invoice provided property is cleaned by professional cleaning companies all plates  cutlery  glasses and other tableware have been sanitized guests have the option to cancel any cleaning services for their accommodation during their stay breakfast takeaway containers delivered food is securely covered thermometers for guests provided by property face masks for guests available,-1.24197|-78.62696,+59332420908,180150,https://www.booking.com/hotel/ec/boutique-mary-carmen.html
EC,Ecuador,101119,Ambato,1398842,Hotel Ambato,All,Guayaquil 01 08 Y Rocafuerte Rocafuerte180150 Ambato ,,"Offering a terrace and a garden, Hotel Ambato offers accommodations 500 metres from Montalvo park and 800 meters from Cevallos Park, the commercial area and city centre. Free WiFi access is available.

Rooms here offer mountain views and include cable TV, a work desk. All come with a wardrobe and a private bathroom with shower and hairdryer.

The hotel surroundings offer the Museum of the Casa del Portal, only a 5-minute drive away. In addition, free private parking is available.

This property is located  a 15-minutes drive from La Familia Park. Baños Hot Springs can be reached after a 45 minutes drive, while Quitos International Airport is just a 2 hours away by car. Please inform Hotel Ambato in advance of your expected arrival time. You can use the Special Requests box when booking, or contact the property directly with the contact details provided in your confirmation.
In response to Coronavirus (COVID-19), additional safety and sanitation measures are in effect at this property.
Food & beverage services at this property may be limited or unavailable due to Coronavirus (COVID-19).
Due to Coronavirus (COVID-19), this property is taking steps to help protect the safety of guests and staff. Certain services and amenities may be reduced or unavailable as a result.
Due to Coronavirus (COVID-19), this property has reduced reception and service operating hours.
In accordance with government guidelines to minimise transmission of the Coronavirus (COVID-19), this property may request additional documentation from guests to validate identity, travel itinerary and other relevant information, during dates where such guidelines exist.",59332421790,Parking Restaurant Pets allowed Room service meeting/banquet facilities Bar 24-hour front desk Garden Terrace Non-smoking rooms Airport shuttle Business centre Laundry dry cleaning Facilities for disabled guests Family rooms breakfast in the room Ironing service Free parking internet services lift express check-in/check-out Safety Deposit Box Valet parking Soundproof rooms Packed lunches Tour desk Fax/photocopying Luggage storage wifi Free WiFi Non-smoking throughout designated smoking area Sun terrace concierge service Private check-in/check-out Special diet menus (on request) airport shuttle (additional charge) shared lounge/TV area Daily housekeeping parking on site Private parking wifi available in all areas Kid meals secured parking Wheelchair accessible Toilet with grab rails airport pick up airport drop off coffee house on site Outdoor furniture Happy hour 24-hour security Key card access Security alarm Smoke alarms CCTV in common areas CCTV outside property Fire extinguishers use of cleaning chemicals that are effective against coronavirus linens  towels and laundry washed in accordance with local authority guidelines guest accommodation is disinfected between stays physical distancing in dining areas food can be delivered to guest accommodation staff follow all safety protocols as directed by local authorities hand sanitizer in guest accommodation and key areas process in place to check health of guests invoice provided all plates  cutlery  glasses and other tableware have been sanitized guests have the option to cancel any cleaning services for their accommodation during their stay face masks for guests available,-1.24285|-78.63161,59332421791,180150,https://www.booking.com/hotel/ec/ambato.html
EC,Ecuador,101119,Ambato,1399405,Roka Plaza Hotel Boutique,FiveStar,Calle Bolivar Entre Calles Quito Y Guayaquil Entre Calles QuitoGuayaquil180101 Ambato ,,"Offering a restaurant, Roka Plaza Hotel Boutique is a modified colonial house located in Ambato. Free WiFi access is available.

Each room here has a private bathroom with a shower or a bath and free toiletries. Extras include cleaning products.

At Roka Plaza Hotel Boutique you will find a 24-hour front desk and a sushi bar. The property offers free parking.

Cotopaxi International Airport can be reached after a 45-minute drive.",,24-hour security Key access Security alarm Smoke alarms CCTV in common areas Fire extinguishers invoice provided Parking Restaurant Room service meeting/banquet facilities Bar 24-hour front desk Garden Non-smoking rooms Laundry Family rooms breakfast in the room Ironing service Free parking internet services express check-in/check-out Packed lunches Tour desk Fax/photocopying Luggage storage wifi Free WiFi Non-smoking throughout concierge service Daily housekeeping wifi available in all areas secured parking Parking garage Accessible parking Wine/champagne Fruits coffee house on site Themed dinner nights,-1.2432|-78.63081,+59332423845,180101,https://www.booking.com/hotel/ec/roka-plaza-boutique.html
EC,Ecuador,101119,Ambato,1501594,Hotel Imperial,ThreeStar,Av. 12 De Noviembre 01 27 Y Av. El Rey y Av. del Rey Avenida El ReyAmbatoTungurahua ,Distances are displayed to the nearest 0.1 mile and kilometer. <br /> <p>Bellavista Stadium - 1.2 km / 0.8 mi <br /> Museum of Natural Science - 1.3 km / 0.8 mi <br /> Col Nac Bolivar Museum - 1.3 km / 0.8 mi <br /> Mausoleum of Montalvo - 1.5 km / 1 mi <br /> Juan Montalvo Park - 1.6 km / 1 mi <br /> Ambato Cathedral - 1.6 km / 1 mi <br /> Martinez-Holguim Historical Museum - 2 km / 1.2 mi <br /> Juan Leon Mera Estate Museum - 2.1 km / 1.3 mi <br /> Bolivar Stadium - 2.8 km / 1.7 mi <br /> Mall of the Andes - 4.3 km / 2.6 mi <br /> Chimborazo Fauna Production Reserve - 18.1 km / 11.3 mi <br /> Río Cunuyacu - 37 km / 23 mi <br /> Nautical Ignacio Flores Park - 38 km / 23.6 mi <br /> Monserrat Mills Cultural Center - 38.7 km / 24 mi <br /> House of the Marquis of Miraflores - 38.7 km / 24 mi <br /> </p>,"<p>HeadLine : Near Museum of Natural Science</p><p>Location : A stay at Hotel Imperial places you in the heart of Ambato, within a 5-minute drive of Bellavista Stadium and Col Nac Bolivar Museum.  This hotel is 0.8 mi (1.3 km) from Museum of Natural Science and 0.9 mi (1.4 km) from Juan Montalvo Park.</p><p>Rooms : Make yourself at home in one of the 31 guestrooms. Complimentary wireless Internet access keeps you connected, and cable programming is available for your entertainment. Private bathrooms with showers feature complimentary toiletries and hair dryers. Conveniences include phones and blackout drapes/curtains, and housekeeping is provided daily.</p><p>Dining : Satisfy your appetite at the hotel s coffee shop/cafe, or stop in at the snack bar/deli. A complimentary continental breakfast is served daily from 7 AM to 10 AM.</p><p>CheckIn Instructions : <ul>  <li>Extra-person charges may apply and vary depending on property policy</li><li>Government-issued photo identification and a credit card, debit card, or cash deposit may be required at check-in for incidental charges</li><li>Special requests are subject to availability upon check-in and may incur additional charges; special requests cannot be guaranteed</li><li>This property accepts credit cards and cash</li>  </ul></p><p>Special Instructions : Front desk staff will greet guests on arrival.</p>",593-3-2424528,Covered parking Uncovered parking Wheelchair accessible (may have limitations) Accessible shuttle Free breakfast Wheelchair-accessible van parking Front entrance ramp 24-hour front desk Wheelchair-accessible registration desk Number of accessible parking spaces - 20 Free WiFi Daily Well-lit path to entrance Smoke-free property Wheelchair accessible parking Snack bar/deli Number of coffee shops/cafes - 1 Laundry facilities Accessible bathroom (in select rooms) Free self parking Free continental breakfast Concierge services 24-hour business center,-1.236279|-78.619314,593-3-2826538,180201,http://www.hotelimperial.com.ec
EC,Ecuador,101119,Ambato,1566226,Ficoa Real Suites,ThreeStar,Rodrigo Pachano Y Montalvo Ficoa Ficoa180150 Ambato ,,"Ficoa Real Suites is located in Ambatos commercial zone. This modern hotel features an on-site lounge and is just 500 metres from Quinta de Juan Leon Mera museum.

Each one of the 10 rooms here boasts elegant décor and comes equipped with a flat-screen cable TV, a work desk and a safety-deposit box. They also include free WiFi access and a private bathroom with a shower, toilet and a hairdryer.

At Ficoa Real Suites you will find a 24-hour front desk, free private parking and a garden. Other facilities offered include a tour desk, luggage storage and dry cleaning.

Guests will be able to find a variety of restaurants, supermarkets and banks within a few steps. A free daily American breakfast is offered.

The popular Avenida Ceballos can be reached in 5 minutes by car, while the Botanical Gardens are less than 2 km from Ficoa Real Suites. Additionally, the hotel can assist with information on how to reach a number of cultural tourist attractions. Please inform Ficoa Real Suites in advance of your expected arrival time. You can use the Special Requests box when booking, or contact the property directly with the contact details provided in your confirmation.
Payment before arrival via bank transfer is required. The property will contact you after you book to provide instructions.",,Free self parking Restaurant Room service Free newspapers in lobby Garden Terrace Non-smoking rooms Airport shuttle Laundry facilities Dry cleaning/laundry service Family rooms Breakfast service Ironing service Bridal suite Internet access Elevator/lift Express check-in Safe-deposit box at front desk Free valet parking Darts Packed lunches Tour desk Luggage storage Free WiFi Allergy-free room Free WiFi Non-smoking throughout Designated smoking areas Terrace Concierge services Private check-in/check-out Area shuttle (surcharge) Special diet menus (on request) Trouser press Vending machine - Snacks & Drink Airport transportation (surcharge) Television in common areas Daily housekeeping Grocery/convenience store Parking onsite Private parking Games Children's books Kids  outdoor play equipment Children television networks,-1.23673|-78.63295,(03) 274-2140,180150,https://www.booking.com/hotel/ec/ficoa-real-suites.html
EC,Ecuador,101119,Ambato,1566267,Hotel Novalux,FourStar,Avenida Cevallos 15-34 Martinez180150 Ambato ,,"Hotel Novalux is a 4-star property set in Ambato. This 4-star hotel offers a shared lounge, room service and free WiFi. The property is allergy-free and is located 48 km from Tarabita Cable Car.

At the hotel, every room is equipped with a desk. Featuring a private bathroom with a shower and free toiletries, rooms at Hotel Novalux also provide guests with a city view. All units in the accommodation are equipped with a flat-screen TV and a hairdryer.

Guests at Hotel Novalux can enjoy an American breakfast.

A business centre and vending machines with drinks are available on site at the hotel. Speaking both English and Spanish, staff at the reception can help you plan your stay.

The nearest airport is Quito Mariscal Sucre International Airport, 157 km from Hotel Novalux.",,Parking Room service meeting/banquet facilities 24-hour front desk Non-smoking rooms Business centre Laundry Facilities for disabled guests Family rooms breakfast in the room Ironing service internet services lift coffee house on site express check-in/check-out 24-hour security Soundproof rooms Security alarm Tour desk Smoke alarms Fax/photocopying CCTV in common areas Luggage storage CCTV outside property wifi Fire extinguishers Free WiFi invoice provided designated smoking area Private check-in/check-out Trouser press vending machine (drinks) shared lounge/TV area Daily housekeeping wifi available in all areas Parking garage,-1.24196|-78.62728,,180107,https://www.booking.com/hotel/ec/novalux.html
EC,Ecuador,101119,Ambato,1566364,La Kapital Hotel,FourStar,Calle Olmedo y Lrancisco Flor  ,,"Featuring free WiFi and a barbecue, La Kapital Hotel offers accommodation in Ambato, 29 km from Baños and 5 minutes from the Cathedral and the historical center. The hotel has a sun terrace and views of the mountains, and guests can enjoy a meal at the restaurant.

Every room is fitted with a flat-screen TV with satellite channels. Some units have a seating area where you can relax. Rooms come with a private bathroom. Superior rooms include a spa bath or a hot tub.

You will find a 24-hour front desk at the property and a traditional chiva bus is available for special events.

You can play table tennis at the hotel. San Andrés is 39 km from La Kapital Hotel , while Riobamba is 48 km away.",,Hot tub/jacuzzi BBQ facilities wifi Free WiFi designated smoking area shared lounge/TV area Daily housekeeping wifi available in all areas board games/puzzles Wheelchair accessible Visual aids: Tactile signs Spa Facilities Fitness use of cleaning chemicals that are effective against coronavirus staff follow all safety protocols as directed by local authorities process in place to check health of guests cashless payment available physical distancing rules followed Parking Restaurant Room service meeting/banquet facilities 24-hour front desk Fitness centre Laundry Facilities for disabled guests Family rooms Games room Free parking internet services lift Spa and wellness centre Billiards Table tennis Karaoke,-1.24455|-78.63153,,180150,https://www.booking.com/hotel/ec/kapital.html
EC,Ecuador,101119,Ambato,1633902,Hotel Florida,ThreeStar,"Av. Miraflores 11 31 Frente al Colegio, La Inmaculada 180102 Ambato ",Distances are displayed to the nearest 0.1 mile and kilometer. <br /> <p>Juan Montalvo Park - 1.3 km / 0.8 mi <br /> Mausoleum of Montalvo - 1.4 km / 0.8 mi <br /> Ambato Cathedral - 1.4 km / 0.9 mi <br /> Col Nac Bolivar Museum - 1.6 km / 1 mi <br /> Museum of Natural Science - 1.6 km / 1 mi <br /> Bolivar Stadium - 1.7 km / 1 mi <br /> Bellavista Stadium - 2.1 km / 1.3 mi <br /> Mall of the Andes - 3 km / 1.9 mi <br /> Juan Leon Mera Estate Museum - 3.5 km / 2.2 mi <br /> Martinez-Holguim Historical Museum - 4 km / 2.5 mi <br /> Chimborazo Fauna Production Reserve - 16.7 km / 10.4 mi <br /> Río Cunuyacu - 39.3 km / 24.4 mi <br /> San Martin Zoo - 40.7 km / 25.3 mi <br /> Nautical Ignacio Flores Park - 40.7 km / 25.3 mi <br /> House of the Marquis of Miraflores - 41.5 km / 25.8 mi <br /> </p>,"<p>HeadLine : Near Bolivar Stadium</p><p>Location : With a stay at Hotel Florida in Ambato, you ll be within a 5-minute drive of Ambato Cathedral and Juan Montalvo Park.  This hotel is 27.7 mi (44.6 km) from Church of the Virgin of the Holy Water and 27.7 mi (44.6 km) from Sebastian Acosta Park.</p><p>Rooms : Make yourself at home in one of the 39 guestrooms featuring refrigerators and minibars. 32-inch flat-screen televisions with cable programming provide entertainment, while complimentary wireless Internet access keeps you connected. Private bathrooms with showers feature complimentary toiletries and hair dryers. Conveniences include phones, as well as safes and complimentary bottled water.</p><p>Dining : Stop by the hotel s restaurant for lunch or dinner. Dining is also available at the coffee shop/cafe, and room service (during limited hours) is provided. A complimentary full breakfast is served daily from 7 AM to 10 AM.</p><p>CheckIn Instructions : <ul>  <li>Extra-person charges may apply and vary depending on property policy</li><li>Government-issued photo identification and a credit card, debit card, or cash deposit may be required at check-in for incidental charges</li><li>Special requests are subject to availability upon check-in and may incur additional charges; special requests cannot be guaranteed</li><li>This property accepts credit cards, debit cards, and cash</li><li>Safety features at this property include a fire extinguisher, a smoke detector, and a first aid kit</li>  </ul></p><p>Special Instructions : This property doesn t offer after-hours check-in. Front desk staff will greet guests on arrival.</p>",593-3-2421877,Airport transportation (surcharge) Garden Daily Number of spa tubs - 1 24-hour front desk Free breakfast Business center Tours/ticket assistance Free self parking Dry cleaning/laundry service Steam room Free WiFi Sauna Computer station Number of coffee shops/cafes - 1 Safe-deposit box at front desk Area shuttle (surcharge) Number of meeting rooms - 1 Luggage storage Free full breakfast Concierge services Snack bar/deli Designated smoking areas Laundry facilities,-1.249512|-78.638309,59332422007,180150,http://www.hotelflorida.com.ec
EC,Ecuador,101119,Ambato,1651056,Colony Inn Hotel,TwoStar,Avenida 12 De Noviembre 1 24 Avenida El Rey AmbatoTungurahua ,Distances are displayed to the nearest 0.1 mile and kilometer. <br /> <p>Museum of Natural Science - 1.2 km / 0.7 mi <br /> Col Nac Bolivar Museum - 1.2 km / 0.7 mi <br /> Bellavista Stadium - 1.3 km / 0.8 mi <br /> Mausoleum of Montalvo - 1.5 km / 0.9 mi <br /> Juan Montalvo Park - 1.5 km / 0.9 mi <br /> Ambato Cathedral - 1.5 km / 1 mi <br /> Juan Leon Mera Estate Museum - 2.1 km / 1.3 mi <br /> Martinez-Holguim Historical Museum - 2.1 km / 1.3 mi <br /> Bolivar Stadium - 2.7 km / 1.7 mi <br /> Mall of the Andes - 4.2 km / 2.6 mi <br /> Chimborazo Fauna Production Reserve - 18.1 km / 11.2 mi <br /> Río Cunuyacu - 37 km / 23 mi <br /> Nautical Ignacio Flores Park - 38 km / 23.6 mi <br /> Monserrat Mills Cultural Center - 38.7 km / 24.1 mi <br /> House of the Marquis of Miraflores - 38.7 km / 24.1 mi <br /> </p>,"<p>HeadLine : Near Museum of Natural Science</p><p>Location : A stay at Colony Inn Hotel places you in the heart of Ambato, within a 15-minute walk of Museum of Natural Science and Col Nac Bolivar Museum.  This hotel is 0.9 mi (1.4 km) from Juan Montalvo Park and 0.9 mi (1.4 km) from Ambato Cathedral.</p><p>Rooms : Make yourself at home in one of the 36 guestrooms. Cable television is provided for your entertainment. Bathrooms have showers and complimentary toiletries. Conveniences include phones, as well as desks and complimentary bottled water.</p><p>Dining : Satisfy your appetite at the hotel s coffee shop/cafe. A complimentary continental breakfast is served daily from 7 AM to 9 AM.</p><p>CheckIn Instructions : <ul>  <li>Extra-person charges may apply and vary depending on property policy</li><li>Government-issued photo identification and a credit card, debit card, or cash deposit may be required at check-in for incidental charges</li><li>Special requests are subject to availability upon check-in and may incur additional charges; special requests cannot be guaranteed</li><li>This property accepts credit cards, debit cards, and cash</li>  </ul></p><p>Special Instructions : Front desk staff will greet guests on arrival.</p>",593-3-2829267,Dry cleaning/laundry service Wheelchair accessible  no Luggage storage Free breakfast 24-hour front desk Free WiFi Daily Smoke-free property Number of coffee shops/cafes - 1 Free newspapers in lobby elevator Free self parking Free continental breakfast,-1.236499|-78.619697,59332825789,01-24,
EC,Ecuador,101119,Ambato,1660394,Hotel Cosmopolita Ambato,All,Juan Cajas Abdon Calderon Entre Abdón CalderónAmbato ,,"Hotel Cosmopolita Ambato is offering accommodation in Ambato. Among the facilities of this property are a restaurant, a 24-hour front desk and a shared lounge, along with free WiFi. The hotel has family rooms.

At the hotel, the rooms are equipped with a wardrobe, a flat-screen TV and a private bathroom.

Guests at Hotel Cosmopolita Ambato can enjoy a continental or an American breakfast.

The accommodation also provides a business centre and free private parking.

Baños is 42 km from Hotel Cosmopolita Ambato, while San Andrés is 48 km from the property. Please inform Hotel Cosmopolita Ambato in advance of your expected arrival time. You can use the Special Requests box when booking, or contact the property directly with the contact details provided in your confirmation.
Payment before arrival via bank transfer is required. The property will contact you after you book to provide instructions.",,Family rooms Trouser press On-site parking Luggage storage Restaurant Soundproof rooms Airport shuttle Bridal suite Parking VIP room facilities Tour desk Non-smoking rooms Business centre airport shuttle (additional charge) 24-hour front desk Non-smoking throughout Free WiFi Newspapers Private check-in/check-out Private parking shared lounge/TV area Free parking Laundry Safety Deposit Box shuttle service (additional charge) Fax/photocopying Daily housekeeping Ironing service wifi Valet parking Facilities for disabled guests internet services,-1.23593|-78.61998,+59332822827,180105,https://www.booking.com/hotel/ec/cosmopolita-ambato.html
EC,Ecuador,101119,Ambato,1734755,Casa Quinta Clementina,All,Parroquia Montalvo Ambato ,,"Casa Quinta Clementina has a garden and a shared lounge in Montalvo. Among the facilities of this property are a restaurant, a shared kitchen and room service, along with free WiFi. The hotel features a hot tub and a tour desk.

At the hotel, rooms have a wardrobe. Every room is equipped with a private bathroom with free toiletries.

A continental breakfast is available every morning at the property.

Baños is 38 km from Casa Quinta Clementina. Please inform Casa Quinta Clementina in advance of your expected arrival time. You can use the Special Requests box when booking, or contact the property directly with the contact details provided in your confirmation.
Guests are required to show a photo identification and credit card upon check-in. Please note that all Special Requests are subject to availability and additional charges may apply.",,Parking onsite Private parking Free WiFi Games Kid meals Free self parking Restaurant Room service Bar/lounge Garden Non-smoking rooms Airport shuttle Laundry facilities Breakfast service Ironing service Bridal suite Internet access Express check-in Massage Hot tub/jacuzzi Library BBQ facilities Tour desk Heating Free WiFi Designated smoking areas Private check-in/check-out Area shuttle (surcharge) Special diet menus (on request) Airport transportation (surcharge) Shared kitchen Television in common areas Daily housekeeping,-1.325|-78.63558,,180158,https://www.booking.com/hotel/ec/casa-quinta-clementina.html
EC,Ecuador,101119,Ambato,1734785,Sahra Inn Hotel,All,Avenida 12 De Noviembre 01-70Y Abdon Calderon180150 Ambato ,,"Situated in Ambato, Sahra Inn Hotel features a shared lounge. Boasting a 24-hour front desk, this property also provides guests with a restaurant. The accommodation offers free WiFi.

At the hotel, rooms are equipped with a wardrobe. The rooms include a private bathroom with free toiletries. All rooms include a flat-screen TV with cable channels.

A continental breakfast can be enjoyed at the property.

Baños is 42 km from Sahra Inn Hotel, while San Andrés is 47 km away. Payment before arrival via bank transfer is required. The property will contact you after you book to provide instructions.
Please inform Sahra Inn Hotel in advance of your expected arrival time. You can use the Special Requests box when booking, or contact the property directly with the contact details provided in your confirmation.",,Free self parking Restaurant Room service Meeting rooms 24-hour front desk Free newspapers in lobby Non-smoking rooms Airport shuttle Laundry facilities Family rooms Ironing service Internet access Shoeshine Packed lunches Tour desk Free WiFi Free WiFi Non-smoking throughout Designated smoking areas Private check-in/check-out Special diet menus (on request) Vending machine - Snacks & Drink Airport transportation (surcharge) Television in common areas Daily housekeeping Parking onsite Private parking,-1.24102|-78.6241,,180150,https://www.booking.com/hotel/ec/sahra-inn.html
EC,Ecuador,101119,Ambato,1741967,Hotel De Las Americas,All,Avenida De Las Americas 180104 Ambato ,,"Offering a restaurant, Hotel de las Américas - Ambato is located 750 metres from Parque de la Laguna and 2 km from Ambato main square. Free WiFi access is available in all areas.

Each room here will provide you with a TV and cable channels. Featuring a shower, private bathroom also comes with a hairdryer and free toiletries.

At Hotel de las Américas - Ambato you will find a 24-hour front desk, a terrace and a bar. Other facilities offered at the property include a shared lounge and a tour desk. The property offers free parking.

The hotel is about 2 hours drive from Mariscal Sucre International Airport in Quito. Please inform Hotel de las Américas - Ambato in advance of your expected arrival time. You can use the Special Requests box when booking, or contact the property directly with the contact details provided in your confirmation.
Payment before arrival via bank transfer is required. The property will contact you after you book to provide instructions.
Guests are required to show a photo identification and credit card upon check-in. Please note that all Special Requests are subject to availability and additional charges may apply.
In accordance with government guidelines to minimise transmission of the Coronavirus (COVID-19), this property currently isnt accepting guests from certain countries, during dates where such guidelines exist.
In response to Coronavirus (COVID-19), additional safety and sanitation measures are in effect at this property.
Food & beverage services at this property may be limited or unavailable due to Coronavirus (COVID-19).
In accordance with government guidelines to minimise transmission of the Coronavirus (COVID-19), this property can only accept bookings from essential workers/permitted travellers, during dates where such guidelines exist. Reasonable evidence must be provided on arrival. If it isnt provided, your booking will be cancelled on arrival.
As a result of Coronavirus (COVID-19), this property has temporarily suspended its shuttle services.
Due to Coronavirus (COVID-19), this property is taking steps to help protect the safety of guests and staff. Certain services and amenities may be reduced or unavailable as a result.
Due to Coronavirus (COVID-19), this property has reduced reception and service operating hours.
In accordance with government guidelines to minimise transmission of the Coronavirus (COVID-19), this property may request additional documentation from guests to validate identity, travel itinerary and other relevant information, during dates where such guidelines exist.
Spa and gym facilities at this property are unavailable due to Coronavirus (COVID-19).
Due to Coronavirus (COVID-19), this property adheres to strict physical distancing measures.
Due to Coronavirus (COVID-19), please ensure that you are only booking this property following the local government guidelines of the destination, including but not limited to the purpose of travel, and maximum allowed group size.
Due to Coronavirus (COVID-19), wearing a face mask is mandatory in all indoor common areas.
Please note that we will contact you to confirm the reservation. Cancelations must be made 48 hours before confirmation. We will automatically charge your credit card after confirmation.",,Safety Deposit Box Soundproof rooms Chapel/shrine Packed lunches Car hire Tour desk Heating Parking Restaurant Room service meeting/banquet facilities Bar 24-hour front desk Garden Terrace Non-smoking rooms Airport shuttle Business centre Laundry Facilities for disabled guests Family rooms breakfast in the room Ironing service Free parking internet services lift Snack Bar Sun terrace Private check-in/check-out shuttle service (additional charge) Special diet menus (on request) Trouser press airport shuttle (additional charge) shared lounge/TV area Evening entertainment Daily housekeeping parking on site Private parking Public Bath Indoor play area Fax/photocopying wifi Allergy-free room Free WiFi Non-smoking throughout designated smoking area Baby safety gates Kid meals Kid-friendly buffet Parking garage Accessible parking Wheelchair accessible Wine/champagne Fruits airport pick up airport drop off Strollers coffee house on site Outdoor furniture Shuttle service temporary art galleries Movie nights 24-hour security Key access Key card access Security alarm Smoke alarms CCTV in common areas CCTV outside property Fire extinguishers use of cleaning chemicals that are effective against coronavirus linens  towels and laundry washed in accordance with local authority guidelines guest accommodation is disinfected between stays guest accommodation sealed after cleaning physical distancing in dining areas food can be delivered to guest accommodation staff follow all safety protocols as directed by local authorities shared stationery such as printed menus  magazines  pens  and paper removed hand sanitizer in guest accommodation and key areas process in place to check health of guests first aid kit available contactless check-in/check-out cashless payment available physical distancing rules followed screens or physical barriers placed between staff and guests in appropriate areas property is cleaned by professional cleaning companies all plates  cutlery  glasses and other tableware have been sanitized guests have the option to cancel any cleaning services for their accommodation during their stay breakfast takeaway containers delivered food is securely covered thermometers for guests provided by property face masks for guests available,-1.2325|-78.61771,+59332523219|+59332522547,180104,https://www.booking.com/hotel/ec/de-las-americas.html
