countyCode,countyName,cityCode,cityName,HotelCode,HotelName,HotelRating,Address,Attractions,Description,FaxNumber,HotelFacilities,Map,PhoneNumber,PinCode,HotelWebsiteUrl
GI,Gibraltar,118976,Gibraltar,1280561,Rock Hotel,FourStar,Europa Road 3 Gibraltar ,,"This magnificent landmark hotel is situated on the Rock of Gibraltar, and has stunning views. Built in 1932, it is decorated in a colonial style, and its famous past guests include Sir Winston Churchill.

Rooms at Rock Hotel come with satellite TV and facilities for making tea and coffee. Each also has its own bathroom, and views of the sea.

The hotels restaurant also has panoramic views across the Bay of Gibraltar, the Spanish mainland and the Rif Mountains of Morocco.
Guests can enjoy an open-air seawater pool, which sits in its own secluded garden.

The town centre is just 1 km from Rock Hotel, with a shopping centre within 2 km. There are botanical gardens to visit just 100 metres from the building.

Please note that there is a possibility that the swimming pool may be closed some days due to weather, at the discretion of the management. Guests are required to show a photo identification and credit card upon check-in. Please note that all Special Requests are subject to availability and additional charges may apply.
In the event of an early departure, the property will charge you the full amount for your stay.
This property may host on-site functions and some rooms may be affected by noise.
Please inform Rock Hotel in advance of your expected arrival time. You can use the Special Requests box when booking, or contact the property directly with the contact details provided in your confirmation.
Swimming pool #1 is closed from Wed 01 Nov 2023 until Sun 31 Mar 2024
Swimming pool #1 is closed from Fri 01 Nov 2024 until Mon 31 Mar 2025
Please note that the pool is closed for bathing from 1 November until 1 April.",0035 02 0073 513,Air conditioning designated smoking area Snack Bar outdoor pool (seasonal) shuttle service (additional charge) Special diet menus (on request) airport shuttle (additional charge) shared lounge/TV area Daily housekeeping parking on site Private parking wifi available in all areas Kid meals Street parking electric vehicle charging station Accessible parking Salt-water pool Pool Bar Shallow end Wine/champagne Fruits airport pick up airport drop off sun loungers or beach chairs Outdoor furniture Fence around pool Swimming pool Shuttle service Key card access Smoke alarms CCTV in common areas CCTV outside property Fire extinguishers Swimming pool use of cleaning chemicals that are effective against coronavirus linens  towels and laundry washed in accordance with local authority guidelines guest accommodation is disinfected between stays physical distancing in dining areas staff follow all safety protocols as directed by local authorities shared stationery such as printed menus  magazines  pens  and paper removed hand sanitizer in guest accommodation and key areas process in place to check health of guests first aid kit available cashless payment available physical distancing rules followed invoice provided all plates  cutlery  glasses and other tableware have been sanitized guests have the option to cancel any cleaning services for their accommodation during their stay delivered food is securely covered Parking Restaurant Room service meeting/banquet facilities Bar 24-hour front desk Terrace Non-smoking rooms Airport shuttle Laundry dry cleaning Facilities for disabled guests Barber/beauty shop breakfast in the room Ironing service Free parking internet services lift Safety Deposit Box Heating Luggage storage wifi Outdoor pool Free WiFi Non-smoking throughout,36.13207|-5.35037,350-200-73000,GX11 1AA,https://www.booking.com/hotel/gi/rock.html
GI,Gibraltar,118976,Gibraltar,1280564,O'Callaghan Eliott Hotel,FourStar,2 Governors Parade Gibraltar ,Distances are displayed to the nearest 0.1 mile and kilometer. <br /> <p>Cathedral of the Holy Trinity - 0.2 km / 0.1 mi <br /> The Convent - 0.3 km / 0.2 mi <br /> Gibraltar War Memorial - 0.4 km / 0.2 mi <br /> Gorham s Cave Complex - 0.4 km / 0.2 mi <br /> Trafalgar Cemetery - 0.6 km / 0.4 mi <br /> King s Bastion - Bowling - 0.7 km / 0.4 mi <br /> Casemates Square - 0.7 km / 0.4 mi <br /> Tower of Homage - 0.8 km / 0.5 mi <br /> World War II Tunnels - 0.8 km / 0.5 mi <br /> Gibraltar Botanic Gardens - 0.9 km / 0.6 mi <br /> Military Heritage Centre and Great Siege Tunnels - 1.1 km / 0.7 mi <br /> The Gibraltar Casino - 1.1 km / 0.7 mi <br /> Gibraltar Time Tunnel - 1.2 km / 0.7 mi <br /> Great Siege Tunnels - 1.3 km / 0.8 mi <br /> Victoria Stadium - 1.4 km / 0.9 mi <br /> </p><p>The nearest major airport is Gibraltar (GIB) - 5.1 km / 3.2 mi</p>,"<p>HeadLine : Near Cathedral of the Holy Trinity</p><p>Location : A stay at The Eliott Hotel places you in the heart of Gibraltar, within a 5-minute drive of Ibrahim-Al-Ibrahim Mosque and Europa Point Lighthouse.  This 4-star hotel is 2.5 mi (4 km) from St Michael s Cave and 2.8 mi (4.5 km) from Casemates Square.</p><p>Rooms : Make yourself at home in one of the 130 air-conditioned guestrooms. Complimentary wired and wireless Internet access is available. Private bathrooms with showers feature complimentary toiletries and hair dryers. Conveniences include phones, as well as safes and desks.</p><p>Dining : Grab a bite to eat at Rooftop Bistro, a poolside restaurant which features a pool view. You can also stay in and take advantage of the 24-hour room service. Unwind at the end of the day with a drink at the bar/lounge or the poolside bar. Full breakfasts are served on weekends from 7:30 AM to 10:30 AM for a fee.</p><p>CheckIn Instructions : <ul>  <li>Extra-person charges may apply and vary depending on property policy</li><li>Government-issued photo identification and a credit card, debit card, or cash deposit may be required at check-in for incidental charges</li><li>Special requests are subject to availability upon check-in and may incur additional charges; special requests cannot be guaranteed</li><li>This property accepts credit cards; cash is not accepted</li><li>Safety features at this property include a fire extinguisher, a smoke detector, a security system, and a first aid kit</li><li>Please note that cultural norms and guest policies may differ by country and by property; the policies listed are provided by the property</li>  </ul></p><p>Special Instructions : This property doesn t offer after-hours check-in. Front desk staff will greet guests on arrival.  Payment in full will be due at check-in for all bookings where payment for the stay will be made on site instead of at the time of booking.</p>",350-20070243,Dry cleaning/laundry service Casino nearby Wheelchair accessible (may have limitations) Proposal/romance packages available Reception hall Pool umbrellas Television in common areas Free WiFi Number of bars/lounges - 1 Number of poolside bars - 1 Number of outdoor pools - 1 In-room accessibility (in select rooms) Wheelchair accessible parking Free newspapers in lobby Roll-in shower (in select rooms) Wedding services Accessible bathroom (in select rooms) Shopping mall on site Art gallery on site Cave exploring/spelunking nearby Private picnics Couples/private dining Designer stores on site Luggage storage Multilingual staff 24-hour front desk Breakfast available (surcharge) Mountain climbing nearby Golfing nearby Safe-deposit box at front desk Smoke-free property Snack bar/deli Laundry facilities elevator Fitness facilities Self parking (surcharge) Hair salon Terrace Wheelchair accessible path of travel Pool sun loungers Bicycle rentals on site Concierge services,36.139198|-5.352676,350-200-70500,GX11 1AA,http://www.gibraltar.gi
GI,Gibraltar,118976,Gibraltar,1319771,The Caleta Hotel Health Beauty & Conference Centre,FourStar,Sir Herbert Miles Road Catalan Bay Catalan BayGibraltar ,Distances are displayed to the nearest 0.1 mile and kilometer. <br /> <p>Gorham s Cave Complex - 0.1 km / 0.1 mi <br /> Sandy Bay - 0.7 km / 0.4 mi <br /> Rock of Gibraltar - 1.2 km / 0.7 mi <br /> Moorish Castle - 1.6 km / 1 mi <br /> Victoria Stadium - 2.2 km / 1.4 mi <br /> The Gibraltar Casino - 2.4 km / 1.5 mi <br /> Casemates Square - 2.5 km / 1.5 mi <br /> Gibraltar War Memorial - 2.9 km / 1.8 mi <br /> Cathedral of the Holy Trinity - 3.2 km / 2 mi <br /> Tower of Homage - 3.3 km / 2 mi <br /> The Convent - 3.3 km / 2.1 mi <br /> Trafalgar Cemetery - 3.6 km / 2.2 mi <br /> Playa de Santa Bárbara - 3.7 km / 2.3 mi <br /> Military Heritage Centre and Great Siege Tunnels - 3.7 km / 2.3 mi <br /> Playa Llanito - 3.8 km / 2.4 mi <br /> </p><p>The preferred airport for The Caleta Hotel Health  Beauty & Conference Centre is Gibraltar (GIB) - 2.4 km / 1.5 mi </p>,"<p>HeadLine : Near Rock of Gibraltar</p><p>Location : With a stay at The Caleta Hotel Health, Beauty & Conference Centre in Gibraltar, you ll be within a 15-minute walk of Rock of Gibraltar and Gorham s Cave Complex.  This 4-star hotel is 4.2 mi (6.7 km) from St Michael s Cave and 16.5 mi (26.5 km) from Algeciras Harbour.</p><p>Rooms : Make yourself at home in one of the 64 air-conditioned rooms featuring minibars (stocked with some free items) and Smart televisions. Complimentary wireless Internet access keeps you connected, and digital programming is available for your entertainment. Bathrooms feature showers with rainfall showerheads and complimentary toiletries. Conveniences include phones, as well as safes and electric kettles.</p><p>Dining : Enjoy Italian cuisine at Nunos Italian Restaurant, a restaurant where you can take in the ocean view and dine alfresco. Or stay in and take advantage of the 24-hour room service. Wrap up your day with a drink at the bar/lounge. Continental breakfasts are served on weekdays from 7:00 AM to 10:00 AM and on weekends from 7:00 AM to 11:00 AM for a fee.</p><p>CheckIn Instructions : Extra-person charges may apply and vary depending on property policy Government-issued photo identification and a credit card, debit card, or cash deposit may be required at check-in for incidental charges Special requests are subject to availability upon check-in and may incur additional charges; special requests cannot be guaranteed No onsite parking is available Safety features at this property include a carbon monoxide detector, a fire extinguisher, a smoke detector, a security system, a first aid kit, and window guards</p><p>Special Instructions : If you are planning to arrive after midnight please contact the property in advance using the information on the booking confirmation. Front desk staff will greet guests on arrival.</p>",350-200-71050,Bar/lounge elevator Fitness facilities Full-service spa 24-hour front desk Spa treatment room(s) Porter/bellhop Restaurant Meeting rooms Tours/ticket assistance Dry cleaning/laundry service Free WiFi Health club Free wired Internet Smoke-free property Computer station Outdoor seasonal pool Safe-deposit box at front desk Luggage storage Hair salon Breakfast available (surcharge) Gift shops or newsstand Shopping on site Wheelchair accessible (may have limitations) Laundry facilities Television in common areas One meeting room Wheelchair accessible parking Wheelchair-accessible concierge desk Wedding services In-room accessibility Wheelchair-accessible path to elevator Multilingual staff Wheelchair-accessible registration desk,36.137229|-5.341073,35-020-076501,GX11 1AA,http://www.caletahotel.com/
GI,Gibraltar,118976,Gibraltar,1342394,Bristol Hotel,ThreeStar,10 Cathedral Square Gibraltar ,,"Offering a subtropical garden and a swimming pool, Bristol Hotel is situated just a 2-minute walk to the main street in Gibraltar. The Rock of Gibraltar is just 3 km away. Ocean Village Marina is less than 2 km away and offers a variety of restaurants and dolphin sightseeing boat trips.

Every room at this hotel is air conditioned and comes with a TV. Some rooms include a seating area for your convenience. Every room comes with a private bathroom, free toiletries and a hairdryer.

The hotel has a 24 hour reception for your convenience.

The cable-car station is a 10 minute walk away while Gibraltar Museum is located next to the hotels bar and swimming pool area. Gibraltar Airport is 1 km away.

Limited free parking places on a first come first served basis In response to Coronavirus (COVID-19), additional safety and sanitation measures are in effect at this property.
The swimming pool area, bar and breakfast room are accessed via the covered bridge from the main hotel building or across the small lane.

Please note that the hotel has limited free parking.",00350 20077613,physical distancing rules followed screens or physical barriers placed between staff and guests in appropriate areas all plates  cutlery  glasses and other tableware have been sanitized guests have the option to cancel any cleaning services for their accommodation during their stay Luggage storage wifi Outdoor pool Free WiFi Non-smoking throughout Air conditioning Snack Bar Sun terrace outdoor pool (all year) vending machine (drinks) vending machine (snacks) Daily housekeeping parking on site Private parking wifi available in all areas Street parking Accessible parking sun loungers or beach chairs Swimming pool Smoke alarms Fire extinguishers Swimming pool use of cleaning chemicals that are effective against coronavirus linens  towels and laundry washed in accordance with local authority guidelines guest accommodation is disinfected between stays guest accommodation sealed after cleaning physical distancing in dining areas staff follow all safety protocols as directed by local authorities shared stationery such as printed menus  magazines  pens  and paper removed hand sanitizer in guest accommodation and key areas process in place to check health of guests first aid kit available contactless check-in/check-out cashless payment available Parking Bar 24-hour front desk Garden Non-smoking rooms Laundry Family rooms Ironing service Free parking internet services lift Solarium Safety Deposit Box Heating Fax/photocopying,36.13858|-5.35428,+35020076800,GX11 1AA,https://www.booking.com/hotel/gi/bristol-gibraltar.html
GI,Gibraltar,118976,Gibraltar,1384605,Sunborn Gibraltar,FiveStar,Ocean Village Gibraltar GX11 1AA ,Distances are displayed to the nearest 0.1 mile and kilometer. <br /> <p>The Gibraltar Casino - 0.1 km / 0.1 mi <br /> Gibraltar Time Tunnel - 0.1 km / 0.1 mi <br /> Bay of Gibraltar - 0.3 km / 0.2 mi <br /> Casemates Square - 0.4 km / 0.2 mi <br /> Victoria Stadium - 0.4 km / 0.3 mi <br /> King s Bastion - Bowling - 0.7 km / 0.5 mi <br /> Gibraltar War Memorial - 0.9 km / 0.6 mi <br /> Cathedral of the Holy Trinity - 1.2 km / 0.7 mi <br /> The Convent - 1.3 km / 0.8 mi <br /> Tower of Homage - 1.3 km / 0.8 mi <br /> World War II Tunnels - 1.3 km / 0.8 mi <br /> Rock of Gibraltar - 1.5 km / 0.9 mi <br /> Trafalgar Cemetery - 1.6 km / 1 mi <br /> Military Heritage Centre and Great Siege Tunnels - 1.6 km / 1 mi <br /> Gorham s Cave Complex - 1.6 km / 1 mi <br /> </p><p>The preferred airport for Sunborn Gibraltar is Gibraltar (GIB) - 1.2 km / 0.8 mi </p>,"<p>HeadLine : Near The Gibraltar Casino</p><p>Location : When you a stay at Sunborn Gibraltar in Gibraltar, you ll be on the boardwalk, just steps from The Gibraltar Casino and Gibraltar Time Tunnel.  This 5-star hotel is 0.9 mi (1.4 km) from Rock of Gibraltar and 17.1 mi (27.5 km) from Algeciras Harbour.</p><p>Rooms : Make yourself at home in one of the 189 air-conditioned guestrooms. Complimentary wireless Internet access keeps you connected, and cable programming is available for your entertainment. Conveniences include safes and desks, and housekeeping is provided daily.</p><p>Dining : Enjoy Fusion cuisine at Aqua Bar, one of the hotel s 2 restaurants, or stay in and take advantage of the room service. Quench your thirst with your favorite drink at the bar/lounge. Buffet breakfasts are available daily from 7 AM to 10:30 AM for a fee.</p><p>CheckIn Instructions : <ul>  <li>Extra-person charges may apply and vary depending on property policy</li><li>Government-issued photo identification and a credit card, debit card, or cash deposit may be required at check-in for incidental charges</li><li>Special requests are subject to availability upon check-in and may incur additional charges; special requests cannot be guaranteed</li><li>This property accepts credit cards; cash is not accepted</li><li>Safety features at this property include a fire extinguisher, a smoke detector, a security system, and a first aid kit</li><li>Please note that cultural norms and guest policies may differ by country and by property; the policies listed are provided by the property</li>  </ul></p><p>Special Instructions : This property doesn t offer after-hours check-in. Front desk staff will greet guests on arrival. For more details, please contact the property using the information on the booking confirmation.  Early and late check-in are subject to availability.</p>",350-200-16937,Gift shops or newsstand Dry cleaning/laundry service Banquet hall Wheelchair accessible (may have limitations) Parking (limited spaces) Number of slot machines - 35 Meeting rooms Number of gaming tables - 7 Wheelchair-accessible registration desk Free WiFi Number of bars/lounges - 1 Health club Free newspapers in lobby Full-service spa Luggage storage Porter/bellhop Business center 24-hour front desk Breakfast available (surcharge) Outdoor seasonal pool Safe-deposit box at front desk Smoke-free property Snack bar/deli Laundry facilities Sauna Casino elevator Fitness facilities Terrace Pool sun loungers Bicycle rentals on site Concierge services,36.14753|-5.35303,350-200-16000,GX11 1AA,http://www.sunborngibraltar.com
GI,Gibraltar,118976,Gibraltar,1680757,Holiday Inn Express Gibraltar,ThreeStar,21-23 Devils Tower Road Gibraltar GX11 1AS ,Distances are displayed to the nearest 0.1 mile and kilometer. <br /> <p>Rock of Gibraltar - 0.6 km / 0.4 mi <br /> Victoria Stadium - 0.6 km / 0.4 mi <br /> Gibraltar Time Tunnel - 0.9 km / 0.5 mi <br /> Casemates Square - 0.9 km / 0.5 mi <br /> Bay of Gibraltar - 0.9 km / 0.6 mi <br /> The Gibraltar Casino - 1 km / 0.6 mi <br /> King s Bastion - Bowling - 1.3 km / 0.8 mi <br /> Gibraltar War Memorial - 1.4 km / 0.8 mi <br /> Cathedral of the Holy Trinity - 1.6 km / 1 mi <br /> The Convent - 1.7 km / 1 mi <br /> Tower of Homage - 1.7 km / 1.1 mi <br /> World War II Tunnels - 1.7 km / 1.1 mi <br /> Trafalgar Cemetery - 2 km / 1.2 mi <br /> Playa de Santa Bárbara - 2 km / 1.2 mi <br /> Gorham s Cave Complex - 2 km / 1.2 mi <br /> </p><p>The nearest major airport is Gibraltar (GIB) - 2.5 km / 1.5 mi</p>,"<p>HeadLine : Near Great Siege Tunnels</p><p>Location : When you stay at Holiday Inn Express Gibraltar, an IHG Hotel in Gibraltar, you ll be near the beach, within a 10-minute walk of Rock of Gibraltar and Victoria Stadium.  This hotel is 17.4 mi (28.1 km) from Algeciras Harbour and 1 mi (1.6 km) from Gorham s Cave Complex.</p><p>Rooms : Stay in one of 120 guestrooms featuring flat-screen televisions. Complimentary wireless Internet access keeps you connected, and cable programming is available for your entertainment. Private bathrooms with showers feature complimentary toiletries and hair dryers. Conveniences include phones, as well as safes and coffee/tea makers.</p><p>Dining : Enjoy Italian cuisine at Nunos@TheExpress, a restaurant which features a bar/lounge, or stay in and take advantage of the room service (during limited hours). Mingle with other guests at the complimentary reception, held daily. A complimentary continental breakfast is served daily from 7:00 AM to 10:30 AM.</p><p>CheckIn Instructions : <ul>  <li>Extra-person charges may apply and vary depending on property policy</li><li>Government-issued photo identification and a credit card, debit card, or cash deposit may be required at check-in for incidental charges</li><li>Special requests are subject to availability upon check-in and may incur additional charges; special requests cannot be guaranteed</li><li>This property accepts credit cards, debit cards, and cash</li><li>Safety features at this property include a carbon monoxide detector, a fire extinguisher, a smoke detector, a security system, and a first aid kit</li><li>Please note that cultural norms and guest policies may differ by country and by property; the policies listed are provided by the property</li>  </ul></p><p>Special Instructions : Front desk staff will greet guests on arrival.  Guests booked in breakfast included rate plans receive breakfast for up to 2 adults who are sharing a guestroom. Breakfast fees apply for additional guests. Guests booked in dinner included rate plans receive dinner for up to 2 adults who are sharing a guestroom. Dinner fees apply for additional guests.</p>",350-200-67890,Dry cleaning/laundry service Wheelchair accessible (may have limitations) Parking (limited spaces) Free reception Number of meeting rooms - 2 Wheelchair-accessible registration desk Television in common areas Free WiFi Number of bars/lounges - 1 In-room accessibility (in select rooms) Free newspapers in lobby Roll-in shower (in select rooms) Accessible bathroom (in select rooms) Free continental breakfast Luggage storage Free breakfast Multilingual staff Business center 24-hour front desk Electric car charging station Daily Smoke-free property Snack bar/deli Number of coffee shops/cafes - 1 elevator Free self parking Computer station Terrace Wheelchair accessible path of travel,36.14775|-5.346433,350-200-67890,GX111AA,https://www.ihg.com/holidayinnexpress/hotels/gb/en/gibraltar/gibex/hoteldetail
GI,Gibraltar,118976,Gibraltar,6094488,Peaceful Beachfront Apartment,ThreeStar,"Arcadia, Both Worlds  ",Distances are displayed to the nearest 0.1 mile and kilometer. <br /> <p>Gorham s Cave Complex - 0.1 km / 0.1 mi <br /> Sandy Bay - 0.6 km / 0.4 mi <br /> Moorish Castle - 0.8 km / 0.5 mi <br /> Rock of Gibraltar - 2 km / 1.3 mi <br /> Victoria Stadium - 3.1 km / 1.9 mi <br /> The Gibraltar Casino - 3.3 km / 2 mi <br /> Casemates Square - 3.3 km / 2.1 mi <br /> Gibraltar War Memorial - 3.8 km / 2.3 mi <br /> Cathedral of the Holy Trinity - 4 km / 2.5 mi <br /> Tower of Homage - 4.1 km / 2.6 mi <br /> The Convent - 4.2 km / 2.6 mi <br /> Trafalgar Cemetery - 4.4 km / 2.7 mi <br /> Playa de Santa Bárbara - 4.5 km / 2.8 mi <br /> Military Heritage Centre and Great Siege Tunnels - 4.5 km / 2.8 mi <br /> Playa Llanito - 4.6 km / 2.9 mi <br /> </p><p>The nearest major airport is Gibraltar (GIB) - 3.2 km / 2 mi</p>,"<p>HeadLine : Near St Michael s Cave</p><p>Location : With a stay at this apartment in Gibraltar, you ll be by the sea, within a 10-minute drive of Rock of Gibraltar and Gorham s Cave Complex.  This apartment is 4.7 mi (7.6 km) from St Michael s Cave and 17 mi (27.3 km) from Algeciras Harbour.</p><p>Rooms : Make yourself comfortable in this air-conditioned apartment, featuring a kitchen with a full-sized refrigerator/freezer and an oven. Complimentary wireless Internet access keeps you connected, and digital programming is available for your entertainment. Conveniences include a separate sitting area and a microwave, and you can also request a crib/infant bed (complimentary).</p><p>CheckIn Instructions : Extra-person charges may apply and vary depending on property policy Government-issued photo identification and a credit card may be required at check-in for incidental charges Special requests are subject to availability upon check-in and may incur additional charges; special requests cannot be guaranteed No onsite parking is available Guests must contact this property in advance to reserve cribs/infant beds This property accepts credit cards; cash is not accepted</p><p>Special Instructions : There is no front desk at this property. To make arrangements for check-in please contact the property at least 24 hours before arrival using the information on the booking confirmation. Guests must contact the property in advance for check-in instructions. Guests can access their accommodation through a private entrance.</p>",,Smoke-free property Multilingual staff Wheelchair accessible  no,36.129891|-5.342206,39-055-0620204,GX11 1AA,
GI,Gibraltar,118976,Gibraltar,6095374,Kings Wharf Quay29 Studio with Pool,ThreeStar,Kings Wharfs Quay29  ,Distances are displayed to the nearest 0.1 mile and kilometer. <br /> <p>Cathedral of the Holy Trinity - 0.3 km / 0.2 mi <br /> Gibraltar War Memorial - 0.4 km / 0.2 mi <br /> The Convent - 0.4 km / 0.3 mi <br /> King s Bastion - Bowling - 0.5 km / 0.3 mi <br /> Trafalgar Cemetery - 0.8 km / 0.5 mi <br /> Gorham s Cave Complex - 0.8 km / 0.5 mi <br /> Casemates Square - 1 km / 0.6 mi <br /> Gibraltar Botanic Gardens - 1 km / 0.6 mi <br /> Tower of Homage - 1.2 km / 0.7 mi <br /> World War II Tunnels - 1.2 km / 0.7 mi <br /> The Gibraltar Casino - 1.3 km / 0.8 mi <br /> Military Heritage Centre and Great Siege Tunnels - 1.5 km / 0.9 mi <br /> Bay of Gibraltar - 1.5 km / 1 mi <br /> Victoria Stadium - 1.5 km / 1 mi <br /> Gibraltar Time Tunnel - 1.6 km / 1 mi <br /> </p><p>The nearest major airport is Gibraltar (GIB) - 4.3 km / 2.7 mi</p>,"<p>HeadLine : Near Cathedral of the Holy Trinity</p><p>Location : Located in Gibraltar, this apartment is on the boardwalk, a 5-minute walk from The Convent and 12 minutes by foot from Casemates Square.  This apartment is 1.2 mi (2 km) from Victoria Stadium and 1.5 mi (2.4 km) from Rock of Gibraltar.</p><p>Rooms : Make yourself comfortable in this individually decorated apartment, featuring a kitchen with a refrigerator and an oven. The apartment has a memory foam bed and a double sofa bed. A 50-inch LED television with digital programming provides entertainment, while complimentary wireless Internet access keeps you connected. Conveniences include a desk and a microwave, and you can also request a crib/infant bed (complimentary).</p><p>CheckIn Instructions : <ul>  <li>Extra-person charges may apply and vary depending on property policy</li><li>Government-issued photo identification and a cash deposit may be required at check-in for incidental charges</li><li>Special requests are subject to availability upon check-in and may incur additional charges; special requests cannot be guaranteed</li><li>Guests must contact this property in advance to reserve cribs/infant beds</li><li>This property accepts cash</li><li>Safety features at this property include a smoke detector</li>  </ul></p><p>Special Instructions : There is no front desk at this property. This property doesn t offer after-hours check-in. To make arrangements for check-in please contact the property at least 72 hours before arrival using the information on the booking confirmation. Guests will receive an email 5 days before arrival with check-in instructions and key retrieval information. Guests can access their accommodation through a private entrance.</p>",,Off-street parking Casino nearby Wheelchair accessible (may have limitations) Express check-out Express check-in Wheelchair-accessible path to elevator Swimming pool Free WiFi Number of outdoor pools - 3 Well-lit path to entrance Garden Smoke-free property Wheelchair accessible parking Stair-free path to entrance Children's pool elevator Fitness facilities 24-hour fitness facilities Access to nearby outdoor pool Pool sun loungers,36.13861|-5.35628,350-54001758,GX11 1AA,
