countyCode,countyName,cityCode,cityName,HotelCode,HotelName,HotelRating,Address,Attractions,Description,FaxNumber,HotelFacilities,Map,PhoneNumber,PinCode,HotelWebsiteUrl
IS,Iceland,100690,Akranes,1080384,Laxarbakki Accommodation & Restaurant,ThreeStar,301 Hvalfjardarsveit  ,Distances are displayed to the nearest 0.1 mile and kilometer. <br /> <p>Leynir Golf Club - 14.9 km / 9.3 mi <br /> Guðlaug Baths - 15 km / 9.3 mi <br /> Langisandur - 15.1 km / 9.4 mi <br /> Akranes Lighthouse - 16.4 km / 10.2 mi <br /> Skallagrimsgardur - 23 km / 14.3 mi <br /> The Settlement Centre - 23.2 km / 14.4 mi <br /> Borgarfjördur Museum - 23.4 km / 14.5 mi <br /> Husafell Swimming Pool - 23.5 km / 14.6 mi <br /> Husafell Golf Course - 23.5 km / 14.6 mi <br /> Puppet Museum of Bruduheimar - 23.6 km / 14.6 mi <br /> Borgarnes Transportation Museum - 23.7 km / 14.7 mi <br /> Glymur Waterfall - 29.4 km / 18.3 mi <br /> Ullarselid -The Wool Hut - 31.6 km / 19.6 mi <br /> Agricultural Museum of Iceland - 31.7 km / 19.7 mi <br /> Alafoss Waterfall - 36.5 km / 22.7 mi <br /> </p><p>The nearest major airport is Reykjavik Domestic Airport (RKV) - 51.2 km / 31.8 mi</p>,"<p>HeadLine : On a river</p><p>Location : Located in Hvalfjarðarsveit, Hotel Laxarbakki is on a river, within a 15-minute drive of Leynir Golf Club and Akranes Lighthouse.  This aparthotel is 9.4 mi (15.1 km) from Langisandur and 18.3 mi (29.4 km) from Glymur Waterfall.</p><p>Rooms : Make yourself at home in one of the 21 air-conditioned rooms featuring kitchens. Complimentary wireless Internet access is available to keep you connected. Conveniences include desks and blackout drapes/curtains, and housekeeping is provided daily.</p><p>Dining : Enjoy a meal at the restaurant or snacks in the aparthotel s coffee shop/cafe. Wrap up your day with a drink at the bar/lounge. Buffet breakfasts are available for a fee.</p><p>CheckIn Instructions : <ul>  <li>Extra-person charges may apply and vary depending on property policy</li><li>Government-issued photo identification and a credit card, debit card, or cash deposit may be required at check-in for incidental charges</li><li>Special requests are subject to availability upon check-in and may incur additional charges; special requests cannot be guaranteed</li><li>This property accepts credit cards, debit cards, mobile payments, and cash</li><li>Safety features at this property include a fire extinguisher and a smoke detector</li>  </ul></p><p>Special Instructions : The front desk is open daily from 8:00 AM - 9:00 PM. Front desk staff will greet guests on arrival.</p>",,Breakfast available (surcharge) Playground on site Barbecue grill(s) Safe-deposit box at front desk Wheelchair accessible (may have limitations) Number of meeting rooms - 1 Free WiFi Downhill skiing nearby Number of bars/lounges - 1 No elevator (single level property) Number of spa tubs - 1 Garden Picnic area In-room accessibility (in select rooms) Wheelchair accessible parking Tours/ticket assistance Accessible bathroom (in select rooms) Luggage storage Multilingual staff Front desk (limited hours) Smoke-free property Number of coffee shops/cafes - 1 Hiking/biking trails nearby Laundry facilities Sauna Steam room Free self parking Terrace Wheelchair accessible path of travel Concierge services,64.389043|-21.848561,354-5512783,IS-301,http://www.laxarbakki.is|http://www.laxarbakki.is/
IS,Iceland,100690,Akranes,1132445,Draflastadir Guesthouse,TwoStar,Draflastadir 601 DraflastadhirAkureyri ,,"Draflastadir Guesthouse is located in northern Iceland, only 5 km from the Route 1 highway. It offers rooms with private bathroom facilities. Akureyri city centre is 25 km away.

All the brightly decorated rooms at Guesthouse Draflastadir have wooden floors. Some rooms enjoy views of the mountains.

A buffet breakfast is available every day.

The Godafoss Waterfall is 15 minutes drive away. Whale watching is available a 30-minute drive from the guesthouse. A small church is located on the other side of the road. Guests arriving after 20:00 are kindly requested to inform the hotel in advance. Contact details can be found on the booking confirmation.

Although all rates are quoted in EUR, please note that charges will be made in ISK according to the exchange rate on the day that the charge is made.",+354(0)4611726,Hiking Free parking Hot tub/jacuzzi breakfast options Heating wifi available in all areas On-site parking Non-smoking rooms Private parking Golf course (within 3 km) Parking Garden internet services Family rooms Free WiFi Sun terrace wifi,65.81404|-17.91188,+354(0)8980444,601,https://www.booking.com/hotel/is/draflastadir.html
IS,Iceland,100690,Akranes,1643184,Gallery Guesthouse StayWest,TwoStar,Merkigerdi 7 300 Akranes ,Distances are displayed to the nearest 0.1 mile and kilometer. <br /> <p>Langisandur - 0.9 km / 0.5 mi <br /> Guðlaug Baths - 1.2 km / 0.8 mi <br /> Akranes Lighthouse - 1.6 km / 1 mi <br /> Leynir Golf Club - 2.4 km / 1.5 mi <br /> Alafoss Waterfall - 33.8 km / 21 mi <br /> Hlioavollur Golf Course - 37.9 km / 23.5 mi <br /> The Settlement Centre - 38.4 km / 23.9 mi <br /> Husafell Swimming Pool - 38.7 km / 24 mi <br /> Reykjavik City Museum - 42.8 km / 26.6 mi <br /> Ulfarsfell Mountain - 43.2 km / 26.8 mi <br /> Arbaejarsafn - 43.9 km / 27.3 mi <br /> Glymur Waterfall - 44 km / 27.3 mi <br /> Grasagardur Botanical Garden - 46.4 km / 28.9 mi <br /> Asmundarsafn - 46.7 km / 29 mi <br /> Laugardalsholl - 46.9 km / 29.1 mi <br /> </p><p>The nearest airports are:<br />ReykjavikKeflavik Intl. Airport (KEF) - 93 km / 57.8 mi<br /> Reykjavik Domestic Airport (RKV) - 48.9 km / 30.4 mi<br /> </p><p>The preferred airport for Gallery Guesthouse StayWest is ReykjavikKeflavik Intl. Airport (KEF). </p>,"<p>HeadLine : Near Guðlaug Baths</p><p>Location : When you stay at Gallery Guesthouse StayWest in Akranes, you ll be next to a golf course, within a 15-minute walk of Langisandur and Guðlaug Baths.  This golf guesthouse is 0.9 mi (1.4 km) from Akranes Lighthouse and 26.6 mi (42.8 km) from Reykjavik City Museum.</p><p>Rooms : Make yourself at home in one of the 8 guestrooms. Prepare your meals in the shared/communal kitchen. Complimentary wireless Internet access is available to keep you connected. Bathrooms have showers and hair dryers.</p><p>CheckIn Instructions : <ul>  <li>Extra-person charges may apply and vary depending on property policy</li><li>Government-issued photo identification and a credit card, debit card, or cash deposit may be required at check-in for incidental charges</li><li>Special requests are subject to availability upon check-in and may incur additional charges; special requests cannot be guaranteed</li><li>This property accepts credit cards, debit cards, and cash</li><li>Safety features at this property include a fire extinguisher and a smoke detector</li><li>Please note that cultural norms and guest policies may differ by country and by property; the policies listed are provided by the property</li>  </ul></p><p>Special Instructions : The front desk is open daily from 4 PM - 8 PM. If you are planning to arrive after 8 PM please contact the property in advance using the information on the booking confirmation. Front desk staff will greet guests on arrival.  Breakfast for this property is based at a different location, Guesthouse Stay Akranes, Vogabraut 4, 0300, Akranes.</p>",,Picnic area Free bicycles on site Terrace Luggage storage Free parking nearby Shared microwave Shared refrigerator Front desk (limited hours) Tours/ticket assistance Television in common areas Free self parking Free WiFi Wheelchair accessible parking Smoke-free property Garden Hiking/biking trails nearby Fireplace in lobby,64.31963|-22.08282,354-8683332,0300,http://www.hotels.com/ho701211
IS,Iceland,100690,Akranes,1643190,Akranes HI Hostel StayWest,TwoStar,Sudurgata 32 300 Akranes ,Distances are displayed to the nearest 0.1 mile and kilometer. <br /> <p>Akranes Lighthouse - 1 km / 0.6 mi <br /> Langisandur - 1 km / 0.6 mi <br /> Guðlaug Baths - 1.6 km / 1 mi <br /> Leynir Golf Club - 2.7 km / 1.7 mi <br /> Alafoss Waterfall - 34.2 km / 21.2 mi <br /> Lagafellslaug - 34.7 km / 21.5 mi <br /> Laxnes Museum - 37.6 km / 23.4 mi <br /> Skallagrimsgardur - 38.5 km / 23.9 mi <br /> The Settlement Centre - 38.8 km / 24.1 mi <br /> Husafell Swimming Pool - 39.1 km / 24.3 mi <br /> Borgarnes Transportation Museum - 39.2 km / 24.4 mi <br /> Reykjavik City Museum - 43.4 km / 26.9 mi <br /> Ulfarsfell Mountain - 43.5 km / 27.1 mi <br /> Arbaejarlaug - 44 km / 27.4 mi <br /> Arbaejarsafn - 44.3 km / 27.5 mi <br /> </p><p>The nearest airports are:<br />ReykjavikKeflavik Intl. Airport (KEF) - 93.4 km / 58 mi<br /> Reykjavik Domestic Airport (RKV) - 49.7 km / 30.9 mi<br /> </p><p></p>,"<p>HeadLine : Near Akranes Lighthouse</p><p>Location : With a stay at Akranes HI Hostel in Akranes, you ll be next to a golf course, within a 15-minute walk of Akranes Lighthouse and Langisandur.  This golf guesthouse is 2 mi (3.2 km) from Leynir Golf Club.</p><p>Rooms : Make yourself at home in one of the 12 guestrooms. Prepare your meals in the shared/communal kitchen. Complimentary wireless Internet access is available to keep you connected. Bathrooms have slippers and hair dryers.</p><p>CheckIn Instructions : <ul>  <li>Extra-person charges may apply and vary depending on property policy</li><li>Special requests are subject to availability upon check-in and may incur additional charges; special requests cannot be guaranteed</li><li>Safety features at this property include a fire extinguisher and a smoke detector</li><li>Be prepared: check the latest COVID-19 travel requirements and measures in place for this destination before you travel.</li><li>Please note that cultural norms and guest policies may differ by country and by property; the policies listed are provided by the property</li>  </ul></p><p>Special Instructions : There is no front desk at this property.  Breakfast for this property is based at a different location, Guesthouse Stay Akranes, Vogabraut 4, 0300, Akranes.</p>",354-354-0000000,Picnic area Luggage storage Free parking nearby Shared microwave Shared refrigerator Laundry facilities Bicycle rentals nearby Tours/ticket assistance Television in common areas Free self parking Free WiFi Smoke-free property Garden Hiking/biking trails nearby Outdoor furniture,64.31536|-22.08691,354-8683332,0300,
IS,Iceland,100690,Akranes,1645253,Akranes Guesthouse StayWest,TwoStar,Vogabraut 4 300 Akranes ,Distances are displayed to the nearest 0.1 mile and kilometer. <br /> <p>Guðlaug Baths - 1.2 km / 0.7 mi <br /> Akranes Lighthouse - 2.1 km / 1.3 mi <br /> Leynir Golf Club - 2.3 km / 1.4 mi <br /> Alafoss Waterfall - 33.4 km / 20.8 mi <br /> Varmarlaug Swimming Pool - 33.7 km / 20.9 mi <br /> Lagafellslaug - 33.8 km / 21 mi <br /> Gljufrasteinn-Laxness Museum - 36.7 km / 22.8 mi <br /> Skallagrimsgardur - 37.7 km / 23.4 mi <br /> The Settlement Centre - 37.9 km / 23.6 mi <br /> Borgarfjördur Museum - 38 km / 23.6 mi <br /> Husafell Swimming Pool - 38.2 km / 23.7 mi <br /> Husafell Golf Course - 38.2 km / 23.7 mi <br /> Puppet Museum of Bruduheimar - 38.2 km / 23.7 mi <br /> Reykjavik City Museum - 42.3 km / 26.3 mi <br /> Arbaejarlaug - 43.2 km / 26.8 mi <br /> </p><p>The nearest airports are:<br />ReykjavikKeflavik Intl. Airport (KEF) - 92.5 km / 57.5 mi<br /> Reykjavik Domestic Airport (RKV) - 48.8 km / 30.3 mi<br /> </p><p></p>,"<p>HeadLine : Near Guðlaug Baths</p><p>Location : When you stay at Akranes Guesthouse in Akranes, you ll be next to a golf course, within a 5-minute drive of Guðlaug Baths and Akranes Lighthouse.  This golf guesthouse is 29.6 mi (47.7 km) from Perlan and 29.8 mi (47.9 km) from Hallgrimskirkja.</p><p>Rooms : Make yourself at home in one of the 30 guestrooms featuring refrigerators and microwaves. Prepare your meals in the shared/communal kitchen. Complimentary wireless Internet access is available to keep you connected. Bathrooms have showers and hair dryers.</p><p>Dining : Buffet breakfasts are available daily from 8 AM to 10 AM for a fee.</p><p>CheckIn Instructions : <ul>  <li>Extra-person charges may apply and vary depending on property policy</li><li>Government-issued photo identification and a credit card, debit card, or cash deposit may be required at check-in for incidental charges</li><li>Special requests are subject to availability upon check-in and may incur additional charges; special requests cannot be guaranteed</li><li>This property accepts credit cards, debit cards, and cash</li>  </ul></p><p>Special Instructions : The front desk is open daily from 4 PM - 8 PM. To make arrangements for check-in please contact the property ahead of time using the information on the booking confirmation. If you are planning to arrive after 8 PM please contact the property in advance using the information on the booking confirmation. Guests must contact the property in advance for check-in instructions. Front desk staff will greet guests on arrival.</p>",,Supervised childcare/activities Luggage storage Free parking nearby Front desk (limited hours) Shared microwave Breakfast available (surcharge) Television in common areas Free WiFi Shared refrigerator Marina on site Garden Smoke-free property In-room accessibility (in select rooms) Bicycle rentals nearby Wheelchair accessible parking Hiking/biking trails nearby Roll-in shower (in select rooms) Tours/ticket assistance Accessible bathroom (in select rooms) Free self parking Wheelchair accessible path of travel Golf course on site,64.3226|-22.07488,+3548683332,0300,http://stayakranes.is
IS,Iceland,100690,Akranes,1776884,Akra Guesthouse,All,Skagabraut 4 300 Akranes ,,"Set a 5-minute walk from Langisandur Beach in central Akranes, Akra Guesthouse offers basic rooms with shared bathroom facilities. Akranes Swimming Pool is 700 metres away.

A TV lounge with a seating area and a piano is available for all guests at Guesthouse Akra.

Breakfast can be enjoyed on the wooden terrace. Two restaurants are found within a 5-minute walk of the guesthouse. Parking is free on site.

Leynir Golf Club is 2.4 km away. Reykjavik city centre is a 45-minute drive from the guesthouse. This property will not accommodate hen, stag or similar parties.
Although all rates are quoted in EUR, please note that charges will be made in ISK according to the exchange rate on the day that the charge is made.",,Parking Golf course (within 3 km) Garden Terrace Non-smoking rooms Family rooms Free parking internet services Hiking Heating wifi Free WiFi Non-smoking throughout Special diet menus (on request) shared lounge/TV area wifi available in all areas board games/puzzles Street parking Outdoor furniture Key access Smoke alarms use of cleaning chemicals that are effective against coronavirus linens  towels and laundry washed in accordance with local authority guidelines guest accommodation is disinfected between stays staff follow all safety protocols as directed by local authorities hand sanitizer in guest accommodation and key areas cashless payment available all plates  cutlery  glasses and other tableware have been sanitized,64.31937|-22.07878,,300,https://www.booking.com/hotel/is/akra-guesthouse.html
IS,Iceland,100690,Akranes,1810206,Móar Guesthouse,All,301 Akranes  ,,"Situated in Akranes, 43 km from The Pearl, Móar guesthouse features accommodation with a garden, free private parking and a terrace. The property is set 43 km from Hallgrímskirkja Church, 43 km from Solfar Sun Voyager and 42 km from Reykjavik Art Museum: Kjarvalsstadir. Every room has a patio with mountain views and free WiFi.

At the guest house, the rooms are fitted with a desk, bed linen and a balcony with a sea view. All rooms at Móar guesthouse are fitted with a shared bathroom fitted with a shower.

Laugavegur Shopping Street is 42 km from the accommodation, while Imagine Peace Tower is 43 km from the property. The nearest airport is Reykjavík Domestic Airport, 43 km from Móar guesthouse. This property will not accommodate hen, stag or similar parties.",,Parking Garden Terrace Non-smoking rooms Free parking internet services Heating wifi Free WiFi Non-smoking throughout parking on site Private parking wifi available in all areas invoice provided,64.31111|-21.98656,,301,https://www.booking.com/hotel/is/moar-guesthouse.html
IS,Iceland,100690,Akranes,1811318,Melur Guesthouse,TwoStar,Sudurgata 29a 300 Akranes ,Distances are displayed to the nearest 0.1 mile and kilometer. <br /> <p>Akranes Lighthouse - 0.9 km / 0.6 mi <br /> Alafoss Waterfall - 33.9 km / 21.1 mi <br /> Varmarlaug Swimming Pool - 34.3 km / 21.3 mi <br /> Laxnes Museum - 37.3 km / 23.2 mi <br /> Korpa Golf Course - 38.4 km / 23.9 mi <br /> The Settlement Centre - 38.8 km / 24.1 mi <br /> Borgarnes Transportation Museum - 39.3 km / 24.4 mi <br /> Grafarholt Golf Course - 41.7 km / 25.9 mi <br /> Ulfarsfell Mountain - 42.8 km / 26.6 mi <br /> Reykjavik City Museum - 42.9 km / 26.7 mi <br /> Arbaejarlaug - 43.7 km / 27.2 mi <br /> Arbaejarsafn - 44.1 km / 27.4 mi <br /> Glymur Waterfall - 44.1 km / 27.4 mi <br /> Reykjavik Electricity Museum - 44.2 km / 27.4 mi <br /> Reykjavik Park and Zoo - 46.1 km / 28.6 mi <br /> </p><p>The nearest airports are:<br />Reykjavik (RKV-Reykjavik Domestic) - 49.2 km / 30.6 mi<br /> Reykjavik (KEF-Keflavik Intl.) - 93.1 km / 57.8 mi<br /> </p><p></p>,"<p>HeadLine : Near Akranes Lighthouse</p><p>Location : When you stay at Melur Guesthouse in Akranes, you ll be 11 minutes by foot from Akranes Lighthouse.  This guesthouse is 30.9 mi (49.7 km) from Laugavegur and 30.9 mi (49.8 km) from Reykjavik City Hall.</p><p>Rooms : Make yourself at home in one of the 3 guestrooms featuring refrigerators and microwaves. Complimentary wireless Internet access is available to keep you connected. Bathrooms have showers and complimentary toiletries. Conveniences include irons/ironing boards, and housekeeping is provided daily.</p><p>CheckIn Instructions : Extra-person charges may apply and vary depending on property policy. <br />Government-issued photo identification and a credit card, debit card, or cash deposit are required at check-in for incidental charges. <br />Special requests are subject to availability upon check-in and may incur additional charges. Special requests cannot be guaranteed. <ul>  </ul></p>",354-354-0000000,Barbecue grill(s) Laundry facilities Terrace Coffee/tea in common areas Television in common areas Free self parking Free WiFi Smoke-free property Shared microwave Shared refrigerator,64.31516|-22.08767,354-354-8603503,0300,http://melurguesthouse.is
IS,Iceland,100690,Akranes,5322179,Teigur Guesthouse,All,Hateigur 1  ,,"This property is near Akranes Harbour and 1.3 km from Akranes Museum Centre. It offers a pretty, hedged garden and a large, furnished terrace. Wi-Fi and parking are free.

Teigur Guesthouse offers guest rooms in an apartment with shared facilities. Guests can also rent the whole apartment with private kitchen and bathroom facilities.

The kitchen has a dishwasher, microwave and stove. The living room offers a sofa and TV. Access to a washing machine and dryer is possible on request.

Teigur Guesthouse is a 15-minute walk from Akranes Folk Museum, Icelands Sports Museum and the Mineral Kingdom. Please inform Teigur Guesthouse in advance of your expected arrival time. You can use the Special Requests box when booking, or contact the property directly with the contact details provided in your confirmation.
Please note that this property has no reception. After booking, you will receive check-in instructions from Teigur Guesthouse via email.
Managed by a private host",,Parking 24-hour front desk Garden Terrace Non-smoking rooms Laundry Facilities for disabled guests Family rooms Free parking internet services Hiking BBQ facilities Cycling Tour desk Heating wifi Free WiFi Non-smoking throughout designated smoking area Sun terrace Bikes available (free) concierge service Shared kitchen shared lounge/TV area Beachfront Daily housekeeping parking on site Private parking wifi available in all areas board games/puzzles Indoor play area kids' outdoor play equipment Baby safety gates Smoke alarms Fire extinguishers use of cleaning chemicals that are effective against coronavirus linens  towels and laundry washed in accordance with local authority guidelines guest accommodation is disinfected between stays physical distancing in dining areas staff follow all safety protocols as directed by local authorities hand sanitizer in guest accommodation and key areas first aid kit available contactless check-in/check-out cashless payment available physical distancing rules followed invoice provided guests have the option to cancel any cleaning services for their accommodation during their stay,64.31476|-22.09144,431 2900,300,https://www.booking.com/hotel/is/teigur-guesthouse.html
IS,Iceland,100690,Akranes,5545854,Bard Cottage,ThreeStar,20 Olversvegur  ,,"Set in Akranes in the West Iceland region, Bard Cottage features a terrace and garden views. This property offers access to a patio, and free WiFi.

The holiday home has a kitchen, a fridge and an oven, a living room with a seating area and a dining area, 2 bedrooms, and 1 bathroom with a hot tub and a shower.

The holiday home offers a childrens playground. There is a garden with a barbecue at this property and guests can go hiking nearby.

Borgarnes is 9 km from Bard Cottage, while Varmaland is 31 km away. The nearest airport is Reykjavík Domestic Airport, 37 km from the accommodation. Please inform Bard Cottage in advance of your expected arrival time. You can use the Special Requests box when booking, or contact the property directly with the contact details provided in your confirmation.",,invoice provided property is cleaned by professional cleaning companies Smoke alarms CCTV outside property Fire extinguishers use of cleaning chemicals that are effective against coronavirus linens  towels and laundry washed in accordance with local authority guidelines guest accommodation is disinfected between stays guest accommodation sealed after cleaning staff follow all safety protocols as directed by local authorities shared stationery such as printed menus  magazines  pens  and paper removed hand sanitizer in guest accommodation and key areas first aid kit available contactless check-in/check-out cashless payment available physical distancing rules followed Parking Garden Terrace Non-smoking rooms Family rooms Free parking internet services express check-in/check-out children's playground Hot tub/jacuzzi Hiking BBQ facilities Heating Luggage storage wifi Free WiFi Non-smoking throughout Sun terrace Private check-in/check-out parking on site wifi available in all areas board games/puzzles kids' outdoor play equipment Street parking Accessible parking Outdoor furniture,64.4583|-21.94618,,301,https://www.booking.com/hotel/is/bardi-cottage.html
IS,Iceland,100690,Akranes,5903584,Akranes Guesthouse,TwoStar,Vogabraut 5 AKRANES ,,"When you stay at Akranes Guesthouse in Akranes, you'll be next to a golf course and within a 5-minute drive of Akranes Lighthouse.  This golf guesthouse is 28.4 mi (45.6 km) from Thingvellir National Park and 30.6 mi (49.3 km) from Laugavegur.
Enjoy recreation amenities such as a golf course or take in the view from a garden. Additional amenities at this guesthouse include complimentary wireless Internet access, supervised childcare/activities, and a communal living room.
Featured amenities include luggage storage, microwave in a common area, and refrigerator in a common area. Free self parking is available onsite.
Buffet breakfasts are available daily from 8 AM to 10 AM for a fee.
Make yourself at home in one of the 30 guestrooms featuring refrigerators and microwaves. Prepare your meals in the shared/communal kitchen. Complimentary wireless Internet access is available to keep you connected. Bathrooms have showers and hair dryers.",,Guest house Garden Luggage room TV lounge Non-smoking establishment Golf practice facility,64.3226|-22.07488,,0300,
IS,Iceland,100488,Akureyri,1062582,Gista,ThreeStar,Gránufélagsgata 43 600 AkureyriÍsland Ferðalangar ,,"Cosy apartments to make you feel at home away from home. Akureyri town centre and the Hof Cultural and Conference Centre are located within a 5-minute walk of this property. It offers free Wi-Fi and spacious accommodation with a fully equipped kitchen.

A flat-screen TV with DVD/CD player is provided in each Gista apartment, as well as a seating area with sofa bed. The kitchen includes an electric cooker, fridge and tea/coffee facilities. All apartments are simply decorated with wooden furnishings.

Free laundry facilities are available at Gista, in addition to a garden with BBQ equipment and a childrens playground. Guests can also enjoy free ski storage and private parking on site.

Lake Mývatn is less than 60 minutes drive away. A selection of restaurants, cafés and shops are found in the close surroundings. This property will not accommodate hen, stag or similar parties.
Although all rates are quoted in EUR, please note that charges will be made in ISK according to the exchange rate on the day of booking.",,Free self parking Golf course (within 3 km) Garden Non-smoking rooms Laundry facilities Skiing Family rooms Internet access Express check-in Children s playground Business services Hiking BBQ facilities Heating Horse riding Free WiFi Ski school Free WiFi Non-smoking throughout Parking onsite Private parking Games Children's books Street parking,65.6858|-18.08586,+3546944314,600,https://www.booking.com/hotel/is/gista-is.html
IS,Iceland,100488,Akureyri,1062583,Akureyri Apartments,ThreeStar,Tryggvabraut 10 600 Akureyri ,Distances are calculated in a straight line from the property&apos;s location to the point of interest or attraction  and may not reflect actual travel distance. &lt;br /&gt;&lt;br /&gt; Distances are displayed to the nearest 0.1 mile and kilometer. &lt;p&gt;Akureyri Botanical Garden - 1.1 km / 0.7 mi &lt;br /&gt;University of Akureyri - 1.3 km / 0.8 mi &lt;br /&gt;Akureyri Church - 1.4 km / 0.9 mi &lt;br /&gt;Jon Sveinsson Museum - 1.8 km / 1.1 mi &lt;br /&gt;Hlidarfjall - 7.1 km / 4.4 mi &lt;br /&gt;Sulur - 8.9 km / 5.5 mi &lt;br /&gt;Godafoss - 26.6 km / 16.5 mi &lt;br /&gt;Hamar Golf Club - 33 km / 20.5 mi &lt;br /&gt;Port of Dalvik - 37.9 km / 23.6 mi &lt;br /&gt;Dalvik Church - 38 km / 23.6 mi &lt;br /&gt;Holar Cathedral - 45.8 km / 28.5 mi &lt;br /&gt;Aldeyjarfoss Waterfall - 50 km / 31 mi &lt;br /&gt;Lake Myvatn - 50 km / 31.1 mi &lt;br /&gt;Husavik Harbour - 54.1 km / 33.6 mi &lt;br /&gt;Icelandic Phallogical Museum - 54.1 km / 33.6 mi &lt;br /&gt;&lt;/p&gt;&lt;p&gt;The nearest airports are:&lt;br /&gt;Akureyri (AEY) - 3.3 km / 2 mi&lt;br /&gt;Reykjavik (KEF-Keflavik Intl.) - 283.2 km / 176 mi&lt;br /&gt;&lt;/p&gt;&lt;p&gt;The preferred airport for Akureyri Apartments is Reykjavik (KEF-Keflavik Intl.). &lt;/p&gt;,HotelDescription#This charming Hotel is in Akureyri. Akureyri Apartments guarantees a quiet stay as it counts with just 5 rooms. Pets are not allowed at this accommodation.,,NO Smoking rooms NO Garage NO Small pets allowed (under 5 kg) NO Large pets allowed (over 5 kg) NO Disability-friendly bathroom NO Car park NO Connecting rooms NO Wheelchair-accessible,65.6835268854791|-18.0895500790984,,600,
IS,Iceland,100488,Akureyri,1062601,Skjaldarvík Guesthouse,TwoStar,Skjaldarvík Skjaldarvik 601 Akureyri ,Distances are displayed to the nearest 0.1 mile and kilometer. <br /> <p>Mud Pots - 5.1 km / 3.1 mi <br /> University of Akureyri - 7.7 km / 4.8 mi <br /> Hof - Cultural Center and Conference Hall - 8.5 km / 5.3 mi <br /> Centre for Visual Arts - 8.6 km / 5.4 mi <br /> Matthiasarhus - 8.9 km / 5.5 mi <br /> Akureyri Church - 9 km / 5.6 mi <br /> Catholic Church - 9.1 km / 5.6 mi <br /> Akureyri Botanical Garden - 9.2 km / 5.7 mi <br /> Lystigarður Akureyrar - 9.4 km / 5.8 mi <br /> Laxdal House - 9.6 km / 6 mi <br /> Jon Sveinsson Museum - 10 km / 6.2 mi <br /> Nonnahús - 10.8 km / 6.7 mi <br /> Forest Lagoon - 11.9 km / 7.4 mi <br /> Icelandic Aviation Museum - 12 km / 7.4 mi <br /> Hlidarfjall Akureyri - 12.5 km / 7.8 mi <br /> </p><p>The preferred airport for Skjaldarvik Guest House is Akureyri (AEY) - 11.8 km / 7.3 mi </p>,"<p>HeadLine : Easy access to downhill skiing</p><p>Location : Located in Akureyri, Skjaldarvik Guest House is by the sea, within a 10-minute drive of Mud Pots and University of Akureyri.  This beach guesthouse is 5.3 mi (8.5 km) from Hof - Cultural Center and Conference Hall and 5.4 mi (8.6 km) from Centre for Visual Arts.</p><p>Rooms : Make yourself at home in one of the 28 individually decorated guestrooms. Complimentary wireless Internet access is available to keep you connected. Bathrooms have showers and hair dryers.</p><p>Dining : Grab a bite from the snack bar/deli serving guests of Skjaldarvik Guest House. Quench your thirst with your favorite drink at the bar/lounge. A complimentary buffet breakfast is served daily from 8 AM to 9:30 AM.</p><p>CheckIn Instructions : <ul>  <li>Extra-person charges may apply and vary depending on property policy</li><li>Government-issued photo identification and a credit card, debit card, or cash deposit may be required at check-in for incidental charges</li><li>Special requests are subject to availability upon check-in and may incur additional charges; special requests cannot be guaranteed</li><li>This property accepts credit cards, debit cards, and cash</li><li>Safety features at this property include a fire extinguisher, a smoke detector, a security system, and a first aid kit</li>  </ul></p><p>Special Instructions : There is no front desk at this property. To make arrangements for check-in please contact the property ahead of time using the information on the booking confirmation. If you are planning to arrive after 9:00 PM please contact the property in advance using the information on the booking confirmation. Guests must contact the property in advance for check-in instructions. The host will greet guests on arrival.</p>",354-4611878,Free long-term parking Wheelchair accessible (may have limitations) Shared microwave Wheelchair-accessible registration desk Television in common areas Free WiFi Shared refrigerator Downhill skiing nearby Number of bars/lounges - 1 Cross-country skiing nearby Number of spa tubs - 1 Hiking/biking trails on site Horse riding/rental on site Garden Picnic area In-room accessibility (in select rooms) Wheelchair accessible parking Snowboarding Nearby Roll-in shower (in select rooms) Tours/ticket assistance Accessible bathroom (in select rooms) Ski passes available Free Buffet Breakfast Wheelchair-accessible lounge Free breakfast Multilingual staff Ski equipment rental shops nearby Ski lessons available nearby Library Daily Golfing nearby Smoke-free property Coffee/tea in common areas Snack bar/deli Laundry facilities Free self parking Bicycle rentals on site,65.73389|-18.16478,+3545525200,601,http://www.skjaldarvik.is/en/
IS,Iceland,100488,Akureyri,1114298,Hotel Kea by Keahotels,FourStar,Hafnarstraeti 87 89 600 Akureyri ,Distances are displayed to the nearest 0.1 mile and kilometer. <br /> <p>Centre for Visual Arts - 0.1 km / 0.1 mi <br /> Akureyri Church - 0.2 km / 0.1 mi <br /> Matthiasarhus - 0.3 km / 0.2 mi <br /> Hof - Cultural Center and Conference Hall - 0.4 km / 0.3 mi <br /> Catholic Church - 0.4 km / 0.3 mi <br /> Lystigarður Akureyrar - 0.8 km / 0.5 mi <br /> Akureyri Botanical Garden - 0.9 km / 0.6 mi <br /> Laxdal House - 1 km / 0.6 mi <br /> Jon Sveinsson Museum - 1.4 km / 0.9 mi <br /> Nonnahús - 1.7 km / 1 mi <br /> University of Akureyri - 1.8 km / 1.1 mi <br /> Forest Lagoon - 3.4 km / 2.1 mi <br /> Icelandic Aviation Museum - 3.5 km / 2.2 mi <br /> Mud Pots - 3.5 km / 2.2 mi <br /> Hlidarfjall Akureyri - 7.4 km / 4.6 mi <br /> </p><p>The preferred airport for Hotel Kea by Keahotels is Akureyri (AEY) - 3.2 km / 2 mi </p>,"<p>HeadLine : Near Lystigarður Akureyrar</p><p>Location : A stay at Hotel Kea by Keahotels places you in the heart of Akureyri, steps from Centre for Visual Arts and Akureyri Church.  This 4-star hotel is 0.7 mi (1.1 km) from Laxdal House and 0.7 mi (1.1 km) from Matthiasarhus.</p><p>Rooms : Stay in one of 104 guestrooms featuring Smart televisions. Complimentary wired and wireless Internet access keeps you connected, and satellite programming provides entertainment. Private bathrooms with showers feature complimentary toiletries and hair dryers. Conveniences include phones, as well as safes and desks.</p><p>Dining : Enjoy a meal at the restaurant, or stay in and take advantage of the hotel s room service (during limited hours). Wrap up your day with a drink at the bar/lounge. Buffet breakfasts are available daily from 7:00 AM to 10:00 AM for a fee.</p><p>CheckIn Instructions : <ul>  <li>Extra-person charges may apply and vary depending on property policy</li><li>Government-issued photo identification and a credit card, debit card, or cash deposit may be required at check-in for incidental charges</li><li>Special requests are subject to availability upon check-in and may incur additional charges; special requests cannot be guaranteed</li><li>This property accepts credit cards; cash is not accepted</li><li>Safety features at this property include a fire extinguisher, a smoke detector, a security system, and a first aid kit</li>  </ul></p><p>Special Instructions : Front desk staff will greet guests on arrival.</p>",354-460 2060,Dry cleaning/laundry service Distance from property (meters) - 150 Banquet hall Wheelchair accessible (may have limitations) Meeting rooms Wheelchair-accessible path to elevator Wheelchair-accessible registration desk Sailing nearby Television in common areas Free WiFi Downhill skiing nearby Number of bars/lounges - 1 Cross-country skiing nearby Ski storage In-room accessibility (in select rooms) Bicycle rentals nearby Stair-free path to entrance Free newspapers in lobby Snowboarding Nearby Tours/ticket assistance Accessible bathroom (in select rooms) Wheelchair-accessible lounge Luggage storage Distance from property (ft) - 492 Wheelchair-accessible on-site restaurant Snowmobiling Nearby Multilingual staff Business center Ski equipment rental shops nearby 24-hour front desk Ski lessons available nearby Breakfast available (surcharge) Scooter/moped rentals nearby Golfing nearby Safe-deposit box at front desk Smoke-free property Hiking/biking trails nearby elevator Kayaking nearby Fitness facilities Conference space Computer station Terrace Wheelchair accessible path of travel Concierge services,65.68072|-18.08919,354-460 2000,600,http://www.keahotels.is/Hotel-Kea
IS,Iceland,100488,Akureyri,1114302,Engimyri Guesthouse,TwoStar,Oxnadal Engimyri601 Akureyri ,Distances are displayed to the nearest 0.1 mile and kilometer. <br /> <p>Mud Pots - 32.8 km / 20.4 mi <br /> University of Akureyri - 35.5 km / 22.1 mi <br /> Hof - Cultural Center and Conference Hall - 36.2 km / 22.5 mi <br /> Centre for Visual Arts - 36.4 km / 22.6 mi <br /> Matthiasarhus - 36.7 km / 22.8 mi <br /> Akureyri Church - 36.7 km / 22.8 mi <br /> Catholic Church - 36.8 km / 22.9 mi <br /> Akureyri Botanical Garden - 36.9 km / 22.9 mi <br /> Lystigarður Akureyrar - 37.2 km / 23.1 mi <br /> Laxdal House - 37.4 km / 23.2 mi <br /> Jon Sveinsson Museum - 37.7 km / 23.5 mi <br /> Nonnahús - 38.6 km / 24 mi <br /> Forest Lagoon - 39.5 km / 24.6 mi <br /> Icelandic Aviation Museum - 39.8 km / 24.7 mi <br /> Hlidarfjall Akureyri - 40.3 km / 25 mi <br /> </p><p>The preferred airport for Engimýri is Akureyri (AEY) - 39.5 km / 24.5 mi </p>,"<p>HeadLine : In the historical district</p><p>Location : With a stay at Engimýri in Bakki, you ll be in the historical district, and 20.4 mi (32.8 km) from Mud Pots and 22.1 mi (35.5 km) from University of Akureyri.  This guesthouse is 22.5 mi (36.2 km) from Hof - Cultural Center and Conference Hall and 22.6 mi (36.4 km) from Centre for Visual Arts.</p><p>Rooms : Make yourself at home in one of the 7 guestrooms. Complimentary wireless Internet access is available to keep you connected.</p><p>Dining : Grab a bite from the snack bar/deli serving guests of Engimýri. A complimentary buffet breakfast is served daily from 7:30 AM to 10:00 AM.</p><p>CheckIn Instructions : <ul>  <li>Extra-person charges may apply and vary depending on property policy</li><li>Government-issued photo identification and a credit card, debit card, or cash deposit may be required at check-in for incidental charges</li><li>Special requests are subject to availability upon check-in and may incur additional charges; special requests cannot be guaranteed</li><li>Guests must contact this property in advance to reserve rollaway/extra beds</li><li>This property accepts credit cards, debit cards, and cash</li>  </ul></p><p>Special Instructions : The front desk is open daily from 10:00 AM - 9:00 PM. To make arrangements for check-in please contact the property at least 24 hours before arrival using the information on the booking confirmation. If you are planning to arrive after 9:00 PM please contact the property in advance using the information on the booking confirmation. Guests must contact the property in advance for check-in instructions. Front desk staff will greet guests on arrival.</p>",,Snack bar/deli Stair-free path to entrance Hiking/biking trails nearby Laundry facilities Free self parking Terrace Free Buffet Breakfast Mountain biking nearby Uncovered parking Wheelchair accessible (may have limitations) RV  bus  truck parking (surcharge) Wheelchair-accessible on-site restaurant Free breakfast Outdoor furniture Horse riding nearby Front desk (limited hours) Mountain climbing nearby Daily Garden Smoke-free property,65.569704|-18.543301,+3544627518,601,http://www.engimyri.is
IS,Iceland,100488,Akureyri,1114303,Guesthouse Pétursborg,All,Pétursborg  ,,"Situated by Road 817, this guest house is 5 km north of Akureyri. It has free Wi-Fi, a shared kitchen, geothermal outdoor hot tub, along with views of Eyjafjordur Bay.

Guesthouse Pétursborgs bright, fresh rooms have either a private bathroom or shared facilities. A communal lounge area is available.

During warmer months, guests can grill in the furnished garden. Other facilities include a playground and washing machines and dryers.

The Laufas turf house is 30 km from Pétursborg Guesthouse, while Godafoss is 56 km away. Myvatn is 80 km from the property. Guests can book horse riding in Dalvik, which is within 30 minutes drive. This property will not accommodate hen, stag or similar parties.
Food & beverage services at this property may be limited or unavailable due to Coronavirus (COVID-19).
If you expect to arrive outside reception opening hours, please inform Guesthouse Pétursborg in advance.",,Parking Pets allowed Garden Non-smoking rooms Family rooms Free parking internet services children's playground Hot tub/jacuzzi Hiking Heating wifi Free WiFi Non-smoking throughout Private check-in/check-out Daily housekeeping parking on site Private parking wifi available in all areas kids' outdoor play equipment Accessible parking Outdoor furniture Key access Smoke alarms Fire extinguishers linens  towels and laundry washed in accordance with local authority guidelines guest accommodation is disinfected between stays staff follow all safety protocols as directed by local authorities hand sanitizer in guest accommodation and key areas first aid kit available contactless check-in/check-out cashless payment available physical distancing rules followed invoice provided,65.7232|-18.15018,+3544611811,601,https://www.booking.com/hotel/is/gistiheimilid-petursborg.html
IS,Iceland,100488,Akureyri,1142628,Hotel Natur Leifshús,ThreeStar,Þórisstaðir 601 Akureyri ,Distances are displayed to the nearest 0.1 mile and kilometer. <br /> <p>Forest Lagoon - 11.6 km / 7.2 mi <br /> Laxdal House - 13.9 km / 8.7 mi <br /> Jon Sveinsson Museum - 14.3 km / 8.9 mi <br /> Nonnahús - 14.5 km / 9 mi <br /> Centre for Visual Arts - 14.9 km / 9.2 mi <br /> Matthiasarhus - 15.2 km / 9.4 mi <br /> Akureyri Church - 15.2 km / 9.4 mi <br /> Hof - Cultural Center and Conference Hall - 15.2 km / 9.5 mi <br /> Catholic Church - 15.4 km / 9.5 mi <br /> Akureyri Botanical Garden - 15.4 km / 9.6 mi <br /> Lystigarður Akureyrar - 15.6 km / 9.7 mi <br /> Icelandic Aviation Museum - 15.7 km / 9.8 mi <br /> University of Akureyri - 17.1 km / 10.6 mi <br /> Mud Pots - 18.2 km / 11.3 mi <br /> Hlidarfjall Akureyri - 21.5 km / 13.3 mi <br /> </p><p>The nearest airports are:<br />ReykjavikKeflavik Intl. Airport (KEF) - 446 km / 277.1 mi<br /> Akureyri (AEY) - 15.4 km / 9.6 mi<br /> </p><p></p>,"<p>HeadLine : In Akureyri</p><p>Location : Located in Akureyri, Hotel Natur  is within a 15-minute drive of Forest Lagoon and Akureyri Botanical Garden.  This hotel is 13.3 mi (21.5 km) from Hlidarfjall Akureyri and 22 mi (35.5 km) from Godafoss.</p><p>Rooms : Treat yourself to a stay in one of the 8 guestrooms, featuring heated floors and flat-screen televisions. Complimentary wireless Internet access is available to keep you connected. Conveniences include desks and blackout drapes/curtains, and housekeeping is provided daily.</p><p>Dining : A complimentary buffet breakfast is served daily from 7:00 AM to 9:00 AM.</p><p>CheckIn Instructions : <ul>  <li>Extra-person charges may apply and vary depending on property policy</li><li>Government-issued photo identification and a credit card, debit card, or cash deposit may be required at check-in for incidental charges</li><li>Special requests are subject to availability upon check-in and may incur additional charges; special requests cannot be guaranteed</li><li>This property accepts credit cards; cash is not accepted</li><li>Safety features at this property include a fire extinguisher, a smoke detector, and a first aid kit</li>  </ul></p><p>Special Instructions : The front desk is open daily from 7 AM - 11 PM. To make arrangements for check-in please contact the property ahead of time using the information on the booking confirmation. If you are planning to arrive after 8 PM please contact the property in advance using the information on the booking confirmation. Guests must contact the property in advance for check-in instructions. Front desk staff will greet guests on arrival.</p>",354-354-0000000,Daily Smoke-free property Wheelchair accessible (may have limitations) Free breakfast Free self parking Front desk (limited hours) Free Buffet Breakfast Free WiFi,65.7726|-18.07144,354-354-8441350,601,http://hotelnatur.com/?lang=de
IS,Iceland,100488,Akureyri,1142629,Akurinn Guesthouse,TwoStar,Brekkugötu 27a 600 Akureyri ,Distances are displayed to the nearest 0.1 mile and kilometer. <br /> <p>Akureyri Church - 0.3 km / 0.2 mi <br /> North Iceland Marketing Office - 0.5 km / 0.3 mi <br /> Akureyri Botanical Garden - 1.2 km / 0.7 mi <br /> University of Akureyri - 1.3 km / 0.8 mi <br /> Arctic Botanical Gardens (Lystigardurinn) - 1.4 km / 0.8 mi <br /> Jon Sveinsson Museum - 1.9 km / 1.2 mi <br /> Hlidarfjall Akureyri - 7.8 km / 4.9 mi <br /> Hlidarfjall - 7.8 km / 4.9 mi <br /> Christmas House - 13.3 km / 8.2 mi <br /> Godafoss - 35.9 km / 22.3 mi <br /> Port of Dalvik - 43.7 km / 27.1 mi <br /> Dalvik Church - 43.9 km / 27.3 mi <br /> Birdland Exhibition - 46.7 km / 29 mi <br /> Laugum Pool - 48.5 km / 30.1 mi <br /> Laugavollur - 48.5 km / 30.1 mi <br /> </p><p>The nearest major airport is Akureyri (AEY) - 4.9 km / 3.1 mi</p>,"<p>HeadLine : Near Akureyri Church</p><p>Location : With a stay at Akurinn Guesthouse in Akureyri, you ll be a 3-minute walk from Akureyri Church and 6 minutes by foot from North Iceland Marketing Office.  This guesthouse is 0.9 mi (1.4 km) from University of Akureyri and 1.1 mi (1.8 km) from Arctic Botanical Gardens (Lystigardurinn).</p><p>Rooms : Stay in one of 9 guestrooms featuring LED televisions. Complimentary wireless Internet access is available to keep you connected. Bathrooms have showers and hair dryers. Conveniences include desks and electric kettles, and housekeeping is provided daily.</p><p>CheckIn Instructions : Extra-person charges may apply and vary depending on property policy. <br />Government-issued photo identification and a credit card, debit card, or cash deposit may be required at check-in for incidental charges. <br />Special requests are subject to availability upon check-in and may incur additional charges. Special requests cannot be guaranteed. <ul> Guests must contact this property in advance to reserve cribs/infant beds. </ul></p><p>Special Instructions : There is no front desk at this property. If you are planning to arrive after 8 PM please contact the property in advance using the information on the booking confirmation.</p>",+3544612502,Terrace Luggage storage Wheelchair accessible  no Free self parking Free WiFi Smoke-free property Upper floors accessible by stairs only Garden Shared microwave Free newspapers in lobby,65.684455|-18.095547,+354 46 12500,0600,
IS,Iceland,100488,Akureyri,1186440,Leifsstadir Guesthouse,ThreeStar,601 Akureyri  ,,HotelDescription#Further information about this hotel will be available shortly,,NO Connecting rooms NO Disability-friendly bathroom NO Wheelchair-accessible NO Smoking rooms NO Small pets allowed (under 5 kg) NO Large pets allowed (over 5 kg) NO Car park NO Garage Room service,65.6780691|-18.097836899999947,+3544621610,601,http://www.leifsstadir.is
IS,Iceland,100488,Akureyri,1248632,Hotel Nordurland by Keahotels,ThreeStar,Geislagotu 7 600 Akureyri ,Distances are displayed to the nearest 0.1 mile and kilometer. <br /> <p>Hof - Cultural Center and Conference Hall - 0.3 km / 0.2 mi <br /> Centre for Visual Arts - 0.5 km / 0.3 mi <br /> Akureyri Church - 0.6 km / 0.4 mi <br /> Matthiasarhus - 0.7 km / 0.4 mi <br /> Catholic Church - 0.8 km / 0.5 mi <br /> Lystigarður Akureyrar - 1.2 km / 0.8 mi <br /> Akureyri Botanical Garden - 1.3 km / 0.8 mi <br /> Laxdal House - 1.5 km / 0.9 mi <br /> University of Akureyri - 1.6 km / 1 mi <br /> Jon Sveinsson Museum - 1.8 km / 1.1 mi <br /> Nonnahús - 2.1 km / 1.3 mi <br /> Mud Pots - 3.4 km / 2.1 mi <br /> Forest Lagoon - 3.9 km / 2.4 mi <br /> Icelandic Aviation Museum - 3.9 km / 2.4 mi <br /> Hlidarfjall Akureyri - 7.2 km / 4.5 mi <br /> </p><p>The preferred airport for Hotel Norðurland is Akureyri (AEY) - 3.7 km / 2.3 mi </p>,"<p>HeadLine : In Akureyri (Akureyri City Center)</p><p>Location : With a stay at Hotel Norðurland, you ll be centrally located in Akureyri, just a 4-minute walk from Hof - Cultural Center and Conference Hall and 6 minutes by foot from Centre for Visual Arts.  This hotel is 0.6 mi (1 km) from Matthiasarhus and 0.6 mi (1 km) from Akureyri Church.</p><p>Rooms : Stay in one of 41 guestrooms featuring flat-screen televisions. Complimentary wireless Internet access is available to keep you connected. Private bathrooms with showers feature complimentary toiletries and hair dryers. Conveniences include electric kettles and free tea bags/instant coffee, and housekeeping is provided daily.</p><p>Dining : A complimentary buffet breakfast is served daily from 7:00 AM to 10:00 AM.</p><p>CheckIn Instructions : <ul>  <li>Extra-person charges may apply and vary depending on property policy</li><li>Government-issued photo identification and a credit card, debit card, or cash deposit may be required at check-in for incidental charges</li><li>Special requests are subject to availability upon check-in and may incur additional charges; special requests cannot be guaranteed</li><li>Guests must contact this property in advance to reserve cribs/infant beds and rollaway/extra beds</li><li>This property accepts credit cards, debit cards, and cash</li><li>Safety features at this property include a fire extinguisher, a smoke detector, and a first aid kit</li>  </ul></p><p>Special Instructions : The front desk is open daily from 8:00 AM - 10:00 PM. To make arrangements for check-in please contact the property at least 24 hours before arrival using the information on the booking confirmation. If you are planning to arrive after midnight please contact the property in advance using the information on the booking confirmation. Guests planning to arrive outside of normal check-in hours must contact the property in advance for check-in instructions and an access code. Front desk staff will greet guests on arrival.</p>",354-4622601,Wheelchair accessible (may have limitations) Luggage storage Free breakfast Front desk (limited hours) Wheelchair-accessible registration desk Free WiFi Daily Upper floors accessible by stairs only Smoke-free property In-room accessibility (in select rooms) Stair-free path to entrance Free newspapers in lobby Roll-in shower (in select rooms) Accessible bathroom (in select rooms) Free self parking Free Buffet Breakfast,65.684076|-18.091753,+354 4622600,600,https://www.keahotels.is/en/hotels/hotel-nordurland
IS,Iceland,100488,Akureyri,1249811,Hotel Edda Akureyri,ThreeStar,Thorunnarstraeti 600 Akureyri ,Distances are displayed to the nearest 0.1 mile and kilometer. <br /> <p>Lystigarður Akureyrar - 0.3 km / 0.2 mi <br /> Akureyri Botanical Garden - 0.3 km / 0.2 mi <br /> Catholic Church - 0.4 km / 0.2 mi <br /> Matthiasarhus - 0.6 km / 0.4 mi <br /> Akureyri Church - 0.7 km / 0.4 mi <br /> Centre for Visual Arts - 0.8 km / 0.5 mi <br /> Laxdal House - 0.9 km / 0.6 mi <br /> Jon Sveinsson Museum - 1.2 km / 0.8 mi <br /> Hof - Cultural Center and Conference Hall - 1.2 km / 0.8 mi <br /> Nonnahús - 1.5 km / 0.9 mi <br /> University of Akureyri - 1.7 km / 1.1 mi <br /> Forest Lagoon - 3.4 km / 2.1 mi <br /> Icelandic Aviation Museum - 3.4 km / 2.1 mi <br /> Mud Pots - 4.2 km / 2.6 mi <br /> Hlidarfjall Akureyri - 6.5 km / 4 mi <br /> </p><p>The nearest airports are:<br />ReykjavikKeflavik Intl. Airport (KEF) - 431.7 km / 268.2 mi<br /> Akureyri (AEY) - 3.7 km / 2.3 mi<br /> </p><p>The preferred airport for Hotel Edda Akureyri is ReykjavikKeflavik Intl. Airport (KEF). </p>,"<p>HeadLine : Near Akureyri Botanical Garden</p><p>Location : Located in Akureyri, Hotel Edda Akureyri is near the airport, within a 5-minute walk of Lystigarður Akureyrar and Akureyri Botanical Garden.  This hotel is 0.2 mi (0.4 km) from Catholic Church and 0.5 mi (0.8 km) from Matthiasarhus.</p><p>Rooms : Make yourself at home in one of the 204 guestrooms. Complimentary wireless Internet access is available to keep you connected. Conveniences include desks and blackout drapes/curtains.</p><p>Dining : You can enjoy a meal at the restaurant serving the guests of Hotel Edda Akureyri, or stop in at the snack bar/deli. Wrap up your day with a drink at the bar/lounge. Buffet breakfasts are available daily from 6:30 AM to 10 AM for a fee.</p><p>Renovations : The property is closed between August 31 and June 8.</p><p>CheckIn Instructions : <ul>  <li>Extra-person charges may apply and vary depending on property policy</li><li>Government-issued photo identification and a credit card, debit card, or cash deposit may be required at check-in for incidental charges</li><li>Special requests are subject to availability upon check-in and may incur additional charges; special requests cannot be guaranteed</li><li>This property accepts major credit cards; cash is not accepted</li><li>This property uses geothermal energy</li><li>Safety features at this property include a fire extinguisher, a smoke detector, a security system, and a first aid kit</li><li>Please note that cultural norms and guest policies may differ by country and by property; the policies listed are provided by the property</li>  </ul></p><p>Special Instructions : Guests will receive an email 24 hours before arrival with check-in instructions. Front desk staff will greet guests on arrival. For more details, please contact the property using the information on the booking confirmation.  The entrance for the property is from Þórunnarstræti.</p>",354-4-444001,Comprehensive recycling policy Renewable energy source - geothermal Bulk dispenser for toiletries Locally-owned & organized tours & activities Free WiFi Number of bars/lounges - 1 Garden In-room accessibility (in select rooms) Tours/ticket assistance Comprehensive food waste policy Eco-friendly toiletries Energy-saving features in guest rooms LED light bulbs Wheelchair accessible  no Luggage storage Multilingual staff 24-hour front desk Breakfast available (surcharge) Golfing nearby Smoke-free property Snack bar/deli elevator Free self parking,65.676147|-18.097975,354-444-4000,600,http://www.hoteledda.is/es/hotels/hotel-edda-akureyri
IS,Iceland,100488,Akureyri,1267821,Apotek Guesthouse,TwoStar,Hafnarstræti 104 600 Akureyri ,Distances are displayed to the nearest 0.1 mile and kilometer. <br /> <p>Centre for Visual Arts - 0.2 km / 0.1 mi <br /> Akureyri Church - 0.3 km / 0.2 mi <br /> Matthiasarhus - 0.4 km / 0.2 mi <br /> Hof - Cultural Center and Conference Hall - 0.4 km / 0.2 mi <br /> Catholic Church - 0.6 km / 0.3 mi <br /> Lystigarður Akureyrar - 0.9 km / 0.6 mi <br /> Akureyri Botanical Garden - 1 km / 0.6 mi <br /> Laxdal House - 1.2 km / 0.7 mi <br /> Jon Sveinsson Museum - 1.5 km / 1 mi <br /> University of Akureyri - 1.7 km / 1 mi <br /> Nonnahús - 1.8 km / 1.1 mi <br /> Mud Pots - 3.4 km / 2.1 mi <br /> Forest Lagoon - 3.6 km / 2.2 mi <br /> Icelandic Aviation Museum - 3.7 km / 2.3 mi <br /> Hlidarfjall Akureyri - 7 km / 4.3 mi <br /> </p><p>The nearest airports are:<br />ReykjavikKeflavik Intl. Airport (KEF) - 431.1 km / 267.9 mi<br /> Akureyri (AEY) - 3.6 km / 2.2 mi<br /> </p><p></p>,"<p>HeadLine : In Akureyri (Akureyri City Center)</p><p>Location : With a stay at Apotek Guesthouse, you ll be centrally located in Akureyri, steps from Centre for Visual Arts and within a 5-minute walk of Akureyri Church.  This guesthouse is 0.3 mi (0.5 km) from Hof - Cultural Center and Conference Hall and 1 mi (1.6 km) from Akureyri Botanical Garden.</p><p>Rooms : Make yourself at home in one of the 18 guestrooms featuring refrigerators and microwaves. Complimentary wireless Internet access is available to keep you connected. Conveniences include blackout drapes/curtains, and housekeeping is provided once per stay.</p><p>Dining : Local cuisine breakfasts are available daily from 8 AM to 10 AM for a fee.</p><p>CheckIn Instructions : <ul>  <li>Extra-person charges may apply and vary depending on property policy</li><li>Government-issued photo identification and a credit card, debit card, or cash deposit may be required at check-in for incidental charges</li><li>Special requests are subject to availability upon check-in and may incur additional charges; special requests cannot be guaranteed</li><li>The name on the credit card used at check-in to pay for incidentals must be the primary name on the guestroom reservation</li><li>Guests must contact this property in advance to reserve cribs/infant beds and rollaway/extra beds</li><li>This property accepts credit cards; cash is not accepted</li><li>Onsite parties or group events are strictly prohibited</li><li>Safety features at this property include a fire extinguisher, a smoke detector, and a first aid kit</li>  </ul></p><p>Special Instructions : The front desk is open daily from 4:00 PM - 8:00 PM. If you are planning to arrive after 8 PM please contact the property in advance using the information on the booking confirmation. Guests planning to arrive outside of normal check-in hours will receive an email with check-in instructions and an access code. Front desk staff will greet guests on arrival. For more details, please contact the property using the information on the booking confirmation.</p>",+354(0)4625601,Mountain biking nearby Wheelchair accessible  no Luggage storage Free parking nearby Front desk (limited hours) Shared microwave Breakfast available (surcharge) Television in common areas Free WiFi Shared refrigerator Smoke-free property Hiking/biking trails nearby Snowboarding Nearby Terrace,65.68198|-18.09083,354-412-9960,0600,http://www.apotekguesthouse.is/
IS,Iceland,100488,Akureyri,1271820,Hotel Akureyri,ThreeStar,Hafnarstræti 67 600 Akureyri ,Distances are displayed to the nearest 0.1 mile and kilometer. <br /> <p>Akureyri Church - 0.3 km / 0.2 mi <br /> Catholic Church - 0.3 km / 0.2 mi <br /> Centre for Visual Arts - 0.4 km / 0.2 mi <br /> Matthiasarhus - 0.4 km / 0.3 mi <br /> Lystigarður Akureyrar - 0.6 km / 0.4 mi <br /> Hof - Cultural Center and Conference Hall - 0.7 km / 0.4 mi <br /> Akureyri Botanical Garden - 0.7 km / 0.5 mi <br /> Laxdal House - 0.8 km / 0.5 mi <br /> Jon Sveinsson Museum - 1.1 km / 0.7 mi <br /> Nonnahús - 1.4 km / 0.9 mi <br /> University of Akureyri - 2.1 km / 1.3 mi <br /> Icelandic Aviation Museum - 3.3 km / 2 mi <br /> Mud Pots - 3.8 km / 2.4 mi <br /> Forest Lagoon - 3.3 km / 2 mi <br /> Hlidarfjall Akureyri - 8.5 km / 5.3 mi <br /> </p><p>The nearest airports are:<br />ReykjavikKeflavik Intl. Airport (KEF) - 432.3 km / 268.6 mi<br /> Akureyri (AEY) - 3.1 km / 1.9 mi<br /> </p><p></p>,"<p>HeadLine : Near Matthiasarhus</p><p>Location : When you a stay at Hotel Akureyri in Akureyri, you ll be by the sea, within a 5-minute walk of Catholic Church and Akureyri Church.  This hotel is 0.5 mi (0.7 km) from Laxdal House and 0.7 mi (1.1 km) from Jon Sveinsson Museum.</p><p>Rooms : Make yourself at home in one of the 19 guestrooms featuring minibars and flat-screen televisions. Complimentary wireless Internet access keeps you connected, and satellite programming is available for your entertainment. Private bathrooms with showers feature complimentary toiletries and hair dryers. Conveniences include desks and complimentary newspapers, and housekeeping is provided daily.</p><p>Dining : Enjoy a meal at the restaurant or snacks in the coffee shop/cafe. The hotel also offers room service (during limited hours). Wrap up your day with a drink at the bar/lounge. Buffet breakfasts are available daily from 7 AM to 10 AM for a fee.</p><p>CheckIn Instructions : <ul>  <li>Extra-person charges may apply and vary depending on property policy</li><li>Government-issued photo identification and a credit card, debit card, or cash deposit may be required at check-in for incidental charges</li><li>Special requests are subject to availability upon check-in and may incur additional charges; special requests cannot be guaranteed</li><li>Safety features at this property include a fire extinguisher, a smoke detector, and a first aid kit</li><li>Be prepared: check the latest COVID-19 travel requirements and measures in place for this destination before you travel.</li><li>Please note that cultural norms and guest policies may differ by country and by property; the policies listed are provided by the property</li>  </ul></p><p>Special Instructions : To make arrangements for check-in please contact the property ahead of time using the information on the booking confirmation. Guests must contact the property in advance for check-in instructions. Front desk staff will greet guests on arrival. For more details, please contact the property using the information on the booking confirmation.  Guests should notify this property in advance of their anticipated arrival time.</p>",,Dry cleaning/laundry service Free WiFi Smoke-free property Number of coffee shops/cafes - 1 Hiking/biking trails nearby Free newspapers in lobby Library Number of meeting rooms - 1 Ski storage Snowboarding Nearby Free long-term parking Terrace Luggage storage Wheelchair accessible  no Breakfast available (surcharge) Number of bars/lounges - 1 Upper floors accessible by stairs only Concierge services Downhill skiing nearby Front desk (limited hours) Tours/ticket assistance Free self parking,65.67832|-18.08965,+354 4625600,IS-600,http://www.hotelakureyri.is/
IS,Iceland,100488,Akureyri,1351089,HÓtel Sveinbjarnargerdi,ThreeStar,Sveinbjarnagerdi 2 601 AkureyriIceland ,,"Set a 10-minute drive from Akureyri, Countryhotel Sveinbjarnargerdi offers stunning views of the Eyjafordur area, its mountains and the fjord. The terrace is an idyllic location to view the summers midnight sun and the winters northern lights.

The rooms are located in the main building or one of two annex buildings, and feature a flat-screen TV, work desk and private bathroom.

The stylish in-house restaurant at Sveinbjarnargerdi Hotel has a fireplace and offers a traditional Icelandic dinner or internationally-inspired dishes all year. The relaxation area features a hot tub, tables and chairs.

Sveinbjarnargerdi is a a 45-minute drive from Lake Mývatn and Húsavik. Staff can help arrange Akureyri Airport transfers and excursion trips. Please inform Hótel Sveinbjarnargerdi in advance of your expected arrival time. You can use the Special Requests box when booking, or contact the property directly with the contact details provided in your confirmation.
Due to Coronavirus (COVID-19), this property is taking steps to help protect the safety of guests and staff. Certain services and amenities may be reduced or unavailable as a result.
Moon Lagoon is closed from Mon 01 Nov 2021 until Mon 28 Feb 2022
Please note that opening hours of the restaurant vary during low season. Dinner can be arranged if guests notify the hotel 24 hours prior to arrival. Contact the hotel for more information.",003544612096,Parking Restaurant meeting/banquet facilities Bar 24-hour front desk Sauna Garden Terrace Non-smoking rooms Facilities for disabled guests Family rooms Free parking internet services express check-in/check-out Safety Deposit Box Valet parking Spa and wellness centre Windsurfing Hot tub/jacuzzi Hiking Packed lunches Car hire Cycling Heating Fax/photocopying Horse riding Ticket service Luggage storage wifi Outdoor pool Free WiFi Non-smoking throughout Air conditioning designated smoking area Snack Bar Sun terrace outdoor pool (seasonal) Private check-in/check-out shuttle service (additional charge) Hot spring bath Lockers have you removed  or never offered  all single-use plastic miniature shampoo  conditioner  and body wash bottles? guests have the option to reuse towels have you removed  or never offered  all plastic straws? have you removed  or never offered  all plastic cups? have you removed  or never offered  all plastic water bottles? have you removed  or never offered  all plastic bottles for other drinks? have you removed  or never offered  all plastic cutlery and tableware? shared lounge/TV area Daily housekeeping parking on site board games/puzzles books  dvds  music for children Indoor play area Kid-friendly buffet Pool with view Bike tours Happy hour 24-hour security Security alarm Smoke alarms Fire extinguishers Swimming pool invest a percentage of revenue back into community projects or sustainability projects compensate for at least 10% of total annual carbon emissions by purchasing certified carbon offsets tours and activities organized by local guides and businesses offered green spaces such as gardens/rooftop gardens on the property at least 80% of the food provided is organic 100% renewable electricity is used throughout the property local artists are offered a platform to display their talents provide guests with information regarding local ecosystems  heritage and culture  as well as visitor etiquette guests can opt-out of daily cleaning service have you removed  or never offered  all plastic stirrers? use of cleaning chemicals that are effective against coronavirus linens  towels and laundry washed in accordance with local authority guidelines guest accommodation is disinfected between stays guest accommodation sealed after cleaning physical distancing in dining areas food can be delivered to guest accommodation staff follow all safety protocols as directed by local authorities hand sanitizer in guest accommodation and key areas process in place to check health of guests first aid kit available cashless payment available physical distancing rules followed property is cleaned by professional cleaning companies all plates  cutlery  glasses and other tableware have been sanitized guests have the option to cancel any cleaning services for their accommodation during their stay thermometers for guests provided by property face masks for guests available wild (non-domesticated) animals are not displayed/interacted with while captive on the property or harvested  consumed  or sold. at least 80% of food is sourced from your region at least 80% of lighting uses energy-efficient led bulbs only using water-efficient toilets (e.g. low-flow toilets  dual flush toilets) only using water-efficient showers (e.g smart showers  low-flow showerheads) all windows are double-glazed food waste policy in place that includes education  food waste prevention  reduction  recycling  and disposal,65.78075|-18.06182,+3544624500,601,http://www.hotelsveinbjarnargerdi.is/
IS,Iceland,100488,Akureyri,1360386,Icelandair Hotel Akureyri,ThreeStar,Thingvallastraeti 23 600 Akureyri ,Distances are displayed to the nearest 0.1 mile and kilometer. <br /> <p>University of Akureyri - 1 km / 0.6 mi <br /> Matthiasarhus - 1.2 km / 0.7 mi <br /> Catholic Church - 1.2 km / 0.7 mi <br /> Akureyri Church - 1.2 km / 0.8 mi <br /> Centre for Visual Arts - 1.3 km / 0.8 mi <br /> Akureyri Botanical Garden - 1.4 km / 0.8 mi <br /> Lystigarður Akureyrar - 1.4 km / 0.8 mi <br /> Hof - Cultural Center and Conference Hall - 1.8 km / 1.1 mi <br /> Laxdal House - 2 km / 1.2 mi <br /> Jon Sveinsson Museum - 2.2 km / 1.4 mi <br /> Nonnahús - 2.5 km / 1.6 mi <br /> Mud Pots - 3.4 km / 2.1 mi <br /> Icelandic Aviation Museum - 4.1 km / 2.6 mi <br /> Forest Lagoon - 4.4 km / 2.8 mi <br /> Hlidarfjall Akureyri - 5.4 km / 3.4 mi <br /> </p><p>The nearest airports are:<br />ReykjavikKeflavik Intl. Airport (KEF) - 431.4 km / 268 mi<br /> Akureyri (AEY) - 4.6 km / 2.8 mi<br /> </p><p>The preferred airport for Akureyri - Berjaya Iceland Hotels is ReykjavikKeflavik Intl. Airport (KEF). </p>,"<p>HeadLine : Near Lystigarður Akureyrar</p><p>Location : A stay at Akureyri - Berjaya Iceland Hotels places you in the heart of Akureyri, within a 15-minute walk of University of Akureyri and Matthiasarhus.  This ski hotel is 0.7 mi (1.2 km) from Akureyri Church and 0.8 mi (1.2 km) from Centre for Visual Arts.</p><p>Rooms : Stay in one of 99 guestrooms featuring flat-screen televisions. Complimentary wireless Internet access is available to keep you connected. Private bathrooms with showers feature complimentary toiletries and hair dryers. Conveniences include phones, as well as desks and coffee/tea makers.</p><p>Dining : Satisfy your appetite at the hotel s restaurant, which features a bar/lounge and a garden view. Dining is also available at the coffee shop/cafe. Buffet breakfasts are available daily from 7:30 AM to 9:30 AM for a fee.</p><p>CheckIn Instructions : <ul>  <li>Extra-person charges may apply and vary depending on property policy</li><li>Government-issued photo identification and a credit card, debit card, or cash deposit may be required at check-in for incidental charges</li><li>Special requests are subject to availability upon check-in and may incur additional charges; special requests cannot be guaranteed</li><li>This property accepts credit cards; cash is not accepted</li><li>This property uses geothermal energy</li><li>Safety features at this property include a fire extinguisher, a smoke detector, a security system, a first aid kit, and window guards</li>  </ul></p><p>Special Instructions : Front desk staff will greet guests on arrival.</p>",354-444-4001,Tours/ticket assistance Accessible bathroom (in select rooms) Fireplace in lobby Comprehensive food waste policy Eco-friendly toiletries Energy-saving switches Energy-saving features in guest rooms Recycling LED light bulbs Golf lessons available nearby Ski equipment rental shops nearby Ski lessons available nearby Dry cleaning/laundry service Comprehensive recycling policy Renewable energy source - geothermal Bulk dispenser for toiletries Number of meeting rooms - 1 Free WiFi Downhill skiing nearby Number of bars/lounges - 1 Cross-country skiing nearby Ski storage In-room accessibility (in select rooms) Bicycle rentals nearby Snowboarding Nearby Roll-in shower (in select rooms) Electric car charging station Breakfast available (surcharge) Number of coffee shops/cafes - 1 elevator Wheelchair accessible (may have limitations) Wheelchair accessible Locally-owned & organized tours & activities Wheelchair-accessible registration desk Garden Picnic area Ski shuttle (surcharge) Ski passes available Water-efficient toilets only Luggage storage Water-efficient showers only 24-hour front desk Golfing nearby Safe-deposit box at front desk Smoke-free property Snack bar/deli Hiking/biking trails nearby Free self parking Terrace Concierge services,65.67834|-18.11447,354-444-4000,600,http://icelandairhotels.com/hotels/akureyri
IS,Iceland,100488,Akureyri,1363004,Sæluhus Hotel Apartments & Houses,ThreeStar,Sunnutrod 2 600 Akureyri ,Distances are displayed to the nearest 0.1 mile and kilometer. <br /> <p>Akureyri Botanical Garden - 0.5 km / 0.3 mi <br /> Lystigarður Akureyrar - 0.6 km / 0.4 mi <br /> Catholic Church - 0.9 km / 0.6 mi <br /> Laxdal House - 1.1 km / 0.7 mi <br /> Matthiasarhus - 1.1 km / 0.7 mi <br /> Akureyri Church - 1.2 km / 0.7 mi <br /> Centre for Visual Arts - 1.3 km / 0.8 mi <br /> Jon Sveinsson Museum - 1.4 km / 0.9 mi <br /> Nonnahús - 1.7 km / 1.1 mi <br /> Hof - Cultural Center and Conference Hall - 1.7 km / 1.1 mi <br /> University of Akureyri - 2.4 km / 1.5 mi <br /> Icelandic Aviation Museum - 3 km / 1.9 mi <br /> Forest Lagoon - 3.6 km / 2.2 mi <br /> Mud Pots - 4.8 km / 3 mi <br /> Hlidarfjall Akureyri - 7.2 km / 4.5 mi <br /> </p><p>The nearest airports are:<br />ReykjavikKeflavik Intl. Airport (KEF) - 432.3 km / 268.6 mi<br /> Akureyri (AEY) - 3.2 km / 2 mi<br /> </p><p></p>,"<p>HeadLine : Near Laxdal House</p><p>Location : With a stay at Sæluhus Hotel Apartments & Houses in Akureyri, you ll be within a 10-minute walk of Akureyri Botanical Garden and Lystigarður Akureyrar.  This apartment is 0.6 mi (1 km) from Catholic Church and 0.8 mi (1.3 km) from Laxdal House.</p><p>Rooms : Make yourself at home in one of the 40 guestrooms, featuring kitchenettes with refrigerators and stovetops. Rooms have private balconies. Complimentary wireless Internet access keeps you connected, and 32-inch flat-screen televisions are provided for your entertainment. Conveniences include microwaves and coffee/tea makers, and housekeeping is provided once per stay.</p><p>CheckIn Instructions : <ul>  <li>Extra-person charges may apply and vary depending on property policy</li><li>Government-issued photo identification and a credit card, debit card, or cash deposit may be required at check-in for incidental charges</li><li>Special requests are subject to availability upon check-in and may incur additional charges; special requests cannot be guaranteed</li><li>Guests must contact this property in advance to reserve cribs/infant beds</li><li>This property accepts credit cards and debit cards; cash is not accepted</li><li>Safety features at this property include a fire extinguisher, a smoke detector, and a first aid kit</li><li>Please note that cultural norms and guest policies may differ by country and by property; the policies listed are provided by the property</li>  </ul></p><p>Special Instructions : The front desk is open daily from 9:00 AM - 5:00 PM. Guests planning to arrive outside of normal check-in hours will receive an email with check-in instructions and lockbox information. Front desk staff will greet guests on arrival. For more details, please contact the property using the information on the booking confirmation.  Reception hours are 9 AM-5 PM Monday-Friday from September-April. From May-August, the hours are 9 AM-9 PM Monday-Friday and 9 AM-5 PM Saturday-Sunday.</p>",354-354-0000000,Wheelchair accessible (may have limitations) Luggage storage Front desk (limited hours) Free WiFi No elevator (single level property) Well-lit path to entrance Smoke-free property In-room accessibility (in select rooms) Stair-free path to entrance Laundry facilities Free self parking Terrace,65.67094|-18.09486,354-354-4120800,0600,http://www.saeluhus.is/de/gallery/studioibudir_32_
IS,Iceland,100488,Akureyri,1388093,Hotel Kjarnalundur,ThreeStar,Kjarnalundur 600 Akureyri ,Distances are displayed to the nearest 0.1 mile and kilometer. <br /> <p>Icelandic Aviation Museum - 1.4 km / 0.9 mi <br /> Nonnahús - 2.8 km / 1.7 mi <br /> Jon Sveinsson Museum - 3.1 km / 1.9 mi <br /> Laxdal House - 3.5 km / 2.2 mi <br /> Akureyri Botanical Garden - 4.1 km / 2.5 mi <br /> Lystigarður Akureyrar - 4.1 km / 2.6 mi <br /> Catholic Church - 4.2 km / 2.6 mi <br /> Matthiasarhus - 4.4 km / 2.7 mi <br /> Akureyri Church - 4.4 km / 2.8 mi <br /> Centre for Visual Arts - 4.6 km / 2.8 mi <br /> Hof - Cultural Center and Conference Hall - 4.8 km / 3 mi <br /> Forest Lagoon - 5.4 km / 3.3 mi <br /> University of Akureyri - 6.6 km / 4.1 mi <br /> Mud Pots - 7.9 km / 4.9 mi <br /> Hlidarfjall Akureyri - 10.8 km / 6.7 mi <br /> </p><p>The nearest airports are:<br />ReykjavikKeflavik Intl. Airport (KEF) - 435.6 km / 270.7 mi<br /> Akureyri (AEY) - 1.6 km / 1 mi<br /> </p><p></p>,"<p>HeadLine : Near Icelandic Aviation Museum</p><p>Location : Located in Akureyri, Hotel Kjarnalundur is in a regional park, within a 5-minute drive of Icelandic Aviation Museum and Nonnahús.  This golf hotel is 2 mi (3.2 km) from Jon Sveinsson Museum and 2.3 mi (3.7 km) from Laxdal House.</p><p>Rooms : Stay in one of 66 guestrooms featuring flat-screen televisions. Complimentary wireless Internet access is available to keep you connected. Private bathrooms with showers feature complimentary toiletries and hair dryers. Conveniences include phones, as well as desks and coffee/tea makers.</p><p>Dining : Wrap up your day with a drink at the bar/lounge. Buffet breakfasts are available daily from 7:00 AM to 10:00 AM for a fee.</p><p>CheckIn Instructions : <ul>  <li>Extra-person charges may apply and vary depending on property policy</li><li>Government-issued photo identification and a credit card, debit card, or cash deposit may be required at check-in for incidental charges</li><li>Special requests are subject to availability upon check-in and may incur additional charges; special requests cannot be guaranteed</li><li>This property accepts credit cards, debit cards, and cash</li><li>Safety features at this property include a fire extinguisher, a smoke detector, and a first aid kit</li>  </ul></p><p>Special Instructions : Front desk staff will greet guests on arrival.</p>",,Coffee/tea in common areas Hiking/biking trails nearby Laundry facilities Sauna Steam room elevator Free self parking Terrace Concierge services Dry cleaning/laundry service Wheelchair accessible (may have limitations) Meeting rooms Wheelchair-accessible path to elevator Wheelchair-accessible registration desk Free WiFi Downhill skiing nearby Number of bars/lounges - 1 Cross-country skiing nearby Number of spa tubs - 1 Ski storage Number of outdoor pools - 1 Garden Picnic area In-room accessibility (in select rooms) Wheelchair accessible parking Snowboarding Nearby Roll-in shower (in select rooms) Full-service spa Accessible bathroom (in select rooms) Luggage storage Handrails in stairways 24-hour front desk Breakfast available (surcharge) Library,65.64794|-18.0803,+354 460 0060,600,http://kjarnalundur.is/home/
IS,Iceland,100488,Akureyri,1497942,Hrafninn Guesthouse,ThreeStar,Brekkugötu 4 600 Akureyri ,Distances are displayed to the nearest 0.1 mile and kilometer. <br /> <p>Centre for Visual Arts - 0.3 km / 0.2 mi <br /> Hof - Cultural Center and Conference Hall - 0.4 km / 0.2 mi <br /> Akureyri Church - 0.4 km / 0.3 mi <br /> Matthiasarhus - 0.5 km / 0.3 mi <br /> Catholic Church - 0.7 km / 0.4 mi <br /> Lystigarður Akureyrar - 1.1 km / 0.7 mi <br /> Akureyri Botanical Garden - 1.2 km / 0.7 mi <br /> Laxdal House - 1.3 km / 0.8 mi <br /> University of Akureyri - 1.5 km / 0.9 mi <br /> Jon Sveinsson Museum - 1.7 km / 1 mi <br /> Nonnahús - 2 km / 1.2 mi <br /> Mud Pots - 3.4 km / 2.1 mi <br /> Forest Lagoon - 3.7 km / 2.3 mi <br /> Icelandic Aviation Museum - 3.8 km / 2.4 mi <br /> Hlidarfjall Akureyri - 7 km / 4.4 mi <br /> </p><p>The nearest airports are:<br />ReykjavikKeflavik Intl. Airport (KEF) - 431 km / 267.8 mi<br /> Akureyri (AEY) - 3.6 km / 2.2 mi<br /> </p><p></p>,"<p>HeadLine : In Akureyri (Akureyri City Center)</p><p>Location : With a stay at Hrafninn Guesthouse in Akureyri (Akureyri City Center), you ll be within a 5-minute walk of Centre for Visual Arts and Hof - Cultural Center and Conference Hall.  This guesthouse is 0.5 mi (0.7 km) from Matthiasarhus and 0.5 mi (0.8 km) from Akureyri Church.</p><p>Rooms : Stay in one of 12 guestrooms featuring flat-screen televisions. Prepare your meals in the shared/communal kitchen. Complimentary wireless Internet access is available to keep you connected. Bathrooms have showers and hair dryers.</p><p>CheckIn Instructions : <ul>  <li>Extra-person charges may apply and vary depending on property policy</li><li>Government-issued photo identification and a credit card, debit card, or cash deposit may be required at check-in for incidental charges</li><li>Special requests are subject to availability upon check-in and may incur additional charges; special requests cannot be guaranteed</li><li>Guests must contact this property in advance to reserve cribs/infant beds</li><li>This property accepts credit cards; cash is not accepted</li><li>Safety features at this property include a fire extinguisher and a smoke detector</li>  </ul></p><p>Special Instructions : Front desk staff will greet guests on arrival.</p>",+354(0)4625600,Wheelchair accessible  no Luggage storage 24-hour front desk Free WiFi Barbecue grill(s) Upper floors accessible by stairs only Garden Smoke-free property Free newspapers in lobby Tours/ticket assistance Free self parking Terrace Concierge services,65.68307|-18.0926,+354 4625600,IS-600,http://www.hrafninn.is/
IS,Iceland,100488,Akureyri,1527172,Ice Apartments Akureyri,ThreeStar,Hafnarstraeti 106 600 Akureyri (isl: Akureyrarkaupstaður)IcelandNorðurland eystra ,Distances are displayed to the nearest 0.1 mile and kilometer. <br /> <p>Centre for Visual Arts - 0.2 km / 0.1 mi <br /> Akureyri Church - 0.3 km / 0.2 mi <br /> Hof - Cultural Center and Conference Hall - 0.4 km / 0.2 mi <br /> Matthiasarhus - 0.4 km / 0.2 mi <br /> Catholic Church - 0.6 km / 0.4 mi <br /> Lystigarður Akureyrar - 0.9 km / 0.6 mi <br /> Akureyri Botanical Garden - 1 km / 0.6 mi <br /> Laxdal House - 1.2 km / 0.7 mi <br /> Jon Sveinsson Museum - 1.6 km / 1 mi <br /> University of Akureyri - 1.6 km / 1 mi <br /> Nonnahús - 1.8 km / 1.1 mi <br /> Mud Pots - 3.4 km / 2.1 mi <br /> Forest Lagoon - 3.6 km / 2.2 mi <br /> Icelandic Aviation Museum - 3.7 km / 2.3 mi <br /> Hlidarfjall Akureyri - 7 km / 4.3 mi <br /> </p><p>The nearest airports are:<br />ReykjavikKeflavik Intl. Airport (KEF) - 431.1 km / 267.9 mi<br /> Akureyri (AEY) - 3.5 km / 2.2 mi<br /> </p><p></p>,"<p>HeadLine : In Akureyri (Akureyri City Center)</p><p>Location : A stay at Ice Apartments Akureyri places you in the heart of Akureyri, within a 5-minute walk of Centre for Visual Arts and Akureyri Church.  This apartment is 0.3 mi (0.5 km) from Hof - Cultural Center and Conference Hall and 0.4 mi (0.7 km) from Matthiasarhus.</p><p>Rooms : Make yourself at home in one of the 3 guestrooms, featuring kitchens with full-sized refrigerators/freezers and stovetops. LCD televisions with cable programming provide entertainment, while complimentary wireless Internet access keeps you connected. Conveniences include separate sitting areas and microwaves, and housekeeping is provided on a limited basis.</p><p>CheckIn Instructions : <ul>  <li>Extra-person charges may apply and vary depending on property policy</li><li>Government-issued photo identification and a credit card, debit card, or cash deposit may be required at check-in for incidental charges</li><li>Special requests are subject to availability upon check-in and may incur additional charges; special requests cannot be guaranteed</li><li>This property accepts credit cards; cash is not accepted</li><li>Safety features at this property include a fire extinguisher, a smoke detector, a security system, a first aid kit, and window guards</li>  </ul></p><p>Special Instructions : There is no front desk at this property. Guests will receive an email 24 hours before arrival with check-in instructions and an access code. Guests can access their accommodation through a private entrance. For more details, please contact the property using the information on the booking confirmation.</p>",3546927542,Gift shops or newsstand Shopping on site Distance from property (meters) - 50 Off-street parking Carport Wheelchair accessible  no Distance from property (ft) - 164 Lot Hours - End time - 4:00 PM Street parking Lot Hours - Start time - 10:00 AM Free WiFi Barbecue grill(s) Smoke-free property Tours/ticket assistance Terrace,65.68208|-18.09098,+354 5557400,IS-600,http://www.iceapartments.is/
