countyCode,countyName,cityCode,cityName,HotelCode,HotelName,HotelRating,Address,Attractions,Description,FaxNumber,HotelFacilities,Map,PhoneNumber,PinCode,HotelWebsiteUrl
JO,Jordan,100380,Al Karak,1420246,Cairwan Hotel,OneStar,Habbes Majali Street Karak ,Distances are displayed to the nearest 0.1 mile and kilometer. <br /> <p>Karak Castle Museum - 2.1 km / 1.3 mi <br /> Prophet Nuh Tomb - 2.5 km / 1.5 mi <br /> Ja far ibn Abi Talib Shrine - 14 km / 8.7 mi <br /> Wadi Bin Hammad - 28.9 km / 18 mi <br /> Mujib Nature Reserve - 31.8 km / 19.7 mi <br /> Qasr Al-Qatraneh - 37.7 km / 23.4 mi <br /> Khirbet et-Tannur - 37.8 km / 23.5 mi <br /> Mujib Dam - 41.2 km / 25.6 mi <br /> </p>,"<p>HeadLine : Near Karak Castle Museum</p><p>Location : With a stay at Cairwan Hotel in Al-Karak, you ll be within a 5-minute drive of Prophet Nuh Tomb and Karak Castle Museum.  This hotel is 8.7 mi (14 km) from Ja far ibn Abi Talib Shrine and 18 mi (28.9 km) from Wadi Bin Hammad.</p><p>Rooms : Make yourself at home in one of the 8 guestrooms featuring minibars. Complimentary wireless Internet access keeps you connected, and satellite programming is available for your entertainment. Bathrooms have showers and complimentary toiletries. Conveniences include safes, and housekeeping is provided daily.</p><p>Dining : Satisfy your appetite for lunch or dinner at the hotel s restaurant, or stay in and take advantage of the room service (during limited hours). Continental breakfasts are available daily for a fee.</p><p>CheckIn Instructions : <ul>  <li>Extra-person charges may apply and vary depending on property policy</li><li>Government-issued photo identification and a credit card, debit card, or cash deposit may be required at check-in for incidental charges</li><li>Special requests are subject to availability upon check-in and may incur additional charges; special requests cannot be guaranteed</li><li>This property accepts credit cards</li>  </ul></p><p>Special Instructions : Front desk staff will greet guests on arrival.</p>",962-3-2396122,Airport transportation (surcharge) Luggage storage Reception hall Multilingual staff Meeting rooms 24-hour front desk Breakfast available (surcharge) Free WiFi Designated smoking areas Barbecue grill(s) Garden Safe-deposit box at front desk Picnic area Laundry facilities Tours/ticket assistance Free self parking Terrace Concierge services,31.179802|35.709622,962-3-2396122,61110-41,
JO,Jordan,100380,Al Karak,5339855,Trajan Guest House,OneStar,Wadi Al Mujib King's Hwy Number 35  ,Distances are displayed to the nearest 0.1 mile and kilometer. <br /> <p>Mujib Dam - 7.2 km / 4.5 mi <br /> Mujib Nature Reserve - 15.7 km / 9.8 mi <br /> Wadi Bin Hammad - 34 km / 21.1 mi <br /> Church of St. Stephen - 34.4 km / 21.4 mi <br /> Um er-Rasas - 34.4 km / 21.4 mi <br /> Prophet Nuh Tomb - 36.6 km / 22.7 mi <br /> Karak Castle Museum - 37.1 km / 23.1 mi <br /> Ja far ibn Abi Talib Shrine - 45.6 km / 28.3 mi <br /> Madaba Museum - 51.3 km / 31.9 mi <br /> Madaba Institute for Mosaic Art & Restoration (MIMAR) - 51.7 km / 32.1 mi <br /> Madaba Archaeological Park - 51.8 km / 32.2 mi <br /> Basilica of Saint George - 51.8 km / 32.2 mi <br /> Madaba Mosaic Map - 51.8 km / 32.2 mi <br /> </p><p>The preferred airport for Trajan Guest House - Hostel is Queen Alia Intl. Airport (AMM) - 83.2 km / 51.7 mi </p>,"<p>HeadLine : Near Mujib Dam</p><p>Location : When you stay at Trajan Guest House - Hostel in Al-Mughayer, you ll be in the mountains and 7 minutes by car from Mujib Dam.  This hostel is 9.8 mi (15.7 km) from Mujib Nature Reserve and 21.1 mi (34 km) from Wadi Bin Hammad.</p><p>Rooms : Make yourself at home in one of the 3 guestrooms. Bathrooms have showers and complimentary toiletries. Conveniences include fans and blackout drapes/curtains, and housekeeping is provided on request.</p><p>Dining : At Trajan Guest House - Hostel, enjoy a satisfying meal at the restaurant. A complimentary local cuisine breakfast is served daily from 8:00 AM to 10:00 AM.</p><p>CheckIn Instructions : <ul>  <li>Extra-person charges may apply and vary depending on property policy</li><li>Government-issued photo identification and a cash deposit may be required at check-in for incidental charges</li><li>Special requests are subject to availability upon check-in and may incur additional charges; special requests cannot be guaranteed</li>  </ul></p><p>Special Instructions : This property offers transfers from the airport (surcharges may apply). Guests must contact the property with arrival details before travel, using the contact information on the booking confirmation. There is no front desk at this property.</p>",,Rock climbing nearby Airport transportation (surcharge) Ziplining nearby Free breakfast Free breakfast (local cuisine) Shared microwave Television in common areas Mountain climbing nearby Free WiFi Shared refrigerator Ropes course on site Designated smoking areas Daily Housekeeping on request Coffee/tea in common areas Hiking/biking trails nearby Laundry facilities Ecotours on site Tours/ticket assistance Free self parking Terrace,31.433036|35.792938,962-00962796491894,00962,
JO,Jordan,102158,Al-Salt,1423263,Saltus Hotel,ThreeStar,Anis Muasher Street Al-Salt 05315 ,,"Just 40 km away from Dead Sea, Saltus Hotel is located in Al Salt. Free WiFi access is available in public areas. Luggage storage can be arranged by the 24-hour front desk.

All rooms are decorated in modern tones. Each one offers a satellite TV and a minibar. Featuring a bath or shower, private bathroom also comes with a hairdryer and a bidet. The suite includes a living room.

Queen Alia Airport is 43 km away. An airport shuttle is available upon request. Free private parking is possible on site. Please inform Saltus Hotel in advance of your expected arrival time. You can use the Special Requests box when booking, or contact the property directly with the contact details provided in your confirmation.
In response to Coronavirus (COVID-19), additional safety and sanitation measures are in effect at this property.
Food & beverage services at this property may be limited or unavailable due to Coronavirus (COVID-19).
In accordance with government guidelines to minimise transmission of the Coronavirus (COVID-19), this property can only accept bookings from essential workers/permitted travellers, during dates where such guidelines exist. Reasonable evidence must be provided on arrival. If it isnt provided, your booking will be cancelled on arrival.
Due to Coronavirus (COVID-19), this property is taking steps to help protect the safety of guests and staff. Certain services and amenities may be reduced or unavailable as a result.
Due to Coronavirus (COVID-19), this property has reduced reception and service operating hours.
In accordance with government guidelines to minimise transmission of the Coronavirus (COVID-19), this property may request additional documentation from guests to validate identity, travel itinerary and other relevant information, during dates where such guidelines exist.
Spa and gym facilities at this property are unavailable due to Coronavirus (COVID-19).
Due to Coronavirus (COVID-19), this property adheres to strict physical distancing measures.
Due to Coronavirus (COVID-19), please ensure that you are only booking this property following the local government guidelines of the destination, including but not limited to the purpose of travel, and maximum allowed group size.
Due to Coronavirus (COVID-19), wearing a face mask is mandatory in all indoor common areas.
Please check your visa requirements before you travel.",,Parking Room service meeting/banquet facilities 24-hour front desk Non-smoking rooms Airport shuttle guest accommodation is disinfected between stays Laundry guest accommodation sealed after cleaning dry cleaning physical distancing in dining areas Family rooms staff follow all safety protocols as directed by local authorities breakfast in the room shared stationery such as printed menus  magazines  pens  and paper removed Ironing service hand sanitizer in guest accommodation and key areas Bridal suite process in place to check health of guests Free parking first aid kit available internet services contactless check-in/check-out Safety Deposit Box cashless payment available Valet parking physical distancing rules followed Currency exchange screens or physical barriers placed between staff and guests in appropriate areas Chapel/shrine invoice provided Packed lunches property is cleaned by professional cleaning companies Tour desk all plates  cutlery  glasses and other tableware have been sanitized Heating guests have the option to cancel any cleaning services for their accommodation during their stay Fax/photocopying delivered food is securely covered Luggage storage thermometers for guests provided by property wifi Allergy-free room Free WiFi Non-smoking throughout Air conditioning designated smoking area concierge service Private check-in/check-out shuttle service (additional charge) vending machine (drinks) vending machine (snacks) airport shuttle (additional charge) Lockers shared lounge/TV area Daily housekeeping grocery deliveries parking on site Baby safety gates face masks for guests available 24-hour security wild (non-domesticated) animals are not displayed/interacted with while captive on the property or harvested  consumed  or sold. Security alarm at least 80% of food is sourced from your region Smoke alarms at least 80% of lighting uses energy-efficient led bulbs CCTV in common areas food waste policy in place that includes education  food waste prevention  reduction  recycling  and disposal CCTV outside property at least 80% of the food provided is organic Fire extinguishers provide guests with information regarding local ecosystems  heritage and culture  as well as visitor etiquette guests have the option to reuse towels guests can opt-out of daily cleaning service use of cleaning chemicals that are effective against coronavirus linens  towels and laundry washed in accordance with local authority guidelines,32.04503|35.74521,,05315,https://www.booking.com/hotel/jo/saltus.html
JO,Jordan,102158,Al-Salt,1646604,Mountain Breeze Resort,FourStar,Jalaad Near Zai Al Salt ,,"Offering views of the surrounding Gilead mountains, Mountain Breeze Resort is situated in the countryside near Salt, 41 km from Jerash Ruins and 34 Km from central Amman. The resort has several open air terraces with amazing views of gardens and forests, and guests can enjoy a meal at the international restaurant or a drink at the bar.

Each room at this resort is air conditioned and has a flat-screen TV, free minibar, safe deposit box and coffee making facilities. All rooms include a seating area where you can relax, and a private balcony. Every room comes with a private bathroom equipped with a bath or shower and bidet. For your comfort, you will find bathrobes and slippers.

There is room service at the property.

Queen Alia International Airport is 65 km from the property. Sesame research facility is 3 km from the property. Guests are required to show a photo identification and credit card upon check-in. Please note that all Special Requests are subject to availability and additional charges may apply.
Swimming pool #1 is closed from Mon 31 Oct 2022 until Mon 01 May 2023
Swimming pool #2 is closed from Mon 31 Oct 2022 until Mon 01 May 2023
Outside food and drinks are not allowed into the resort.",,Parking Pool with view Heated pool Pool Bar Wine/champagne Fruits coffee house on site sun loungers or beach chairs Sun umbrellas Outdoor furniture Outdoor fireplace kids' pool Swimming pool Tour or class about local culture Archery 24-hour security Security alarm Smoke alarms CCTV in common areas Fire extinguishers Swimming pool bicycle rental Restaurant Room service meeting/banquet facilities Bar Garden Terrace Non-smoking rooms Airport shuttle Family rooms Games room Free parking internet services Valet parking children's playground Billiards Hiking Heating Fax/photocopying Luggage storage wifi Outdoor pool Free WiFi Non-smoking throughout Air conditioning outdoor pool (seasonal) airport shuttle (additional charge) shared lounge/TV area Daily housekeeping parking on site Private parking wifi available in all areas board games/puzzles kids' outdoor play equipment Kid meals Parking garage Accessible parking,32.1265|35.76996,+96265930811,11118,https://www.booking.com/hotel/jo/mountain-breeze-resort.html
JO,Jordan,102158,Al-Salt,1678000,Beit Aziz Boutique Hotel,ThreeStar,Prince Al Hassan Bin Talal Street Al Salt ,Distances are displayed to the nearest 0.1 mile and kilometer. <br /> <p>Salt Archaeological & Folklore Museum - 0.5 km / 0.3 mi <br /> Al-Essra Hospital - 18.3 km / 11.4 mi <br /> Tlaa Al Ali Hospital - 19.5 km / 12.1 mi <br /> King Hussein Bin Talal Mosque - 19.6 km / 12.2 mi <br /> University of Jordan - 20.5 km / 12.8 mi <br /> Wadi Zarqa Ma in - 20.8 km / 12.9 mi <br /> King Hussein Cancer Center - 21.1 km / 13.1 mi <br /> Ibn AlHaytham Hospital - 21.2 km / 13.2 mi <br /> Children s Museum - 21.4 km / 13.3 mi <br /> Royal Automobile Museum - 21.4 km / 13.3 mi <br /> Jordan University Hospital - 21.4 km / 13.3 mi <br /> Amman Mall - 21.9 km / 13.6 mi <br /> Al Rashid Hospital Center - 22.2 km / 13.8 mi <br /> Applied Science Private University - 22.2 km / 13.8 mi <br /> City Mall - 22.3 km / 13.9 mi <br /> </p><p>The nearest major airport is Queen Alia Intl. Airport (AMM) - 57.3 km / 35.6 mi</p>,"<p>HeadLine : Near Salt Archaeological & Folklore Museum</p><p>Location : When you stay at Beit Aziz Boutique Hotel in Salt, you ll be 5 minutes by foot from Salt Archaeological & Folklore Museum.  This guesthouse is 16.2 mi (26.1 km) from Al Abdali Mall and 11.4 mi (18.3 km) from Al-Essra Hospital.</p><p>Rooms : Make yourself at home in one of the 4 air-conditioned rooms featuring minibars and flat-screen televisions. Complimentary wireless Internet access keeps you connected, and satellite programming is available for your entertainment. Private bathrooms with showers feature complimentary toiletries and hair dryers. Conveniences include complimentary bottled water, housekeeping is provided daily, and rollaway/extra beds (surcharge) can be requested.</p><p>Dining : Stop by Beit Aziz Restaurant for lunch, dinner, or brunch, where this restaurant specializes in local cuisine. Dining is also available at the coffee shop/cafe, and 24-hour room service is provided. A complimentary local cuisine breakfast is served daily from 8 AM to noon.</p><p>CheckIn Instructions : <ul>  <li>Extra-person charges may apply and vary depending on property policy</li><li>Government-issued photo identification and a credit card, debit card, or cash deposit may be required at check-in for incidental charges</li><li>Special requests are subject to availability upon check-in and may incur additional charges; special requests cannot be guaranteed</li><li>This property accepts credit cards and cash</li><li>Safety features at this property include a fire extinguisher, a security system, a first aid kit, and window guards</li>  </ul></p><p>Special Instructions : To make arrangements for check-in please contact the property ahead of time using the information on the booking confirmation. If you are planning to arrive after noon please contact the property in advance using the information on the booking confirmation. Guests must contact the property in advance for check-in instructions. Front desk staff will greet guests on arrival.</p>",962-5-3559999,Dry cleaning/laundry service Wheelchair accessible  no Free breakfast Free breakfast (local cuisine) 24-hour front desk Free WiFi Designated smoking areas Daily Safe-deposit box at front desk Number of coffee shops/cafes - 1 Free self parking,32.0382|35.72548,962-5-3559999,,
JO,Jordan,109198,Amman,1008365,Crowne Plaza Amman,FiveStar,"King Faisal Bin Abdul Aziz Street 6th Circle, P.O.Box: 950555 6th CircleP.O. Box 950555Amman 11195 ",Distances are displayed to the nearest 0.1 mile and kilometer. <br /> <p>Embassy of Taiwan - 0.2 km / 0.1 mi <br /> Avenue Mall - 0.7 km / 0.4 mi <br /> Embassy of Bangladesh - 0.8 km / 0.5 mi <br /> The Galleria Mall - 1 km / 0.6 mi <br /> Baraka Mall - 1.1 km / 0.7 mi <br /> Arab Medical Center - 1.1 km / 0.7 mi <br /> Wakalat Street - 1.3 km / 0.8 mi <br /> Embassy of Bulgaria - 1.6 km / 1 mi <br /> Embassy of Thailand - 1.9 km / 1.2 mi <br /> Embassy of the United Arab Emirates - 2.1 km / 1.3 mi <br /> Embassy of Canada - 2.1 km / 1.3 mi <br /> Strikers Entertainment Center - 2.5 km / 1.6 mi <br /> Salah El-Din Park - 2.6 km / 1.6 mi <br /> Embassy of the United States - 3 km / 1.8 mi <br /> Abdoun Bridge - 3 km / 1.9 mi <br /> </p><p>The preferred airport for Crowne Plaza Amman  an IHG Hotel is Queen Alia Intl. Airport (AMM) - 34.2 km / 21.2 mi </p>,"<p>HeadLine : In Amman (Wadi Al-Seer)</p><p>Location : A stay at Crowne Plaza Amman, an IHG Hotel places you in the heart of Amman, steps from Embassy of Taiwan and 8 minutes by foot from Avenue Mall.  This 5-star hotel is 2.9 mi (4.6 km) from Al Abdali Mall and 3.4 mi (5.4 km) from Rainbow Street.</p><p>Rooms : Make yourself at home in one of the 279 guestrooms featuring minibars and LCD televisions. Satellite programming provides entertainment, and wired and wireless Internet access is available for a surcharge. Private bathrooms with bathtubs or showers feature rainfall showerheads and complimentary toiletries. Conveniences include safes and desks, and housekeeping is provided daily.</p><p>Dining : Enjoy international cuisine at Brasserie Oasis, one of the hotel s 3 restaurants, or stay in and take advantage of the 24-hour room service. Snacks are also available at the coffee shop/cafe. Unwind at the end of the day with a drink at the bar/lounge or the poolside bar. Buffet breakfasts are available daily from 6:30 AM to 10 AM for a fee.</p><p>CheckIn Instructions : <ul>  <li>Extra-person charges may apply and vary depending on property policy</li><li>Government-issued photo identification and a credit card, debit card, or cash deposit may be required at check-in for incidental charges</li><li>Special requests are subject to availability upon check-in and may incur additional charges; special requests cannot be guaranteed</li><li>The name on the credit card used at check-in to pay for incidentals must be the primary name on the guestroom reservation</li><li>This property accepts credit cards, debit cards, and cash</li><li>Please note that cultural norms and guest policies may differ by country and by property; the policies listed are provided by the property</li>  </ul></p><p>Special Instructions : This property offers transfers from the airport (surcharges may apply). To arrange pick-up, guests must contact the property 24 hours prior to arrival, using the contact information on the booking confirmation. Front desk staff will greet guests on arrival.  Guests booked in breakfast included rate plans receive breakfast for up to 2 adults who are sharing a guestroom. Breakfast fees apply for additional guests. Guests booked in dinner included rate plans receive dinner for up to 2 adults who are sharing a guestroom. Dinner fees apply for additional guests.</p>",962-65-504441,Luggage storage Porter/bellhop Business center 24-hour front desk Golfing nearby Spa services on site Outdoor seasonal pool Safe-deposit box at front desk Smoke-free property Snack bar/deli Children's pool Sauna Steam room Conference space Self parking (surcharge) Pool cabanas (surcharge) Valet parking (surcharge) Hair salon Computer station Terrace ATM/banking Wheelchair accessible path of travel Pool sun loungers Conference space size (feet) - 183451 Concierge services Gift shops or newsstand Dry cleaning/laundry service Shopping on site Parking (limited spaces) Pool umbrellas Conference space size (meters) - 17043 Free wired Internet Limo or Town Car service available Free WiFi Number of bars/lounges - 1 Number of poolside bars - 1 Assistive listening devices available Number of indoor pools - 1 In-room accessibility (in select rooms) Wheelchair accessible parking Tours/ticket assistance Accessible bathroom (in select rooms) Rooftop terrace Airport transportation (surcharge) Multilingual staff Conference center Breakfast available (surcharge) Barbecue grill(s) Turkish bath/Hammam Coffee/tea in common areas Number of coffee shops/cafes - 1 Laundry facilities elevator Fitness facilities Bicycle rentals on site Banquet hall Ballroom Reception hall Express check-in Meeting rooms Health club Spa treatment room(s) Garden Free newspapers in lobby Full-service spa Wedding services 24-hour business center,31.962456|35.870735,962-65-510001,11195,http://www.ichotelsgroup.com
JO,Jordan,109198,Amman,1013168,Days Inn by Wyndham Hotel Suites Amman,FourStar,Al Rabyeh Omarbin Abdulaziz St P.O. Box 950599Amman 11195 ,Distances are displayed to the nearest 0.1 mile and kilometer. <br /> <p>Shmaisani Hospital - 1.4 km / 0.8 mi <br /> King Hussain Sports City - 1.5 km / 1 mi <br /> The Specialty Hospital - 1.6 km / 1 mi <br /> Al Mukhtar Mall - 1.8 km / 1.1 mi <br /> Embassy of Bulgaria - 2 km / 1.3 mi <br /> Martyrs  Memorial and Museum - 2.2 km / 1.4 mi <br /> International Stadium - 2.3 km / 1.4 mi <br /> Strikers Entertainment Center - 2.4 km / 1.5 mi <br /> Embassy of Bangladesh - 2.6 km / 1.6 mi <br /> Embassy of Canada - 2.7 km / 1.7 mi <br /> Royal Culture Center - 2.8 km / 1.7 mi <br /> Embassy of Thailand - 2.8 km / 1.8 mi <br /> Arab Medical Center - 2.9 km / 1.8 mi <br /> The Prime Ministry - 2.9 km / 1.8 mi <br /> Abdali Boulevard - 2.9 km / 1.8 mi <br /> </p><p>The preferred airport for Days Inn by Wyndham Hotel Suites Amman is Queen Alia Intl. Airport (AMM) - 37.8 km / 23.5 mi </p>,"<p>HeadLine : Near Shmaisani Hospital</p><p>Location : A stay at Days Inn by Wyndham Hotel Suites Amman places you in the heart of Amman, within a 5-minute drive of King Hussain Sports City and Al Mukhtar Mall.  This 4-star hotel is 2.7 mi (4.4 km) from Al Abdali Mall and 3.4 mi (5.4 km) from Rainbow Street.</p><p>Rooms : Make yourself at home in one of the 110 individually decorated guestrooms, featuring minibars and DVD players. 32-inch LCD televisions with satellite programming provide entertainment, while complimentary wireless Internet access keeps you connected. Private bathrooms with bathtubs or showers feature rainfall showerheads and spring water baths. Conveniences include phones, as well as safes and desks.</p><p>Dining : For lunch or dinner, stop by Laluna, a restaurant that specializes in international cuisine. Dining is also available at the coffee shop/cafe, and 24-hour room service is provided. Quench your thirst with your favorite drink at the bar/lounge. Buffet breakfasts are available daily from 6:30 AM to 10:30 AM for a fee.</p><p>CheckIn Instructions : <ul>  <li>Extra-person charges may apply and vary depending on property policy</li><li>Government-issued photo identification and a credit card, debit card, or cash deposit may be required at check-in for incidental charges</li><li>Special requests are subject to availability upon check-in and may incur additional charges; special requests cannot be guaranteed</li><li>The name on the credit card used at check-in to pay for incidentals must be the primary name on the guestroom reservation</li><li>This property accepts credit cards; cash is not accepted</li><li>Please note that cultural norms and guest policies may differ by country and by property; the policies listed are provided by the property</li>  </ul></p><p>Special Instructions : Front desk staff will greet guests on arrival.</p>",962-6-5517077,Steam room elevator Free self parking Fitness facilities Conference space Free valet parking Hair salon Computer station Terrace ATM/banking Concierge services 24-hour business center Gift shops or newsstand Dry cleaning/laundry service Wheelchair accessible (may have limitations) Babysitting or childcare (surcharge) Express check-in Number of meeting rooms - 6 Swimming pool Television in common areas Free WiFi Number of bars/lounges - 1 Health club Designated smoking areas Number of spa tubs - 1 Number of indoor pools - 1 In-room accessibility (in select rooms) Free newspapers in lobby Wedding services Tours/ticket assistance Accessible bathroom (in select rooms) RV  bus  truck parking Area shuttle (surcharge) Luggage storage Express check-out Multilingual staff 24-hour front desk Breakfast available (surcharge) Spa services on site Outdoor seasonal pool Safe-deposit box at front desk Coffee/tea in common areas Snack bar/deli Number of coffee shops/cafes - 1 Laundry facilities Sauna,31.976841|35.88702,962-6551-9011,11195,http://www.daysinn.com.jo
JO,Jordan,109198,Amman,1018371,Grand Palace Hotel,FourStar,Queen Alya Street P.O. Box 922 444Amman 11192 ,Distances are displayed to the nearest 0.1 mile and kilometer. <br /> <p>The Specialty Hospital - 0.7 km / 0.4 mi <br /> Hussain Luna Park - 0.9 km / 0.5 mi <br /> Royal Culture Center - 1.1 km / 0.7 mi <br /> King Hussain Sports City - 1.1 km / 0.7 mi <br /> Maxim Mall - 1.5 km / 1 mi <br /> Al Mukhtar Mall - 1.8 km / 1.1 mi <br /> Shmaisani Hospital - 1.9 km / 1.2 mi <br /> Al Abdali Mall - 1.9 km / 1.2 mi <br /> Abdali Boulevard - 1.9 km / 1.2 mi <br /> The Parliament - 2 km / 1.2 mi <br /> International Stadium - 2 km / 1.2 mi <br /> Martyrs  Memorial and Museum - 2.2 km / 1.4 mi <br /> King Abdullah I Mosque - 2.3 km / 1.4 mi <br /> Coptic Orthodox Church - 2.4 km / 1.5 mi <br /> Grand Cinema - 2.7 km / 1.7 mi <br /> </p><p>The preferred airport for Grand Palace Hotel is Queen Alia Intl. Airport (AMM) - 37.6 km / 23.4 mi </p>,"<p>HeadLine : In Amman (Al Abdali)</p><p>Location : With a stay at Grand Palace Hotel in Amman (Al Abdali), you ll be within a 15-minute walk of The Specialty Hospital and Hussain Luna Park.  This 4-star hotel is 1.1 mi (1.7 km) from Al Abdali Mall and 2.8 mi (4.5 km) from Rainbow Street.</p><p>Rooms : Make yourself at home in one of the 136 air-conditioned rooms featuring minibars and flat-screen televisions. Complimentary wireless Internet access keeps you connected, and cable programming is available for your entertainment. Bathrooms feature bathtubs or showers, complimentary toiletries, and bidets. Conveniences include safes and irons/ironing boards, and housekeeping is provided daily.</p><p>Dining : Grab a bite to eat at Main Restaurant, a restaurant which features a bar/lounge, or stay in and take advantage of the 24-hour room service. Buffet breakfasts are available daily from 6:30 AM to 10 AM for a fee.</p><p>CheckIn Instructions : <ul>  <li>Extra-person charges may apply and vary depending on property policy</li><li>Government-issued photo identification and a credit card, debit card, or cash deposit may be required at check-in for incidental charges</li><li>Special requests are subject to availability upon check-in and may incur additional charges; special requests cannot be guaranteed</li><li>This property accepts credit cards, debit cards, and cash</li>  </ul></p><p>Special Instructions : This property doesn t offer after-hours check-in. Front desk staff will greet guests on arrival.</p>",962-6-56 95 14 3,Laundry facilities elevator Free self parking Access to nearby indoor pool Concierge services Gift shops or newsstand Dry cleaning/laundry service Wheelchair accessible (may have limitations) Meeting rooms Limo or Town Car service available Free WiFi Number of bars/lounges - 1 Number of outdoor pools - 1 In-room accessibility (in select rooms) Free newspapers in lobby Tours/ticket assistance Accessible bathroom (in select rooms) Luggage storage Porter/bellhop Multilingual staff Business center 24-hour front desk Breakfast available (surcharge) Safe-deposit box at front desk Smoke-free property Coffee/tea in common areas Snack bar/deli Number of coffee shops/cafes - 1 Babysitting or childcare,31.9761|35.905702,962-6-5691131,11192,http://www.grandpalaceamman.com
JO,Jordan,109198,Amman,1031255,Canary Hotel,ThreeStar,Jabal Al Weibdeh Amman 11190 ,Distances are displayed to the nearest 0.1 mile and kilometer. <br /> <p>Jordan National Gallery of Fine Arts - 0.5 km / 0.3 mi <br /> Coptic Orthodox Church - 0.9 km / 0.6 mi <br /> King Abdullah I Mosque - 0.9 km / 0.6 mi <br /> The Parliament - 1 km / 0.6 mi <br /> Grand Cinema - 1.1 km / 0.7 mi <br /> Museum of the Political History of Hm Late King Abdullah bin al-Hussein - 1.3 km / 0.8 mi <br /> Rainbow Street - 1.3 km / 0.8 mi <br /> Darat al Funun - 1.3 km / 0.8 mi <br /> King Abdullah Design and Development Bureau - 1.4 km / 0.9 mi <br /> Central Bank of Jordan Currency Museum - 1.4 km / 0.9 mi <br /> Darat al-Funun - 1.5 km / 0.9 mi <br /> Abdali Boulevard - 1.7 km / 1 mi <br /> Maxim Mall - 1.7 km / 1 mi <br /> Al Abdali Mall - 1.7 km / 1.1 mi <br /> Duke of Mukhyber s Residence - 1.7 km / 1.1 mi <br /> </p><p>The nearest major airport is Queen Alia Intl. Airport (AMM) - 38.4 km / 23.8 mi</p>,"<p>HeadLine : In Amman (Al Abdali)</p><p>Location : Located in Amman (Al Abdali), Canary Hotel is within a 15-minute walk of Jordan National Gallery of Fine Arts and Coptic Orthodox Church.  This hotel is 1.2 mi (2 km) from Rainbow Street and 1.5 mi (2.5 km) from Al Abdali Mall.</p><p>Rooms : Make yourself at home in one of the 16 air-conditioned rooms featuring minibars and Smart televisions. Complimentary wireless Internet access keeps you connected, and cable programming is available for your entertainment. Bathrooms feature showers, complimentary toiletries, and bidets. Conveniences include safes and desks, and housekeeping is provided daily.</p><p>Dining : Stop by the hotel s bar/lounge, Rustic bar, for lunch or dinner. Dining is also available at the coffee shop/cafe, and 24-hour room service is provided. Mingle with other guests at the complimentary reception, held daily. A complimentary continental breakfast is served daily from 8:00 AM to 10 AM.</p><p>CheckIn Instructions : <ul>  <li>Extra-person charges may apply and vary depending on property policy</li><li>Government-issued photo identification and a credit card, debit card, or cash deposit may be required at check-in for incidental charges</li><li>Special requests are subject to availability upon check-in and may incur additional charges; special requests cannot be guaranteed</li><li>This property accepts credit cards and cash</li><li>Noise-free guestrooms cannot be guaranteed</li><li>Safety features at this property include a fire extinguisher, a smoke detector, a security system, a first aid kit, and window guards</li>  </ul></p><p>Special Instructions : Front desk staff will greet guests on arrival.</p>",962-6-4654353,Dry cleaning/laundry service Wheelchair accessible (may have limitations) Newspapers in lobby (surcharge) Wheelchair-accessible van parking Free reception Wheelchair-accessible path to elevator Free WiFi Number of bars/lounges - 1 Designated smoking areas Assistive listening devices available Change of towels (on request) Garden In-room accessibility (in select rooms) Wheelchair accessible parking Tours/ticket assistance Free continental breakfast Luggage storage Free breakfast 24-hour front desk Daily Wheelchair-accessible meeting spaces/business center Safe-deposit box at front desk Coffee/tea in common areas Snack bar/deli Number of coffee shops/cafes - 1 Laundry facilities elevator Free self parking Free valet parking Terrace Concierge services,31.957331|35.918927,962-6-4638353,11191,
JO,Jordan,109198,Amman,1031258,Caravan Hotel,ThreeStar,Al Ma Mun St Jabal Al Weibdeh Jabal Al WeibdehPO Box 9062Amman 11191 ,Distances are displayed to the nearest 0.1 mile and kilometer. <br /> <p>Coptic Orthodox Church - 0.1 km / 0.1 mi <br /> King Abdullah I Mosque - 0.1 km / 0.1 mi <br /> Jordan National Gallery of Fine Arts - 0.4 km / 0.2 mi <br /> The Parliament - 0.5 km / 0.3 mi <br /> Grand Cinema - 0.5 km / 0.3 mi <br /> King Abdullah Design and Development Bureau - 0.8 km / 0.5 mi <br /> Al Abdali Mall - 0.9 km / 0.5 mi <br /> Abdali Boulevard - 0.9 km / 0.6 mi <br /> Maxim Mall - 1.4 km / 0.9 mi <br /> Museum of the Political History of Hm Late King Abdullah bin al-Hussein - 1.5 km / 1 mi <br /> Zahran Palace - 1.6 km / 1 mi <br /> Hussain Luna Park - 1.7 km / 1 mi <br /> Al Khaldi Medical Center - 1.8 km / 1.1 mi <br /> Rainbow Street - 2 km / 1.3 mi <br /> Darat al Funun - 2 km / 1.3 mi <br /> </p><p>The preferred airport for Caravan Hotel is Queen Alia Intl. Airport (AMM) - 37.4 km / 23.2 mi </p>,"<p>HeadLine : In Amman (Al Abdali)</p><p>Location : With a stay at Caravan Hotel in Amman (Al Abdali), you ll be steps from King Abdullah I Mosque and 11 minutes by foot from Abdali Boulevard.  This hotel is 1.6 mi (2.6 km) from Rainbow Street and 1.7 mi (2.7 km) from Amman Citadel.</p><p>Rooms : Make yourself at home in one of the 29 guestrooms. Cable television is provided for your entertainment. Private bathrooms with showers feature rainfall showerheads and hair dryers. Conveniences include phones, as well as desks and blackout drapes/curtains.</p><p>Dining : At Caravan Hotel, enjoy a satisfying meal at the restaurant.</p><p>Renovations : This property will be closed from December 9 2022 to May 31 2023 for renovations and will resume operation once the renovation is complete (completion date subject to change).  &nbsp;</p><p>CheckIn Instructions : <ul>  <li>Extra-person charges may apply and vary depending on property policy</li><li>Government-issued photo identification and a credit card, debit card, or cash deposit may be required at check-in for incidental charges</li><li>Special requests are subject to availability upon check-in and may incur additional charges; special requests cannot be guaranteed</li><li>This property accepts credit cards, debit cards, and cash</li><li>Safety features at this property include a carbon monoxide detector, a fire extinguisher, a smoke detector, a security system, and a first aid kit</li>  </ul></p><p>Special Instructions : This property offers transfers from the airport (surcharges may apply). Guests must contact the property with arrival details before travel, using the contact information on the booking confirmation. This property doesn t offer after-hours check-in. Front desk staff will greet guests on arrival.</p>",962-6-5661196,Dry cleaning/laundry service Books Vending machine Parking (limited spaces) Free parking nearby Express check-in Television in common areas Free WiFi Designated smoking areas Well-lit path to entrance Upper floors accessible by stairs only Garden Tours/ticket assistance Airport transportation - pickup (surcharge) Airport transportation (surcharge) Wheelchair accessible  no Luggage storage Multilingual staff Handrails in stairways 24-hour front desk Library Barbecue grill(s) Safe-deposit box at front desk Laundry facilities Free self parking Offsite parking reservations required Terrace Concierge services,31.95978|35.91267,+96265661195,11191,http://www.freeoffice.com/caravan-hotel//amman.html
JO,Jordan,109198,Amman,1031260,Corp Amman Hotel,FourStar,"Al Shmeisani, Opposite Royal Cultural Center Queen Alia StreetAmman 11193PO Box 930530 ",Distances are displayed to the nearest 0.1 mile and kilometer. <br /> <p>The Specialty Hospital - 0.5 km / 0.3 mi <br /> Hussain Luna Park - 1.1 km / 0.7 mi <br /> Royal Culture Center - 1.3 km / 0.8 mi <br /> King Hussain Sports City - 1.3 km / 0.8 mi <br /> Al Mukhtar Mall - 1.6 km / 1 mi <br /> Shmaisani Hospital - 1.7 km / 1.1 mi <br /> Maxim Mall - 1.7 km / 1.1 mi <br /> Martyrs  Memorial and Museum - 1.8 km / 1.1 mi <br /> International Stadium - 1.8 km / 1.1 mi <br /> Abdali Boulevard - 2 km / 1.2 mi <br /> Al Abdali Mall - 2 km / 1.3 mi <br /> The Parliament - 2.2 km / 1.3 mi <br /> King Abdullah I Mosque - 2.5 km / 1.6 mi <br /> Coptic Orthodox Church - 2.6 km / 1.6 mi <br /> The Prime Ministry - 2.8 km / 1.8 mi <br /> </p><p>The preferred airport for Corp Amman Hotel is Queen Alia Intl. Airport (AMM) - 37.8 km / 23.5 mi </p>,"<p>HeadLine : In Amman (Al Abdali)</p><p>Location : A stay at Corp Amman Hotel places you in the heart of Amman, within a 5-minute drive of Al Abdali Mall and Abdali Boulevard.  This 4.5-star hotel is 1.2 mi (1.9 km) from The Specialty Hospital and 2.2 mi (3.6 km) from Amman Citadel.</p><p>Rooms : Make yourself at home in one of the 108 air-conditioned rooms featuring minibars and LCD televisions. Complimentary wireless Internet access keeps you connected, and cable programming is available for your entertainment. Private bathrooms with showers feature designer toiletries and bidets. Conveniences include phones, as well as safes and desks.</p><p>Dining : Enjoy international cuisine at The Boulevard, one of the hotel s 2 restaurants, or stay in and take advantage of the room service (during limited hours). Snacks are also available at the coffee shop/cafe. Buffet breakfasts are available daily from 6:30 AM to 10:30 AM for a fee.</p><p>CheckIn Instructions : <ul>  <li>Extra-person charges may apply and vary depending on property policy</li><li>Government-issued photo identification and a credit card, debit card, or cash deposit may be required at check-in for incidental charges</li><li>Special requests are subject to availability upon check-in and may incur additional charges; special requests cannot be guaranteed</li><li>This property accepts credit cards and cash</li><li>This property uses eco-friendly cleaning products</li><li>Safety features at this property include a carbon monoxide detector, a fire extinguisher, a smoke detector, a security system, a first aid kit, and window guards</li>  </ul></p><p>Special Instructions : This property offers transfers from the airport (surcharges may apply). Guests must contact the property with arrival details before travel, using the contact information on the booking confirmation. Front desk staff will greet guests on arrival.</p>",962-6-5663962,Gift shops or newsstand Dry cleaning/laundry service Bulk dispenser for toiletries Eco-friendly cleaning products used Pool umbrellas Conference space size (meters) - 35 Free WiFi Designated smoking areas In-room accessibility (in select rooms) Wheelchair accessible parking Tours/ticket assistance Accessible bathroom (in select rooms) Airport transportation (surcharge) Eco-friendly toiletries Eco-friendly cleaning products provided Energy-saving features in guest rooms Recycling LED light bulbs Wheelchair-accessible on-site restaurant Multilingual staff Breakfast available (surcharge) Wheelchair-accessible meeting spaces/business center Coffee/tea in common areas Number of coffee shops/cafes - 1 Laundry facilities elevator Fitness facilities Locally-sourced food on site (80% or more) Bicycle rentals on site Banquet hall Wheelchair accessible (may have limitations) Ballroom Wheelchair-accessible concierge desk Locally-owned & organized tours & activities Express check-in Wheelchair-accessible van parking Meeting rooms Wheelchair-accessible path to elevator Valet for wheelchair-equipped vehicle Wheelchair-accessible registration desk Wheelchair-accessible public washroom Spa treatment room(s) Garden Free newspapers in lobby Full-service spa Wedding services Water-efficient toilets only Luggage storage Water-efficient showers only Porter/bellhop Business center 24-hour front desk Spa services on site Outdoor seasonal pool Safe-deposit box at front desk Sauna Steam room Conference space Free valet parking Hair salon Terrace Wheelchair accessible path of travel Pool sun loungers Conference space size (feet) - 375 Concierge services,31.977243|35.904156,962-6-5686666,11193,http://www.hmhhotelgroup.com/corp/jordan/amman/corpamman
JO,Jordan,109198,Amman,1031967,Warwick Il Palazzo Hotel & Suites,FourStar,"AMMAN, AL SHAREEF NASSER BEN JAMEEL STREET AMMAN ",,"The hotel is conveniently situated just 3.2 km from the centre of Amman and within a 20 minute drive from Markka Airport. It is 40 km from the Dead Sea and nearby places of interest include the Roman Theatre, Military Museum and the King Abdullah I Mosque. 

This stunning hotel features an outdoor pool, gym and bbq facilities. All rooms include a flatscreen TV, minibar and tea and coffee making facilities. The hotel´s restaurant serves a variety of international dishes. WIFI and parking are available.",,Hotel,31.955212|35.945022,,11180,http://www.warwickilpalazzo.com/
JO,Jordan,109198,Amman,1041663,Grand Hotel Madaba,FourStar,Aisha Um Al Mumeneen Street 882 17110 Madaba Madaba 17110 ,Distances are displayed to the nearest 0.1 mile and kilometer. <br /> <p>Burnt Palace - 0.1 km / 0.1 mi <br /> Basilica of Saint George - 0.8 km / 0.5 mi <br /> Madaba Mosaic Map - 0.9 km / 0.6 mi <br /> Madaba Archaeological Park - 1.1 km / 0.7 mi <br /> Madaba Institute for Mosaic Art & Restoration (MIMAR) - 1.1 km / 0.7 mi <br /> Madaba Museum - 1.4 km / 0.8 mi <br /> Mount Nebo - 9.2 km / 5.7 mi <br /> Tell Heshbon - 9.5 km / 5.9 mi <br /> Ma in Hot Springs - 9.6 km / 5.9 mi <br /> Amman Waves - 23.8 km / 14.8 mi <br /> Qasr al-Qastal - 25 km / 15.5 mi <br /> TAJ Mall - 27.8 km / 17.3 mi <br /> Qasr Al-Mshatta - 28 km / 17.4 mi <br /> Baraka Mall - 28.7 km / 17.8 mi <br /> Avenue Mall - 29.1 km / 18.1 mi <br /> </p><p>The preferred airport for Grand Hotel Madaba is Queen Alia Intl. Airport (AMM) - 22.7 km / 14.1 mi </p>,"<p>HeadLine : Near Madaba Archaeological Park</p><p>Location : You ll be centrally located in Madaba with a stay at Grand Hotel Madaba, within a 15-minute walk of Basilica of Saint George and Madaba Mosaic Map.  This 4-star hotel is 0.9 mi (1.4 km) from Madaba Museum and 0.9 mi (1.5 km) from Madaba Institute for Mosaic Art & Restoration (MIMAR).</p><p>Rooms : Make yourself at home in one of the 81 guestrooms featuring refrigerators and minibars. Your memory foam bed comes with Egyptian cotton sheets. 32-inch LED televisions with satellite programming provide entertainment, while complimentary wireless Internet access keeps you connected. Private bathrooms with shower/tub combinations feature rainfall showerheads and designer toiletries.</p><p>Dining : Stop by the hotel s restaurant for lunch, dinner, or brunch. Dining is also available at the coffee shop/cafe, and 24-hour room service is provided. Relax with a refreshing drink from the poolside bar or one of the 2 bars/lounges. A complimentary buffet breakfast is served daily from 7:30 AM to 10 AM.</p><p>CheckIn Instructions : <ul>  <li>Extra-person charges may apply and vary depending on property policy</li><li>Government-issued photo identification and a credit card, debit card, or cash deposit may be required at check-in for incidental charges</li><li>Special requests are subject to availability upon check-in and may incur additional charges; special requests cannot be guaranteed</li><li>This property accepts credit cards, debit cards, and cash</li><li>Safety features at this property include a fire extinguisher, a smoke detector, and a security system</li>  </ul></p><p>Special Instructions : This property offers transfers from the airport (surcharges may apply). To arrange pick-up, guests must contact the property 24 hours prior to arrival, using the contact information on the booking confirmation. If you are planning to arrive after 5:00 PM please contact the property in advance using the information on the booking confirmation. Front desk staff will greet guests on arrival.</p>",962-5-3247777,Limo or Town Car service available Free WiFi Number of bars/lounges - 2 Designated smoking areas Number of poolside bars - 1 Braille or raised signage Number of outdoor pools - 1 In-room accessibility (in select rooms) Wheelchair accessible parking Roll-in shower (in select rooms) Tours/ticket assistance Accessible bathroom (in select rooms) Free Buffet Breakfast Airport transportation (surcharge) Dry cleaning/laundry service Free RV  bus  truck parking Babysitting or childcare (surcharge) Front entrance ramp Conference space size (meters) - 90 Swimming pool Express check-out Billiards or pool table 24-hour front desk Library Safe-deposit box at front desk Snack bar/deli Free self parking Conference space Computer station Terrace Pool sun loungers Conference space size (feet) - 968 Concierge services 24-hour business center elevator Wheelchair accessible (may have limitations) Wheelchair-accessible concierge desk Meeting rooms Wheelchair-accessible path to elevator Wheelchair-accessible registration desk Wheelchair-accessible pool Arcade/game room Garden Internet access in public areas - high speed Free newspapers in lobby Wedding services Luggage storage Wheelchair-accessible lounge Wheelchair-accessible on-site restaurant No accessible shuttle Free breakfast Multilingual staff Conference center Number of accessible parking spaces - 2 Daily Wheelchair-accessible meeting spaces/business center Barbecue grill(s) Coffee/tea in common areas Number of coffee shops/cafes - 1 Laundry facilities,31.724841|35.795135,+96253240403,882-17110,http://www.grandhotelmadaba.com
JO,Jordan,109198,Amman,1045616,Nihal,OneStar,Down Town King Talal Street Opposit Alhanini Restaurant Amman Opposite Alhanini RestaurantKing Talal StreetAmman ,Distances are displayed to the nearest 0.1 mile and kilometer. <br /> <p>King Abdullah Design and Development Bureau - 0.4 km / 0.2 mi <br /> Grand Cinema - 0.5 km / 0.3 mi <br /> Zahran Palace - 0.8 km / 0.5 mi <br /> Coptic Orthodox Church - 0.9 km / 0.5 mi <br /> King Abdullah I Mosque - 0.9 km / 0.6 mi <br /> Al Khaldi Medical Center - 1 km / 0.6 mi <br /> Jordan National Gallery of Fine Arts - 1 km / 0.6 mi <br /> Museum of the Political History of Hm Late King Abdullah bin al-Hussein - 1.1 km / 0.7 mi <br /> The Parliament - 1.3 km / 0.8 mi <br /> Rainbow Street - 1.4 km / 0.9 mi <br /> Al Abdali Mall - 1.4 km / 0.9 mi <br /> Abdali Boulevard - 1.5 km / 1 mi <br /> Abdoun Bridge - 1.9 km / 1.2 mi <br /> The Prime Ministry - 1.9 km / 1.2 mi <br /> Salah El-Din Park - 1.9 km / 1.2 mi <br /> </p><p>The preferred airport for Nihal Hotel is Queen Alia Intl. Airport (AMM) - 36.3 km / 22.5 mi </p>,"<p>HeadLine : Near Grand Cinema</p><p>Location : With a stay at Nihal Hotel in Amman, you ll be a 5-minute walk from King Abdullah Design and Development Bureau and 6 minutes by foot from Grand Cinema.  This hotel is 0.9 mi (1.4 km) from Rainbow Street and 1.8 mi (2.9 km) from Al Abdali Mall.</p><p>Rooms : Make yourself at home in one of the 20 air-conditioned rooms featuring kitchens. Conveniences include phones and refrigerators.</p><p>Dining : Enjoy a meal at the restaurant, or stay in and take advantage of the hotel s 24-hour room service.</p><p>CheckIn Instructions : <ul>  <li>Extra-person charges may apply and vary depending on property policy</li><li>Government-issued photo identification and a credit card, debit card, or cash deposit may be required at check-in for incidental charges</li><li>Special requests are subject to availability upon check-in and may incur additional charges; special requests cannot be guaranteed</li><li>This property accepts credit cards</li>  </ul></p><p>Special Instructions : Front desk staff will greet guests on arrival.</p>",+96264654131,Airport transportation (surcharge) Laundry facilities Internet access - wireless Tours/ticket assistance elevator 24-hour front desk,31.954386|35.910661,+96264654130,11115,
JO,Jordan,109198,Amman,1045667,Riviera Hotel,ThreeStar,King Hussein Street Down TownAmman ,Distances are displayed to the nearest 0.1 mile and kilometer. <br /> <p>Duke of Mukhyber s Residence - 0.2 km / 0.1 mi <br /> Gold Souk - 0.2 km / 0.2 mi <br /> Souk Jara - 0.2 km / 0.2 mi <br /> Amman Citadel - 0.3 km / 0.2 mi <br /> Darat al-Funun - 0.3 km / 0.2 mi <br /> Darat al Funun - 0.3 km / 0.2 mi <br /> Central Bank of Jordan Currency Museum - 0.5 km / 0.3 mi <br /> Rainbow Street - 0.5 km / 0.3 mi <br /> Nymphaeum - 0.5 km / 0.3 mi <br /> King Hussein Mosque - 0.5 km / 0.3 mi <br /> Jordan Folklore Museum - 0.8 km / 0.5 mi <br /> Amman Roman Theater - 0.8 km / 0.5 mi <br /> Jordanian Museum of Popular Traditions - 1 km / 0.6 mi <br /> Temple of Hercules - 1.2 km / 0.7 mi <br /> Byzantine Church - 1.2 km / 0.7 mi <br /> </p><p>The nearest major airport is Queen Alia Intl. Airport (AMM) - 38.6 km / 24 mi</p>,"<p>HeadLine : Near Darat al-Funun</p><p>Location : With a stay at Riviera Hotel in Amman, you ll be within a 5-minute walk of Duke of Mukhyber s Residence and Gold Souk.  This hotel is 1.4 mi (2.2 km) from Rainbow Street and 2 mi (3.3 km) from Al Abdali Mall.</p><p>Rooms : Make yourself at home in one of the 17 air-conditioned rooms featuring refrigerators and flat-screen televisions. Complimentary wireless Internet access keeps you connected, and satellite programming is available for your entertainment. Bathrooms with showers are provided. Conveniences include safes and ceiling fans, and housekeeping is provided daily.</p><p>Dining : Take advantage of the hotel s 24-hour room service. Continental breakfasts are available daily from 7 AM to 11 AM for a fee.</p><p>CheckIn Instructions : <ul>  <li>Extra-person charges may apply and vary depending on property policy</li><li>Government-issued photo identification and a credit card, debit card, or cash deposit may be required at check-in for incidental charges</li><li>Special requests are subject to availability upon check-in and may incur additional charges; special requests cannot be guaranteed</li><li>This property accepts credit cards</li><li>Please note that cultural norms and guest policies may differ by country and by property; the policies listed are provided by the property</li>  </ul></p><p>Special Instructions : Front desk staff will greet guests on arrival.</p>",962-78-78795875,Dry cleaning/laundry service Airport transportation (surcharge) Luggage storage 24-hour front desk Breakfast available (surcharge) Free WiFi Designated smoking areas Safe-deposit box at front desk Picnic area Laundry facilities Tours/ticket assistance Terrace,31.953139|35.932079,962-78-78795875,11110,
JO,Jordan,109198,Amman,1045669,Al Houriat Hotel,TwoStar,Qourash Street Down Town 11115 Amman ,Distances are displayed to the nearest 0.1 mile and kilometer. <br /> <p>Nymphaeum - 0.2 km / 0.1 mi <br /> King Hussein Mosque - 0.2 km / 0.1 mi <br /> Souk Jara - 0.3 km / 0.2 mi <br /> Gold Souk - 0.3 km / 0.2 mi <br /> Duke of Mukhyber s Residence - 0.3 km / 0.2 mi <br /> Jordan Folklore Museum - 0.3 km / 0.2 mi <br /> Amman Citadel - 0.3 km / 0.2 mi <br /> Amman Roman Theater - 0.4 km / 0.2 mi <br /> Jordanian Museum of Popular Traditions - 0.4 km / 0.3 mi <br /> Rainbow Street - 0.5 km / 0.3 mi <br /> Darat al-Funun - 0.7 km / 0.5 mi <br /> Darat al Funun - 0.8 km / 0.5 mi <br /> Central Bank of Jordan Currency Museum - 1 km / 0.6 mi <br /> Temple of Hercules - 1.2 km / 0.7 mi <br /> Byzantine Church - 1.2 km / 0.7 mi <br /> </p><p>The preferred airport for Al-Houriat Hotel is Queen Alia Intl. Airport (AMM) - 38.5 km / 23.9 mi </p>,"<p>HeadLine : Near Souk Jara</p><p>Location : With a stay at Al-Houriat Hotel in Amman (Downtown Amman), you ll be steps from Nymphaeum and King Hussein Mosque.  This family-friendly hotel is 0.8 mi (1.2 km) from Rainbow Street and 2.4 mi (3.8 km) from Al Abdali Mall.</p><p>Rooms : Make yourself at home in one of the 30 air-conditioned guestrooms. Complimentary wireless Internet access keeps you connected, and cable programming is available for your entertainment.</p><p>Dining : Take advantage of the hotel s 24-hour room service. Continental breakfasts are available for a fee.</p><p>CheckIn Instructions : <ul>  <li>Extra-person charges may apply and vary depending on property policy</li><li>Government-issued photo identification and a credit card, debit card, or cash deposit may be required at check-in for incidental charges</li><li>Special requests are subject to availability upon check-in and may incur additional charges; special requests cannot be guaranteed</li><li>This property accepts credit cards and cash</li><li>Safety features at this property include a carbon monoxide detector, a fire extinguisher, a smoke detector, a security system, a first aid kit, and window guards</li>  </ul></p><p>Special Instructions : This property offers transfers from the airport (surcharges may apply). Guests must contact the property with arrival details before travel, using the contact information on the booking confirmation. Front desk staff will greet guests on arrival.</p>",962-6-4620206,Dry cleaning/laundry service Airport transportation (surcharge) Luggage storage Airport transportation Concierge services 24-hour front desk Breakfast available (surcharge) Free WiFi Library Arcade/game room Safe-deposit box at front desk Smoke-free property In-room accessibility (in select rooms) Laundry facilities Tours/ticket assistance elevator Waterslide Airport transportation - drop-off (surcharge) Hair salon Terrace ATM/banking Wheelchair accessible path of travel,31.951011|35.935872,962-646-46908,11115,
JO,Jordan,109198,Amman,1046983,Torwadah Hotel,TwoStar,Down Town Al Rida Street Beside Al Ahlai Bank Amman 11115 ,Distances are displayed to the nearest 0.1 mile and kilometer. <br /> <p>King Hussein Mosque - 0.3 km / 0.2 mi <br /> Gold Souk - 0.4 km / 0.3 mi <br /> Souk Jara - 0.4 km / 0.3 mi <br /> Amman Roman Theater - 0.9 km / 0.5 mi <br /> Central Bank of Jordan Currency Museum - 1 km / 0.6 mi <br /> Jordan Museum - 1.2 km / 0.7 mi <br /> Abu Darwish Mosque - 1.3 km / 0.8 mi <br /> Byzantine Church - 1.6 km / 1 mi <br /> Temple of Hercules - 1.6 km / 1 mi <br /> Jordan Archaeological Museum - 1.7 km / 1.1 mi <br /> Ummayed Palace - 1.8 km / 1.1 mi <br /> Coptic Orthodox Church - 2.6 km / 1.6 mi <br /> King Abdullah I Mosque - 2.6 km / 1.6 mi <br /> Maxim Mall - 2.7 km / 1.7 mi <br /> The Parliament - 2.9 km / 1.8 mi <br /> </p><p>The nearest major airport is Amman (AMM-Queen Alia Intl.) - 47.6 km / 29.6 mi</p>,"<p><b>Property Location</b> <br />With a stay at Torwadah Hotel in Amman, you'll be a 4-minute walk from King Hussein Mosque and 5 minutes by foot from Gold Souk.  This hotel is 1.3 mi (2 km) from Souk Jara and 1.5 mi (2.4 km) from Amman Roman Theater.</p><p><b>Rooms</b> <br />Make yourself at home in one of the 22 air-conditioned guestrooms. Complimentary wireless Internet access keeps you connected, and cable programming is available for your entertainment. Private bathrooms with showers feature complimentary toiletries and slippers. Conveniences include ceiling fans, housekeeping is provided daily, and irons/ironing boards can be requested.</p><p><b>Amenities</b> <br />Make use of convenient amenities, which include complimentary wireless Internet access and tour/ticket assistance.</p><p><b>Dining</b> <br />Take advantage of the hotel's 24-hour room service. Continental breakfasts are available daily from 7 AM to 11 AM for a fee.</p><p><b>Business, Other Amenities</b> <br />Featured amenities include dry cleaning/laundry services, a 24-hour front desk, and luggage storage. A roundtrip airport shuttle is provided for a surcharge (available 24 hours).</p>",,24-hour front desk Airport transportation (surcharge) Breakfast available (surcharge) Dry cleaning/laundry service Elevator/lift Free WiFi Laundry facilities Luggage storage Safe-deposit box at front desk Total number of rooms - 22 Tours/ticket assistance,31.950457627|35.933017731,+962788795875,11190,
JO,Jordan,109198,Amman,1047160,Al Ballouti Hotel Suites,ThreeStar,Building Number 90 Yajouz Street Al Jubaiha Almanhal CirclePO Box 452Amman 11941 ,,"Our property is located in the heart of North Amman, with walking distance to the Jordan University, Al-Isra Hospital and many others. Our property is located on the main street and surrounded by all types of stores and markets which are open 24/7. Offering a quiet retreat in the elegant Al Jubaiha District, Al Ballouti features self-contained accommodation with free Wi-Fi. It also provides an airport shuttle service and free parking.

Rooms at the Al Ballouti Hotel Suites are air conditioned and include kitchen facilities. There is a seating area equipped with satellite TV channels and private bathrooms, some with bathtub.

Guests can enjoy cooking their own food or discover the many cafés and restaurants serving Jordanian specialities as well as international dishes.

Popular facilities nearby the Al Ballouti Suites include the University of Jordan and the Royal Scientific Society. Central Amman is 5 km away and Queen Alia International Airport is a 30-minute drive from the hotel. Please check your visa requirements before you travel.",+96265332460,Heating Fax/photocopying Luggage storage Free WiFi Free WiFi Air conditioning Designated smoking areas Concierge services Private check-in/check-out Area shuttle (surcharge) Airport transportation (surcharge) Daily housekeeping Grocery/convenience store Parking onsite Free self parking Street parking Restaurant Pets allowed Room service Meeting rooms 24-hour front desk Non-smoking rooms Airport shuttle Laundry facilities Dry cleaning/laundry service Facilities for disabled guests Family rooms Breakfast service Ironing service Bridal suite Internet access Elevator/lift Safe-deposit box at front desk Currency exchange Soundproof rooms Shoeshine Car hire Tour desk,32.02955|35.8715,+96265332460,11941,https://www.booking.com/hotel/jo/al-ballouti-suites.html
JO,Jordan,109198,Amman,1047163,Asia,TwoStar,Saqf Alsail St Amman 11115 ,Distances are displayed to the nearest 0.1 mile and kilometer. <br /> <p>Nymphaeum - 0.3 km / 0.2 mi <br /> King Hussein Mosque - 0.3 km / 0.2 mi <br /> Rainbow Street - 0.5 km / 0.3 mi <br /> Souk Jara - 0.5 km / 0.3 mi <br /> Gold Souk - 0.5 km / 0.3 mi <br /> Duke of Mukhyber s Residence - 0.6 km / 0.4 mi <br /> Jordan Folklore Museum - 0.6 km / 0.4 mi <br /> Amman Roman Theater - 0.6 km / 0.4 mi <br /> Jordanian Museum of Popular Traditions - 0.8 km / 0.5 mi <br /> Amman Citadel - 0.9 km / 0.5 mi <br /> Darat al-Funun - 0.9 km / 0.6 mi <br /> Jordan Museum - 1 km / 0.6 mi <br /> Darat al Funun - 1 km / 0.6 mi <br /> Abu Darwish Mosque - 1.2 km / 0.7 mi <br /> Central Bank of Jordan Currency Museum - 1.3 km / 0.8 mi <br /> </p><p>The preferred airport for Asia Hotel is Queen Alia Intl. Airport (AMM) - 39.1 km / 24.3 mi </p>,"<p>HeadLine : In Amman (Downtown Amman)</p><p>Location : With a stay at Asia Hotel in Amman (Downtown Amman), you ll be within a 5-minute walk of Nymphaeum and King Hussein Mosque.  This hotel is 1.1 mi (1.8 km) from Rainbow Street and 2.8 mi (4.5 km) from Al Abdali Mall.</p><p>Rooms : Make yourself at home in one of the 45 guestrooms. Complimentary wireless Internet access keeps you connected, and satellite programming is available for your entertainment. Bathrooms feature bathtubs or showers, complimentary toiletries, and hair dryers. Conveniences include coffee/tea makers, housekeeping is provided daily, and refrigerators can be requested.</p><p>Dining : Take advantage of the hotel s room service (during limited hours).</p><p>CheckIn Instructions : <ul>  <li>Extra-person charges may apply and vary depending on property policy</li><li>Government-issued photo identification and a cash deposit may be required at check-in for incidental charges</li><li>Special requests are subject to availability upon check-in and may incur additional charges; special requests cannot be guaranteed</li><li>This property accepts credit cards</li>  </ul></p><p>Special Instructions : This property offers transfers from the airport (surcharges may apply). Guests must contact the property with arrival details before travel, using the contact information on the booking confirmation.</p>",962-6-4620206,Airport transportation (surcharge) Safe-deposit box at front desk Smoke-free property Laundry facilities Tours/ticket assistance Luggage storage Free self parking Business center Front desk (limited hours) Free WiFi,31.94799|35.934938,962-7-88795875,11115,
JO,Jordan,109198,Amman,1047175,Hisham,ThreeStar,3Rd Circle Off Zahran Street 11183 Amman 11183 ,,"Set in mature gardens, Hisham Hotel features an outdoor dining terrace and the oldest pub in Amman. Offering free Wi-Fi, it is located 10 minutes walk from the Amman Citadel and Roman Theatre.

Jordanian and Lebanese cuisine can be enjoyed at Fukhara restaurant. Guests can relax in the cocktail and cigar lounge or have a casual drink at the bar with live sporting broadcasts and music.

The air-conditioned rooms are decorated with dark wood furniture and a tiled bathroom. In-room amenities also include satellite TV and a work desk.

Hisham Hotels 24-hour staff can help organise tours to Jordans most popular tourist sites and Damascus. Car rental service and airport pick-up can also be arranged.

The hotel is strategically located in the heart of Ammans most prominent medical centers. The Khalidid (General Hospital), Farah Maternity Hospital, and Abdelhadi Hospital (Eyes hospital) are all a 3 minutes walk. Queen Alia International Airport can be reached with a 20-minute drive. Sports City Stadium is 3 km away. Hotel can arrange for airport pickup and drop-off. Please inform Hisham Hotel in advance of your expected arrival time. You can use the Special Requests box when booking, or contact the property directly with the contact details provided in your confirmation.
Guests are required to show a photo identification and credit card upon check-in. Please note that all Special Requests are subject to availability and additional charges may apply.
In response to Coronavirus (COVID-19), additional safety and sanitation measures are in effect at this property.
Due to Coronavirus (COVID-19), this property is taking steps to help protect the safety of guests and staff. Certain services and amenities may be reduced or unavailable as a result.
In accordance with government guidelines to minimise transmission of the Coronavirus (COVID-19), this property may request additional documentation from guests to validate identity, travel itinerary and other relevant information, during dates where such guidelines exist.
Spa and gym facilities at this property are unavailable due to Coronavirus (COVID-19).
Some nationalities can get an entry permit stamped in their passport upon arrival at the airport. Please check your visa requirements before travelling.

Hotel can arrange for Airport Pickup and Drop-off. Please contact the hotel to request this service.",00962 6464 7540,Parking Happy hour Restaurant 24-hour security Security alarm Smoke alarms Fire extinguishers use of cleaning chemicals that are effective against coronavirus linens  towels and laundry washed in accordance with local authority guidelines guest accommodation is disinfected between stays guest accommodation sealed after cleaning physical distancing in dining areas food can be delivered to guest accommodation staff follow all safety protocols as directed by local authorities shared stationery such as printed menus  magazines  pens  and paper removed hand sanitizer in guest accommodation and key areas process in place to check health of guests Room service meeting/banquet facilities Bar 24-hour front desk Garden Terrace Non-smoking rooms Airport shuttle Business centre Laundry dry cleaning Facilities for disabled guests Family rooms breakfast in the room Ironing service Free parking internet services lift express check-in/check-out Safety Deposit Box Valet parking Currency exchange Packed lunches Car hire Tour desk Heating Fax/photocopying Luggage storage Air conditioning designated smoking area Snack Bar Sun terrace concierge service Entertainment staff nightclub/dj Private check-in/check-out shuttle service (additional charge) Special diet menus (on request) airport shuttle (additional charge) shared lounge/TV area Evening entertainment Daily housekeeping parking on site Kid meals Street parking Public transport tickets Toilet with grab rails Higher level toilet Emergency cord in bathroom Wine/champagne Fruits face masks for guests available first aid kit available contactless check-in/check-out cashless payment available physical distancing rules followed invoice provided property is cleaned by professional cleaning companies all plates  cutlery  glasses and other tableware have been sanitized guests have the option to cancel any cleaning services for their accommodation during their stay breakfast takeaway containers delivered food is securely covered thermometers for guests provided by property airport pick up airport drop off Outdoor furniture Shuttle service Pub crawls Themed dinner nights,31.95274|35.90255,+96264644028,11183,https://www.booking.com/hotel/jo/hisham.html
JO,Jordan,109198,Amman,1047187,Merryland,TwoStar,PO Box 9122 Amman 11191 ,,"Stop at Merryland Hotel to discover the wonders of Amman. Featuring a complete list of amenities, guests will find their stay at the property a comfortable one. All the necessary facilities, including car park, tours, airport transfer, bar, safety deposit boxes, are at hand. Some of the well-appointed guestrooms feature seating area, bathtub, mini bar, satellite/cable TV, shower. The hotel offers various recreational opportunities. For reliable service and professional staff, Merryland Hotel caters to your needs.",,Separate sitting area Safety Deposit Box Shower Currency exchange Fan Cable / Satellite Television In room safe Wireless Internet Access Elevator / Lift Laundry service Minibar Restaurant Iron/Ironing Board (On Request) Dry cleaning / laundry service Tour desk Television Air Condition in rooms Working desk (On Request) Shop(s) Family rooms Room service Car Parking,31.9592375153418|35.9211784601212,+96264630217,11191,http://www.merryland-hotel.com/
JO,Jordan,109198,Amman,1047197,Al Saleh Hotel,ThreeStar,Prince Mohd. Street Amman 11183 ,Distances are displayed to the nearest 0.1 mile and kilometer. <br /> <p>Museum of the Political History of Hm Late King Abdullah bin al-Hussein - 0.5 km / 0.3 mi <br /> Rainbow Street - 0.8 km / 0.5 mi <br /> Grand Cinema - 1 km / 0.6 mi <br /> Jordan National Gallery of Fine Arts - 1.1 km / 0.7 mi <br /> King Abdullah Design and Development Bureau - 1.1 km / 0.7 mi <br /> Darat al Funun - 1.3 km / 0.8 mi <br /> Darat al-Funun - 1.3 km / 0.8 mi <br /> Coptic Orthodox Church - 1.4 km / 0.8 mi <br /> King Abdullah I Mosque - 1.4 km / 0.9 mi <br /> Duke of Mukhyber s Residence - 1.6 km / 1 mi <br /> Central Bank of Jordan Currency Museum - 1.6 km / 1 mi <br /> The Parliament - 1.6 km / 1 mi <br /> Zahran Palace - 1.6 km / 1 mi <br /> Souk Jara - 1.7 km / 1.1 mi <br /> Gold Souk - 1.7 km / 1.1 mi <br /> </p><p>The preferred airport for Al-Saleh Hotel is Queen Alia Intl. Airport (AMM) - 37.1 km / 23.1 mi </p>,"<p>HeadLine : Near Museum of the Political History of Hm Late King Abdullah bin al-Hussein</p><p>Location : With a stay at Al-Saleh Hotel in Amman, you ll be within a 10-minute walk of Museum of the Political History of Hm Late King Abdullah bin al-Hussein and Rainbow Street.  This hotel is 2.4 mi (3.9 km) from Al Abdali Mall and 0.8 mi (1.2 km) from King Abdullah Design and Development Bureau.</p><p>Rooms : Make yourself at home in one of the 35 air-conditioned rooms featuring minibars. Complimentary wireless Internet access is available to keep you connected. Bathrooms with showers are provided. Conveniences include phones, as well as sofa beds and ceiling fans.</p><p>Dining : Enjoy a meal at the restaurant, or stay in and take advantage of the hotel s 24-hour room service. Breakfast is available for a fee.</p><p>CheckIn Instructions : <ul>  <li>Extra-person charges may apply and vary depending on property policy</li><li>Government-issued photo identification and a credit card, debit card, or cash deposit may be required at check-in for incidental charges</li><li>Special requests are subject to availability upon check-in and may incur additional charges; special requests cannot be guaranteed</li><li>This property accepts credit cards</li>  </ul></p><p>Special Instructions : This property offers transfers from the airport (surcharges may apply). Guests must contact the property with arrival details before travel, using the contact information on the booking confirmation.</p>",962-646-20206,Dry cleaning/laundry service Airport transportation (surcharge) Luggage storage Free parking nearby Free wired Internet Breakfast available (surcharge) Free WiFi Safe-deposit box at front desk Smoke-free property Coffee/tea in common areas Laundry facilities Roll-in shower (in select rooms) Tours/ticket assistance Accessible bathroom (in select rooms) elevator,31.95395|35.91883,962-788-795875,11183,http://www.alsalehhotel.com
JO,Jordan,109198,Amman,1047205,Farah Hotel,All,"Cinema Hussein Street Behind The Arab Bank, Down Town AmmanBehind Arab BankNext to Cinema al Hussein ",,"The Farah Hotel is a small hotel in downtown Amman, offering simple accommodation that is good value for money.  The hotel is in a great location to explore the historical city.

The hotel offers a choice of guest bedrooms with both shared bathroom and private bathrooms.  It is also possible to book a bed in one of the shared dormitories.

The hotel has hot showers and there is a fridge on every floor where guests can store their own food.  There is also a traditional Bedouin courtyard where drinks and breakfast are served.

Staff at the Farah Hotel are happy to help with booking excursions and tours in the region. Please check your visa requirements before you travel.",+96264651442,Restaurant Room service 24-hour front desk Non-smoking rooms Airport shuttle Laundry Family rooms Ironing service internet services lift Safety Deposit Box Currency exchange Car hire Tour desk Heating Fax/photocopying Luggage storage wifi Free WiFi Air conditioning airport shuttle (additional charge) Shared kitchen shared lounge/TV area wifi available in all areas secured parking Street parking airport pick up airport drop off coffee house on site CCTV in common areas CCTV outside property Fire extinguishers,31.95298|35.93296,(962) 64651443,11190,https://www.booking.com/hotel/jo/farah-amman.html
JO,Jordan,109198,Amman,1047210,New Park Hotel,TwoStar,49 King Hussein Street Downtown 49 King Hussien StreetOpposite the Old CourtNear Egyptian Airlines ,Distances are displayed to the nearest 0.1 mile and kilometer. <br /> <p>Central Bank of Jordan Currency Museum - 0.1 km / 0.1 mi <br /> Darat al-Funun - 0.3 km / 0.2 mi <br /> Darat al Funun - 0.4 km / 0.3 mi <br /> Duke of Mukhyber s Residence - 0.6 km / 0.4 mi <br /> Gold Souk - 0.6 km / 0.4 mi <br /> Souk Jara - 0.6 km / 0.4 mi <br /> Amman Citadel - 0.7 km / 0.5 mi <br /> Rainbow Street - 0.8 km / 0.5 mi <br /> King Hussein Mosque - 0.8 km / 0.5 mi <br /> Nymphaeum - 0.9 km / 0.5 mi <br /> Jordan Folklore Museum - 1.1 km / 0.7 mi <br /> Amman Roman Theater - 1.2 km / 0.7 mi <br /> Jordanian Museum of Popular Traditions - 1.3 km / 0.8 mi <br /> Temple of Hercules - 1.3 km / 0.8 mi <br /> Byzantine Church - 1.4 km / 0.8 mi <br /> </p><p>The preferred airport for New Park Hotel is Queen Alia Intl. Airport (AMM) - 38.9 km / 24.2 mi </p>,"<p>HeadLine : Near Central Bank of Jordan Currency Museum</p><p>Location : With a stay at New Park Hotel, you ll be centrally located in Amman, within a 10-minute walk of Gold Souk and Souk Jara.  This hotel is 0.5 mi (0.7 km) from Amman Citadel and 0.7 mi (1.2 km) from Amman Roman Theater.</p><p>Rooms : Make yourself at home in one of the 35 guestrooms featuring minibars. Complimentary wireless Internet access is available to keep you connected. Bathrooms have showers and hair dryers. Conveniences include safes and desks, as well as phones with free local calls.</p><p>Dining : Enjoy a meal at the restaurant or snacks in the coffee shop/cafe. The hotel also offers 24-hour room service. Continental breakfasts are available for a fee.</p><p>CheckIn Instructions : <ul>  <li>Extra-person charges may apply and vary depending on property policy</li><li>Government-issued photo identification and a credit card, debit card, or cash deposit may be required at check-in for incidental charges</li><li>Special requests are subject to availability upon check-in and may incur additional charges; special requests cannot be guaranteed</li><li>This property accepts major credit cards and cash</li><li>Safety features at this property include a fire extinguisher, a smoke detector, and a first aid kit</li>  </ul></p><p>Special Instructions : To make arrangements for check-in please contact the property at least 48 hours before arrival using the information on the booking confirmation. Guests must contact the property in advance for check-in instructions. Front desk staff will greet guests on arrival. At check-in, guests must provide a record of full COVID-19 vaccination.</p>",96-26-4648145,Dry cleaning/laundry service Free parking nearby Reception hall Express check-in Airport transportation Meeting rooms Free wired Internet Television in common areas Limo or Town Car service available Free WiFi Wheelchair accessible parking Free newspapers in lobby Tours/ticket assistance Airport transportation (surcharge) Luggage storage Multilingual staff Business center Breakfast available (surcharge) Safe-deposit box at front desk Number of coffee shops/cafes - 1 Laundry facilities elevator Free self parking Computer station Terrace Concierge services,31.956008|35.931387,96-26-4612144,11118,http://www.new-parkhotel.com/
JO,Jordan,109198,Amman,1047225,Gardenia Hotel,ThreeStar,Shmeisani 122 Abdulhameed Sharaf Street 122 Abdulhameed Sharaf St.Amman 11195 ,,"Gardenia Hotel is located in the Shmeissani area of Amman, less than 5-minutes walk from Safeway. It offers free WiFi access and an outdoor swimming pool. A well-equipped gym is available for guests use.

All rooms have satellite TV, a dining area, a kitchenette in some rooms.

Free buffet breakfast with Middle Eastern selections is offered daily. The hotel restaurant serves a variety of  international cuisine. Shops and cafés can be found in the hotels surrounding neighborhood.

Free parking is available at the hotel. Queen Alia International Airport is a 30-minute drive. Please inform Gardenia Hotel in advance of your expected arrival time. You can use the Special Requests box when booking, or contact the property directly with the contact details provided in your confirmation.
Guests are required to show a photo identification and credit card upon check-in. Please note that all Special Requests are subject to availability and additional charges may apply.
Payment before arrival via bank transfer is required. The property will contact you after you book to provide instructions.
In accordance with government guidelines to minimise transmission of the Coronavirus (COVID-19), this property currently isnt accepting guests from certain countries, during dates where such guidelines exist.
In response to Coronavirus (COVID-19), additional safety and sanitation measures are in effect at this property.
Food & beverage services at this property may be limited or unavailable due to Coronavirus (COVID-19).
In accordance with government guidelines to minimise transmission of the Coronavirus (COVID-19), this property can only accept bookings from essential workers/permitted travellers, during dates where such guidelines exist. Reasonable evidence must be provided on arrival. If it isnt provided, your booking will be cancelled on arrival.
As a result of Coronavirus (COVID-19), this property has temporarily suspended its shuttle services.
Due to Coronavirus (COVID-19), this property is taking steps to help protect the safety of guests and staff. Certain services and amenities may be reduced or unavailable as a result.
Due to Coronavirus (COVID-19), this property has reduced reception and service operating hours.
In accordance with government guidelines to minimise transmission of the Coronavirus (COVID-19), this property may request additional documentation from guests to validate identity, travel itinerary and other relevant information, during dates where such guidelines exist.
Spa and gym facilities at this property are unavailable due to Coronavirus (COVID-19).
Due to Coronavirus (COVID-19), this property adheres to strict physical distancing measures.
Due to Coronavirus (COVID-19), please ensure that you are only booking this property following the local government guidelines of the destination, including but not limited to the purpose of travel, and maximum allowed group size.
Due to Coronavirus (COVID-19), wearing a face mask is mandatory in all indoor common areas.
It is not possible to stay at this property for Coronavirus (COVID-19) quarantine purposes.
Coronavirus (COVID-19) PCR tests are available at this property at no extra charge for those exhibiting symptoms consistent with the virus and have been confirmed by an accredited doctor.
It is possible to extend your stay at this property at no extra cost for Coronavirus (COVID-19) quarantine purposes, with a maximum limit of 10 extra days.
Medical monitoring is available for guests quarantined due to Coronavirus (COVID-19). This may be provided in person or virtually, depending on the property type and location.
A negative Coronavirus (COVID-19) PCR test result is mandatory to check-in to this property.
Guests need to meet one or more requirements to stay in this property: proof of full Coronavirus (Covid-19) vaccination, a recent valid negative Coronavirus PCR test, or recent proof of Coronavirus recovery.",00962 6560 4744,Private check-in/check-out shuttle service (additional charge) Special diet menus (on request) airport shuttle (additional charge) Daily housekeeping Restaurant Room service meeting/banquet facilities 24-hour front desk Terrace Non-smoking rooms Airport shuttle Business centre Laundry dry cleaning Family rooms Ironing service internet services lift Safety Deposit Box Currency exchange Soundproof rooms Car hire Tour desk Heating Fax/photocopying Luggage storage wifi Free WiFi Air conditioning concierge service wifi available in all areas airport pick up airport drop off Shuttle service 24-hour security Key access Key card access Security alarm Smoke alarms CCTV in common areas CCTV outside property Fire extinguishers use of cleaning chemicals that are effective against coronavirus linens  towels and laundry washed in accordance with local authority guidelines guest accommodation is disinfected between stays guest accommodation sealed after cleaning physical distancing in dining areas food can be delivered to guest accommodation staff follow all safety protocols as directed by local authorities shared stationery such as printed menus  magazines  pens  and paper removed hand sanitizer in guest accommodation and key areas process in place to check health of guests first aid kit available contactless check-in/check-out cashless payment available physical distancing rules followed mobile app for room service invoice provided property is cleaned by professional cleaning companies all plates  cutlery  glasses and other tableware have been sanitized guests have the option to cancel any cleaning services for their accommodation during their stay breakfast takeaway containers delivered food is securely covered thermometers for guests provided by property face masks for guests available,31.98034|35.89332,00962 6566 7790,11195,https://www.booking.com/hotel/jo/gardenia.html
JO,Jordan,109198,Amman,1047227,Aghadeer Hotel,ThreeStar,Shmeissani Opposite Safeway Amman Opposite SafewayAmman ,Distances are displayed to the nearest 0.1 mile and kilometer. <br /> <p>The Specialty Hospital - 0.8 km / 0.5 mi <br /> Al Mukhtar Mall - 1 km / 0.6 mi <br /> King Hussain Sports City - 1.2 km / 0.8 mi <br /> Martyrs  Memorial and Museum - 1.4 km / 0.9 mi <br /> International Stadium - 1.4 km / 0.9 mi <br /> Shmaisani Hospital - 1.6 km / 1 mi <br /> Royal Culture Center - 1.9 km / 1.2 mi <br /> Hussain Luna Park - 2.4 km / 1.5 mi <br /> Embassy of Bulgaria - 2.9 km / 1.8 mi <br /> Abdali Boulevard - 2.9 km / 1.8 mi <br /> Al Abdali Mall - 2.9 km / 1.8 mi <br /> Maxim Mall - 3.1 km / 1.9 mi <br /> The Parliament - 3.2 km / 2 mi <br /> The Prime Ministry - 3.3 km / 2.1 mi <br /> Amman Mall - 3.4 km / 2.1 mi <br /> </p><p>The preferred airport for Aghadeer Hotel is Queen Alia Intl. Airport (AMM) - 38.4 km / 23.8 mi </p>,"<p>HeadLine : In Amman (Al Abdali)</p><p>Location : With a stay at Aghadeer Hotel in Amman (Al Abdali), you ll be within a 15-minute walk of The Specialty Hospital and Al Mukhtar Mall.  This hotel is 2.4 mi (3.8 km) from Al Abdali Mall and 3.3 mi (5.3 km) from Rainbow Street.</p><p>Rooms : Make yourself at home in one of the 57 air-conditioned rooms featuring minibars and LED televisions. Complimentary wireless Internet access keeps you connected, and satellite programming is available for your entertainment. Private bathrooms with showers feature complimentary toiletries and slippers. Conveniences include phones, as well as safes and electric kettles.</p><p>Dining : Enjoy a meal at the restaurant or snacks in the coffee shop/cafe. The hotel also offers room service (during limited hours). A complimentary buffet breakfast is served daily from 7 AM to 10 AM.</p><p>CheckIn Instructions : <ul>  <li>Extra-person charges may apply and vary depending on property policy</li><li>Government-issued photo identification and a credit card, debit card, or cash deposit may be required at check-in for incidental charges</li><li>Special requests are subject to availability upon check-in and may incur additional charges; special requests cannot be guaranteed</li><li>This property accepts credit cards</li>  </ul></p><p>Special Instructions : This property offers transfers from the airport (surcharges may apply). Guests must contact the property with arrival details before travel, using the contact information on the booking confirmation. Front desk staff will greet guests on arrival.</p>",962-6-5060137,elevator Free self parking Terrace Free Buffet Breakfast Concierge services Dry cleaning/laundry service Airport transportation (surcharge) Luggage storage Free breakfast Porter/bellhop Business center Meeting rooms 24-hour front desk Free WiFi Daily Safe-deposit box at front desk Smoke-free property Number of coffee shops/cafes - 1 Laundry facilities Free newspapers in lobby Tours/ticket assistance,31.981463|35.895003,+96265683386,11195,http://www.aghadeerhotel.com
JO,Jordan,109198,Amman,1047230,Mamaya Hotel,TwoStar,King Faisal Street Downtown182146 Amman ,Distances are displayed to the nearest 0.1 mile and kilometer. <br /> <p>Duke of Mukhyber s Residence - 0.2 km / 0.1 mi <br /> Gold Souk - 0.2 km / 0.1 mi <br /> Souk Jara - 0.2 km / 0.1 mi <br /> Amman Citadel - 0.3 km / 0.2 mi <br /> Darat al-Funun - 0.3 km / 0.2 mi <br /> Darat al Funun - 0.4 km / 0.2 mi <br /> King Hussein Mosque - 0.4 km / 0.3 mi <br /> Rainbow Street - 0.4 km / 0.3 mi <br /> Nymphaeum - 0.5 km / 0.3 mi <br /> Central Bank of Jordan Currency Museum - 0.6 km / 0.4 mi <br /> Amman Roman Theater - 0.8 km / 0.5 mi <br /> Jordan Folklore Museum - 0.8 km / 0.5 mi <br /> Jordanian Museum of Popular Traditions - 0.9 km / 0.6 mi <br /> Museum of the Political History of Hm Late King Abdullah bin al-Hussein - 1.2 km / 0.8 mi <br /> Byzantine Church - 1.4 km / 0.8 mi <br /> </p><p>The preferred airport for Mamaya Hotel is Queen Alia Intl. Airport (AMM) - 38.9 km / 24.2 mi </p>,"<p>HeadLine : Near Duke of Mukhyber s Residence</p><p>Location : With a stay at Mamaya Hotel in Amman, you ll be just steps from Duke of Mukhyber s Residence and Gold Souk.  This hotel is 1.8 mi (2.8 km) from Rainbow Street and 2.4 mi (3.9 km) from Al Abdali Mall.</p><p>Rooms : Make yourself at home in one of the 44 guestrooms. Complimentary wireless Internet access keeps you connected, and cable programming is available for your entertainment. Bathrooms feature bathtubs or showers, complimentary toiletries, and hair dryers. Conveniences include sofa beds, housekeeping is provided daily, and refrigerators can be requested.</p><p>Dining : Take advantage of the hotel s room service (during limited hours). A complimentary breakfast is included.</p><p>CheckIn Instructions : <ul>  <li>Extra-person charges may apply and vary depending on property policy</li><li>Government-issued photo identification and a credit card, debit card, or cash deposit may be required at check-in for incidental charges</li><li>Special requests are subject to availability upon check-in and may incur additional charges; special requests cannot be guaranteed</li><li>This property accepts credit cards and cash</li>  </ul></p><p>Special Instructions : </p>",962-6-4620206,Dry cleaning/laundry service Airport transportation (surcharge) Safe-deposit box at front desk Smoke-free property Laundry facilities Roll-in shower (in select rooms) Tours/ticket assistance Luggage storage Free breakfast Business center Free WiFi,31.952236|35.931785,962-7-88795875,182146,
JO,Jordan,109198,Amman,1047240,Jeddah Palace Hotel,ThreeStar,Jabal Al Hussein Beer Al Sabe Str. Beer Al-sabea StreetAMMAN 11110 ,Distances are displayed to the nearest 0.1 mile and kilometer. <br /> <p>King Hussein Mosque - 0.3 km / 0.2 mi <br /> Gold Souk - 0.4 km / 0.3 mi <br /> Souk Jara - 0.4 km / 0.3 mi <br /> Amman Citadel - 0.7 km / 0.4 mi <br /> Amman Roman Theater - 0.8 km / 0.5 mi <br /> Central Bank of Jordan Currency Museum - 0.9 km / 0.5 mi <br /> Jordan Museum - 1.1 km / 0.7 mi <br /> Abu Darwish Mosque - 1.6 km / 1 mi <br /> Temple of Hercules - 1.6 km / 1 mi <br /> Byzantine Church - 1.6 km / 1 mi <br /> Jordan Archaeological Museum - 1.6 km / 1 mi <br /> Ummayed Palace - 1.9 km / 1.2 mi <br /> Coptic Orthodox Church - 2.7 km / 1.7 mi <br /> King Abdullah I Mosque - 2.7 km / 1.7 mi <br /> The Parliament - 2.8 km / 1.8 mi <br /> </p><p>The nearest major airport is Queen Alia Intl. Airport (AMM) - 37.6 km / 23.4 mi</p>,"<p>HeadLine : Near Amman Citadel</p><p>Location : A stay at Jeddah Palace Hotel places you in the heart of Amman, within a 10-minute walk of Amman Citadel and Amman Roman Theater.  This hotel is 7 mi (11.3 km) from Amman Mall and 0.6 mi (1 km) from Gold Souk.</p><p>Rooms : Make yourself at home in one of the 47 air-conditioned rooms featuring fireplaces and private pools. 42-inch LED televisions with satellite programming provide entertainment, while complimentary wireless Internet access keeps you connected. Conveniences include phones, as well as minibars and electric kettles.</p><p>Dining : Enjoy a meal at the restaurant, or stay in and take advantage of the hotel s 24-hour room service.</p><p>CheckIn Instructions : <ul>  <li>Extra-person charges may apply and vary depending on property policy</li><li>Government-issued photo identification and a credit card, debit card, or cash deposit may be required at check-in for incidental charges</li><li>Special requests are subject to availability upon check-in and may incur additional charges; special requests cannot be guaranteed</li><li>This property accepts credit cards</li>  </ul></p><p>Special Instructions : Front desk staff will greet guests on arrival.</p>",962-6-5699563,Express check-in Luggage storage elevator Designated smoking areas Ballroom 24-hour front desk Porter/bellhop Restaurant Tours/ticket assistance Free self parking Free WiFi Wedding services,31.95|35.93333,+96265605804,11118,http://www.jeddahpalace.com/
