countyCode,countyName,cityCode,cityName,HotelCode,HotelName,HotelRating,Address,Attractions,Description,FaxNumber,HotelFacilities,Map,PhoneNumber,PinCode,HotelWebsiteUrl
KE,Kenya,100014,Aberdares,1077740,The Ark,FiveStar,Aberdare National Park MweigaNyeri ,,"Quirky and iconic, Noah Ark is set in the heart of the Aberdare National Park, in Nyeri. The lodge overlooks a watering hole and salt lick, attracting a variety of wildlife, and features four viewing areas, including a ground-level bunker.

The rooms at Noah Ark are modelled after cabins, and each comes with a private bathroom with a shower and free toiletries. Free WiFi is available in the public areas.

Breakfast and dinner are served in the on-site restaurant, as either a buffet or set-menu offering, while lunch is served at The Arks sister property. Lunch can be organised at Noah Ark by prior arrangement. Guests can also enjoy a drink from the bar.

Guests at the lodge can also make use of the Library or browse through the gift shop. Please inform The Ark Lodge in advance of your expected arrival time. You can use the Special Requests box when booking, or contact the property directly with the contact details provided in your confirmation.
Guests are required to show a photo identification and credit card upon check-in. Please note that all Special Requests are subject to availability and additional charges may apply.
Payment before arrival via bank transfer is required. The property will contact you after you book to provide instructions.
The park entrance fees need to be purchased from the KWS office in Nairobi or you by credit card charged up on entry at the gate.

The Arks is sister property of Aberdare Country Club, you are expected to arrive for lunch at Aberdare Country Club and then lodge vehicle will transfer you to The Ark for dinner and overnight.

Only bag pack are allowed, excess luggage shall be stored overnight at the reception of Aberdare Country club.",25420556126,Shuttle service Parking Restaurant Bar Terrace Non-smoking rooms Fishing Laundry Free parking internet services express check-in/check-out Currency exchange Hiking Packed lunches Luggage storage wifi Free WiFi Private check-in/check-out shuttle service (additional charge) shared lounge/TV area Daily housekeeping Private parking,-0.35026|36.74111,254-737-799990,00100,https://www.booking.com/hotel/ke/the-ark.html
KE,Kenya,100014,Aberdares,1120126,Thomson's Falls Lodge,ThreeStar,Nyahururu Road P.O. Box 20300-38Nyahururu 20300Aberdare National Park ,,"Offering garden views, Thomsons Falls Lodge in Nyahururu offers accommodation, a garden, a shared lounge, a terrace and a bar. Both WiFi and private parking are available at the lodge free of charge.

There is a seating and a dining area in all units.

A continental, Full English/Irish or American breakfast is available every morning at the property. At Thomsons Falls Lodge you will find a restaurant serving African, American and Chinese cuisine. Vegetarian, dairy-free and kosher options can also be requested.

A childrens playground is available on site and hiking can be enjoyed within close proximity of the accommodation.

Thomsons Falls is 500 metres from Thomsons Falls Lodge. The nearest airport is Nanyuki Airport, 101 km from the lodge. Please inform Thomsons Falls Lodge in advance of your expected arrival time. You can use the Special Requests box when booking, or contact the property directly with the contact details provided in your confirmation.
Guests are required to show a photo identification and credit card upon check-in. Please note that all Special Requests are subject to availability and additional charges may apply.
In response to Coronavirus (COVID-19), additional safety and sanitation measures are in effect at this property.
In accordance with government guidelines to minimise transmission of the Coronavirus (COVID-19), this property can only accept bookings from essential workers/permitted travellers, during dates where such guidelines exist. Reasonable evidence must be provided on arrival. If it isnt provided, your booking will be cancelled on arrival.
Due to Coronavirus (COVID-19), this property is taking steps to help protect the safety of guests and staff. Certain services and amenities may be reduced or unavailable as a result.
In accordance with government guidelines to minimise transmission of the Coronavirus (COVID-19), this property may request additional documentation from guests to validate identity, travel itinerary and other relevant information, during dates where such guidelines exist.
Due to Coronavirus (COVID-19), this property adheres to strict physical distancing measures.
Due to Coronavirus (COVID-19), please ensure that you are only booking this property following the local government guidelines of the destination, including but not limited to the purpose of travel, and maximum allowed group size.
Due to Coronavirus (COVID-19), wearing a face mask is mandatory in all indoor common areas.
It is not possible to stay at this property for Coronavirus (COVID-19) quarantine purposes.",,Parking Restaurant Room service meeting/banquet facilities Bar 24-hour front desk Golf course (within 3 km) Garden Terrace Non-smoking rooms Business centre Laundry dry cleaning Facilities for disabled guests Karaoke Family rooms Darts Ironing service Soundproof rooms Free parking Hiking internet services BBQ facilities Packed lunches Car hire Tour desk Heating Fax/photocopying Horse riding Luggage storage wifi Free WiFi express check-in/check-out Safety Deposit Box children's playground Table tennis shared lounge/TV area kids' club Evening entertainment grocery deliveries parking on site Private parking wifi available in all areas board games/puzzles Indoor play area kids' outdoor play equipment Kid meals Kid-friendly buffet secured parking Street parking Accessible parking Toilet with grab rails Lower bathroom sink Wine/champagne Fruits coffee house on site Outdoor furniture Picnic area Shuttle service game drives temporary art galleries Walking tours Bike tours Themed dinner nights Happy hour Live music/performance Live sport events (broadcast) 24-hour security food can be delivered to guest accommodation staff follow all safety protocols as directed by local authorities shared stationery such as printed menus  magazines  pens  and paper removed hand sanitizer in guest accommodation and key areas process in place to check health of guests first aid kit available contactless check-in/check-out cashless payment available physical distancing rules followed screens or physical barriers placed between staff and guests in appropriate areas invoice provided property is cleaned by professional cleaning companies all plates  cutlery  glasses and other tableware have been sanitized guests have the option to cancel any cleaning services for their accommodation during their stay breakfast takeaway containers delivered food is securely covered thermometers for guests provided by property Key access CCTV in common areas CCTV outside property Fire extinguishers use of cleaning chemicals that are effective against coronavirus linens  towels and laundry washed in accordance with local authority guidelines guest accommodation is disinfected between stays guest accommodation sealed after cleaning physical distancing in dining areas designated smoking area Snack Bar Sun terrace concierge service Entertainment staff nightclub/dj Private check-in/check-out shuttle service (additional charge) Special diet menus (on request) Trouser press Lockers,0.04532|36.36875,+254652022006,20300,https://www.booking.com/hotel/ke/thomsons-falls-lodge.html
KE,Kenya,100014,Aberdares,1855659,Maverick Camp Rondavels And Homestay,TwoStar,I.Ng'ang'a Road 20 Wanjohi Wanjohi ,Distances are displayed to the nearest 0.1 mile and kilometer. <br /> <p>Shamata Kenya Wildlife Service Office - 19.2 km / 11.9 mi <br /> Mutubio Gate - 42.4 km / 26.4 mi <br /> Gilgil Stadium - 42.7 km / 26.5 mi <br /> Lake Ol Bolossat - 43 km / 26.7 mi <br /> Kariandusi Museum - 51.4 km / 31.9 mi <br /> </p><p>The preferred airport for Maverick Camp Rondavels and Homestay is Jomo Kenyatta Intl. Airport (NBO) - 166.6 km / 103.5 mi </p>,"<p>HeadLine : In the mountains</p><p>Location : With a stay at Maverick Camp Rondavels and Homestay in Aberdare National Park, you ll be 11.9 mi (19.2 km) from Shamata Kenya Wildlife Service Office and 26.4 mi (42.4 km) from Mutubio Gate.  This lodge is 26.7 mi (43 km) from Lake Ol Bolossat.</p><p>Rooms : Make yourself at home in one of the 5 guestrooms, featuring kitchens. Conveniences include desks and complimentary bottled water, and housekeeping is provided daily.</p><p>Dining : Grab a bite to eat at the lodge s restaurant, which features a bar/lounge, or stay in and take advantage of the room service (during limited hours). A complimentary local cuisine breakfast is served daily from 7:30 AM to 9:30 AM.</p><p>CheckIn Instructions : <ul>  <li>Extra-person charges may apply and vary depending on property policy</li><li>Government-issued photo identification and a cash deposit may be required at check-in for incidental charges</li><li>Special requests are subject to availability upon check-in and may incur additional charges; special requests cannot be guaranteed</li><li>Guests must contact this property in advance to reserve rollaway/extra beds</li><li>This property accepts cash</li>  </ul></p><p>Special Instructions : This property offers transfers from the airport (surcharges may apply). To arrange pick-up, guests must contact the property 48 hours prior to arrival, using the contact information on the booking confirmation. There is no front desk at this property. To make arrangements for check-in please contact the property at least 24 hours before arrival using the information on the booking confirmation. If you are planning to arrive after 5:30 PM please contact the property in advance using the information on the booking confirmation. Guests must contact the property for check-in instructions.</p>",254-72-0759927,Airport transportation (surcharge) Free breakfast Free breakfast (local cuisine) Television in common areas Number of bars/lounges - 1 Designated smoking areas Daily Garden Safe-deposit box at front desk Picnic area In-room accessibility (in select rooms) Coffee/tea in common areas Wheelchair accessible parking Snack bar/deli Tours/ticket assistance Free self parking Terrace,-0.29312|36.523879,254-72-0759927,20305,http://maverick-camp-rondavels-homestay.business.s
KE,Kenya,100014,Aberdares,1940540,Lake Olbolosat Resort,ThreeStar,P.O Box 144 Ol Joro Orok ,,"Lake Olbolosat Resort Park Lodge has a restaurant, bar, a shared lounge and garden in Oljoro Orok. Boasting room service, this property also provides guests with a sun terrace. There is a childrens playground and guests can make use of free WiFi and free private parking.

At the hotel, rooms are equipped with a desk, a flat-screen TV, a private bathroom, bed linen and towels. All rooms at Lake Olbolosat Resort Park Lodge are fitted with a seating area.

Guests at the accommodation can enjoy a buffet breakfast.

The nearest airport is Nanyuki Airport, 75 km from Lake Olbolosat Resort Park Lodge.",,24-hour security Security alarm Smoke alarms CCTV in common areas Fire extinguishers use of cleaning chemicals that are effective against coronavirus linens  towels and laundry washed in accordance with local authority guidelines guest accommodation is disinfected between stays guest accommodation sealed after cleaning physical distancing in dining areas food can be delivered to guest accommodation staff follow all safety protocols as directed by local authorities shared stationery such as printed menus  magazines  pens  and paper removed hand sanitizer in guest accommodation and key areas process in place to check health of guests first aid kit available Parking Restaurant Room service meeting/banquet facilities Bar Garden Terrace Non-smoking rooms Business centre babysitting/child services Laundry dry cleaning Family rooms Ironing service Free parking internet services children's playground BBQ facilities Packed lunches Heating Fax/photocopying Luggage storage wifi Free WiFi designated smoking area Snack Bar Sun terrace concierge service Private check-in/check-out Special diet menus (on request) Trouser press Lockers shared lounge/TV area Daily housekeeping parking on site Private parking Kid meals Kid-friendly buffet game drives Walking tours Themed dinner nights Happy hour face masks for guests available delivered food is securely covered guests have the option to cancel any cleaning services for their accommodation during their stay all plates  cutlery  glasses and other tableware have been sanitized physical distancing rules followed cashless payment available,-0.0733|36.36335,,20302,http://lakeolbolosatresort.com/
KE,Kenya,100014,Aberdares,6091607,Falls Hippo Point Hotel,ThreeStar,Nyeri - Nyahururu Rd  ,Distances are displayed to the nearest 0.1 mile and kilometer. <br /> <p>Thomson Falls - 0.4 km / 0.3 mi <br /> Nyahururu Catholic Church - 0.6 km / 0.4 mi <br /> Nyahururu Golf Club - 0.9 km / 0.6 mi <br /> Lake Ol Bolossat - 24 km / 14.9 mi <br /> Shamata Kenya Wildlife Service Office - 47.6 km / 29.6 mi <br /> </p>,"<p>HeadLine : Near Thomson Falls</p><p>Location : A stay at Falls Hippo Point Hotel places you in the heart of Nyahururu, within a 10-minute walk of Thomson Falls and Nyahururu Catholic Church.  This hotel is 0.6 mi (0.9 km) from Nyahururu Golf Club and 14.9 mi (24 km) from Lake Ol Bolossat.</p><p>Rooms : Stay in one of 14 guestrooms featuring flat-screen televisions. Complimentary wireless Internet access keeps you connected, and satellite programming is available for your entertainment. Private bathrooms with showers feature rainfall showerheads and slippers. Conveniences include desks and complimentary bottled water, and housekeeping is provided daily.</p><p>Dining : Satisfy your appetite for lunch or dinner at the hotel s restaurant, or stay in and take advantage of the room service (during limited hours). A complimentary continental breakfast is served daily from 6:00 AM to 10:00 AM.</p><p>CheckIn Instructions : <ul>  <li>Extra-person charges may apply and vary depending on property policy</li><li>Government-issued photo identification and a credit card, debit card, or cash deposit may be required at check-in for incidental charges</li><li>Special requests are subject to availability upon check-in and may incur additional charges; special requests cannot be guaranteed</li><li>This property accepts credit cards and cash</li>  </ul></p><p>Special Instructions : To make arrangements for check-in please contact the property ahead of time using the information on the booking confirmation. If you are planning to arrive after 6:30 PM please contact the property in advance using the information on the booking confirmation. Guests must contact the property in advance for check-in instructions. Front desk staff will greet guests on arrival.</p>",,Free continental breakfast Free self parking Designated smoking areas (fines apply) Garden Daily Designated smoking areas Free WiFi 24-hour front desk Free breakfast Luggage storage Dry cleaning/laundry service,0.042796|36.367478,254-720234621,,
KE,Kenya,100014,Aberdares,6103662,Namelok Retreat Centre,TwoStar,Nyahururu - Rumuruti Road  ,Distances are displayed to the nearest 0.1 mile and kilometer. <br /> <p>Nyahururu Catholic Church - 0.7 km / 0.4 mi <br /> Nyahururu Golf Club - 1.6 km / 1 mi <br /> Thomson Falls - 1.7 km / 1 mi <br /> Lake Ol Bolossat - 22.8 km / 14.1 mi <br /> Shamata Kenya Wildlife Service Office - 48.8 km / 30.3 mi <br /> </p>,"<p>HeadLine : Near Nyahururu Catholic Church</p><p>Location : Located in Nyahururu, Namelok Retreat Centre is in the suburbs, within a 5-minute drive of Nyahururu Catholic Church and Nyahururu Golf Club.  This guesthouse is 1.1 mi (1.7 km) from Thomson Falls and 14.1 mi (22.8 km) from Lake Ol Bolossat.</p><p>Rooms : Make yourself at home in one of the 5 guestrooms. Complimentary wireless Internet access is available to keep you connected. Bathrooms feature bathtubs or showers with rainfall showerheads. Conveniences include desks, and housekeeping is provided daily.</p><p>Dining : A complimentary continental breakfast is served daily from 6:00 AM to 10:00 AM.</p><p>CheckIn Instructions : <ul>  <li>Extra-person charges may apply and vary depending on property policy</li><li>Government-issued photo identification and a credit card, debit card, or cash deposit may be required at check-in for incidental charges</li><li>Special requests are subject to availability upon check-in and may incur additional charges; special requests cannot be guaranteed</li><li>This property accepts credit cards and cash</li><li>Please note that cultural norms and guest policies may differ by country and by property; the policies listed are provided by the property</li>  </ul></p><p>Special Instructions : To make arrangements for check-in please contact the property ahead of time using the information on the booking confirmation. If you are planning to arrive after 6:00 PM please contact the property in advance using the information on the booking confirmation. Guests must contact the property in advance for check-in instructions. Front desk staff will greet guests on arrival.  Meals are available by reservation only and cannot be requested after check-in.</p>",,Dry cleaning/laundry service Wheelchair accessible  no Luggage storage Free breakfast 24-hour front desk Free WiFi No elevator (single level property) Designated smoking areas Daily Garden Designated smoking areas (fines apply) Free self parking Free continental breakfast,0.034866|36.364297,254-720389285,,
KE,Kenya,100014,Aberdares,6110681,Spanish Lodge Hotel,ThreeStar,KOINANGE ROAD  ,Distances are displayed to the nearest 0.1 mile and kilometer. <br /> <p>Nyahururu Catholic Church - 0.8 km / 0.5 mi <br /> Nyahururu Golf Club - 1.6 km / 1 mi <br /> Thomson Falls - 1.8 km / 1.1 mi <br /> Lake Ol Bolossat - 22.7 km / 14.1 mi <br /> Shamata Kenya Wildlife Service Office - 48.9 km / 30.4 mi <br /> </p>,"<p>HeadLine : Near Nyahururu Catholic Church</p><p>Location : With a stay at Spanish Lodge Hotel in Nyahururu, you ll be within a 5-minute drive of Nyahururu Catholic Church and Nyahururu Golf Club.  This hotel is 1.1 mi (1.8 km) from Thomson Falls and 14.1 mi (22.7 km) from Lake Ol Bolossat.</p><p>Rooms : Stay in one of 15 guestrooms featuring flat-screen televisions. Complimentary wireless Internet access keeps you connected, and digital programming is available for your entertainment. Private bathrooms with showers feature rainfall showerheads and complimentary toiletries. Conveniences include desks and complimentary bottled water, and housekeeping is provided daily.</p><p>Dining : Enjoy a satisfying meal at Restaurant serving guests of Spanish Lodge Hotel. A complimentary continental breakfast is served daily from 7:00 AM to 10:00 AM.</p><p>CheckIn Instructions : <ul>  <li>Extra-person charges may apply and vary depending on property policy</li><li>Government-issued photo identification and a credit card, debit card, or cash deposit may be required at check-in for incidental charges</li><li>Special requests are subject to availability upon check-in and may incur additional charges; special requests cannot be guaranteed</li><li>This property accepts credit cards, debit cards, and cash</li>  </ul></p><p>Special Instructions : To make arrangements for check-in please contact the property at least 24 hours before arrival using the information on the booking confirmation. Guests must contact the property in advance for check-in instructions. Front desk staff will greet guests on arrival.</p>",,Dry cleaning/laundry service Wheelchair accessible  no Luggage storage Free breakfast Multilingual staff 24-hour front desk Free WiFi Designated smoking areas Daily Designated smoking areas (fines apply) Free self parking Free continental breakfast,0.0342|36.364192,254-721570051,,
KE,Kenya,109551,Amboseli,1075857,Ol Tukai Lodge Amboseli,FourStar,Center Of Park 200 M From Road C103 Amboseli National Park ,Distances are displayed to the nearest 0.1 mile and kilometer. <br /> <p>Amboseli Elephant Research Camp - 3.7 km / 2.3 mi <br /> Amboseli National Park - 5.7 km / 3.6 mi <br /> Kimana Gate - 17.1 km / 10.6 mi <br /> Kimana Reserve - 36.9 km / 22.9 mi <br /> Kilimanjaro National Park - 41.9 km / 26 mi <br /> Loitokitok Hospital - 49.8 km / 30.9 mi <br /> </p><p>The nearest airports are:<br />Jomo Kenyatta Intl. Airport (NBO) - 216.2 km / 134.3 mi<br /> Amboseli (ASV) - 3.9 km / 2.4 mi<br /> </p><p>The preferred airport for Ol Tukai Lodge Amboseli is Jomo Kenyatta Intl. Airport (NBO). </p>,"<p>HeadLine : Near Amboseli Elephant Research Camp</p><p>Location : Located in Amboseli, Ol Tukai Lodge Amboseli is in a national park, within a 15-minute drive of Amboseli Elephant Research Camp and Amboseli National Park.  This 4-star lodge is 26 mi (41.9 km) from Kilimanjaro National Park and 10.6 mi (17.1 km) from Kimana Gate.</p><p>Rooms : Make yourself at home in one of the 80 air-conditioned guestrooms. Complimentary wireless Internet access is available to keep you connected. Private bathrooms with showers feature complimentary toiletries and hair dryers. Conveniences include safes and desks, and housekeeping is provided daily.</p><p>Dining : Enjoy a meal at the restaurant or snacks in the coffee shop/cafe. The lodge also offers room service (during limited hours). Mingle with other guests at the complimentary reception, held daily. Relax with your favorite drink at the bar/lounge or the poolside bar. A complimentary buffet breakfast is served daily from 6:30 AM to 8 AM.</p><p>CheckIn Instructions : <ul>  <li>Extra-person charges may apply and vary depending on property policy</li><li>Government-issued photo identification and a credit card, debit card, or cash deposit may be required at check-in for incidental charges</li><li>Special requests are subject to availability upon check-in and may incur additional charges; special requests cannot be guaranteed</li><li>The name on the credit card used at check-in to pay for incidentals must be the primary name on the guestroom reservation</li><li>This property accepts credit cards; cash is not accepted</li>  </ul></p><p>Special Instructions : This property offers transfers from the airport (surcharges may apply). Guests must contact the property with arrival details before travel, using the contact information on the booking confirmation. This property doesn t offer after-hours check-in. Front desk staff will greet guests on arrival.</p>",254-20-4448493,Snack bar/deli Children's pool Free self parking Hair salon Terrace Pool sun loungers Concierge services Gift shops or newsstand Dry cleaning/laundry service Babysitting or childcare (surcharge) Airport transportation Free reception Free WiFi Number of bars/lounges - 1 Designated smoking areas Number of poolside bars - 1 Braille or raised signage Number of outdoor pools - 1 In-room accessibility (in select rooms) Roll-in shower (in select rooms) Tours/ticket assistance Accessible bathroom (in select rooms) Free Buffet Breakfast Airport transportation (surcharge) Free breakfast Conference center Daily Barbecue grill(s) Coffee/tea in common areas Number of coffee shops/cafes - 1 Laundry facilities Children's club (free) Supervised childcare/activities (free) Wheelchair accessible (may have limitations) Meeting rooms Arcade/game room Garden Picnic area Full-service spa Wedding services Luggage storage Porter/bellhop Business center 24-hour front desk Playground on site Spa services on site Safe-deposit box at front desk,-2.66785|37.28216,254-72-1131238,00100,https://www.ivhtravel.com/hotel-ol-tukai-lodge-h67832.html
KE,Kenya,109551,Amboseli,1120904,Sentrim Amboseli Lodge,FourStar,National Park Amboseli National Park Amboseli National Park ,Distances are displayed to the nearest 0.1 mile and kilometer. <br /> <p>Amboseli National Park - 0.1 km / 0.1 mi <br /> Amboseli Elephant Research Camp - 3.7 km / 2.3 mi <br /> Kimana Gate - 17.1 km / 10.6 mi <br /> Kimana Reserve - 36.9 km / 22.9 mi <br /> Loitokitok Hospital - 49.8 km / 30.9 mi <br /> </p><p>The preferred airport for Sentrim Amboseli Lodge is Amboseli (ASV) - 3.9 km / 2.4 mi </p>,"<p>HeadLine : Near Amboseli Elephant Research Camp</p><p>Location : Located in Amboseli, Sentrim Amboseli Lodge is in a national park, a 1-minute drive from Amboseli National Park and 7 minutes from Amboseli Elephant Research Camp.  This 4-star tentalow is 10.6 mi (17.1 km) from Kimana Gate and 22.9 mi (36.9 km) from Kimana Reserve.</p><p>Rooms : Make yourself at home in one of the 60 guestrooms. Private bathrooms with showers feature complimentary toiletries and hair dryers. Conveniences include safes and desks, and housekeeping is provided daily.</p><p>Dining : Satisfy your appetite for lunch or dinner at the tentalow s restaurant, or stay in and take advantage of the room service. Unwind at the end of the day with a drink at the bar/lounge or the poolside bar. A complimentary buffet breakfast is served daily from 6 AM to 10 AM.</p><p>CheckIn Instructions : <ul>  <li>Extra-person charges may apply and vary depending on property policy</li><li>Government-issued photo identification and a credit card, debit card, or cash deposit may be required at check-in for incidental charges</li><li>Special requests are subject to availability upon check-in and may incur additional charges; special requests cannot be guaranteed</li><li>Safety features at this property include a carbon monoxide detector, a fire extinguisher, a smoke detector, and a first aid kit</li><li>Be prepared: check the latest COVID-19 travel requirements and measures in place for this destination before you travel.</li>  </ul></p><p>Special Instructions : This property offers transfers from the airport (surcharges may apply). Guests must contact the property with arrival details before travel, using the contact information on the booking confirmation. The front desk is open daily from 5 AM - 11 PM. To make arrangements for check-in please contact the property at least 72 hours before arrival using the information on the booking confirmation. If you are planning to arrive after 8:00 AM please contact the property in advance using the information on the booking confirmation. Guests must contact the property in advance for check-in instructions. Front desk staff will greet guests on arrival. This property can only accept bookings for essential travel or stays. You may be asked to provide evidence of this on arrival. For more information, check local advisories before you book.</p>",254-20-3343875,Number of poolside bars - 1 Access to nearby outdoor pool Free breakfast Tours/ticket assistance Free WiFi Wheelchair-accessible on-site restaurant Picnic area Daily Number of outdoor pools - 1 No elevator (single level property) Well-lit path to entrance Stair-free path to entrance Front desk (limited hours) Uncovered parking Free self parking Number of meeting rooms - 1 Terrace Game drive nearby Luggage storage Safari nearby Free Buffet Breakfast Concierge services Designated smoking areas Wheelchair accessible (may have limitations) Pool umbrellas Airport transportation Airport transportation (surcharge) Barbecue grill(s) Couples/private dining Number of bars/lounges - 1 Pool sun loungers Children's pool Safe-deposit box at front desk Spa services on site Proposal/romance packages available Laundry facilities Playground on site Wheelchair accessible path of travel Wheelchair-accessible public washroom Garden Wheelchair-accessible registration desk Wheelchair-accessible spa Wheelchair-accessible pool Wheelchair-accessible meeting spaces/business center Wheelchair accessible parking Wheelchair-accessible concierge desk In-room accessibility,-2.66773|37.28194,254-72-9177056,00100,https://www.ivhtravel.com/hotel-sentrim-amboseli-lodge-h68056.html
KE,Kenya,109551,Amboseli,1134644,Tortilis Camp,FiveStar,Amboseli National Park Amboseli National Park ,Distances are displayed to the nearest 0.1 mile and kilometer. <br /> <p>Amboseli National Park - 0.9 km / 0.5 mi <br /> Amboseli Elephant Research Camp - 17.5 km / 10.9 mi <br /> Kimana Gate - 28.8 km / 17.9 mi <br /> Kilimanjaro National Park - 46.1 km / 28.7 mi <br /> Kimana Reserve - 48.5 km / 30.2 mi <br /> </p><p>The nearest major airport is Amboseli (ASV) - 13 km / 8.1 mi</p>,"<p>HeadLine : In Amboseli</p><p>Location : When you stay at Elewana Tortilis Camp in Amboseli, you ll be 11 minutes by foot from Amboseli National Park.  This 5-star tentalow is 28.7 mi (46.1 km) from Kilimanjaro National Park and 10.9 mi (17.5 km) from Amboseli Elephant Research Camp.</p><p>Rooms : Make yourself at home in one of the 18 guestrooms. Rooms have private furnished patios. Private bathrooms with bathtubs or showers feature complimentary toiletries and bathrobes. Conveniences include safes and complimentary bottled water, and housekeeping is provided daily.</p><p>Dining : Satisfy your appetite for lunch or dinner at the tentalow s restaurant, or stay in and take advantage of the room service (during limited hours). Wrap up your day with a drink at the bar/lounge. A complimentary cooked-to-order breakfast is served daily.</p><p>CheckIn Instructions : <ul>  <li>Extra-person charges may apply and vary depending on property policy</li><li>Government-issued photo identification and a credit card, debit card, or cash deposit may be required at check-in for incidental charges</li><li>Special requests are subject to availability upon check-in and may incur additional charges; special requests cannot be guaranteed</li><li>Guests must contact this property in advance to reserve cribs/infant beds and rollaway/extra beds</li><li>This property accepts credit cards; cash is not accepted</li><li>Please note that cultural norms and guest policies may differ by country and by property; the policies listed are provided by the property</li>  </ul></p><p>Special Instructions : To make arrangements for check-in please contact the property at least 24 hours before arrival using the information on the booking confirmation. If you are planning to arrive after 10 PM please contact the property in advance using the information on the booking confirmation. Guests must contact the property in advance for check-in instructions. Front desk staff will greet guests on arrival. For more details, please contact the property using the information on the booking confirmation.  Guests booked in a rate category displaying the 1 Game Drive per night tag are required to pay a national park entry fee. The additional mandatory fee covers entrance to the national park.</p>",255-255-784250630,Dry cleaning/laundry service Game viewing on site Game drive on site Wheelchair accessible  no Luggage storage Free breakfast Porter/bellhop Pool umbrellas 24-hour front desk Free WiFi Number of bars/lounges - 1 Designated smoking areas Daily Barbecue grill(s) Number of outdoor pools - 1 Safe-deposit box at front desk Tours/ticket assistance Free self parking Safari on site Terrace Pool sun loungers Free Cooked-to-Order Breakfast Concierge services,-2.68258|37.18286,255-254-784250630,00517,http://www.elewanacollection.com/tortilis-camp-amboseli/at-a-glance
KE,Kenya,109551,Amboseli,1146264,Amboseli Serena Safari Lodge,FourStar,Amboseli National Park Amboseli ,Distances are displayed to the nearest 0.1 mile and kilometer. <br /> <p>Amboseli National Park - 0.1 km / 0.1 mi <br /> Amboseli Elephant Research Camp - 4.6 km / 2.9 mi <br /> Kimana Gate - 18.1 km / 11.2 mi <br /> Kimana Reserve - 37.8 km / 23.5 mi <br /> Loitokitok Hospital - 50.7 km / 31.5 mi <br /> </p><p>The nearest airports are:<br />Jomo Kenyatta Intl. Airport (NBO) - 215.2 km / 133.7 mi<br /> Amboseli (ASV) - 3 km / 1.8 mi<br /> </p><p>The preferred airport for Amboseli Serena Safari Lodge is Jomo Kenyatta Intl. Airport (NBO). </p>,"<p>HeadLine : Near Amboseli Elephant Research Camp</p><p>Location : Located in Amboseli, Amboseli Serena Safari Lodge is in a national park, a 1-minute drive from Amboseli National Park and 9 minutes from Amboseli Elephant Research Camp.  This 4-star hotel is 11.2 mi (18.1 km) from Kimana Gate and 23.5 mi (37.8 km) from Kimana Reserve.</p><p>Rooms : Make yourself at home in one of the 92 individually decorated guestrooms. Complimentary wireless Internet access is available to keep you connected. Bathrooms have showers and hair dryers. Conveniences include safes and desks, and housekeeping is provided daily.</p><p>Dining : Enjoy a meal at the restaurant, or stay in and take advantage of the hotel s room service (during limited hours). Wrap up your day with a drink at the bar/lounge. A complimentary continental breakfast is served daily from 6:30 AM to 9:30 AM.</p><p>CheckIn Instructions : <ul>  <li>Extra-person charges may apply and vary depending on property policy</li><li>Government-issued photo identification and a credit card, debit card, or cash deposit may be required at check-in for incidental charges</li><li>Special requests are subject to availability upon check-in and may incur additional charges; special requests cannot be guaranteed</li><li>Be prepared: check the latest COVID-19 travel requirements and measures in place for this destination before you travel.</li>  </ul></p><p>Special Instructions : This property offers transfers from the airport (surcharges may apply). Guests must contact the property with arrival details before travel, using the contact information on the booking confirmation. Front desk staff will greet guests on arrival.</p>",25-44-30222428,Barbecue grill(s) Picnic area Express check-in Daily Coffee/tea in common areas Number of outdoor pools - 1 Number of bars/lounges - 1 24-hour front desk Conference space Free breakfast Spa treatment room(s) Express check-out Free self parking Dry cleaning/laundry service Free WiFi Smoke-free property Safe-deposit box at front desk Spa services on site Terrace Luggage storage Wheelchair accessible  no Free continental breakfast Concierge services Gift shops or newsstand Snack bar/deli Laundry facilities Accessible bathroom Ecotours nearby Airport transportation (surcharge) Garden Multilingual staff,-2.669278|37.27327,254-202-842000,,http://www.serenahotels.com/serenaamboseli/default-en.html
KE,Kenya,109551,Amboseli,1342894,Amboseli Sopa Lodge,FourStar,30 km from Amboseli National Park Amboseli ,City centre : 80000mts Nearest Bus / Metro Stop NAIROBI : 250km,"HotelDescription#The lodge provides a spectacular views of the majestic Kilimanjaro mountain. It is situated amidst lush tropical gardens and a tranquil pond. The lodge is a veritable oasis in the dramatic surroundings of Amboseli National Park. Walking the lodge grounds is a great experience with the discovery of various bird species, and the vervet monkeys and baboons that appear at certain times.

The hotel provides 83 rooms in total. Guests are welcomed in a lobby. A bar, restaurant and conference facilities are also available.

The hotel features 40 rooms with 2 queen-size beds, of which 6 have interconnecting doors. 24 rooms can be turned to triples on request, making them ideal for families. All rooms are en suite with a shower.

The hotel offers an outdoor swimming pool with children's swimming area, safaris and entertainment with a traditional Maasai dance show every night. The Maasai are known for their high jumping movements in dance. The large public room features a fireplace and offers a pleasant atmosphere in which to unwind after a long safari day, to enjoy an evening drink or to share memorable moments with other travellers from around the world. Every afternoon, an educational presentation about the culture of the Maasai is presented by resident anthropologists.

The main restaurant, with a pretty view of Kilimanjaro, serves international and local cuisine prepared by top chefs.

250 km from Nairobi airport, approximately 4 hours drive on tarmac and murram all weather road. Flying from Nairobi is approximately 40 min and an hour's transfer time to the lodge.",,Annexe (s) : 42 Number of floors (annexe) : 1 Single rooms : 18 Double rooms : 80 Disability-friendly rooms : 2 NO Connecting rooms Hotel MasterCard Visa Bathroom YES Disability-friendly bathroom Shower Balcony Terrace YES Wheelchair-accessible NO Small pets allowed (under 5 kg) NO Large pets allowed (over 5 kg) NO Wheelchair-accessible NO Car park NO Garage 24-hour reception Mobile phone coverage Wired Internet(Additional Fee) Wi-fi Room service Laundry service Medical service Air conditioning in public areas   Hotel safe Currency exchange facilities Garden Gym Bar Restaurant Non-smoking area Smoking area Highchairs Poolside snack bar Air conditioning in Restaurant   Conference room Childrens swimming area   Kids club TV lounge Game room Massage Hairdressing salon,-2.66536756765926|37.2787695005536,+25423750235,00200,http://www.sopalodges.com/amboseli-sopa-lodge/over
KE,Kenya,109551,Amboseli,1355667,Satao Elerai Camp,FourStar,Amboseli National Park  ,,"With Amboseli National Park reachable in 33 km, Elerai Camp features accommodation, a restaurant, an outdoor swimming pool, a garden and a terrace. Both WiFi and private parking are accessible at the luxury tent free of charge.

There is a private bathroom with shower in all units, along with free toiletries and bathrobes.

The daily breakfast offers à la carte, continental or Full English/Irish options.

If you would like to discover the area, cycling is possible in the surroundings and Elerai Camp can arrange a bicycle rental service.

The nearest airport is Amboseli Airport, 34 km from the accommodation. Please inform Elerai Camp in advance of your expected arrival time. You can use the Special Requests box when booking, or contact the property directly with the contact details provided in your confirmation.
Guests are required to show a photo identification and credit card upon check-in. Please note that all Special Requests are subject to availability and additional charges may apply.
Payment before arrival via bank transfer is required. The property will contact you after you book to provide instructions.
In response to Coronavirus (COVID-19), additional safety and sanitation measures are in effect at this property.
Food & beverage services at this property may be limited or unavailable due to Coronavirus (COVID-19).
Due to Coronavirus (COVID-19), this property is taking steps to help protect the safety of guests and staff. Certain services and amenities may be reduced or unavailable as a result.
In accordance with government guidelines to minimise transmission of the Coronavirus (COVID-19), this property may request additional documentation from guests to validate identity, travel itinerary and other relevant information, during dates where such guidelines exist.",+254202434610,sun loungers or beach chairs Sun umbrellas Outdoor furniture Swimming pool game drives Walking tours Tour or class about local culture 24-hour security Fire extinguishers Swimming pool bicycle rental use of cleaning chemicals that are effective against coronavirus linens  towels and laundry washed in accordance with local authority guidelines guest accommodation is disinfected between stays physical distancing in dining areas staff follow all safety protocols as directed by local authorities shared stationery such as printed menus  magazines  pens  and paper removed hand sanitizer in guest accommodation and key areas process in place to check health of guests first aid kit available contactless check-in/check-out Street parking Wheelchair accessible Infinity pool Pool with view Shallow end Wine/champagne Fruits Parking Restaurant Room service Bar Garden Terrace Laundry Facilities for disabled guests Family rooms Ironing service Free parking internet services Hiking Packed lunches Cycling Fax/photocopying wifi Outdoor pool Free WiFi designated smoking area Sun terrace outdoor pool (all year) Private check-in/check-out Special diet menus (on request) parking on site Private parking board games/puzzles Kid meals secured parking cashless payment available physical distancing rules followed all plates  cutlery  glasses and other tableware have been sanitized guests have the option to cancel any cleaning services for their accommodation during their stay thermometers for guests provided by property face masks for guests available,-2.81438|37.4115,+254202434600,80100,https://www.booking.com/hotel/ke/satao-elerai.html
KE,Kenya,109551,Amboseli,1357047,Kilima Safari Camp,FiveStar,Amboseli National Park Kimana Gate Park ,,"Situated in Amboseli National Park, Kilima offers spacious accommodation with views of the animal water pools and the Mount Kilimanjaro. Guided game drives and bush walks are offered.

The tents and lodges at Kilima Safari Camp include a 4-poster bed with a mosquito net. All rooms have a seating area and a private bathroom. Some include a claw-foot tub.

Guests can unwind with a selection of massage treatments available upon request or enjoy a refreshing swim and relax on the poolside lounger. Activities on offer include a nature walk or a free lecture about Maasaj culture. In the evening, Maasaj dancers perform.

Buffet and à la carte dishes are served at the camps restaurant. Bush dinners, including a night game drive and a barbecue dinner in the Amboseli plains, are also available.",,express check-in/check-out Parking Room service meeting/banquet facilities Bar Safety Deposit Box Valet parking Currency exchange Massage children's playground BBQ facilities Car hire Tour desk Fax/photocopying 24-hour front desk Garden Terrace Non-smoking rooms Airport shuttle Business centre Laundry Family rooms breakfast in the room Ironing service Free parking internet services Luggage storage wifi Outdoor pool Free WiFi Non-smoking throughout Private check-in/check-out shuttle service (additional charge) Special diet menus (on request) shared lounge/TV area Evening entertainment parking on site Private parking Kid meals Kid-friendly buffet secured parking Public transport tickets Accessible parking Pool with view Pool Bar Shallow end airport pick up airport drop off coffee house on site Swimming pool Shuttle service game drives 24-hour security Security alarm CCTV in common areas CCTV outside property Fire extinguishers Swimming pool invoice provided,-2.65947|37.25942,+254722741161|+254733621532,00100,https://www.booking.com/hotel/ke/kilima-safari-camp.html
KE,Kenya,109551,Amboseli,1358510,Kibo Safari Camp,FourStar,Near Kimana Gate P.O BOX 49265Kilimanjaro ,Distances are displayed to the nearest 0.1 mile and kilometer. <br /> <p>Amboseli National Park - 1 km / 0.6 mi <br /> Kimana Gate - 1.7 km / 1.1 mi <br /> Amboseli Elephant Research Camp - 16.7 km / 10.4 mi <br /> Kimana Reserve - 21.5 km / 13.4 mi <br /> Loitokitok Hospital - 34.4 km / 21.4 mi <br /> Chyulu Hills National Park - 51 km / 31.7 mi <br /> Lorgiudin Area - 51.1 km / 31.8 mi <br /> </p><p>The nearest major airport is Amboseli (ASV) - 19.9 km / 12.3 mi</p>,"<p>HeadLine : Near Kimana Gate</p><p>Location : When you stay at Kibo Safari Camp in Amboseli, you ll be in a national park, within a 5-minute drive of Amboseli National Park and Kimana Gate.  This 4-star tentalow is 10.4 mi (16.7 km) from Amboseli Elephant Research Camp and 13.4 mi (21.5 km) from Kimana Reserve.</p><p>Rooms : Make yourself at home in one of the 73 guestrooms. Rooms have private furnished patios. Bathrooms have showers and complimentary toiletries. Conveniences include desks and complimentary bottled water, and housekeeping is provided daily.</p><p>Dining : Stop by the tentalow s restaurant for lunch or dinner, or grab snacks at the coffee shop/cafe. Wrap up your day with a drink at the bar/lounge.</p><p>CheckIn Instructions : <ul>  <li>Extra-person charges may apply and vary depending on property policy</li><li>Government-issued photo identification and a credit card, debit card, or cash deposit may be required at check-in for incidental charges</li><li>Special requests are subject to availability upon check-in and may incur additional charges; special requests cannot be guaranteed</li><li>Guests must contact this property in advance to reserve cribs/infant beds, rollaway/extra beds, and sofa beds</li><li>This property accepts credit cards; cash is not accepted</li><li>Please note that cultural norms and guest policies may differ by country and by property; the policies listed are provided by the property</li>  </ul></p><p>Special Instructions : To make arrangements for check-in please contact the property at least 24 hours before arrival using the information on the booking confirmation. Guests must contact the property in advance for check-in instructions. Front desk staff will greet guests on arrival. For more details, please contact the property using the information on the booking confirmation.  This property is located inside Amboseli National Park. The additional mandatory fee covers entrance to the national park.</p>",254208120934,Gift shops or newsstand Dry cleaning/laundry service Game drive on site Wheelchair accessible  no Luggage storage 24-hour front desk Free WiFi Library Number of bars/lounges - 1 Designated smoking areas Number of outdoor pools - 1 Garden Safe-deposit box at front desk Picnic area Number of coffee shops/cafes - 1 Laundry facilities Free self parking Terrace,-2.733569|37.375132,254-7-21380539,00120,http://www.kibosafaricamp.com/
KE,Kenya,109551,Amboseli,1358528,Tawi Lodge,FourStar,1206 P.O. Box 1206-00502Amboseli 00502Nairobi ,Distances are displayed to the nearest 0.1 mile and kilometer. <br /> <p>Kimana Gate - 5 km / 3.1 mi <br /> Amboseli National Park - 5.7 km / 3.6 mi <br /> Kimana Reserve - 15.5 km / 9.6 mi <br /> Amboseli Elephant Research Camp - 22.1 km / 13.8 mi <br /> Loitokitok Hospital - 35.9 km / 22.3 mi <br /> Chyulu Hills National Park - 45 km / 28 mi <br /> Lorgiudin Area - 45.7 km / 28.4 mi <br /> </p><p>The nearest major airport is Amboseli (ASV) - 25.3 km / 15.7 mi</p>,"<p>HeadLine : In a rural location</p><p>Location : Located in Amboseli, Tawi Lodge is in a rural location, within a 15-minute drive of Kimana Gate and Amboseli National Park.  This 4.5-star lodge is 9.6 mi (15.5 km) from Kimana Reserve and 13.8 mi (22.1 km) from Amboseli Elephant Research Camp.</p><p>Rooms : Treat yourself to a stay in one of the 13 guestrooms, featuring fireplaces. Private bathrooms with separate bathtubs and showers feature deep soaking bathtubs and rainfall showerheads. Conveniences include safes and desks, and housekeeping is provided daily.</p><p>Dining : All-inclusive rates are available at this lodge. Meals and beverages at onsite dining establishments are included in all-inclusive rates. Charges may be applied for dining at some restaurants, special dinners and dishes, some beverages, and other amenities. <p>Enjoy a meal at the restaurant, or stay in and take advantage of the lodge s room service (during limited hours). Quench your thirst with your favorite drink at the bar/lounge. A complimentary full breakfast is served daily from 6:30 AM to 9 AM. </p></p><p>CheckIn Instructions : <ul>  <li>Extra-person charges may apply and vary depending on property policy</li><li>Government-issued photo identification and a credit card, debit card, or cash deposit may be required at check-in for incidental charges</li><li>Special requests are subject to availability upon check-in and may incur additional charges; special requests cannot be guaranteed</li><li>This property accepts credit cards, debit cards, and cash</li>  </ul></p><p>Special Instructions : The front desk is open daily from 10:00 AM - 10:00 PM. To make arrangements for check-in please contact the property at least 24 hours before arrival using the information on the booking confirmation. If you are planning to arrive after 10 PM please contact the property in advance using the information on the booking confirmation. Guests must contact the property in advance for check-in instructions. Front desk staff will greet guests on arrival.</p>",254-20-2081747,Game viewing on site Wheelchair accessible (may have limitations) Free full breakfast Game drive on site Babysitting or childcare (surcharge) Free WiFi Number of bars/lounges - 1 Spa treatment room(s) Number of outdoor pools - 1 Garden Picnic area In-room accessibility (in select rooms) Tours/ticket assistance Supervised childcare/activities (surcharge) Airport transportation (surcharge) Luggage storage Free breakfast Front desk (limited hours) Library Playground on site Daily Barbecue grill(s) Spa services on site Safe-deposit box at front desk Smoke-free property Laundry facilities elevator Free self parking Terrace Concierge services,-2.72511|37.41569,254-20-2660080,00502,http://www.tawilodge.com/lodge/
KE,Kenya,109551,Amboseli,1410316,AA Lodge Amboseli,ThreeStar,Kimana Gate Kajiado Kimana Gate ,Distances are displayed to the nearest 0.1 mile and kilometer. <br /> <p>Kimana Gate - 3.9 km / 2.4 mi <br /> Amboseli National Park - 5.3 km / 3.3 mi <br /> Kimana Reserve - 21.3 km / 13.3 mi <br /> Amboseli Elephant Research Camp - 21.7 km / 13.5 mi <br /> Loitokitok Hospital - 28.9 km / 17.9 mi <br /> Kilimanjaro National Park - 47.1 km / 29.3 mi <br /> Lorgiudin Area - 49.2 km / 30.6 mi <br /> Chyulu Hills National Park - 50.8 km / 31.6 mi <br /> </p><p>The nearest major airport is Amboseli (ASV) - 24.8 km / 15.4 mi</p>,"<p>HeadLine : In Amboseli</p><p>Location : Located in Amboseli, AA Lodge Amboseli is within a 15-minute drive of Kimana Gate and Amboseli National Park.  This lodge is 29.3 mi (47.1 km) from Kilimanjaro National Park and 13.3 mi (21.3 km) from Kimana Reserve.</p><p>Rooms : Make yourself at home in one of the 78 guestrooms. Rooms have private balconies. Private bathrooms with showers feature rainfall showerheads and complimentary toiletries. Conveniences include safes and desks, and housekeeping is provided daily.</p><p>Dining : Enjoy a meal at the restaurant, or stay in and take advantage of the lodge s room service (during limited hours). Relax with a refreshing drink from the poolside bar or one of the 2 bars/lounges. A complimentary buffet breakfast is served daily from 7 AM to 9:30 AM.</p><p>CheckIn Instructions : <ul>  <li>Extra-person charges may apply and vary depending on property policy</li><li>Government-issued photo identification and a credit card, debit card, or cash deposit may be required at check-in for incidental charges</li><li>Special requests are subject to availability upon check-in and may incur additional charges; special requests cannot be guaranteed</li><li>This property accepts credit cards; cash is not accepted</li><li>Safety features at this property include a fire extinguisher, a security system, and a first aid kit</li>  </ul></p><p>Special Instructions : This property doesn t offer after-hours check-in. Front desk staff will greet guests on arrival.</p>",254-0-725671012,Dry cleaning/laundry service Free WiFi Number of bars/lounges - 2 Number of poolside bars - 1 Number of outdoor pools - 1 Garden Picnic area In-room accessibility (in select rooms) Tours/ticket assistance Accessible bathroom (in select rooms) Area shuttle (surcharge) Free Buffet Breakfast Airport transportation (surcharge) Wheelchair accessible  no Luggage storage Free breakfast Business center 24-hour front desk Library Playground on site Daily Barbecue grill(s) Spa services on site Safe-deposit box at front desk Snack bar/deli Laundry facilities Children's pool Free self parking Terrace Concierge services,-2.75171|37.39955,254-0-725671012,00100,http://aalodges.com/aa-lodges/aa-amboseli/
KE,Kenya,109551,Amboseli,1441706,Maasai Simba Camp,ThreeStar,Emali Loitokitok Rd. Amboseli National Park Amboseli National ParkAmboseli 90121 ,Distances are displayed to the nearest 0.1 mile and kilometer. <br /> <p>Amboseli National Park - 3.1 km / 2 mi <br /> Amboseli Elephant Research Camp - 17 km / 10.6 mi <br /> Kimana Gate - 31.7 km / 19.7 mi <br /> Kimana Reserve - 39.8 km / 24.7 mi <br /> Chyulu Hills National Park - 48.9 km / 30.4 mi <br /> </p><p>The nearest major airport is Amboseli (ASV) - 14.4 km / 9 mi</p>,"<p>HeadLine : In a national park</p><p>Location : With a stay at Maasai Simba Camp in Amboseli, you ll be 2 mi (3.1 km) from Amboseli National Park and 19.7 mi (31.7 km) from Kimana Gate.  This family-friendly tentalow is 10.6 mi (17 km) from Amboseli Elephant Research Camp and 24.7 mi (39.8 km) from Kimana Reserve.</p><p>Rooms : Make yourself at home in one of the 12 guestrooms. Rooms have private balconies or patios. Complimentary wireless Internet access is available to keep you connected. Private bathrooms with separate bathtubs and showers feature complimentary toiletries and hair dryers.</p><p>Dining : Enjoy a meal at Simba Restaurant or snacks in the coffee shop/cafe. The tentalow also offers room service (during limited hours). Relax with your favorite drink at the bar/lounge or the poolside bar. A complimentary breakfast is included.</p><p>CheckIn Instructions : <ul>  <li>Extra-person charges may apply and vary depending on property policy</li><li>Government-issued photo identification and a credit card, debit card, or cash deposit may be required at check-in for incidental charges</li><li>Special requests are subject to availability upon check-in and may incur additional charges; special requests cannot be guaranteed</li><li>This property accepts credit cards</li>  </ul></p><p>Special Instructions : Front desk staff will greet guests on arrival.</p>",254-738313710,24-hour front desk Archery on site Library Playground on site Barbecue grill(s) Safe-deposit box at front desk Snack bar/deli Number of coffee shops/cafes - 1 Laundry facilities Ecotours on site Free self parking Safari on site Supervised childcare/activities (free) Terrace Wheelchair accessible path of travel Bicycle rentals on site Beach volleyball on site Mountain biking nearby Game viewing on site Babysitting or childcare (surcharge) Game drive nearby Meeting rooms Free WiFi Number of bars/lounges - 1 Designated smoking areas Number of poolside bars - 1 Number of outdoor pools - 1 Hiking/biking trails on site Garden Picnic area In-room accessibility (in select rooms) Wheelchair accessible parking Free newspapers in lobby Tours/ticket assistance Accessible bathroom (in select rooms) Fireplace in lobby Volleyball on site Airport transportation (surcharge) Luggage storage Free breakfast Outdoor tennis courts - 1 Business center,-2.62112|37.3646,254721761511,90121,http://www.maasaicamp.com
KE,Kenya,109551,Amboseli,1618926,Kibo Villa,ThreeStar,Amboseli National Park  ,Distances are displayed to the nearest 0.1 mile and kilometer. <br /> <p>Amboseli Elephant Research Camp - 5.4 km / 3.3 mi <br /> Amboseli National Park - 7.4 km / 4.6 mi <br /> Kimana Gate - 18.8 km / 11.7 mi <br /> Kimana Reserve - 38.6 km / 24 mi <br /> Kilimanjaro National Park - 43.6 km / 27.1 mi <br /> Loitokitok Hospital - 51.5 km / 32 mi <br /> </p><p>The nearest airports are:<br />Jomo Kenyatta Intl. Airport (NBO) - 215 km / 133.6 mi<br /> Amboseli (ASV) - 2.7 km / 1.7 mi<br /> </p><p>The preferred airport for Kibo Villa Amboseli is Jomo Kenyatta Intl. Airport (NBO). </p>,"<p>HeadLine : Near Amboseli Elephant Research Camp</p><p>Location : Located in Amboseli, Kibo Villa Amboseli is in a rural location, within a 15-minute drive of Amboseli Elephant Research Camp and Amboseli National Park.  This family-friendly lodge is 27.1 mi (43.6 km) from Kilimanjaro National Park and 11.7 mi (18.8 km) from Kimana Gate.</p><p>Rooms : Make yourself at home in one of the 3 air-conditioned rooms featuring refrigerators and minibars. Rooms have private balconies or patios. Satellite television is provided for your entertainment. Private bathrooms with separate bathtubs and showers feature deep soaking bathtubs and complimentary toiletries.</p><p>Dining : Grab a bite from the snack bar/deli, or stay in and take advantage of the lodge s room service (during limited hours). A complimentary continental breakfast is served daily from 6:00 AM to 8:00 AM.</p><p>CheckIn Instructions : <ul>  <li>Extra-person charges may apply and vary depending on property policy</li><li>Government-issued photo identification and a credit card, debit card, or cash deposit may be required at check-in for incidental charges</li><li>Special requests are subject to availability upon check-in and may incur additional charges; special requests cannot be guaranteed</li><li>This property accepts credit cards; cash is not accepted</li><li>Please note that cultural norms and guest policies may differ by country and by property; the policies listed are provided by the property</li>  </ul></p><p>Special Instructions : This property offers transfers from the airport (surcharges may apply). Guests must contact the property with arrival details before travel, using the contact information on the booking confirmation. To make arrangements for check-in please contact the property ahead of time using the information on the booking confirmation. If you are planning to arrive after 6:00 PM please contact the property in advance using the information on the booking confirmation. Guests must contact the property in advance for check-in instructions. Front desk staff will greet guests on arrival. For more details, please contact the property using the information on the booking confirmation.  This property is located in Amboseli National Park. The additional mandatory fee covers entrance to the national park.</p>",+254204448493,Dry cleaning/laundry service Babysitting or childcare (surcharge) Free WiFi Garden Picnic area In-room accessibility (in select rooms) Wheelchair accessible parking Roll-in shower (in select rooms) Tours/ticket assistance Free continental breakfast Airport transportation (surcharge) Luggage storage Free breakfast Multilingual staff 24-hour front desk Playground on site Daily Barbecue grill(s) Safe-deposit box at front desk Smoke-free property Snack bar/deli Children's club (free) Self parking (surcharge) Supervised childcare/activities (free) Wheelchair accessible path of travel Concierge services,-2.659831|37.273017,+254204442475,,http://www.kibovilla.com/
KE,Kenya,109551,Amboseli,5324196,Amboseli Eco Camp,TwoStar,C103 Amboseli Eco Camp  ,Distances are displayed to the nearest 0.1 mile and kilometer. <br /> <p>Kimana Reserve - 12.7 km / 7.9 mi <br /> Loitokitok Hospital - 13.1 km / 8.2 mi <br /> Kimana Gate - 19.6 km / 12.2 mi <br /> Amboseli National Park - 21 km / 13.1 mi <br /> Kilimanjaro National Park - 23.5 km / 14.6 mi <br /> Lorgiudin Area - 33 km / 20.5 mi <br /> Amboseli Elephant Research Camp - 37.4 km / 23.3 mi <br /> Chyulu Hills National Park - 48.6 km / 30.2 mi <br /> </p><p>The nearest major airport is Amboseli (ASV) - 40.6 km / 25.2 mi</p>,"<p>HeadLine : In Kimana</p><p>Location : With a stay at Amboseli Eco Camp in Kimana, you ll be within a 15-minute drive of Kimana Reserve and Loitokitok Hospital.  This lodge is 14.6 mi (23.5 km) from Kilimanjaro National Park and 13.1 mi (21 km) from Amboseli National Park.</p><p>Rooms : Make yourself at home in one of the 15 guestrooms. Bathrooms feature showers, complimentary toiletries, and slippers. Conveniences include desks and fans, and housekeeping is provided daily.</p><p>Dining : Satisfy your appetite for lunch or dinner at the lodge s restaurant, or stay in and take advantage of the room service (during limited hours). Quench your thirst with your favorite drink at the bar/lounge. A complimentary continental breakfast is served daily from 8:00 AM to 10:00 AM.</p><p>CheckIn Instructions : <ul>  <li>Extra-person charges may apply and vary depending on property policy</li><li>Government-issued photo identification and a credit card, debit card, or cash deposit may be required at check-in for incidental charges</li><li>Special requests are subject to availability upon check-in and may incur additional charges; special requests cannot be guaranteed</li><li>This property accepts credit cards</li>  </ul></p><p>Special Instructions : There is no front desk at this property.</p>",,Luggage storage Free breakfast Meeting rooms Library Number of bars/lounges - 1 Daily Garden Picnic area Smoke-free property Laundry facilities Free self parking Free continental breakfast Concierge services,-2.824692|37.508619,254-724459574,,
KE,Kenya,109551,Amboseli,5445819,H12 Elephant Gorge,ThreeStar,Amboseli Kimana Amboseli National Park  ,Distances are displayed to the nearest 0.1 mile and kilometer. <br /> <p>Amboseli National Park - 2 km / 1.2 mi <br /> Kimana Gate - 2.6 km / 1.6 mi <br /> Amboseli Elephant Research Camp - 17.6 km / 10.9 mi <br /> Kimana Reserve - 34.9 km / 21.7 mi <br /> Loitokitok Hospital - 35.3 km / 21.9 mi <br /> Chyulu Hills National Park - 52 km / 32.3 mi <br /> </p><p>The preferred airport for H12 Elephant Gorge Camp is Amboseli (ASV) - 20.7 km / 12.9 mi </p>,"<p>HeadLine : Near Kimana Gate</p><p>Location : When you stay at H12 Elephant Gorge Camp in Amboseli, you ll be 5 minutes by car from Amboseli National Park.  This all-inclusive tentalow is 1.7 mi (2.7 km) from Kimana Gate and 10.9 mi (17.6 km) from Amboseli Elephant Research Camp.</p><p>Rooms : Make yourself at home in one of the 5 air-conditioned guestrooms. Private bathrooms with showers feature rainfall showerheads and slippers. Conveniences include desks and complimentary bottled water, and housekeeping is provided daily.</p><p>Dining : This tentalow is all inclusive. Rates include meals and beverages at onsite dining establishments. Charges may be applied for dining at some restaurants, special dinners and dishes, some beverages, and other amenities. <p>Enjoy a meal at the restaurant, or stay in and take advantage of the tentalow s 24-hour room service. Wrap up your day with a drink at the bar/lounge. A complimentary continental breakfast is served daily. </p></p><p>CheckIn Instructions : <ul>  <li>Extra-person charges may apply and vary depending on property policy</li><li>Government-issued photo identification and a credit card, debit card, or cash deposit may be required at check-in for incidental charges</li><li>Special requests are subject to availability upon check-in and may incur additional charges; special requests cannot be guaranteed</li><li>Be prepared: check the latest COVID-19 travel requirements and measures in place for this destination before you travel.</li>  </ul></p><p>Special Instructions : There is no front desk at this property.</p>",254-73-7199870,Barbecue grill(s) Picnic area Daily Terrace Free continental breakfast Number of bars/lounges - 1 Free airport transportation Concierge services Free breakfast Meeting rooms Free self parking Free WiFi Wheelchair accessible parking Smoke-free property Garden Game viewing on site,-2.737913|37.37629,254-73-7199870,00100,
KE,Kenya,109551,Amboseli,5520736,We4kenya Guesthouses,TwoStar,Endonyo Kenya  ,Distances are displayed to the nearest 0.1 mile and kilometer. <br /> <p>Kimana Gate - 7.9 km / 4.9 mi <br /> Amboseli National Park - 9.3 km / 5.8 mi <br /> Kimana Reserve - 16 km / 9.9 mi <br /> Amboseli Elephant Research Camp - 25.7 km / 16 mi <br /> Loitokitok Hospital - 36.4 km / 22.6 mi <br /> Chyulu Hills National Park - 45.5 km / 28.2 mi <br /> Lorgiudin Area - 45.6 km / 28.4 mi <br /> </p><p>The nearest major airport is Amboseli (ASV) - 28.8 km / 17.9 mi</p>,"<p>HeadLine : In a rural location</p><p>Location : With a stay at WE4Kenya Guesthouses and Farm in Amboseli, you ll be 5.8 mi (9.3 km) from Amboseli National Park and 4.9 mi (7.9 km) from Kimana Gate.  This tentalow is 9.9 mi (16 km) from Kimana Reserve and 16 mi (25.7 km) from Amboseli Elephant Research Camp.</p><p>Rooms : Make yourself at home in one of the 4 guestrooms. Bathrooms with showers are provided.</p><p>Dining : At WE4Kenya Guesthouses and Farm, enjoy a satisfying meal at the restaurant. Quench your thirst with your favorite drink at the bar/lounge. A complimentary local cuisine breakfast is served daily from 7:00 AM to 9:00 AM.</p><p>CheckIn Instructions : <ul>  <li>Extra-person charges may apply and vary depending on property policy</li><li>Government-issued photo identification and a cash deposit may be required at check-in for incidental charges</li><li>Special requests are subject to availability upon check-in and may incur additional charges; special requests cannot be guaranteed</li><li>This property accepts cash</li>  </ul></p><p>Special Instructions : There is no front desk at this property. To make arrangements for check-in please contact the property at least 24 hours before arrival using the information on the booking confirmation. If you are planning to arrive after 5:00 PM please contact the property in advance using the information on the booking confirmation. Guests must contact the property for check-in instructions.</p>",,Dry cleaning/laundry service Mountain biking nearby Game viewing on site Food and water bowls Number of bars/lounges - 1 Garden Picnic area In-room accessibility (in select rooms) Bicycle rentals nearby Wheelchair accessible parking Tours/ticket assistance Luggage storage Free breakfast Firepit Free breakfast (local cuisine) Library Daily Barbecue grill(s) Smoke-free property Ecotours nearby Hiking/biking trails nearby Laundry facilities Free self parking Terrace,-2.692249|37.423252,254-0713046384,,
KE,Kenya,109551,Amboseli,5697906,Oseki Maasai Mara Camp,All,Unnamed Road 3Km From Sekenani Main Gate  ,,"With mountain views, Oseki Maasai Mara Camp is set about 2.5 km from the Maasai mara game reserve and has a restaurant, a 24-hour front desk and garden. Free WiFi is featured, free secure private parking is offered. The property is managed by the local Maasai.

Opening to a patio with garden views, the property features a communal kitchen with a fridge. There is a seating in all units.

The campsite offers a continental or buffet breakfast.

Oseki Maasai Mara Camp offers a barbecue.

A terrace can be found at the property, along with a shared lounge. Please inform Oseki Maasai Mara Camp in advance of your expected arrival time. You can use the Special Requests box when booking, or contact the property directly with the contact details provided in your confirmation.
Payment before arrival via bank transfer is required. The property will contact you after you book to provide instructions.
Due to Coronavirus (COVID-19), this property is taking steps to help protect the safety of guests and staff. Certain services and amenities may be reduced or unavailable as a result.
Due to Coronavirus (COVID-19), please ensure that you are only booking this property following the local government guidelines of the destination, including but not limited to the purpose of travel, and maximum allowed group size.",,guest accommodation is disinfected between stays guest accommodation sealed after cleaning physical distancing in dining areas food can be delivered to guest accommodation staff follow all safety protocols as directed by local authorities shared stationery such as printed menus  magazines  pens  and paper removed hand sanitizer in guest accommodation and key areas process in place to check health of guests first aid kit available contactless check-in/check-out cashless payment available physical distancing rules followed invoice provided all plates  cutlery  glasses and other tableware have been sanitized breakfast takeaway containers delivered food is securely covered face masks for guests available Sun terrace concierge service nightclub/dj Private check-in/check-out shuttle service (additional charge) Special diet menus (on request) airport shuttle (additional charge) shared lounge/TV area Parking Restaurant Pets allowed Room service meeting/banquet facilities Bar 24-hour front desk Garden Terrace Non-smoking rooms Airport shuttle Business centre Laundry Facilities for disabled guests Family rooms breakfast in the room Free parking internet services express check-in/check-out Currency exchange Karaoke Hiking Chapel/shrine BBQ facilities Packed lunches Car hire Tour desk Luggage storage wifi Free WiFi designated smoking area Picnic area Outdoor fireplace Beauty Services hair treatments Manicure Pedicure hair cut hair styling Shuttle service game drives Pub crawls Movie nights Walking tours Themed dinner nights Happy hour Tour or class about local culture Cooking class Live music/performance Archery 24-hour security Key access use of cleaning chemicals that are effective against coronavirus linens  towels and laundry washed in accordance with local authority guidelines minimarket on site Evening entertainment Daily housekeeping parking on site Private parking board games/puzzles Kid meals Kid-friendly buffet Street parking Public transport tickets Accessible parking Lower bathroom sink Wine/champagne Fruits airport pick up airport drop off Badminton equipment Pet bowls Outdoor furniture,-1.51006|35.3553,,20500,https://www.booking.com/hotel/ke/oseki-maasai-mara-campsite.html
KE,Kenya,105031,Barkowino,1428326,The Don Hotel,ThreeStar,Bondo - Usenge Road Barkowino 40601 ,,"Featuring free WiFi throughout the property, The Don Hotel offers accommodation in Barkowino. It features a restaurant and 24-hour front desk.

The basic rooms are equipped with satellite TV, private bathroom and storage space. The beds are draped with a mosquito net.

Laundry and ironing services are available and airport transfers, bike or car hire can be arranged.

An array of activities is offered in the area, such as fishing and hiking. The Jaramogi Mausoleum Museum is 6.2 km away and Lake Victoria can be reached within 25 minutes drive. Please inform The Don Hotel in advance of your expected arrival time. You can use the Special Requests box when booking, or contact the property directly with the contact details provided in your confirmation.
Guests are required to show a photo identification and credit card upon check-in. Please note that all Special Requests are subject to availability and additional charges may apply.
Payment before arrival via bank transfer is required. The property will contact you after you book to provide instructions.
In response to Coronavirus (COVID-19), additional safety and sanitation measures are currently in effect at this property.
Food & beverage services at this property may be limited or unavailable due to Coronavirus (COVID-19).
In accordance with government guidelines to minimise transmission of the Coronavirus (COVID-19), this property can only accept bookings from essential workers/permitted travellers, during dates where such guidelines exist. Reasonable evidence must be provided on arrival. If it isnt provided, your booking will be cancelled on arrival.
As a result of Coronavirus (COVID-19), this property has temporarily suspended its shuttle services.
Due to Coronavirus (COVID-19), this property is taking steps to help protect the safety of guests and staff. Certain services and amenities may be reduced or unavailable as a result.
Due to Coronavirus (COVID-19), this property has reduced reception and service operating hours.
In accordance with government guidelines to minimise transmission of the Coronavirus (COVID-19), this property may request additional documentation from guests to validate identity, travel itinerary and other relevant information, during dates where such guidelines exist.",,Karaoke temporary art galleries Packed lunches Live music/performance Evening entertainment meeting/banquet facilities Tour or class about local culture Non-smoking rooms BBQ facilities Hiking Shoeshine Free parking Restaurant Sun terrace Bar Bridal suite Live sport events (broadcast) Room service Ironing service Children television networks books  dvds  music for children Valet parking Safety Deposit Box Canoeing game drives Tour desk Air conditioning Indoor play area Shared kitchen breakfast in the room Parking shuttle service (additional charge) babysitting/child services Laundry Mini-market on site internet services Free WiFi Bicycle rental (additional charge) Family rooms 24-hour front desk Private check-in/check-out wifi Fax/photocopying Private parking concierge service express check-in/check-out nightclub/dj airport shuttle (additional charge) Baby safety gates Kid meals Water sport facilities (on site) Happy hour Car hire children's playground Daily housekeeping Fishing Kid-friendly buffet Trouser press Water park Themed dinner nights Walking tours Newspapers kids' outdoor play equipment Ticket service Barber/beauty shop dry cleaning Aerobics Pets allowed Special diet menus (on request) Airport shuttle On-site parking grocery deliveries Garden Terrace shops (on site) Currency exchange Entertainment staff Luggage storage shared lounge/TV area wifi available in all areas,-0.09776|34.2639,,40601,https://www.booking.com/hotel/ke/the-don.html
KE,Kenya,113595,Chale Island,1224776,The Sands at Chale Island,FourStar,Chale Island 80401Chale IslandSouth Coast ,Distances are displayed to the nearest 0.1 mile and kilometer. <br /> <p>Diani - Chale Marine National Park and Reserve - 0.1 km / 0.1 mi <br /> Chale Beach - 0.1 km / 0.1 mi <br /> Kaya Kinondo Sacred Forest - 5 km / 3.1 mi <br /> Diani Beach - 6.3 km / 3.9 mi <br /> Galu Kinondo - 15.9 km / 9.9 mi <br /> Tiwi Beach - 21.8 km / 13.5 mi <br /> Kongo Mosque - 26.1 km / 16.2 mi <br /> Shimba Hills National Reserve - 28.8 km / 17.9 mi <br /> Mombasa Marine National Park - 41 km / 25.5 mi <br /> Kisite-Mpunguti Marine National Park - 45.5 km / 28.3 mi <br /> Two Tusks - 48.5 km / 30.1 mi <br /> Holy Ghost Cathedral - 48.9 km / 30.4 mi <br /> Jain Temple - 49.5 km / 30.8 mi <br /> Mombasa Island - 49.7 km / 30.9 mi <br /> Fort Jesus - 49.7 km / 30.9 mi <br /> </p><p>The nearest airports are:<br />Mombasa (MBA-Moi Intl.) - 58.7 km / 36.5 mi<br /> Ukunda (UKA) - 22.6 km / 14.1 mi<br /> </p><p>The preferred airport for The Sands at Chale Island is Mombasa (MBA-Moi Intl.). </p>,"<p>HeadLine : Near Chale Beach</p><p>Location : With a stay at The Sands at Chale Island in Chale Island, you ll be just steps from Diani - Chale Marine National Park and Reserve and Chale Beach.  This 4-star lodge is 3.1 mi (5 km) from Kaya Kinondo Sacred Forest and 3.9 mi (6.3 km) from Diani Beach.</p><p>Rooms : Make yourself at home in one of the 60 air-conditioned guestrooms. Private bathrooms have complimentary toiletries and hair dryers. Conveniences include safes and desks, and housekeeping is provided daily.</p><p>Dining : Grab a bite at Chale Island, one of the lodge s 2 restaurants, or stay in and take advantage of the room service (during limited hours). Snacks are also available at the coffee shop/cafe. Unwind at the end of the day with a drink at the bar/lounge or the poolside bar. A complimentary buffet breakfast is served daily from 7:30 AM to 10:30 AM.</p><p>CheckIn Instructions : <ul>  <li>Extra-person charges may apply and vary depending on property policy</li><li>Government-issued photo identification and a credit card, debit card, or cash deposit may be required at check-in for incidental charges</li><li>Special requests are subject to availability upon check-in and may incur additional charges; special requests cannot be guaranteed</li><li>Be prepared: check the latest COVID-19 travel requirements and measures in place for this destination before you travel.</li><li>Please note that cultural norms and guest policies may differ by country and by property; the policies listed are provided by the property</li>  </ul></p><p>Special Instructions : This property doesn t offer after-hours check-in. Front desk staff will greet guests on arrival. For more details, please contact the property using the information on the booking confirmation.  Guests planning to arrive outside of normal check-in hours must contact this property in advance to arrange check-in.</p>",254-725-546879,Free Buffet Breakfast Wheelchair accessible  no Luggage storage Terrace Fishing on site Spa services on site On private beach Safe-deposit box at front desk Number of coffee shops/cafes - 1 Boat tours on site Pool sun loungers Free WiFi Beach sun loungers Tours/ticket assistance Spa treatment room(s) Free breakfast Beach umbrellas 24-hour front desk Full-service spa Number of poolside bars - 1 Number of bars/lounges - 1 Fitness facilities Handrails in stairways Number of outdoor pools - 3 Daily Snorkeling on site Personal motorized watercraft on site Garden Scuba diving on site Airport transportation (surcharge) Laundry facilities Pool umbrellas Motor boating on site Designated smoking areas Kayaking on site Snack bar/deli Gift shops or newsstand Concierge services,-4.44221|39.534655,254-728-333310,80401,http://www.thesandsatchaleisland.com/home.php
KE,Kenya,114827,Chyulu Hills,1602262,Hunters Lodge Kiboko,ThreeStar,"Mombasa Road Mombasa Rd, Kiboko KibokoChyulu HillsTsavo National Park West ",Distances are displayed to the nearest 0.1 mile and kilometer. <br /> <p>Chyulu Hills National Park - 20.7 km / 12.9 mi <br /> </p>,"<p>HeadLine : In Kiboko</p><p>Location : When you stay at Hunters Lodge - Kiboko in Kiboko, you ll be 12.9 mi (20.7 km) from Chyulu Hills National Park.</p><p>Rooms : Make yourself at home in one of the 62 guestrooms. Rooms have private balconies or patios. Cable television is provided for your entertainment. Bathrooms with showers are provided.</p><p>Dining : Stop by the hotel s restaurant for lunch or dinner. Dining is also available at the coffee shop/cafe, and 24-hour room service is provided. Unwind at the end of the day with a drink at the bar/lounge or the poolside bar. A complimentary English breakfast is served daily from 7 AM to 10:30 AM.</p><p>CheckIn Instructions : <ul>  <li>Extra-person charges may apply and vary depending on property policy</li><li>Government-issued photo identification and a credit card, debit card, or cash deposit may be required at check-in for incidental charges</li><li>Special requests are subject to availability upon check-in and may incur additional charges; special requests cannot be guaranteed</li><li>Guests must contact this property in advance to reserve rollaway/extra beds</li><li>This property accepts credit cards, debit cards, and cash</li>  </ul></p><p>Special Instructions : The front desk is open daily from 10:00 AM - 8:00 PM. This property doesn t offer after-hours check-in. Front desk staff will greet guests on arrival.</p>",254-733-621532,Terrace Concierge services Dry cleaning/laundry service Number of meeting rooms - 1 Free WiFi Number of bars/lounges - 1 Number of poolside bars - 1 Number of outdoor pools - 1 Garden Picnic area Tours/ticket assistance Free English Breakfast Airport transportation (surcharge) Wheelchair accessible  no Luggage storage Free breakfast Business center Front desk (limited hours) Conference center Playground on site Daily Barbecue grill(s) Safe-deposit box at front desk Smoke-free property Number of coffee shops/cafes - 1 Laundry facilities Free self parking,-2.2114|37.71463,254-733-640339,,http://www.madahotels.com
KE,Kenya,116186,Diani Beach,1002496,Neptune Village Beach Resort & Spa All Inclusive,FourStar,Diani Beach Galu Kinondo P.O. Box 696Galu-KinondoUkunda ,Distances are displayed to the nearest 0.1 mile and kilometer. <br /> <p>Diani - Chale Marine National Park and Reserve - 0.1 km / 0.1 mi <br /> Diani Beach - 0.4 km / 0.3 mi <br /> Galu Kinondo - 0.6 km / 0.3 mi <br /> Kaya Kinondo Sacred Forest - 3.8 km / 2.4 mi <br /> Chale Beach - 9.4 km / 5.8 mi <br /> Kongo Mosque - 12.4 km / 7.7 mi <br /> Tiwi Beach - 18.6 km / 11.5 mi <br /> Shimba Hills National Reserve - 19 km / 11.8 mi <br /> Funzi Beach - 32 km / 19.9 mi <br /> Mombasa Marine National Park - 32 km / 19.9 mi <br /> Holy Ghost Cathedral - 39 km / 24.2 mi <br /> Two Tusks - 39.5 km / 24.5 mi <br /> Jain Temple - 39.6 km / 24.6 mi <br /> Fort Jesus - 39.8 km / 24.7 mi <br /> Mombasa Island - 40.1 km / 24.9 mi <br /> </p><p>The nearest airports are:<br />Mombasa (MBA-Moi Intl.) - 49.5 km / 30.7 mi<br /> Ukunda (UKA) - 8.4 km / 5.2 mi<br /> </p><p>The preferred airport for Neptune Village Beach Resort & Spa All Inclusive is Mombasa (MBA-Moi Intl.). </p>,"<p>HeadLine : In Diani Beach (Galu Beach)</p><p>Location : With a stay at Neptune Village Beach Resort & Spa All Inclusive in Diani Beach (Galu Beach), you ll be within a 5-minute walk of Diani Beach and Diani - Chale Marine National Park and Reserve.  This 4-star property is 29.9 mi (48.1 km) from Nyali Beach and 31.3 mi (50.4 km) from Bamburi Beach.</p><p>Rooms : Make yourself at home in one of the 78 air-conditioned rooms featuring refrigerators. Rooms have private balconies. Complimentary wireless Internet access keeps you connected, and satellite programming is available for your entertainment. Bathrooms have showers and hair dryers.</p><p>Dining : This property is all inclusive. Rates include meals and beverages at onsite dining establishments. Charges may be applied for dining at some restaurants, special dinners and dishes, some beverages, and other amenities. <p>Enjoy Regional cuisine at Karamu, one of the property s 2 restaurants, or stay in and take advantage of the room service (during limited hours). Relax with your favorite drink at the bar/lounge or the poolside bar. A complimentary buffet breakfast is served daily from 7 AM to 9:30 AM. </p></p><p>CheckIn Instructions : <ul>  <li>Extra-person charges may apply and vary depending on property policy</li><li>Government-issued photo identification and a credit card, debit card, or cash deposit may be required at check-in for incidental charges</li><li>Special requests are subject to availability upon check-in and may incur additional charges; special requests cannot be guaranteed</li><li>This property accepts credit cards and cash</li><li>Safety features at this property include a fire extinguisher, a smoke detector, a security system, and a first aid kit</li>  </ul></p><p>Special Instructions : Front desk staff will greet guests on arrival.</p>",+254(0)203549979,Concierge services Pool sun loungers Terrace Beach sun loungers Tennis on site Free self parking Sauna Children's pool Snack bar/deli Smoke-free property Safe-deposit box at front desk Spa services on site Golfing nearby Playground on site Library 24-hour front desk Children's club Business center Billiards or pool table Luggage storage Wheelchair accessible  no Windsurfing on site Beach towels Volleyball on site Wedding services Full-service spa Garden Wheelchair accessible Snorkeling on site Children's club (free) elevator Laundry facilities Coffee/tea in common areas Turkish bath/Hammam Daily Multilingual staff Free breakfast Free Buffet Breakfast Scuba diving on site Tours/ticket assistance Number of outdoor pools - 1 Number of poolside bars - 1 Number of spa tubs - 1 Number of bars/lounges - 1 Free WiFi Sailing nearby Swimming pool Number of meeting rooms - 1 Pool umbrellas Babysitting or childcare (free) Shopping on site Beach volleyball on site Dry cleaning/laundry service Gift shops or newsstand,-4.361719|39.558035,254-20-254203549975,80400,http://www.neptunehotels.com/en/hotels/neptune-village-beach-resort-sp
KE,Kenya,116186,Diani Beach,1013571,Ocean Village Club,FourStar,Diani Beach Road Diani 80401 ,,"Situated on the Indian Ocean along the white sandy Diani Beach, Ocean Village Club offers guests a tranquil haven.

Featuring tropical decor with teak furniture, all rooms come with a veranda and air-conditioning. The Deluxe Rooms all have sea views through the tropical forest. They include a seating area with flat-screen TV and a small fridge.

A selection of meals and dishes are offered from breakfast, lunch and dinner, as well as pizzas and cocktails can be enjoyed in the Sails restaurant, and drinks are served at the poolside bar.

The resort is just a 10-minute drive from Ukunda village. Mombasa is located 40 km away and Moi International Airport is 50 km away. Please note that a smart casual dress code applies after 18:00 for dinner time. This entails long trousers for the men. This means no jeans, t-shirts, running shoes or flip flops. Please note that only registered guests are allowed on the premises.

Top Season: please note that bookings from December 19th up to and inclusive January 3rd can be confirmed only as follows :
1)  If Client makes a 30% deposit within 48 hours from date of booking if reservation is made by an East African Resident.
2) by Client sending copy of confirmed air ticket within 48 hours of date of booking if reservation is made by overseas clients.

Please note that during end of the year festivities, your stay might be disrupted by music from other hotels. The property apologises for the inconvenience.",,invoice provided first aid kit available Swimming pool Fire extinguishers CCTV in common areas Security alarm 24-hour security Themed dinner nights Shuttle service Beach Swimming pool Outdoor furniture sun loungers or beach chairs tennis equipment Wine/champagne Pool Bar board games/puzzles wifi available in all areas Private parking parking on site Daily housekeeping Adult only Beachfront Trouser press Special diet menus (on request) shuttle service (additional charge) concierge service Snack Bar designated smoking area Air conditioning Free WiFi Outdoor pool wifi Luggage storage Snorkelling Fax/photocopying BBQ facilities Soundproof rooms Table tennis Currency exchange Safety Deposit Box internet services Free parking Ironing service Laundry Non-smoking rooms Garden Golf course (within 3 km) Tennis Court Bar Restaurant Parking,-4.33146|39.5695,00254 202 08 09 64,80400,https://www.booking.com/hotel/ke/ocean-village-club.html
KE,Kenya,116186,Diani Beach,1015047,Diani Bay Resort,ThreeStar,Mwakamba Road Diani Beach00100 Diani Beach ,Distances are displayed to the nearest 0.1 mile and kilometer. <br /> <p>Diani - Chale Marine National Park and Reserve - 1.2 km / 0.7 mi <br /> Diani Beach - 1.5 km / 0.9 mi <br /> Tiwi Beach - 1.5 km / 0.9 mi <br /> Kaya Kinondo Sacred Forest - 19.6 km / 12.2 mi <br /> Shimba Hills National Reserve - 19.8 km / 12.3 mi <br /> Chale Beach - 21.8 km / 13.5 mi <br /> Mombasa Marine National Park - 22.6 km / 14 mi <br /> Fort Jesus - 35.4 km / 22 mi <br /> Shree Cutch Satsang Swaminarayan Temple - 35.6 km / 22.1 mi <br /> Mombasa Island - 35.9 km / 22.3 mi <br /> Nyali Beach - 41.1 km / 25.6 mi <br /> Mamba Village - 41.8 km / 25.9 mi <br /> Wild Waters - 42 km / 26.1 mi <br /> Haller Park - 43 km / 26.7 mi <br /> City Mall - 43.4 km / 27 mi <br /> </p><p>The nearest airports are:<br />Mombasa (MBA-Moi Intl.) - 44.7 km / 27.8 mi<br /> Ukunda (UKA) - 6.8 km / 4.2 mi<br /> </p><p>The preferred airport for Diani Bay Resort is Mombasa (MBA-Moi Intl.). </p>,"<p>HeadLine : Near Tiwi Beach</p><p>Location : With a stay at Diani Bay Resort in Diani Beach, you ll be 0.7 mi (1.2 km) from Diani - Chale Marine National Park and Reserve and 12.3 mi (19.8 km) from Shimba Hills National Reserve.  This family-friendly hotel is 0.9 mi (1.5 km) from Diani Beach and 9 mi (14.5 km) from Tiwi Beach.</p><p>Rooms : Make yourself at home in one of the 14 guestrooms. Complimentary wireless Internet access is available to keep you connected. Bathrooms have showers and hair dryers. Conveniences include complimentary bottled water and ceiling fans, and housekeeping is provided daily.</p><p>Dining : Enjoy a meal at the restaurant or snacks in the coffee shop/café. The hotel also offers room service (during limited hours). Relax with a refreshing drink from the poolside bar or one of the 2 bars/lounges. Continental breakfasts are available daily from 8:00 AM to 10:00 AM for a fee.</p><p>CheckIn Instructions : Extra-person charges may apply and vary depending on property policy Government-issued photo identification and a credit card, debit card, or cash deposit may be required at check-in for incidental charges Special requests are subject to availability upon check-in and may incur additional charges; special requests cannot be guaranteed The name on the credit card used at check-in to pay for incidentals must be the primary name on the guestroom reservation Guests must contact this property in advance to reserve onsite parking This property accepts credit cards, debit cards, and cash Noise-free guestrooms cannot be guaranteed</p><p>Special Instructions : The front desk is open daily from 6:00 AM - 11:30 PM. To make arrangements for check-in please contact the property at least 24 hours before arrival using the information on the booking confirmation. Guests must contact the property in advance for check-in instructions. Front desk staff will greet guests on arrival.</p>",254-701846669,Restaurant Express check-out Free self parking Conference space size (meters) - 80 Distance from property (ft) - 50 Terrace Concierge services Gift shops or newsstand Wheelchair accessible (may have limitations) Pool umbrellas One meeting room Couples/private dining Number of bars/lounges - 2 Free beach shuttle Beach umbrellas Conference space Tours/ticket assistance Coffee shop or café Beach sun loungers Free WiFi Pool sun loungers Babysitting or childcare (surcharge) Smoke-free property Hiking/biking trails nearby Children's pool Free long-term parking Proposal/romance packages available Wheelchair-accessible on-site restaurant Express check-in Wheelchair-accessible lounge Number of outdoor pools - 2 No elevator (single level property) Well-lit path to entrance Poolside bar Front desk (limited hours) Porter/bellhop Roll-in shower Wheelchair accessible parking Gated community Wedding services In-room accessibility Wheelchair-accessible van parking Garden Multilingual staff Wheelchair-accessible registration desk Off-street parking Wheelchair-accessible pool Wheelchair-accessible meeting spaces/business center Free parking nearby Breakfast available (surcharge) Conference space size (feet) - 861 Reception hall Laundry facilities Accessible bathroom,-4.261523|39.591172,+254 725 708892,5693,http://www.kenya-diani-hotel.com
KE,Kenya,116186,Diani Beach,1075826,Pinewood Beach Resort and Spa,FourStar,Meru Road Galu P.O. Box 90521 P.O Box 90521Galu Beach ,Distances are displayed to the nearest 0.1 mile and kilometer. <br /> <p>Diani - Chale Marine National Park and Reserve - 0.1 km / 0.1 mi <br /> Diani Beach - 0.1 km / 0.1 mi <br /> Galu Kinondo - 2.1 km / 1.3 mi <br /> Kaya Kinondo Sacred Forest - 2.5 km / 1.6 mi <br /> Chale Beach - 8 km / 5 mi <br /> Kongo Mosque - 14.3 km / 8.9 mi <br /> Tiwi Beach - 20.4 km / 12.7 mi <br /> Shimba Hills National Reserve - 20.8 km / 12.9 mi <br /> Mombasa Marine National Park - 33.3 km / 20.7 mi <br /> Funzi Beach - 33.8 km / 21 mi <br /> Holy Ghost Cathedral - 40.8 km / 25.4 mi <br /> Two Tusks - 41.3 km / 25.7 mi <br /> Jain Temple - 41.5 km / 25.8 mi <br /> Fort Jesus - 41.6 km / 25.9 mi <br /> Mombasa Island - 41.9 km / 26 mi <br /> </p><p>The nearest airports are:<br />Ukunda (UKA) - 10.2 km / 6.3 mi<br /> Mombasa (MBA-Moi Intl.) - 51.3 km / 31.9 mi<br /> </p><p>The preferred airport for Pinewood Beach Resort and Spa is Ukunda (UKA). </p>,"<p>HeadLine : Near Galu Kinondo</p><p>Location : When you stay at Pinewood Beach Resort and Spa in Diani Beach, you ll be on the beach, just steps from Diani Beach and Diani - Chale Marine National Park and Reserve.  This 4-star hotel is 31 mi (49.9 km) from Nyali Beach and 1.1 mi (1.8 km) from Galu Kinondo.</p><p>Rooms : Make yourself at home in one of the 59 air-conditioned rooms featuring minibars. Rooms have private balconies. Complimentary wireless Internet access is available to keep you connected. Private bathrooms have complimentary toiletries and bathrobes.</p><p>Dining : All-inclusive rates are available at this hotel. Meals and beverages at onsite dining establishments are included in all-inclusive rates. Charges may be applied for dining at some restaurants, special dinners and dishes, some beverages, and other amenities. <p>Satisfy your appetite with international cuisine at Bahari Restaurant, one of the hotel s 4 restaurants. Need to unwind? Take a break at the bar/lounge, the beach bar, or the poolside bar for a tasty beverage. English breakfasts are available daily from 7:00 AM to 10:00 AM for a fee. </p></p><p>Renovations : The property is closed between May 03 and June 09.</p><p>CheckIn Instructions : <ul>  <li>Extra-person charges may apply and vary depending on property policy</li><li>Government-issued photo identification and a credit card, debit card, or cash deposit may be required at check-in for incidental charges</li><li>Special requests are subject to availability upon check-in and may incur additional charges; special requests cannot be guaranteed</li><li>The name on the credit card used at check-in to pay for incidentals must be the primary name on the guestroom reservation</li><li>Guests must contact this property in advance to reserve cribs/infant beds and rollaway/extra beds</li><li>This property accepts credit cards; cash is not accepted</li><li>Safety features at this property include a fire extinguisher and a first aid kit</li>  </ul></p><p>Special Instructions : This property offers transfers from the airport (surcharges may apply). To arrange pick-up, guests must contact the property 48 hours prior to arrival, using the contact information on the booking confirmation. Front desk staff will greet guests on arrival.</p>",254-20-2080981,Beach umbrellas Express check-in Television in common areas Spa treatment room(s) Well-lit path to entrance Garden Free newspapers in lobby Full-service spa Wedding services Volleyball on site Beach towels Boat tours nearby Windsurfing on site Couples/private dining Wheelchair accessible  no Luggage storage Business center 24-hour front desk Library Safe-deposit box at front desk Snack bar/deli Free self parking Computer station Beach sun loungers Terrace Pool sun loungers Concierge services Gift shops or newsstand Beach volleyball on site Proposal/romance packages available Babysitting or childcare (surcharge) Pool umbrellas Number of meeting rooms - 1 Limo or Town Car service available Free WiFi Number of bars/lounges - 1 Designated smoking areas Number of poolside bars - 1 Braille or raised signage Number of outdoor pools - 1 Number of beach bars - 1 Tours/ticket assistance Shopping center shuttle (surcharge) Scuba diving on site Airport transportation (surcharge) Multilingual staff Conference center Breakfast available (surcharge) Coffee/tea in common areas Laundry facilities Fitness facilities Snorkeling on site Safari nearby Surfing/bodyboarding on site Uncovered parking,-4.376671|39.553995,254-734-699723,80100,http://www.pinewood-beach.com/contact.html
