countyCode,countyName,cityCode,cityName,HotelCode,HotelName,HotelRating,Address,Attractions,Description,FaxNumber,HotelFacilities,Map,PhoneNumber,PinCode,HotelWebsiteUrl
MX,Mexico,100444,Acapulco,1012872,Holiday Inn Acapulco La Isla,ThreeStar,Blvd. De Las Naciones 2000 Col. La Zanja Acapulco 39906 ,Distances are displayed to the nearest 0.1 mile and kilometer. <br /> <p>La Isla Shopping Village - 2.9 km / 1.8 mi <br /> Forum de Mundo Imperial - 3.3 km / 2.1 mi <br /> Playa Revolcadero - 3.9 km / 2.4 mi <br /> Arena GNP Seguros - 4.4 km / 2.7 mi <br /> El Revolcadero - 4.9 km / 3 mi <br /> Playa Puerto Marqués - 5.6 km / 3.5 mi <br /> Bahia de Puerto Marques - 5.8 km / 3.6 mi <br /> Majahua Beach - 7 km / 4.3 mi <br /> Playa Pichilingue - 7 km / 4.4 mi <br /> Punta Diamante Beach - 7.1 km / 4.4 mi <br /> Playa Hermosa - 7.2 km / 4.5 mi <br /> La Bonfil Beach - 7.7 km / 4.8 mi <br /> Plaza Sendero - 8 km / 4.9 mi <br /> Capilla Del Atardecer - 9.4 km / 5.8 mi <br /> Chapel of Peace - 10.2 km / 6.3 mi <br /> </p><p>The preferred airport for Holiday Inn Acapulco La Isla  an IHG Hotel is General Juan N. Alvarez Intl. Airport (ACA) - 5.4 km / 3.3 mi </p>,"<p>HeadLine : Near La Isla Shopping Village</p><p>Location : Located in Acapulco (La Poza), Holiday Inn Acapulco La Isla, an IHG Hotel is within a 5-minute drive of Forum de Mundo Imperial and La Isla Shopping Village.  This family-friendly hotel is 12.5 mi (20 km) from La Quebrada Cliffs and 4.3 mi (7 km) from Majahua Beach.</p><p>Rooms : Make yourself at home in one of the 101 air-conditioned guestrooms. Your bed comes with down comforters and premium bedding. Complimentary wireless Internet access keeps you connected, and cable programming is available for your entertainment. Private bathrooms with showers feature complimentary toiletries and hair dryers.</p><p>Dining : Enjoy international cuisine at Ten, a bistro which features a bar/lounge, or stay in and take advantage of the room service (during limited hours). Grab a drink at the swim-up bar while enjoying a refreshing dip in the hotel pool.Buffet breakfasts are available daily from 7:00 AM to noon for a fee.</p><p>Renovations : The property is closed between April 05 and June 15.</p><p>CheckIn Instructions : <ul>  <li>Extra-person charges may apply and vary depending on property policy</li><li>Government-issued photo identification and a credit card, debit card, or cash deposit may be required at check-in for incidental charges</li><li>Special requests are subject to availability upon check-in and may incur additional charges; special requests cannot be guaranteed</li><li>This property accepts credit cards, debit cards, and cash</li><li>Safety features at this property include a carbon monoxide detector, a fire extinguisher, a smoke detector, a security system, a first aid kit, and window guards</li><li>Please note that cultural norms and guest policies may differ by country and by property; the policies listed are provided by the property</li>  </ul></p><p>Special Instructions : This property doesn t offer after-hours check-in. Front desk staff will greet guests on arrival.  Guests booked in breakfast included rate plans receive breakfast for up to 2 adults who are sharing a guestroom. Breakfast fees apply for additional guests. Guests booked in dinner included rate plans receive dinner for up to 2 adults who are sharing a guestroom. Dinner fees apply for additional guests.</p>",52-744-4356509,Accessible bathroom (in select rooms) Wheelchair-accessible lounge Wheelchair-accessible on-site restaurant Visual alarms in hallways Multilingual staff Handrails in stairways Conference center Water dispenser Wheelchairs available on site Breakfast available (surcharge) Wheelchair-accessible meeting spaces/business center Number of coffee shops/cafes - 1 Laundry facilities elevator Fitness facilities Banquet hall Wheelchair accessible (may have limitations) Ballroom Vending machine Wheelchair-accessible concierge desk Reception hall Wheelchair-accessible van parking Meeting rooms Wheelchair-accessible path to elevator Wheelchair-accessible registration desk Wheelchair-accessible fitness center Wheelchair-accessible pool Wheelchair-accessible public washroom Well-lit path to entrance Garden Stair-free path to entrance Wedding services Free beach shuttle Couples/private dining Luggage storage Express check-out Porter/bellhop Business center 24-hour front desk Safe-deposit box at front desk Snack bar/deli Children's pool Gift shops or newsstand Dry cleaning/laundry service Proposal/romance packages available Number of meeting rooms - 5 Coworking spaces Conference space size (meters) - 0 Swimming pool Free WiFi Number of bars/lounges - 1 Designated smoking areas Number of poolside bars - 1 Braille or raised signage Number of outdoor pools - 1 Assistive listening devices available Number of swim-up bars - 1 In-room accessibility (in select rooms) Wheelchair accessible parking Roll-in shower (in select rooms) Tours/ticket assistance ATM/banking Wheelchair accessible path of travel Conference space size (feet) - 0 Concierge services Free self parking Conference space Free valet parking Computer station Terrace,16.786236|-99.79266,52-744-4356500,39907,http://www.holidayinn.com/hotels/de/de/acapulco/acali/hoteldetail
MX,Mexico,100444,Acapulco,1025073,Quinta Licha,All,Avenida Insurgente 155 Colonia Hornos39355 Acapulco de JuárezGuerrero ,,"Conveniently set in the centre of Acapulco, Suites Licha provides free WiFi, an outdoor swimming pool and free private parking for guests who drive. The property is located 600 metres from Hornos and Hornitos Beach, 1.9 km from Condesa Beach and 5.4 km from Acapulco Convention Center. The hotel has a garden and offers a sun terrace.

Each room includes a private bathroom with a bath or shower, while selected rooms are fitted with a patio and others also offer city views.

Around the clock assistance is available at the reception, where staff speak English and Spanish.

Acapulco Navy Historic Museum is 5.4 km from the hotel, while Chapel of Peace is 11 km away. The nearest airport is General Juan N Alvarez International Airport, 21 km from Suites Licha. Please inform Suites Licha in advance of your expected arrival time. You can use the Special Requests box when booking, or contact the property directly with the contact details provided in your confirmation.
Guests are required to show a photo identification and credit card upon check-in. Please note that all Special Requests are subject to availability and additional charges may apply.",,Parking Pets allowed 24-hour front desk Garden Non-smoking rooms Family rooms Free parking internet services Luggage storage wifi Outdoor pool Free WiFi designated smoking area Sun terrace outdoor pool (all year) Daily housekeeping parking on site Private parking Parking garage Swimming pool Fire extinguishers Swimming pool,16.86418|-99.8842,+527444852388,39355,http://www.suiteslicha.com/
MX,Mexico,100444,Acapulco,1043422,Hotel Aristos Acapulco,TwoStar,Avenida Pozo del Rey 73 39390 AcapulcoGuerrero ,Distances are displayed to the nearest 0.1 mile and kilometer. <br /> <p>Club de Yates de Acapulco - 0.8 km / 0.5 mi <br /> Playas Caleta - 1.1 km / 0.7 mi <br /> Isla de La Roqueta - 1.4 km / 0.9 mi <br /> Capilla Submarina - 1.5 km / 0.9 mi <br /> Playa Caletilla - 1.6 km / 1 mi <br /> Playa La Roqueta - 1.9 km / 1.2 mi <br /> Barco Palao - 2 km / 1.2 mi <br /> Playa La Angosta - 2.3 km / 1.4 mi <br /> Playa Manzanillo - 2.4 km / 1.5 mi <br /> Tlacopanocha Beach - 2.9 km / 1.8 mi <br /> Sinfonia - 3.1 km / 1.9 mi <br /> Mural Diego Rivera - 3.2 km / 2 mi <br /> La Quebrada Cliffs - 3.5 km / 2.2 mi <br /> Zocalo - 3.8 km / 2.4 mi <br /> La Catedral - 3.9 km / 2.4 mi <br /> </p><p>The preferred airport for Hotel Aristos Acapulco is General Juan N. Alvarez Intl. Airport (ACA) - 26.6 km / 16.5 mi </p>,"<p>HeadLine : Near Playas Caleta</p><p>Location : Located in Acapulco (Caleta), Hotel Aristos Acapulco is within a 15-minute walk of Club de Yates de Acapulco and Playas Caleta.  This family-friendly hotel is 1.1 mi (1.7 km) from Playa Caletilla and 1.9 mi (3.1 km) from La Quebrada Cliffs.</p><p>Rooms : Make yourself at home in one of the 120 air-conditioned guestrooms. Satellite television is provided for your entertainment. Private bathrooms with showers feature complimentary toiletries and hair dryers. Conveniences include complimentary bottled water and sofa beds, and housekeeping is provided daily.</p><p>Dining : You can enjoy a meal at the restaurant serving the guests of Hotel Aristos Acapulco, or stop in at the grocery/convenience store.</p><p>CheckIn Instructions : <ul>  <li>Extra-person charges may apply and vary depending on property policy</li><li>Government-issued photo identification and a credit card, debit card, or cash deposit may be required at check-in for incidental charges</li><li>Special requests are subject to availability upon check-in and may incur additional charges; special requests cannot be guaranteed</li><li>This property accepts credit cards; cash is not accepted</li>  </ul></p><p>Special Instructions : Front desk staff will greet guests on arrival.</p>",52-744-4834710,Gift shops or newsstand Luggage storage Grocery/convenience store Porter/bellhop Number of meeting rooms - 1 24-hour front desk Free WiFi Playground on site Number of outdoor pools - 2 Garden Safe-deposit box at front desk Picnic area Smoke-free property In-room accessibility (in select rooms) Wheelchair accessible parking Children's pool Wedding services elevator Self parking (surcharge) Terrace Wheelchair accessible path of travel,16.83811|-99.89955,52-744-4834710,80304,http://www.hotelesaristos.com/
MX,Mexico,100444,Acapulco,1044292,Krystal Beach Acapulco,ThreeStar,Av. Costera Miguel Aleman 163 Fraccione Magallanes39670 AcapulcoGuerrero ,Distances are displayed to the nearest 0.1 mile and kilometer. <br /> <p>Parque Papagayo - 0.1 km / 0.1 mi <br /> Galerías Acapulco - 0.1 km / 0.1 mi <br /> Plaza Bahia - 0.7 km / 0.5 mi <br /> Diana Galleries Mall - 1.1 km / 0.7 mi <br /> Diana the Huntress - 1.3 km / 0.8 mi <br /> Papagayo Beach - 1.4 km / 0.9 mi <br /> Hornos Beach - 1.6 km / 1 mi <br /> Condesa Beach - 1.8 km / 1.1 mi <br /> Tamarind Beach - 2.4 km / 1.5 mi <br /> Reina Park - 2.4 km / 1.5 mi <br /> Playa Las Hamacas - 2.4 km / 1.5 mi <br /> Mercado Centro - 2.7 km / 1.7 mi <br /> Playa El Morro - 2.9 km / 1.8 mi <br /> Acapulco Historical Museum of Fort San Diego - 3 km / 1.9 mi <br /> Icacos Beach - 3.2 km / 2 mi <br /> </p><p>The preferred airport for Krystal Beach Acapulco is General Juan N. Alvarez Intl. Airport (ACA) - 20.3 km / 12.6 mi </p>,"<p>HeadLine : Near Galerías Acapulco</p><p>Location : With a stay at Krystal Beach Acapulco in Acapulco (Costera Acapulco), you ll be steps from Parque Papagayo and Galerías Acapulco.  This beach resort is 2.7 mi (4.3 km) from La Quebrada Cliffs and 0.4 mi (0.7 km) from Condesa Beach.</p><p>Rooms : Make yourself at home in one of the 400 guestrooms. Rooms have private balconies. Complimentary wireless Internet access keeps you connected, and cable programming is available for your entertainment. Private bathrooms with showers feature complimentary toiletries and hair dryers.</p><p>Dining : All-inclusive rates are available at this resort. Meals and beverages at onsite dining establishments are included in all-inclusive rates. Charges may be applied for dining at some restaurants, special dinners and dishes, some beverages, and other amenities. <p>Enjoy international cuisine at Aquamarina, one of the resort s 2 restaurants, or stay in and take advantage of the room service (during limited hours). Wrap up your day with a drink at the bar/lounge, the beach bar, or the poolside bar. Buffet breakfasts are available daily from 7 AM to noon for a fee. </p></p><p>CheckIn Instructions : <ul>  <li>Extra-person charges may apply and vary depending on property policy</li><li>Government-issued photo identification and a credit card may be required at check-in for incidental charges</li><li>Special requests are subject to availability upon check-in and may incur additional charges; special requests cannot be guaranteed</li><li>This property accepts credit cards; cash is not accepted</li><li>Safety features at this property include a fire extinguisher, a smoke detector, and a first aid kit</li><li>Please note that cultural norms and guest policies may differ by country and by property; the policies listed are provided by the property</li>  </ul></p><p>Special Instructions : Front desk staff will greet guests on arrival.  This property offers health screenings for COVID-19. There is no charge for rapid antigen departure screenings for US citizens (up to 2 guests per booking) staying 3 nights or more. PCR screening for COVID-19 is available for a surcharge. Guests should contact the concierge upon arrival to schedule departure health screenings</p>",52-744-485-5543,Gift shops or newsstand Dry cleaning/laundry service Banquet hall Beach umbrellas Babysitting or childcare (surcharge) Meeting rooms Sailing nearby Windsurfing nearby Free WiFi Number of bars/lounges - 1 Number of spa tubs - 1 Number of poolside bars - 1 Number of outdoor pools - 1 Number of beach bars - 1 In-room accessibility (in select rooms) Bicycle rentals nearby Wedding services Tours/ticket assistance Beach towels Supervised childcare/activities (surcharge) Grocery/convenience store Porter/bellhop 24-hour front desk Breakfast available (surcharge) Playground on site Golfing nearby Safe-deposit box at front desk Smoke-free property Snack bar/deli Hiking/biking trails nearby Children's pool elevator Conference space Self parking (surcharge) Children's club (surcharge) Waterslide Hair salon Beach sun loungers ATM/banking Pool sun loungers Concierge services,16.86019|-99.88383,527444855050,39670,http://www.krystal-hotels.com
MX,Mexico,100444,Acapulco,1055723,Alba Suites Acapulco,TwoStar,Gran Via Tropical Fracc.Las Playas 35 Las Playas Acapulco39390 AcapulcoGuerrero ,Distances are displayed to the nearest 0.1 mile and kilometer. <br /> <p>Playas Caleta - 0.9 km / 0.5 mi <br /> Club de Yates de Acapulco - 0.9 km / 0.5 mi <br /> Playa Caletilla - 0.9 km / 0.6 mi <br /> Capilla Submarina - 1.4 km / 0.8 mi <br /> Playa La Roqueta - 1.6 km / 1 mi <br /> Isla de La Roqueta - 1.7 km / 1 mi <br /> Barco Palao - 1.7 km / 1 mi <br /> Sinfonia - 2.3 km / 1.4 mi <br /> Playa La Angosta - 2.4 km / 1.5 mi <br /> Tlacopanocha Beach - 2.5 km / 1.6 mi <br /> Playa Manzanillo - 2.7 km / 1.7 mi <br /> La Quebrada Cliffs - 2.8 km / 1.7 mi <br /> Zocalo - 3.1 km / 1.9 mi <br /> Mural Diego Rivera - 3.4 km / 2.1 mi <br /> Reina Park - 3.7 km / 2.3 mi <br /> </p><p>The preferred airport for Alba Suites Acapulco is General Juan N. Alvarez Intl. Airport (ACA) - 26.3 km / 16.3 mi </p>,"<p>HeadLine : Near Playas Caleta</p><p>Location : A stay at Alba Suites Acapulco places you in the heart of Acapulco, within a 15-minute walk of Playas Caleta and Club de Yates de Acapulco.  This beach hotel is 1.7 mi (2.8 km) from La Quebrada Cliffs and 3.5 mi (5.6 km) from Parque Papagayo.</p><p>Rooms : Make yourself at home in one of the 250 guestrooms, featuring kitchenettes. 32-inch flat-screen televisions are provided, with cable programming available. Conveniences include phones, as well as refrigerators and in-room child care (surcharge).</p><p>Dining : Grab a bite to eat at the Acapulqueno, a restaurant where you can take in the pool view, or stay in and take advantage of room service (during limited hours). Wrap up your day with a drink at the bar/lounge. Continental breakfasts are available daily from 7:00 AM to 11:00 AM for a fee.</p><p>CheckIn Instructions : <ul>  <li>Extra-person charges may apply and vary depending on property policy</li><li>Government-issued photo identification and a credit card, debit card, or cash deposit may be required at check-in for incidental charges</li><li>Special requests are subject to availability upon check-in and may incur additional charges; special requests cannot be guaranteed</li><li>Be prepared: check the latest COVID-19 travel requirements and measures in place for this destination before you travel.</li>  </ul></p><p>Special Instructions : This property offers transfers from the airport (surcharges may apply). Guests must contact the property with arrival details before travel, using the contact information on the booking confirmation. Front desk staff will greet guests on arrival.</p>",52-744-4838378,Waterslide Number of outdoor pools - 5 Wheelchair accessible (may have limitations) Number of spa tubs - 1 Banquet hall elevator Reception hall Number of bars/lounges - 1 Laundry facilities 24-hour front desk Parking (limited spaces) Conference space Playground on site Porter/bellhop Wedding services Tours/ticket assistance Jet skiing nearby Free self parking Free WiFi Babysitting or childcare (surcharge) Smoke-free property Hiking/biking trails nearby Sailing nearby Children's pool Scuba diving nearby Safe-deposit box at front desk On private beach Number of meeting rooms - 1 Terrace Luggage storage Water skiing nearby Golfing nearby Snorkeling nearby Parasailing nearby Breakfast available (surcharge) Surfing/bodyboarding nearby Gift shops or newsstand Shopping on site Windsurfing nearby Airport transportation (surcharge) Garden Wheelchair-accessible registration desk,16.837838|-99.901812,527444830073,39390,http://www.albasuites.com.mx
MX,Mexico,100444,Acapulco,1055739,Club del Sol Acapulco,ThreeStar,Costera Miguel Aleman 1750 Magallanes Fraccionamiento Magallanes39670 AcapulcoAcapulco de Juárez ,Distances are displayed to the nearest 0.1 mile and kilometer. <br /> <p>Plaza Bahia - 0.1 km / 0.1 mi <br /> Diana Galleries Mall - 0.5 km / 0.3 mi <br /> Galerías Acapulco - 0.5 km / 0.3 mi <br /> Diana the Huntress - 0.7 km / 0.4 mi <br /> Condesa Beach - 0.9 km / 0.6 mi <br /> Parque Papagayo - 1 km / 0.6 mi <br /> Playa El Morro - 2.1 km / 1.3 mi <br /> Papagayo Beach - 2.1 km / 1.3 mi <br /> Hornos Beach - 2.3 km / 1.4 mi <br /> Icacos Beach - 2.4 km / 1.5 mi <br /> El Veladero National Park - 2.4 km / 1.5 mi <br /> Acapulco Golf Club - 2.6 km / 1.6 mi <br /> Tamarind Beach - 3 km / 1.9 mi <br /> Playa Las Hamacas - 3.1 km / 1.9 mi <br /> Reina Park - 3.1 km / 1.9 mi <br /> </p><p>The preferred airport for Hotel Club del Sol Acapulco by NG Hoteles is General Juan N. Alvarez Intl. Airport (ACA) - 19.8 km / 12.3 mi </p>,"<p>HeadLine : In Acapulco (Costera Acapulco)</p><p>Location : With a stay at Hotel Club del Sol Acapulco by NG Hoteles in Acapulco (Costera Acapulco), you ll be steps from Plaza Bahia and 5 minutes by foot from Diana Galleries Mall.  This hotel is 3 mi (4.8 km) from La Quebrada Cliffs and 0.2 mi (0.4 km) from Condesa Beach.</p><p>Rooms : Make yourself at home in one of the 200 air-conditioned guestrooms. Cable television is provided for your entertainment. Bathrooms with showers are provided. Conveniences include safes, and housekeeping is provided daily.</p><p>Dining : All-inclusive rates are available at this hotel. Meals and beverages at onsite dining establishments are included in all-inclusive rates. Charges may be applied for dining at some restaurants, special dinners and dishes, some beverages, and other amenities. <p>Satisfy your appetite for lunch or dinner at the hotel s restaurant, or stay in and take advantage of the room service. Wrap up your day with a drink at the bar/lounge. Cooked-to-order breakfasts are available daily from 9:00 AM to 11:30 AM for a fee. </p></p><p>CheckIn Instructions : <ul>  <li>Extra-person charges may apply and vary depending on property policy</li><li>Government-issued photo identification and a credit card, debit card, or cash deposit may be required at check-in for incidental charges</li><li>Special requests are subject to availability upon check-in and may incur additional charges; special requests cannot be guaranteed</li><li>This property accepts credit cards; cash is not accepted</li><li>Safety features at this property include a carbon monoxide detector, a fire extinguisher, a smoke detector, a security system, and a first aid kit</li><li>Please note that cultural norms and guest policies may differ by country and by property; the policies listed are provided by the property</li>  </ul></p><p>Special Instructions : Front desk staff will greet guests on arrival.</p>",52-744-4866600,Snack bar/deli Tours/ticket assistance Banquet hall Wheelchair accessible (may have limitations) Vending machine Luggage storage Reception hall Pet grooming services Pet-sitting services 24-hour front desk Wheelchair-accessible registration desk Breakfast available (surcharge) Free WiFi Number of bars/lounges - 1 Number of outdoor pools - 3 Garden Safe-deposit box at front desk Smoke-free property elevator Self parking (surcharge) Terrace Pool sun loungers,16.861831|-99.877691,52-744-4866600,39670,http://www.hotelesclubdelsol.com.mx
MX,Mexico,100444,Acapulco,1077090,Mayan Palace,FourStar,Avenida Costera de las Palmas 1121 Playa Diamante39900 AcapulcoGuerrero ,,"At the Mayan Palace Acapulco, you''ll experience an unforgettable vacation thanks to a wide variety of services. Have a blast at the Aqua Park with its impressive pools, water slides and waterfalls. The hotel also boasts numerous restaurants and bars, as well as tennis courts, a gym, a spa, a kids'' club and many other amenities to ensure that you fully enjoy your upcoming vacation in Acapulco.",,Spa Restaurant Beach club Jacuzzi Sauna Bar Hairdresser Room service,16.7812278169088|-99.800091494049,+528003666600|+528002233444,39900,"http://www.vidavacations.com/mayan-palace.html,htt"
MX,Mexico,100444,Acapulco,1077121,The Grand Mayan Acapulco Resort,FiveStar,"AV. COSTERA DE LAS PALMAS FRACC PLAYA DIAMANTE, 121 ACAPULCO ",,"The Grand Mayan Acapulco is inspired by ancient history and built with comfort in mind. Dive into the world of the Maya from the entrance to the resort, where impressive Mayan figures and lush vegetation will surround you. Discover an amazing Mayan Temple-a pool that melts into the horizon with the ocean, immense palapas supported by beautiful white pillars that frame modern areas that invite you to relax and enjoy the atmosphere. It has tennis courts, golf, gym and Spa Brio. At night, have fun with shows that combine magic and fantasy art. For more information visit http://mayanresorts.rci-rst.com/",,Hotel American Express MasterCard Visa Bathroom Shower Bathtub Hairdryer Direct dial telephone TV Radio Ironing set Centrally regulated air conditioning Safe Terrace Mobile phone coverage Room service Laundry service Medical service Air conditioning in public areas Hotel safe Currency exchange facilities Lift access Supermarket Shop Garden Gym Café Bar Restaurant Non-smoking area Smoking area Highchairs Poolside snack bar Air conditioning in Restaurant Sun loungers Parasols Children playground Kids club Entertainment programme for adults Entertainment programme for children Game room Sauna Steam bath Hot tub Massage Spa treatments Hairdressing salon Earth Check Breakfast Breakfast buffet Continental Breakfast Buffet lunch À la carte lunch Buffet dinner À la carte dinner Aqua fit Table tennis Aerobics Basketball Volleyball Beach volleyball Billiards Golf,16.778461|-99.798969,,39900,http://mayanresorts.com/acapulco
MX,Mexico,100444,Acapulco,1077123,Hotel Punta Coral,ThreeStar,Caracol 70 Fraccionamiento Farallon39690 AcapulcoGuerrero ,,"Located in the Costera Acapulco of Acapulco, Hotel Punta Coral is set 5 km from Acapulco Navy Historic Museum and 6 km from Acapulco Convention Center. This 3-star inn offers an outdoor swimming pool. The inn offers a terrace and a 24-hour front desk.

At the inn, rooms include a balcony. Featuring a private bathroom with a shower, rooms at Hotel Punta Coral also have free WiFi, while selected rooms have a sea view. At the accommodation, rooms come with air conditioning and a TV.

Chapel of Peace is 9 km from Hotel Punta Coral, while House of Culture is 3.4 km away. The nearest airport is General Juan N Alvarez International Airport, 20 km from the property. Please inform Hotel Punta Coral in advance of your expected arrival time. You can use the Special Requests box when booking, or contact the property directly with the contact details provided in your confirmation.
Guests are required to show a photo identification and credit card upon check-in. Please note that all Special Requests are subject to availability and additional charges may apply.
Please note that taxes are not included in room prices.",,Free self parking 24-hour front desk Terrace Non-smoking rooms Family rooms Internet access Tour desk Free WiFi Outdoor pool Free WiFi Air conditioning Television in common areas Daily housekeeping Parking onsite Private parking Public Bath,16.86096|-99.86754,,39690,https://www.booking.com/hotel/mx/punta-coral.html
MX,Mexico,100444,Acapulco,1077125,Gilda Eco Boutique Hotel,ThreeStar,Carretera The Coyuca Bar Km 7.5 39400 Acapulco Acapulco 39400 Mexico 39400 AcapulcoGuerrero ,,"Hotel Gilda is housed in a charming, colorful converted house in Acapulco. Located between the Pacific Ocean and the Coyuca lagoon in the Pie de la Cuesta area, it is an ideal place for a romantic break, allowing guests to enjoy wonderful sunsets and golden beaches. The facilities at Hotel Gilda are basic but convenient, including a restaurant, a terrace, and hammocks for relaxing and taking in the fresh sea breeze. There are seven rooms at the property, each of which features essential services, as well as unique decor, Mexican furnishings and details, and a terrace with a hammock. Come and enjoy a restful experience at this lovely hotel!",(52) 7444444462,Pets allowed Swimming pool Fan WiFi everywhere Restaurant Safety Deposit Box Park Beach club,16.922022274|-100.02226323,(52) 7444444462,39400,http://www.hotelgilda.com/
MX,Mexico,100444,Acapulco,1077127,Villamar Princesa Suites,TwoStar,Olinalá Lote 1 39907 Acapulco Fraccione Olinala39907 AcapulcoGuerrero ,Distances are displayed to the nearest 0.1 mile and kilometer. <br /> <p>Arena GNP Seguros - 1.1 km / 0.7 mi <br /> Playa Revolcadero - 1.8 km / 1.1 mi <br /> El Revolcadero - 2 km / 1.3 mi <br /> Playa Puerto Marqués - 2.6 km / 1.6 mi <br /> Bahia de Puerto Marques - 2.7 km / 1.7 mi <br /> Playa Hermosa - 3.2 km / 2 mi <br /> Majahua Beach - 3.2 km / 2 mi <br /> Playa Pichilingue - 4 km / 2.5 mi <br /> Punta Diamante Beach - 4 km / 2.5 mi <br /> Plaza Sendero - 4.9 km / 3 mi <br /> La Isla Shopping Village - 5.1 km / 3.2 mi <br /> Forum de Mundo Imperial - 5.6 km / 3.5 mi <br /> Chapel of Peace - 7.1 km / 4.4 mi <br /> Capilla Del Atardecer - 7.4 km / 4.6 mi <br /> El Veladero National Park - 7.5 km / 4.7 mi <br /> </p><p>The nearest major airport is General Juan N. Alvarez Intl. Airport (ACA) - 9.5 km / 5.9 mi</p>,"<p>HeadLine : In Acapulco (Granjas del Marqués)</p><p>Location : Located in Acapulco (Granjas del Marqués), Hotel Villamar Princesa Suites is within a 5-minute drive of Arena GNP Seguros and El Revolcadero.  This hotel is 2.4 mi (3.9 km) from Majahua Beach and 7.3 mi (11.7 km) from Diana the Huntress.</p><p>Rooms : Stay in one of 25 guestrooms featuring flat-screen televisions. Rooms have private balconies. Complimentary wireless Internet access keeps you connected, and cable programming is available for your entertainment. Bathrooms have showers and complimentary toiletries.</p><p>CheckIn Instructions : <ul>  <li>Extra-person charges may apply and vary depending on property policy</li><li>Government-issued photo identification and a credit card, debit card, or cash deposit may be required at check-in for incidental charges</li><li>Special requests are subject to availability upon check-in and may incur additional charges; special requests cannot be guaranteed</li><li>Minimum Spring Break check-in age is 18 years old</li><li>The name on the credit card used at check-in to pay for incidentals must be the primary name on the guestroom reservation</li><li>This property accepts credit cards; cash is not accepted</li><li>Noise-free guestrooms cannot be guaranteed</li>  </ul></p><p>Special Instructions : Front desk staff will greet guests on arrival.</p>",52-744-4661136,Dry cleaning/laundry service Wheelchair accessible (may have limitations) Wheelchair accessible Golf lessons available nearby Wheelchair-accessible path to elevator 24-hour front desk Wheelchair-accessible registration desk Free WiFi Designated smoking areas Barbecue grill(s) Number of outdoor pools - 2 Golfing nearby Garden Safe-deposit box at front desk Picnic area Wheelchair accessible parking Laundry facilities Children's pool elevator Free self parking Terrace Pool sun loungers Concierge services,16.798526|-99.815618,52-744-4852179,39907,http://hotelvillamarprincesa.com.mx/hotel-villamar-princesa-suites-acapulco/
MX,Mexico,100444,Acapulco,1077129,Hotel Oviedo Acapulco,ThreeStar,Costera Miguel Alemán No. 207 Colonia Centro39300 AcapulcoGuerrero ,,"Hotel Oviedo Acapulco is located just across the road from the seafront promenade and 350 metres from Tlacopanocha Beach, in the heart of Acapulco. It offers bright air-conditioned rooms with free Wi-Fi.

The Oviedo Acapulco is located a 2-minute walk from Acapulcos central Zócalo Square and Cathedral. The Fuerte de San Diego Museum is 250 metres away.

Each functional room at the Oviedo Acapulco features 1 or 2 double beds and a TV with cable channels. The private bathrooms come with a shower and free toiletries.

A convenience store can be found on the ground floor of the hotel building. A wide range of restaurants and bars are located in the surrounding streets.",,Parking Family rooms internet services lift Tour desk wifi Free WiFi Air conditioning parking on site wifi available in all areas use of cleaning chemicals that are effective against coronavirus linens  towels and laundry washed in accordance with local authority guidelines guest accommodation is disinfected between stays guest accommodation sealed after cleaning staff follow all safety protocols as directed by local authorities shared stationery such as printed menus  magazines  pens  and paper removed hand sanitizer in guest accommodation and key areas process in place to check health of guests first aid kit available contactless check-in/check-out cashless payment available physical distancing rules followed mobile app for room service screens or physical barriers placed between staff and guests in appropriate areas property is cleaned by professional cleaning companies guests have the option to cancel any cleaning services for their accommodation during their stay thermometers for guests provided by property face masks for guests available,16.84886|-99.90738,55191910449,39300,https://www.booking.com/hotel/mx/oviedo-acapulco.html
MX,Mexico,100444,Acapulco,1086232,Villas la Lupita,ThreeStar,Capitan Anton De Alaminos 232 Magallanes 39670 Acapulco ,Distances are displayed to the nearest 0.1 mile and kilometer. <br /> <p>Galerías Acapulco - 0.3 km / 0.2 mi <br /> Plaza Bahia - 0.5 km / 0.3 mi <br /> Parque Papagayo - 0.7 km / 0.5 mi <br /> Diana Galleries Mall - 0.8 km / 0.5 mi <br /> Diana the Huntress - 1.1 km / 0.7 mi <br /> Condesa Beach - 1.4 km / 0.8 mi <br /> Papagayo Beach - 1.6 km / 1 mi <br /> Hornos Beach - 1.9 km / 1.2 mi <br /> Tamarind Beach - 2.3 km / 1.4 mi <br /> Playa Las Hamacas - 2.3 km / 1.4 mi <br /> Playa El Morro - 2.4 km / 1.5 mi <br /> Icacos Beach - 2.7 km / 1.7 mi <br /> El Veladero National Park - 2.8 km / 1.7 mi <br /> Reina Park - 2.9 km / 1.8 mi <br /> Acapulco Golf Club - 3 km / 1.8 mi <br /> </p><p>The preferred airport for Villas La Lupita is General Juan N. Alvarez Intl. Airport (ACA) - 20.6 km / 12.8 mi </p>,"<p>HeadLine : In Acapulco (Costera Acapulco)</p><p>Location : With a stay at Villas La Lupita, you ll be centrally located in Acapulco, just a 4-minute walk from Galerías Acapulco and 6 minutes by foot from Plaza Bahia.  This hotel is 2.9 mi (4.6 km) from La Quebrada Cliffs and 0.6 mi (0.9 km) from Parque Papagayo.</p><p>Rooms : Make yourself at home in one of the 34 air-conditioned guestrooms. Complimentary wireless Internet access keeps you connected, and cable programming is available for your entertainment. Bathrooms have showers and hair dryers. Conveniences include phones, as well as safes and complimentary bottled water.</p><p>Dining : Enjoy a meal at the restaurant, or stay in and take advantage of the hotel s room service (during limited hours). Full breakfasts are available daily from 7:30 AM to 11:30 AM for a fee.</p><p>CheckIn Instructions : <ul>  <li>Extra-person charges may apply and vary depending on property policy</li><li>Government-issued photo identification and a credit card, debit card, or cash deposit may be required at check-in for incidental charges</li><li>Special requests are subject to availability upon check-in and may incur additional charges; special requests cannot be guaranteed</li><li>This property accepts credit cards; cash is not accepted</li>  </ul></p><p>Special Instructions : The front desk is open daily from 7:00 AM - 1:30 AM. Front desk staff will greet guests on arrival.</p>",52-744-4854368,Dry cleaning/laundry service Parking (limited spaces) Free wired Internet Television in common areas Free WiFi Number of outdoor pools - 1 In-room accessibility (in select rooms) Roll-in shower (in select rooms) Internet access - wireless Tours/ticket assistance Accessible bathroom (in select rooms) Area shuttle (surcharge) Airport transportation (surcharge) Luggage storage Multilingual staff Front desk (limited hours) Breakfast available (surcharge) Safe-deposit box at front desk Smoke-free property Laundry facilities Free self parking Terrace Wheelchair accessible path of travel Concierge services,16.862424|-99.880349,52-744-4863917,39670,http://www.villaslalupita.com
MX,Mexico,100444,Acapulco,1104081,Dorados Acapulco,ThreeStar,Avenida Universidad Esquina Dr. Ignacio Chavez Fraccionamiento La Bocana Chavez Sn. Fracc. La Bocana Magallanes39670 AcapulcoGuerrero ,Distances are displayed to the nearest 0.1 mile and kilometer. <br /> <p>Plaza Bahia - 0.3 km / 0.2 mi <br /> Galerías Acapulco - 0.5 km / 0.3 mi <br /> Condesa Beach - 0.7 km / 0.4 mi <br /> Diana Galleries Mall - 0.7 km / 0.4 mi <br /> Parque Papagayo - 0.9 km / 0.6 mi <br /> Diana the Huntress - 1 km / 0.6 mi <br /> Papagayo Beach - 1.4 km / 0.9 mi <br /> Playa El Morro - 1.9 km / 1.2 mi <br /> Hornos Beach - 2.3 km / 1.4 mi <br /> El Veladero National Park - 2.3 km / 1.4 mi <br /> Icacos Beach - 2.7 km / 1.6 mi <br /> Tamarind Beach - 2.7 km / 1.7 mi <br /> Playa Las Hamacas - 2.7 km / 1.7 mi <br /> Acapulco Golf Club - 2.9 km / 1.8 mi <br /> Mercado Centro - 3.3 km / 2 mi <br /> </p><p>The preferred airport for Dorados Acapulco is General Juan N. Alvarez Intl. Airport (ACA) - 19.8 km / 12.3 mi </p>,"<p>HeadLine : In Acapulco (Costera Acapulco)</p><p>Location : With a stay at Dorados Acapulco in Acapulco (Costera Acapulco), you ll be a 4-minute walk from Plaza Bahia and 6 minutes by foot from Galerías Acapulco.  This hotel is 3.2 mi (5.1 km) from La Quebrada Cliffs and 0.4 mi (0.6 km) from Condesa Beach.</p><p>Rooms : Make yourself at home in one of the 56 air-conditioned guestrooms. Cable television is provided for your entertainment. Bathrooms have showers and complimentary toiletries. Conveniences include phones and complimentary bottled water, and housekeeping is provided daily.</p><p>Dining : Enjoy a meal at the restaurant, or stay in and take advantage of the hotel s room service (during limited hours). Quench your thirst with your favorite drink at the bar/lounge.</p><p>CheckIn Instructions : <ul>  <li>Extra-person charges may apply and vary depending on property policy</li><li>Government-issued photo identification and a credit card, debit card, or cash deposit may be required at check-in for incidental charges</li><li>Special requests are subject to availability upon check-in and may incur additional charges; special requests cannot be guaranteed</li><li>This property accepts credit cards, debit cards, and cash</li><li>Safety features at this property include a fire extinguisher, a first aid kit, and window guards</li>  </ul></p><p>Special Instructions : Front desk staff will greet guests on arrival.</p>",52-55-5597002,Concierge services Wheelchair accessible (may have limitations) Parking (limited spaces) Luggage storage Express check-in Meeting rooms 24-hour front desk Wheelchair-accessible registration desk Free WiFi Number of bars/lounges - 1 Number of outdoor pools - 1 Smoke-free property Wheelchair accessible parking Wedding services Tours/ticket assistance elevator,16.863995|-99.877262,52-55-5597002,39715,http://www.doradosacapulco.com/
MX,Mexico,100444,Acapulco,1104086,Paraiso Caleta,ThreeStar,Calle Alto 19 Acapulco ,,HotelDescription#Further information about this hotel will be available shortly,,NO Car park NO Garage NO Connecting rooms NO Large pets allowed (over 5 kg) NO Wheelchair-accessible NO Small pets allowed (under 5 kg),16.8442|-99.8649,,,
MX,Mexico,100444,Acapulco,1120965,Acabay Hotel & Beach Club,ThreeStar,"COSTERA M. ALEMAN - FRACC.HORNOS, 266 ACAPULCO ",Zona Arqueológica Palma Sola: within 220 metre  La Quebrada: within 120 metre  Zocalo: within 80 metre  El Fuerte de San Diego: within 60 metre ,"Located in front of the bay of Acapulco, only 8 minutes from downtown and 45 minutes from the International Airport.

This hotel is spread over 20 floors and comprises 118 rooms, including 36 suites and 10 junior suites. The lobby houses a 24-hour reception, a hotel safe, a cloakroom, a lift and a currency exchange. Within the hotel there is also a newspaper kiosk and conference facilities. Dining options include a café, a bar, a pub and a restaurant. The hotel also provides a doctor on call, laundry facilities, and room and laundry services. Those arriving by car may take advantage of the car park.

The modern rooms come with an en suite bathroom, a direct dial telephone, satellite/ cable TV and 2 double beds. Each air-conditioned room also has a hire safe, a sitting area and a balcony or terrace. The 10 junior suites additionally feature a king-size bed and a sofa, while 3 of the suites have a Jacuzzi.

There is a swimming pool with a separate paddling pool in the hotel grounds, as well as a poolside snack bar and parasols. The hotel has its own solarium. Guests can also play tennis, beach volleyball and minigolf.

Guests can select their breakfast from a buffet. Lunch and dinner may be taken à la carte or as a set menu. Half-board or full board stays may be booked.

The hotel is located on the Costera Avenue. The beaches known as Hornos, Hornitos and Tamarindos lie across the street. Moreover, it is situated near the Zocalo, the Cathedral, Acapulco's Downtown, San Diego Fort, and La Quebrada.",,Hotel American Express MasterCard Visa Bathroom Shower Direct dial telephone TV Individually adjustable air conditioning Safe Balcony Terrace Room service Laundry service Launderette Medical service Hotel safe Currency exchange facilities Cloakroom Lift access Newspaper stand Sun terrace Café Bar Restaurant Poolside snack bar Air conditioning in Restaurant Conference room Parasols Pub Breakfast Breakfast buffet Continental Breakfast À la carte lunch Set menu lunch À la carte dinner Set menu dinner Beach volleyball Mini golf Golf Tennis,16.856128|-99.895952,,39350,www.hotel-acabay.com.mx
MX,Mexico,100444,Acapulco,1123438,El Hotelito,TwoStar,Cañonero Bravo 105 Fracc Costa Azu 105 39850 Acapulco Fraccionamiento Costa Azul39850 AcapulcoGuerrero ,City centre : 6000mts Bus/Train station : 3000mts Beach : 30mts Golf course : 1000mts La Quebrada1 : 7000mts Centro de Convenciones2 : 500mts Centro Comercial La Isla4 : 2000mts ACAPULCO GENERAL JUAN N. ALVAREZ AIRP : 25km,"This hotel is perfect for young people who are looking for a new, cool place to stay that is also a good value for money. It is only around 30 m away from the sea, and nightclubs are just 50 m from the hotel. The centre of Zócalo is only approximately 6 km away. There are countless shops, bars, nightclubs and restaurants to be found in the immediate vicinity. Public transport links are located directly in front of the hotel''s entrance. General Juan N. Álvarez International Airport is around 25 km from the hotel.This beach hotel was established in 2004 and comprises 3 floors with a total of 27 rooms. There is a pleasant lobby with hotel safes, a cloakroom and a 24-hour reception. Furthermore, there is a bar on offer to guests.The air-conditioned rooms include an en suite bathroom with hairdryer, as well as 2 double beds, direct dial telephone, satellite/cable TV, a hire safe and an ironing set.There is a swimming pool in the hotel grounds.",01 744 4813792,Lounge In-Room Massage Garage Car Parking Internet access Air Conditioned Safety Deposit Box Cloakroom Park Non-smoking rooms Swimming pool Shuttle service Wireless Internet Access Bar Telephone Smoking rooms Mobile Phone Network Private garage Wheel Chair Access Outdoor Swimming Pool,16.845114|-99.850268,+52 744 484 3092,39850,http://www.elhotelito.com.mx/
MX,Mexico,100444,Acapulco,1123458,Hotel Tortuga Acapulco,ThreeStar,Av. Costera Miguel Alemán 132 Fraccionamiento Farallón39690 AcapulcoGuerrero ,Distances are displayed to the nearest 0.1 mile and kilometer. <br /> <p>Diana the Huntress - 0.5 km / 0.3 mi <br /> Playa El Morro - 0.6 km / 0.4 mi <br /> Diana Galleries Mall - 0.6 km / 0.4 mi <br /> Icacos Beach - 1 km / 0.6 mi <br /> Plaza Bahia - 1 km / 0.6 mi <br /> Acapulco Golf Club - 1.3 km / 0.8 mi <br /> Galerías Acapulco - 1.5 km / 0.9 mi <br /> Acapulco Convention Center - 1.8 km / 1.1 mi <br /> Casa de la Cultura - 2.2 km / 1.4 mi <br /> Parque Papagayo - 2.3 km / 1.4 mi <br /> Condesa Beach - 2.3 km / 1.5 mi <br /> El Veladero National Park - 2.4 km / 1.5 mi <br /> Naval History Museum - 2.5 km / 1.5 mi <br /> Papagayo Beach - 3.4 km / 2.1 mi <br /> Hornos Beach - 3.8 km / 2.4 mi <br /> </p><p>The preferred airport for Hotel Tortuga Acapulco is General Juan N. Alvarez Intl. Airport (ACA) - 18.8 km / 11.7 mi </p>,"<p>HeadLine : In Acapulco (Costera Acapulco)</p><p>Location : With a stay at Hotel Tortuga Acapulco in Acapulco (Costera Acapulco), you ll be within a 10-minute walk of Diana the Huntress and Playa El Morro.  This hotel is 3.7 mi (5.9 km) from La Quebrada Cliffs and 1.1 mi (1.7 km) from Condesa Beach.</p><p>Rooms : Stay in one of 257 guestrooms featuring flat-screen televisions. Cable television is provided for your entertainment. Bathrooms with showers are provided. Conveniences include phones, and housekeeping is provided daily.</p><p>Dining : Enjoy a meal at Careyes, or stay in and take advantage of the hotel s room service (during limited hours). Quench your thirst with your favorite drink at the bar/lounge.</p><p>CheckIn Instructions : <ul>  <li>Extra-person charges may apply and vary depending on property policy</li><li>Government-issued photo identification and a credit card, debit card, or cash deposit may be required at check-in for incidental charges</li><li>Special requests are subject to availability upon check-in and may incur additional charges; special requests cannot be guaranteed</li><li>This property accepts credit cards; cash is not accepted</li>  </ul></p><p>Special Instructions : Front desk staff will greet guests on arrival.</p>",52-744-4842754,Safe-deposit box at front desk Picnic area Smoke-free property Wedding services Tours/ticket assistance Conference space Self parking (surcharge) Valet parking (surcharge) Conference space size (feet) - 97 Concierge services Dry cleaning/laundry service Banquet hall Newspapers in lobby (surcharge) Express check-in Meeting rooms Conference space size (meters) - 9 24-hour front desk Conference center Free WiFi Number of bars/lounges - 1 Number of outdoor pools - 1,16.857479|-99.868302,52-744-4842754,39690,http://www.hotelacapulcotortuga.com.mx/
MX,Mexico,100444,Acapulco,1128335,Hotel Villavera,ThreeStar,Lomas Del Mar #35 39690 AcapulcoGuerrero ,Distances are displayed to the nearest 0.1 mile and kilometer. <br /> <p>Acapulco Golf Club - 0.8 km / 0.5 mi <br /> Icacos Beach - 1.2 km / 0.8 mi <br /> El Veladero National Park - 1.4 km / 0.9 mi <br /> Acapulco Convention Center - 1.5 km / 0.9 mi <br /> El Rollo Acapulco - 1.6 km / 1 mi <br /> Diana the Huntress - 1.6 km / 1 mi <br /> Condesa Beach - 1.8 km / 1.1 mi <br /> Diana Galleries Mall - 1.8 km / 1.1 mi <br /> Playa El Morro - 1.9 km / 1.2 mi <br /> Casa de la Cultura - 1.9 km / 1.2 mi <br /> Naval History Museum - 2 km / 1.3 mi <br /> Plaza Bahia - 2.2 km / 1.4 mi <br /> Gran Plaza Shopping Mall - 2.7 km / 1.7 mi <br /> Papagayo Beach - 3.2 km / 2 mi <br /> Hornos Beach - 3.4 km / 2.1 mi <br /> </p><p>The preferred airport for Hotel Villavera is General Juan N. Alvarez Intl. Airport (ACA) - 18.5 km / 11.5 mi </p>,"<p>HeadLine : In Acapulco (Costera Acapulco)</p><p>Location : With a stay at Hotel Villavera in Acapulco (Costera Acapulco), you ll be within a 15-minute walk of Acapulco Golf Club and Icacos Beach.  This beach hotel is 0.9 mi (1.4 km) from El Veladero National Park and 0.9 mi (1.5 km) from Acapulco Convention Center.</p><p>Rooms : Stay in one of 14 guestrooms featuring flat-screen televisions. Your room comes with a Select Comfort bed. Complimentary wireless Internet access keeps you connected, and cable programming is available for your entertainment. Bathrooms have complimentary toiletries and hair dryers.</p><p>Dining : Enjoy a satisfying meal at Villavera serving guests of Hotel Villavera.</p><p>Renovations : The following facilities or services will be unavailable from July 1 2021 to January 1 2022 (dates subject to change): <ul><li>Dining venue(s)</li><li>Fitness facilities</li></ul> The property is closed between April 01 and June 30.</p><p>CheckIn Instructions : <ul>  <li>Extra-person charges may apply and vary depending on property policy</li><li>Government-issued photo identification and a credit card, debit card, or cash deposit may be required at check-in for incidental charges</li><li>Special requests are subject to availability upon check-in and may incur additional charges; special requests cannot be guaranteed</li><li>This property accepts Visa and Mastercard; cash is not accepted</li><li>Safety features at this property include a smoke detector and a security system</li>  </ul></p><p>Special Instructions : Front desk staff will greet guests on arrival.</p>",52-55-50026346,Restaurant Luggage storage Free self parking Free WiFi Outdoor pool Designated smoking areas,16.859282|-99.860079,+52 55 50026346,39690,https://www.ebookers.de/Acapulco-Hotels-Villa-Vera-By-B.h15892934.Hotel-Beschreibung
MX,Mexico,100444,Acapulco,1132523,Emporio Acapulco,ThreeStar,Costera Miguel Aleman Fracc. Magallanes 121 Fracc. Magallanes39670 Acapulco ,Distances are displayed to the nearest 0.1 mile and kilometer. <br /> <p>Playa El Morro - 0.1 km / 0.1 mi <br /> Condesa Beach - 0.2 km / 0.1 mi <br /> Diana the Huntress - 0.2 km / 0.1 mi <br /> Diana Galleries Mall - 0.2 km / 0.1 mi <br /> Plaza Bahia - 0.5 km / 0.3 mi <br /> Galerías Acapulco - 1 km / 0.6 mi <br /> Parque Papagayo - 1.3 km / 0.8 mi <br /> Icacos Beach - 1.8 km / 1.1 mi <br /> Acapulco Golf Club - 1.9 km / 1.2 mi <br /> El Veladero National Park - 2.1 km / 1.3 mi <br /> Acapulco Convention Center - 2.6 km / 1.6 mi <br /> Casa de la Cultura - 3.1 km / 1.9 mi <br /> Naval History Museum - 3.4 km / 2.1 mi <br /> Reina Park - 3.6 km / 2.2 mi <br /> Papagayo Beach - 3.7 km / 2.3 mi <br /> </p><p>The preferred airport for Hotel Emporio Acapulco is General Juan N. Alvarez Intl. Airport (ACA) - 19 km / 11.8 mi </p>,"<p>HeadLine : Near Diana Galleries Mall</p><p>Location : With a stay at Hotel Emporio Acapulco in Acapulco (Costera Acapulco), you ll be steps from Playa El Morro and Condesa Beach.  This beach hotel is 3.8 mi (6.1 km) from La Quebrada Cliffs and 1.4 mi (2.3 km) from Parque Papagayo.</p><p>Rooms : Stay in one of 422 guestrooms featuring plasma televisions. Rooms have private balconies. Wireless Internet access (surcharge) keeps you connected, and cable programming is available for your entertainment. Private bathrooms with shower/tub combinations feature complimentary toiletries and hair dryers.</p><p>Dining : Grab a bite at one of the hotel s 2 restaurants, or stay in and take advantage of the 24-hour room service. Relax with your favorite drink at the bar/lounge or the poolside bar. Buffet breakfasts are available daily from 8:00 AM to 12:30 PM for a fee.</p><p>CheckIn Instructions : <ul>  <li>Extra-person charges may apply and vary depending on property policy</li><li>Government-issued photo identification and a credit card, debit card, or cash deposit may be required at check-in for incidental charges</li><li>Special requests are subject to availability upon check-in and may incur additional charges; special requests cannot be guaranteed</li><li>This property accepts credit cards; cash is not accepted</li><li>Safety features at this property include a fire extinguisher, a smoke detector, a security system, a first aid kit, and window guards</li>  </ul></p><p>Special Instructions : Front desk staff will greet guests on arrival.</p>",52-744-484 2120,Cruise terminal shuttle (surcharge) On private beach Multilingual staff Parasailing nearby Personal motor watercraft nearby Breakfast available (surcharge) Laundry facilities Fitness facilities Gift shops or newsstand Children's club (surcharge) Dry cleaning/laundry service Banquet hall Shopping on site Wheelchair accessible Windsurfing nearby Arcade/game room Garden Full-service spa Wedding services Wheelchair accessible  no Babysitting or childcare (surcharge) Number of meeting rooms - 1 Wired Internet access - surcharge Sailing nearby WiFi (surcharge) Number of bars/lounges - 1 Number of poolside bars - 1 Number of outdoor pools - 3 Number of swim-up bars - 1 Water skiing nearby Tours/ticket assistance Airport transportation - drop-off (surcharge) Luggage storage Porter/bellhop Business center 24-hour front desk Playground on site Golfing nearby Spa services on site Snorkeling nearby Safe-deposit box at front desk Smoke-free property Snack bar/deli Children's pool Conference space Self parking (surcharge) Valet parking (surcharge) Hair salon Computer station Terrace ATM/banking Concierge services 24-hour business center,16.859282|-99.872991,52-744-4690505,39670,http://www.hotelesemporio.com
MX,Mexico,100444,Acapulco,1133839,Olinalá Diamante,ThreeStar,Circuito Olinala Fraccionamiento Olinalá Princesa 23 Olinala Princesa 39890 Acapulco ,Distances are displayed to the nearest 0.1 mile and kilometer. <br /> <p>Arena GNP Seguros - 1.4 km / 0.9 mi <br /> Playa Revolcadero - 2.1 km / 1.3 mi <br /> El Revolcadero - 2.3 km / 1.4 mi <br /> Playa Puerto Marqués - 2.9 km / 1.8 mi <br /> Bahia de Puerto Marques - 3 km / 1.9 mi <br /> Playa Hermosa - 3.5 km / 2.2 mi <br /> Majahua Beach - 3.5 km / 2.2 mi <br /> Playa Pichilingue - 4.3 km / 2.7 mi <br /> Punta Diamante Beach - 4.3 km / 2.7 mi <br /> Plaza Sendero - 5.2 km / 3.2 mi <br /> La Isla Shopping Village - 5.4 km / 3.4 mi <br /> Forum de Mundo Imperial - 5.9 km / 3.7 mi <br /> Chapel of Peace - 7.4 km / 4.6 mi <br /> Capilla Del Atardecer - 7.7 km / 4.8 mi <br /> El Veladero National Park - 8.1 km / 5.1 mi <br /> </p><p>The preferred airport for Hotel Olinalá Diamante is General Juan N. Alvarez Intl. Airport (ACA) - 9.8 km / 6.1 mi </p>,"<p>HeadLine : In Acapulco (Granjas del Marqués)</p><p>Location : Located in Acapulco (Granjas del Marqués), Hotel Olinalá Diamante is within a 5-minute drive of Arena GNP Seguros and El Revolcadero.  This golf hotel is 10.7 mi (17.3 km) from La Quebrada Cliffs and 2.6 mi (4.2 km) from Majahua Beach.</p><p>Rooms : Make yourself at home in one of the 24 air-conditioned rooms featuring flat-screen televisions. Rooms have private patios. Complimentary wireless Internet access keeps you connected, and cable programming is available for your entertainment. Private bathrooms with showers feature designer toiletries and hair dryers.</p><p>CheckIn Instructions : <ul>  <li>Extra-person charges may apply and vary depending on property policy</li><li>Government-issued photo identification and a credit card, debit card, or cash deposit may be required at check-in for incidental charges</li><li>Special requests are subject to availability upon check-in and may incur additional charges; special requests cannot be guaranteed</li><li>The name on the credit card used at check-in to pay for incidentals must be the primary name on the guestroom reservation</li><li>Guests must contact this property in advance to reserve cribs/infant beds and rollaway/extra beds</li><li>This property accepts credit cards, debit cards, and cash</li><li>Noise-free guestrooms cannot be guaranteed</li>  </ul></p><p>Special Instructions : This property doesn t offer after-hours check-in. Front desk staff will greet guests on arrival.</p>",52-74-44660142,Barbecue grill(s) Golfing nearby Snorkeling nearby Ecotours nearby Designated smoking areas (fines apply) Hiking/biking trails nearby Surfing/bodyboarding nearby Rafting nearby Kayaking nearby Free self parking Terrace Concierge services Mountain biking nearby Wheelchair accessible (may have limitations) Pool umbrellas Wheelchair-accessible registration desk Sailing nearby Windsurfing nearby Skydiving Nearby Free WiFi Wheelchair-accessible pool Designated smoking areas Number of outdoor pools - 1 Upper floors accessible by stairs only Water skiing nearby Garden Picnic area In-room accessibility (in select rooms) Wheelchair accessible parking Roll-in shower (in select rooms) Tours/ticket assistance Accessible bathroom (in select rooms) Volleyball on site Area shuttle (surcharge) Rock climbing nearby Airport transportation (surcharge) Luggage storage Wheelchair-accessible on-site restaurant Parasailing nearby Ski equipment rental shops nearby 24-hour front desk Ski lessons available nearby Scooter/moped rentals nearby,16.799947|-99.814028,52-744-4664101,39890,http://www.olinala.com
MX,Mexico,100444,Acapulco,1135004,Park Royal Beach Resort Acapulco,ThreeStar,Costera Guitarron 110 Fraccionamiento Fracc. Playa Guitarrón Fraccione Playa Guitarrón39880 AcapulcoGuerrero ,Distances are displayed to the nearest 0.1 mile and kilometer. <br /> <p>Guitarrón Beach - 0.3 km / 0.2 mi <br /> Botanical Gardens of Acapulco - 2.5 km / 1.6 mi <br /> Naval History Museum - 2.8 km / 1.7 mi <br /> Casa de la Cultura - 2.9 km / 1.8 mi <br /> El Veladero National Park - 2.9 km / 1.8 mi <br /> Icacos Beach - 3 km / 1.8 mi <br /> Chapel of Peace - 3.3 km / 2.1 mi <br /> Acapulco Convention Center - 3.8 km / 2.4 mi <br /> Acapulco Golf Club - 4.2 km / 2.6 mi <br /> Capilla Del Atardecer - 4.3 km / 2.6 mi <br /> Playa Pichilingue - 6.2 km / 3.8 mi <br /> Diana the Huntress - 6.2 km / 3.8 mi <br /> Diana Galleries Mall - 6.2 km / 3.9 mi <br /> Plaza Bahia - 6.8 km / 4.2 mi <br /> Galerías Acapulco - 7.1 km / 4.4 mi <br /> </p><p>The preferred airport for Park Royal Beach Acapulco - All Inclusive is General Juan N. Alvarez Intl. Airport (ACA) - 16.2 km / 10.1 mi </p>,"<p>HeadLine : Near Guitarrón Beach</p><p>Location : With a stay at Park Royal Beach Acapulco - All Inclusive in Acapulco (Playa Guitarrón), you ll be a 5-minute drive from Acapulco Golf Club and 5 minutes from Botanical Gardens of Acapulco.  This all-inclusive property is 2.6 mi (4.3 km) from Acapulco Convention Center and 5.2 mi (8.4 km) from Bahia de Puerto Marques.</p><p>Rooms : Stay in one of 208 guestrooms featuring flat-screen televisions. Rooms have private balconies. Complimentary wireless Internet access keeps you connected, and satellite programming is available for your entertainment. Private bathrooms with shower/tub combinations feature complimentary toiletries and hair dryers.</p><p>Dining : This property is all inclusive. Rates include meals and beverages at onsite dining establishments. Charges may be applied for dining at some restaurants, special dinners and dishes, some beverages, and other amenities. <p>Satisfy your appetite at Bahia, one of the property s 3 restaurants. Relax with a refreshing drink from the poolside bar or one of the 3 bars/lounges. </p></p><p>CheckIn Instructions : <ul>  <li>Extra-person charges may apply and vary depending on property policy</li><li>Government-issued photo identification and a credit card, debit card, or cash deposit may be required at check-in for incidental charges</li><li>Special requests are subject to availability upon check-in and may incur additional charges; special requests cannot be guaranteed</li><li>The name on the credit card used at check-in to pay for incidentals must be the primary name on the guestroom reservation</li><li>This property accepts credit cards and cash</li><li>This property uses wind energy</li><li>Noise-free guestrooms cannot be guaranteed</li><li>Safety features at this property include a fire extinguisher, a smoke detector, a security system, and a first aid kit</li>  </ul></p><p>Special Instructions : To make arrangements for check-in please contact the property ahead of time using the information on the booking confirmation. If you are planning to arrive after 4:00 PM please contact the property in advance using the information on the booking confirmation. Guests must contact the property in advance for check-in instructions. Front desk staff will greet guests on arrival.</p>",52-744-4352299,Ballroom Change of bed sheets (on request) Windsurfing nearby Health club Change of towels (on request) Garden Wedding services Volleyball on site Supervised childcare/activities (surcharge) Couples/private dining Grocery/convenience store Porter/bellhop Children's club 24-hour front desk Golfing nearby Designated smoking areas (fines apply) Snack bar/deli Hiking/biking trails nearby Children's pool Sauna Steam room Kayaking nearby Self parking (surcharge) 24-hour business center Wheelchairs available on site elevator Children's club (free) Fitness facilities Snorkeling on site Mountain biking nearby Banquet hall Wheelchair accessible (may have limitations) Gift shops or newsstand Dry cleaning/laundry service Renewable energy source - wind Babysitting or childcare (surcharge) Swimming pool Sailing nearby Scuba diving nearby Free WiFi Number of bars/lounges - 3 Designated smoking areas Number of poolside bars - 1 Number of outdoor pools - 2 Number of swim-up bars - 1 Water skiing nearby Bicycle rentals nearby Accessible bathroom (in select rooms) Fitness classes on site Multilingual staff Conference center,16.83234|-99.858395,52-744-4406565,39880,http://parkroyal.mx/en/park-royal/acapulco
MX,Mexico,100444,Acapulco,1135008,Hs Hotsson Smart Acapulco,ThreeStar,Av. Costera Miguel Aleman 1803 Fracc. Magallanes Fraccionamiento Magallanes39670 AcapulcoGuerrero ,Distances are displayed to the nearest 0.1 mile and kilometer. <br /> <p>Plaza Bahia - 0.2 km / 0.1 mi <br /> Diana Galleries Mall - 0.4 km / 0.2 mi <br /> Diana the Huntress - 0.6 km / 0.4 mi <br /> Galerías Acapulco - 0.7 km / 0.4 mi <br /> Parque Papagayo - 1.2 km / 0.8 mi <br /> Condesa Beach - 1.4 km / 0.9 mi <br /> Playa El Morro - 2 km / 1.2 mi <br /> Icacos Beach - 2.3 km / 1.4 mi <br /> Acapulco Golf Club - 2.3 km / 1.5 mi <br /> El Veladero National Park - 2.4 km / 1.5 mi <br /> Papagayo Beach - 2.5 km / 1.6 mi <br /> Hornos Beach - 3 km / 1.9 mi <br /> Acapulco Convention Center - 3.2 km / 2 mi <br /> Tamarind Beach - 3.3 km / 2 mi <br /> Reina Park - 3.3 km / 2 mi <br /> </p><p>The preferred airport for HS HOTSSON Smart Acapulco is General Juan N. Alvarez Intl. Airport (ACA) - 19.5 km / 12.1 mi </p>,"<p>HeadLine : In Acapulco (Costera Acapulco)</p><p>Location : A stay at HS HOTSSON Smart Acapulco places you in the heart of Acapulco, within a 5-minute walk of Plaza Bahia and Diana Galleries Mall.  This beach hotel is 3.2 mi (5.1 km) from La Quebrada Cliffs and 0.4 mi (0.6 km) from Diana the Huntress.</p><p>Rooms : Make yourself at home in one of the 506 air-conditioned guestrooms. Rooms have private balconies. Complimentary wireless Internet access keeps you connected, and cable programming is available for your entertainment. Bathrooms have complimentary toiletries and hair dryers.</p><p>Dining : All-inclusive rates are available at this hotel. Meals and beverages at onsite dining establishments are included in all-inclusive rates. Charges may be applied for dining at some restaurants, special dinners and dishes, some beverages, and other amenities. <p>Enjoy international cuisine at NUDE AT THE BEACH, one of the hotel s 4 restaurants, or stay in and take advantage of the room service. Relax with a refreshing drink from the poolside bar or one of the 2 bars/lounges. Buffet breakfasts are available daily from 7:00 AM to noon for a fee. </p></p><p>CheckIn Instructions : <ul>  <li>Extra-person charges may apply and vary depending on property policy</li><li>Government-issued photo identification and a credit card, debit card, or cash deposit may be required at check-in for incidental charges</li><li>Special requests are subject to availability upon check-in and may incur additional charges; special requests cannot be guaranteed</li><li>The name on the credit card used at check-in to pay for incidentals must be the primary name on the guestroom reservation</li><li>This property accepts credit cards; cash is not accepted</li><li>Safety features at this property include a carbon monoxide detector, a fire extinguisher, a smoke detector, a security system, a first aid kit, and window guards</li><li>Please note that cultural norms and guest policies may differ by country and by property; the policies listed are provided by the property</li>  </ul> <ul>  <li>Outside food and drink are not permitted on the premises.</li>  </ul></p><p>Special Instructions : This property doesn t offer after-hours check-in. Front desk staff will greet guests on arrival. For more details, please contact the property using the information on the booking confirmation.  This property requires valid ID for all guests at check-in, regardless of age. A birth certificate should be presented for children to confirm age.</p>",52-74-44405503,Dry cleaning/laundry service Carport Parking (limited spaces) Ziplining nearby Conference space size (meters) - 881 Swimming pool Free wired Internet Free WiFi Number of bars/lounges - 2 Number of poolside bars - 1 Number of outdoor pools - 4 Water skiing nearby In-room accessibility (in select rooms) Bicycle rentals nearby Wheelchair accessible parking Roll-in shower (in select rooms) Tours/ticket assistance Accessible bathroom (in select rooms) Wheelchair-accessible lounge Wheelchair-accessible on-site restaurant Parasailing nearby Breakfast available (surcharge) Wheelchair-accessible meeting spaces/business center Laundry facilities elevator Fitness facilities Wheelchair accessible (may have limitations) Ballroom Beach umbrellas Express check-in Meeting rooms Wheelchair-accessible registration desk Wheelchair-accessible pool Internet access in public areas - high speed Wedding services 24-hour fitness facilities Boat tours nearby Area shuttle (surcharge) Off-street parking Luggage storage Business center 24-hour front desk Golfing nearby Smoke-free property Snack bar/deli Hiking/biking trails nearby Children's pool Surfing/bodyboarding nearby Conference space Self parking (surcharge) Valet parking (surcharge) Terrace ATM/banking Access to nearby outdoor pool Conference space size (feet) - 9483 Concierge services,16.860365|-99.876324,52-7444405555,39670,http://www.granplazahotelacapulco.com/
MX,Mexico,100444,Acapulco,1137668,Caleta Beach Resort,TwoStar,"CERRO SAN MARTIN - FRACC.LAS PLAYAS, 325 ACAPULCO ",Zócalo: within 3000 metre  La Quebrada: within 2000 metre ,"This resort is located in Acapulco Bay, at the heart of the historical district of the resort. Lying amidst an abundance of sights, shopping centres, nightclubs and the town's best beaches, it is just 1 hour to the international airport. The La Quebrada rocks may be reached in around 10 minutes.

The amenities at this modern hotel will allow for an unforgettable holiday. The complex features disability-friendly facilities and comprises a total of 245 rooms, In addition, there is a 24-hour reception, hotel safes, a currency exchange facility, a cloakroom and a lift. A tobacconist, various shops, a theatre auditorium, a TV room and a bar are also on hand. The hotel's restaurant lies on a beautiful terrace with a great view of the Pacific. Guests are, moreover, invited to take advantage of the wireless Internet access and the function rooms that are also suitable for weddings. The hotel also provides room, babysitting and laundry services as well as medical assistance. There is a kids' club for younger guests and parking is available for those guests arriving by car.

The comfortable, spacious guestrooms each come with a water purification system and offer an en suite bathroom, satellite/ cable TV, an Internet connection, a coffee machine, 2 double beds and cots for infants (on request). Furthermore, amenities include air conditioning, a ceiling fan, a smoke alarm, a sprinkler system and a balcony with a view of the sea. Selected rooms also feature a living area.

There is a swimming pool with a children's pool for guests' use in the outdoor complex as well as a poolside snack bar, sun loungers and parasols. Moreover, there is a sports hall where various sports are on offer including football, volleyball, billiards as well as the possibility to take gymnastics courses or participate in aqua aerobics sessions. An entertainment programme (also for younger guests) is on offer.",,Theatre / auditorium Breakfast Breakfast buffet Continental Breakfast Buffet lunch À la carte lunch Set menu lunch Buffet dinner À la carte dinner Set menu dinner Aqua fit Squash Beach volleyball Hotel MasterCard Visa Bathroom Shower TV Centrally regulated air conditioning Individually adjustable air conditioning Safe Balcony Terrace Launderette Hotel safe Currency exchange facilities Cloakroom Lift access Newspaper stand Shop Garden Sun terrace Café Bar Restaurant Conference room Parasols Children playground Entertainment programme for adults TV lounge,16.830876|-99.90159,,39390,
MX,Mexico,100444,Acapulco,1146585,Acapulco Malibu,ThreeStar,Costera Miguel Aleman No. 20 Fracc. Club Deportivo 20 39690 Acapulco Fraccionamiento Club DeportivoAcapulco 39690 ,Distances are displayed to the nearest 0.1 mile and kilometer. <br /> <p>Icacos Beach - 0.2 km / 0.1 mi <br /> Acapulco Golf Club - 0.2 km / 0.1 mi <br /> Acapulco Convention Center - 0.8 km / 0.5 mi <br /> Casa de la Cultura - 1.2 km / 0.8 mi <br /> Naval History Museum - 1.5 km / 0.9 mi <br /> Diana the Huntress - 1.5 km / 0.9 mi <br /> Playa El Morro - 1.9 km / 1.2 mi <br /> Diana Galleries Mall - 2 km / 1.3 mi <br /> El Veladero National Park - 2 km / 1.3 mi <br /> Plaza Bahia - 2.1 km / 1.3 mi <br /> Galerías Acapulco - 2.9 km / 1.8 mi <br /> Condesa Beach - 3.4 km / 2.1 mi <br /> Parque Papagayo - 3.7 km / 2.3 mi <br /> Papagayo Beach - 4.1 km / 2.5 mi <br /> Guitarrón Beach - 4.3 km / 2.7 mi <br /> </p><p>The preferred airport for Hotel Acapulco Malibu is General Juan N. Alvarez Intl. Airport (ACA) - 17.4 km / 10.8 mi </p>,"<p>HeadLine : In Acapulco (Costera Acapulco)</p><p>Location : With a stay at Hotel Acapulco Malibu in Acapulco (Costera Acapulco), you ll be steps from Icacos Beach and Acapulco Golf Club.  This beach hotel is 4.5 mi (7.2 km) from La Quebrada Cliffs and 1.2 mi (1.9 km) from Diana the Huntress.</p><p>Rooms : Make yourself at home in one of the 80 air-conditioned rooms featuring plasma televisions. Complimentary wired and wireless Internet access keeps you connected, and cable programming provides entertainment. Bathrooms have showers and hair dryers. Conveniences include phones and desks, and housekeeping is provided daily.</p><p>Dining : Grab a bite to eat at Tabasco Beach, a restaurant where you can enjoy drinks at the bar/lounge, take in the ocean view, and even dine alfresco. You can also stay in and take advantage of the room service (during limited hours).</p><p>CheckIn Instructions : <ul>  <li>Extra-person charges may apply and vary depending on property policy</li><li>Government-issued photo identification and a credit card, debit card, or cash deposit may be required at check-in for incidental charges</li><li>Special requests are subject to availability upon check-in and may incur additional charges; special requests cannot be guaranteed</li><li>This property accepts credit cards; cash is not accepted</li><li>Safety features at this property include a fire extinguisher, a smoke detector, and a first aid kit</li>  </ul></p><p>Special Instructions : Front desk staff will greet guests on arrival.</p>",52-744-4840994,Spa services on site Outdoor seasonal pool Safe-deposit box at front desk Smoke-free property Snack bar/deli Number of coffee shops/cafes - 1 Laundry facilities Children's pool elevator Self parking (surcharge) Offsite parking reservations required Hair salon Dry cleaning/laundry service Shopping on site Distance from property (meters) - 100 Uncovered parking Lot Hours - End time - 11:00 PM Pool umbrellas Number of meeting rooms - 1 Lot Hours - Start time - 7:00 AM Free wired Internet Free WiFi Number of bars/lounges - 1 Garden Picnic area In-room accessibility (in select rooms) Wedding services Tours/ticket assistance Beach towels Area shuttle (surcharge) Luggage storage Distance from property (ft) - 328 Porter/bellhop 24-hour front desk Golfing nearby Terrace Pool sun loungers,16.85496|-99.858889,52-744-4841070,39690,http://www.acapulcomalibu.com/en.php
MX,Mexico,100444,Acapulco,1146586,Panoramic,TwoStar,"CONDESA - FRACC.LA CONDESA, 1 ACAPULCO ",Bares y Restaurantes: within 1000 metre  Discotecas: within 3000 metre  CentrosComerciales: within 3000 metre  Centro de Diversiones: within 5000 metre  Unidad Deportiva: within 5000 metre ,"This hotel is located at the heart of the famous traditional area of La Condesa just a 30-minute drive from the international airport. A diversity of restaurants, cinemas, shops, bars and nightclubs are to be found in the near vicinity, as can Acapulco's renowned nightlife district.

The modern hotel features a safe, a lift, bar and wedding facilities.

The spacious, comfortable rooms afford a pleasant design and all the amenities necessary for a pleasant stay. Each is equipped with a bathroom, a direct dial telephone, satellite/ cable TV, an Internet connection, 2 double beds, a coffee machine, a balcony with views out over the bay, a ceiling fan, air conditioning, purified water, fire sprinklers and extinguishers, smoke alarms and, on request, cots for infants. Adjoining rooms or rooms with facilities adapted for use by the disabled may be booked.

Guests may relax in the pool with friends or family and enjoy the warm Acapulco climate. There are tennis courts to make use of as well as various other leisure facilities such as a a beach club, a kids' club and much, much more.

Delicious international dishes may either be taken à la carte or selected from a buffet in Restaurant Omega from whence wonderful views may be enjoyed out over Acapulco Bay.",,Hotel MasterCard Visa Bathroom Shower TV Centrally regulated air conditioning Balcony Terrace Mobile phone coverage Room service Laundry service Launderette Medical service Hotel safe Currency exchange facilities Lift access Shop Garden Café Bar Restaurant Poolside snack bar Conference room Parasols Entertainment programme for adults Entertainment programme for children Breakfast Breakfast buffet Continental Breakfast À la carte lunch Set menu lunch Buffet dinner À la carte dinner Set menu dinner Volleyball Tennis,16.8598637108788|-99.8664280772209,,39670,
MX,Mexico,100444,Acapulco,1146592,Boca Chica,ThreeStar,Punta Caletilla Fracc. Las Playas Fracc. Las Playas39390 AcapulcoGuerrero ,Distances are displayed to the nearest 0.1 mile and kilometer. <br /> <p>Playa Caletilla - 0.1 km / 0.1 mi <br /> Playas Caleta - 0.2 km / 0.1 mi <br /> Barco Palao - 0.6 km / 0.4 mi <br /> Capilla Submarina - 0.8 km / 0.5 mi <br /> Sinfonia - 2.3 km / 1.4 mi <br /> Tlacopanocha Beach - 2.5 km / 1.6 mi <br /> La Quebrada Cliffs - 2.9 km / 1.8 mi <br /> Mural Diego Rivera - 3 km / 1.9 mi <br /> Zocalo - 3.1 km / 1.9 mi <br /> La Catedral - 3.1 km / 1.9 mi <br /> Fort San Diego - 3.6 km / 2.2 mi <br /> Reina Park - 3.7 km / 2.3 mi <br /> Casa de Mascara (House of Masks) - 3.8 km / 2.4 mi <br /> Tamarind Beach - 3.9 km / 2.4 mi <br /> Mercado Centro - 4.7 km / 2.9 mi <br /> </p><p>The preferred airport for Hotel Boca Chica Acapulco is Acapulco  Guerrero (ACA-General Juan N. Alvarez Intl.) - 28.6 km / 17.8 mi </p>,"<p>HeadLine : Near Playa Caletilla</p><p>Location : Located in Acapulco (Caleta), Hotel Boca Chica Acapulco is steps from Playa Caletilla and a 3-minute drive from Zocalo.  This beach hotel is 3.8 mi (6 km) from Condesa Beach and 1.9 mi (3.1 km) from La Quebrada Cliffs.</p><p>Rooms : Make yourself at home in one of the 36 guestrooms featuring minibars and plasma televisions. Complimentary wireless Internet access keeps you connected, and cable programming is available for your entertainment. Private bathrooms with showers feature complimentary toiletries and hair dryers. Conveniences include safes and desks, and housekeeping is provided daily.</p><p>Dining : Enjoy fusion cuisine at Club Del Mar, a restaurant where you can take in the ocean view, or stay in and take advantage of the room service (during limited hours). Relax with your favorite drink at the bar/lounge or the poolside bar.</p><p>CheckIn Instructions : Extra-person charges may apply and vary depending on property policy. <br />Government-issued photo identification and a credit card, debit card, or cash deposit are required at check-in for incidental charges. <br />Special requests are subject to availability upon check-in and may incur additional charges. Special requests cannot be guaranteed.  <ul><li>The name on the credit card used at check-in to pay for incidentals must be the primary name on the guestroom reservation. </li>Noise-free guestrooms cannot be guaranteed. Please note that cultural norms and guest policies may differ by country and by property. The policies listed are provided by the property. </ul></p>",52-744-4839513,Bar/lounge Handrails in hallways Handrails in stairways elevator 24-hour front desk Wheelchair accessible  no Poolside bar Concierge services Spa treatment room(s) Porter/bellhop Restaurant Express check-out Tours/ticket assistance Free self parking Free WiFi Outdoor pool Smoke-free property Safe-deposit box at front desk Spa services on site Area shuttle (surcharge) Terrace Luggage storage Gift shops or newsstand Reception hall Parking (limited spaces) Beach towels Garage Wedding services Airport transportation (surcharge) Garden Multilingual staff Off-street parking Free newspapers in lobby,16.82992|-99.90642,52-744-4836741,39390,http://www.hotel-bocachica.com/
MX,Mexico,104976,Acayucan,1423550,Hotel Arcos del Parque,ThreeStar,"Hidalgo 804. Colonia Centro entre Pípila y Plaza de ArmasCentro96000 Acayucan, Veracruz ",Distances are displayed to the nearest 0.1 mile and kilometer. <br /> <p>Parroquia San Martin Obispo - 0.1 km / 0.1 mi <br /> Palacio Municipal - 0.2 km / 0.1 mi <br /> La Ceiba - 7.2 km / 4.5 mi <br /> San Pedro Church - 42.6 km / 26.4 mi <br /> Estadio 18 de Marzo - 43 km / 26.7 mi <br /> El Manati Natural Aquatic Park - 43.7 km / 27.1 mi <br /> Los Tuxtlas Biosphere Reserve - 44.3 km / 27.5 mi <br /> Plaza De Armas - 46.9 km / 29.2 mi <br /> Casa De La Iglesia - 49.8 km / 31 mi <br /> </p><p>The nearest major airport is Minatitlan  Veracruz (MTT-Coatzacoalcos National) - 60.7 km / 37.7 mi</p>,"<p>HeadLine : Near Palacio Municipal</p><p>Location : With a stay at Hotel Arcos del Parque in Acayucan, you ll be within a 5-minute walk of Parroquia San Martin Obispo and Palacio Municipal.  This hotel is 4.5 mi (7.2 km) from La Ceiba and 26.4 mi (42.6 km) from San Pedro Church.</p><p>Rooms : Make yourself at home in one of the 85 air-conditioned rooms featuring flat-screen televisions. Complimentary wireless Internet access keeps you connected, and cable programming is available for your entertainment. Private bathrooms with showers feature complimentary toiletries and hair dryers. Conveniences include phones, as well as desks and complimentary bottled water.</p><p>Dining : For lunch or dinner, stop by La Cascada, a restaurant that specializes in international cuisine. Dining is also available at the coffee shop/cafe, and room service (during limited hours) is provided. Cooked-to-order breakfasts are available daily from 7 AM to noon for a fee.</p><p>CheckIn Instructions : <ul>  <li>Extra-person charges may apply and vary depending on property policy</li><li>Government-issued photo identification and a credit card, debit card, or cash deposit may be required at check-in for incidental charges</li><li>Special requests are subject to availability upon check-in and may incur additional charges; special requests cannot be guaranteed</li><li>This property accepts credit cards, debit cards, and cash</li><li>Safety features at this property include a fire extinguisher, a smoke detector, and a first aid kit</li>  </ul></p><p>Special Instructions : Front desk staff will greet guests on arrival.</p>",52-924-2456455,Dry cleaning/laundry service Banquet hall Wheelchair accessible (may have limitations) Newspapers in lobby (surcharge) Ballroom Number of meeting rooms - 2 Free WiFi Designated smoking areas Number of outdoor pools - 1 In-room accessibility (in select rooms) Wheelchair accessible parking Tours/ticket assistance Luggage storage Business center 24-hour front desk Breakfast available (surcharge) Coffee/tea in common areas Number of coffee shops/cafes - 1 Laundry facilities Children's pool Free self parking Conference space Free valet parking Terrace Wheelchair accessible path of travel,17.949031|-94.912968,+529242456455,96000,http://www.hotelarcosdelparque.com/
MX,Mexico,104976,Acayucan,1427999,Hotel Joalicia,FourStar,Zaragoza 4 96000 Acayucan ,,"Offering a restaurant and an extensive garden, Hotel Joalicia is located in front of Acayucan central park. It features Free WiFi access is available in all areas.

Each room here will provide you with air conditioning and city views. The bathrooms come with a shower.

At Hotel Joalicia you will find a 24-hour front desk and a bar, also guests can find a variety of restaurants within 1 km.

Other facilities offered at the property include a tour desk, luggage storage and on-site shops. The property offers free parking.

Hotel Joalicia is about 3 hours drive from Veracruz International Airport. Please note that the check-in and key-collection take place at: Zaragoza 4 esquina Victoria, 96000 Acayucan, Veracruz.
Please inform Hotel Joalicia in advance of your expected arrival time. You can use the Special Requests box when booking, or contact the property directly with the contact details provided in your confirmation.",,Free self parking Restaurant Room service Meeting rooms Bar/lounge 24-hour front desk Non-smoking rooms Business center Laundry facilities Facilities for disabled guests Family rooms VIP room facilities Breakfast service Ironing service Bridal suite Internet access Elevator/lift Express check-in Safe-deposit box at front desk Currency exchange Soundproof rooms Packed lunches Tour desk Fax/photocopying Luggage storage Shopping on site Free WiFi Free WiFi Non-smoking throughout Air conditioning Private check-in/check-out Special diet menus (on request) Trouser press Evening entertainment Daily housekeeping Grocery/convenience store Parking onsite Private parking Kid meals,17.94829|-94.91316,+529242450200,96000,https://www.booking.com/hotel/mx/joalicia.html
MX,Mexico,100233,Actopan,1047074,Quinta Rivera,TwoStar,Lerdo De Tejada No. 50 Colonia CentroActopan42500 Pachuca ,Distances are displayed to the nearest 0.1 mile and kilometer. <br /> <p>Saint Nicholas Tolentino Convent - 0.6 km / 0.4 mi <br /> Juarez Square - 0.9 km / 0.5 mi <br /> Xoxafi Caves - 18.8 km / 11.7 mi <br /> University of Football and Sports Science - 29.3 km / 18.2 mi <br /> Te-Pathé - 34.1 km / 21.2 mi <br /> Auditorium Gota de Plata - 34.7 km / 21.6 mi <br /> Galerias Pachuca Mall - 34.8 km / 21.6 mi <br /> Hidalgo Stadium - 34.8 km / 21.6 mi <br /> International Soccer Hall of Fame - 34.8 km / 21.6 mi <br /> Mundo Futbol Interactive Center - 34.8 km / 21.6 mi <br /> David Ben Gurion Park - 34.8 km / 21.6 mi <br /> Center of Art and Philosophy - 35.8 km / 22.3 mi <br /> Barranca de Metztilan Biosphere Reserve - 36 km / 22.4 mi <br /> Hidalgo Theater - 36.5 km / 22.7 mi <br /> Monumental Clock of Pachuca - 36.5 km / 22.7 mi <br /> </p><p>The preferred airport for Quinta Rivera is Benito Juarez International Airport (MEX) - 116.7 km / 72.5 mi </p>,"<p>HeadLine : Near Saint Nicholas Tolentino Convent</p><p>Location : A stay at Quinta Rivera places you in the heart of Actopan, within a 15-minute walk of Saint Nicholas Tolentino Convent and Juarez Square.  This hotel is 24.8 mi (39.9 km) from El Chico National Park and 11.7 mi (18.8 km) from Xoxafi Caves.</p><p>Rooms : Make yourself at home in one of the 54 guestrooms. Complimentary wireless Internet access keeps you connected, and cable programming is available for your entertainment. Bathrooms have showers and complimentary toiletries. Conveniences include phones, as well as safes and complimentary bottled water.</p><p>Dining : Satisfy your appetite for lunch, dinner, or brunch at the hotel s restaurant, Otomi, or stay in and take advantage of the room service (during limited hours). Quench your thirst with your favorite drink at the bar/lounge. Buffet breakfasts are available daily from 7:30 AM to noon for a fee.</p><p>CheckIn Instructions : <ul>  <li>Extra-person charges may apply and vary depending on property policy</li><li>Government-issued photo identification and a cash deposit may be required at check-in for incidental charges</li><li>Special requests are subject to availability upon check-in and may incur additional charges; special requests cannot be guaranteed</li><li>This property accepts credit cards, debit cards, and cash</li>  </ul></p><p>Special Instructions : Front desk staff will greet guests on arrival.</p>",52-772-727 07 72,Playground on site Safe-deposit box at front desk Smoke-free property Ecotours nearby Laundry facilities Free self parking Conference space Terrace Dry cleaning/laundry service Mountain biking nearby Banquet hall Wheelchair accessible (may have limitations) Ballroom Reception hall Meeting rooms Free WiFi Number of bars/lounges - 1 Arcade/game room Number of outdoor pools - 1 Garden Wedding services Rooftop terrace Express check-out Porter/bellhop Business center 24-hour front desk Breakfast available (surcharge),20.263033|-98.943534,52-772-721 15 60,42500,http://www.hotelquintarivera.com
