countyCode,countyName,cityCode,cityName,HotelCode,HotelName,HotelRating,Address,Attractions,Description,FaxNumber,HotelFacilities,Map,PhoneNumber,PinCode,HotelWebsiteUrl
NL,Netherlands,106747,'s Gravenmoer,1418470,Hotel Restaurant Hof van 's Gravenmoer,ThreeStar,Hoofdstraat 71 5109 AB 's GravenmoerNordbrabantNiederlande ,,"The family-run Hotel Restaurant Hof van s Gravenmoer  is set in the quiet s Gravenmoer countryside and overlooks an orchard. It has a terrace and spacious rooms with free wired internet.

Rooms come with a flat-screen TV and a desk. All include a private bathroom, and some have a glass-walled shower. Some open onto a terrace.

The breakfast room at Hotel Hof serves home-made breakfast and has a fireplace. Guests can also relax in the bar, which features wooden-beamed ceilings and a rustic décor. The hotel is equipped with a private restaurant, where guests can enjoy an à la carte dinner.

Hiking and cycling routes are available at the on-site tourist information point. Guests can cycle to Brabant Golf, just 8 km away. The Efteling amusement park is a 10-minute drive, and the Beekse Bergen Zoo is 30 minutes drive from  s Gravenmoer. Please inform Hotel Restaurant Hof van s Gravenmoer in advance of your expected arrival time. You can use the Special Requests box when booking, or contact the property directly with the contact details provided in your confirmation.
In response to Coronavirus (COVID-19), additional safety and sanitation measures are in effect at this property.
In accordance with government guidelines to minimise transmission of the Coronavirus (COVID-19), this property may request additional documentation from guests to validate identity, travel itinerary and other relevant information, during dates where such guidelines exist.
Restaurant Hof van s Gravenmoer is closed from Thu 15 Jun 2023 until Sun 06 Aug 2023
Please note guests have to pay during check-in.",+31(0)0000,Parking Restaurant Room service Bar Golf course (within 3 km) Garden Terrace Non-smoking rooms dry cleaning Facilities for disabled guests Family rooms breakfast in the room Ironing service Free parking internet services express check-in/check-out Soundproof rooms Packed lunches Cycling Tour desk Heating Luggage storage wifi Allergy-free room Walking tours Bike tours Tour or class about local culture 24-hour security Key access Security alarm Smoke alarms CCTV in common areas CCTV outside property Fire extinguishers bicycle rental use of cleaning chemicals that are effective against coronavirus linens  towels and laundry washed in accordance with local authority guidelines guest accommodation is disinfected between stays guest accommodation sealed after cleaning physical distancing in dining areas food can be delivered to guest accommodation staff follow all safety protocols as directed by local authorities shared stationery such as printed menus  magazines  pens  and paper removed hand sanitizer in guest accommodation and key areas process in place to check health of guests first aid kit available contactless check-in/check-out cashless payment available physical distancing rules followed screens or physical barriers placed between staff and guests in appropriate areas invoice provided all plates  cutlery  glasses and other tableware have been sanitized guests have the option to cancel any cleaning services for their accommodation during their stay face masks for guests available Free WiFi Non-smoking throughout Sun terrace concierge service Private check-in/check-out Special diet menus (on request) shared lounge/TV area Daily housekeeping parking on site Private parking wifi available in all areas board games/puzzles Indoor play area Baby safety gates Kid meals Kid-friendly buffet Wheelchair accessible Toilet with grab rails Higher level toilet Outdoor furniture Picnic area temporary art galleries,51.65178|4.94195,+31162301939,5109 AB,https://www.booking.com/hotel/nl/hof-van-s-gravenmoer.html
NL,Netherlands,136789,'s-Gravenzande,1273538,Duynparc de Heeren van S-Gravensande,ThreeStar,Nieuwlandsedijk 16 2691 KW  s-Gravenzande ,,"Duynparc De Heeren van s Gravensande is located in the coast district sGravensande. It is built in the dunes and within walking distance of the North Sea beaches. WiFi access is available in this holiday park.

The accommodation will provide you with a TV, a garden and a patio.There is a well-equipped kitchen with a refrigerator and kitchenware. The private bathroom also comes with a bath or shower. Almost all various types of detached houses, built in Caribbean style, have one or more porches. This accommodation also offers a sandwich service.

If you feel like visiting the surroundings, check out the beach (1 km) and Atlantikwall Museum (2.2 km). This holiday park is 55 km from Schiphol Airport.  The property offers free parking.Rotterdam and Den Haag can be reached within a 20 minutes-drive.  A damage deposit of EUR 65 is required. The host charges this 14 days before arrival. This will be collected by bank transfer. You should be reimbursed within 14 days of check-out. Your deposit will be refunded in full via bank transfer, subject to an inspection of the property.
Guests are required to show a photo identification and credit card upon check-in. Please note that all Special Requests are subject to availability and additional charges may apply.
This property will not accommodate hen, stag or similar parties.
Please note that the property is obliged to only offer leisure stay, as mandated by local government.

Roompot Vakanties will send a booking confirmation within 24 hours after booking with information detailed deposit and payment information. After full payment is taken, the propertys details, including the address and where to collect keys, will be emailed to you. If the full amount is not paid before arrival, it may happen that your property is no longer available.

Credit card information can be asked to secure your booking. These will not be used to collect the payment.

Bed linen are mandatory as well; an extra cost of EUR 8 per person will apply.
Please contact the accommodation before your arrival if you want to book towels.

A security deposit of EUR 65 is required for incidentals. This deposit is fully refundable within two weeks after booking via bank transfer and subject to a damage inspection of the accommodation.

When travelling with pets, please note that confirmation of the accommodation is required before arrival. You can request a pet stay via the Special Request box.

Please note that the person making the booking must be 21 years minimum.

It is not possible to place extra beds and exceed the maximum capacity of the bungalow.

Please note that all potential cancellations should be handled via Booking.com.",,Free self parking Pets allowed Golf course (within 3 km) Garden Terrace Non-smoking rooms Fishing Internet access Bicycle rental (additional charge) Free WiFi Free WiFi Non-smoking throughout Mini-market on site Parking onsite Private parking,51.99798|4.13558,,2691 KW,https://www.booking.com/hotel/nl/duynparc-de-heeren-van-s-gravensande.html
NL,Netherlands,136789,'s-Gravenzande,1593808,Vlugtenburg,All,'T Louwtje 10 2691 KR 'S-Gravenzande ,,"A seaside location, modern facilities and a range of luxurious services combine at Vlugtenburg. The bungalows, which are 300 metres from the beach,  have a flat-screen cable TV and WiFi is available.

Vlugtenburg offers bungalows with an open-plan living area with a sofa, dining area and an open-plan kitchen benefiting from a dishwasher, a microwave and coffee/tea making facilities. The bungalows also have their own private terrace with sun loungers and outdoor furniture.

Hoek van Holland is a 5-minute drive from Vlugtenburg and s-Gravenzandes city centre is a 30-minute walk away from the holiday park.

Some of the many extra services offered include a kids club and a charging point for electrical cars.

During the summer months, Paviljoen Hé Pannenkoek serves pancakes, fries, pizza and other food. It is also possible to order breakfast. The restaurant also boasts a terrace. Payment before arrival via bank transfer is required. The property will contact you after you book to provide instructions.
This property will not accommodate hen, stag or similar parties.
A damage deposit of EUR 250 is required on arrival. You should be reimbursed within 14 days of check-out.
Please note that 14 days after the reservation is made the down payment has to be paid, either by credit card or bank transfer. The final payment has to be paid 14 days before arrival. If the reservation is made within 14 days before arrival, the complete amount has to be paid directly.

Check-in is possible at the reception desk, please contact the reception if you arrive later than; Mon-Fri 17:30 pm, Saturday 15:00 pm, Sunday 14:00 pm.

Guests can use 100 MB Wi-Fi one time for free. When this is exceeded, guests can purchase extra internet data.

Please note that the following options are available at an extra charge:
- Towel package EUR 7.50
- Kitchen linen package EUR 5
- Childrens cot EUR 15
- Childrens high chair EUR 15

Please note that the kids club is only available during July and August.

Please note that barbecue facilities are available at a surcharge, subject to availability.",,Entertainment staff Private check-in/check-out Beachfront parking on site Private parking wifi available in all areas paid wifi Kid meals electric vehicle charging station Parking Restaurant Pets allowed Garden Terrace Non-smoking rooms Laundry breakfast in the room Free parking internet services children's playground Table tennis BBQ facilities Cycling Heating Fax/photocopying wifi Non-smoking throughout Beach Walking tours Bike tours Key access bicycle rental invoice provided,52.00297|4.13856,+31174412420,2691 KR,https://www.booking.com/hotel/nl/vlugtenburg.html
NL,Netherlands,136789,'s-Gravenzande,1745188,Hotel De Gravin,All,Monsterseweg 5 2691 JA 's-Gravenzande ,,"Hotel De Gravin is situated in s-Gravenzande, 1,8 km from the beach and 23 km from Rotterdam. Guests can enjoy the on-site bar.

All units have a seating area where you can relax and coffee/tea facilities. Every room is fitted with a private bathroom. Extras include free toiletries and a hair dryer. Hotel De Gravin features free WiFi throughout the property. A flat-screen TV is offered.

You will find a shared lounge at the property.

The village centre is within walking distance, where restaurants can be found. Bike hire is available at this hotel and the area is popular for cycling. The Hague is 13 km from Hotel De Gravin, while Scheveningen is 14 km from the property. The nearest airport is Rotterdam The Hague Airport, 20 km from the property. Please inform Hotel De Gravin in advance of your expected arrival time. You can use the Special Requests box when booking, or contact the property directly with the contact details provided in your confirmation.
Guests under the age of 18 can only check in with a parent or official guardian.

The guests can check in at the hotel but some rooms are not located in the hotel.

These Rooms are 100 meters from the hotel:
Deluxe single room
Apartment split level
Studio with garden view

All the facilities are located in the hotel.",,Parking meeting/banquet facilities Bar Garden Terrace Non-smoking rooms Business centre dry cleaning breakfast in the room Free parking internet services Safety Deposit Box Cycling Heating Fax/photocopying Luggage storage wifi Free WiFi Non-smoking throughout Air conditioning Private check-in/check-out shared lounge/TV area Beachfront Daily housekeeping wifi available in all areas Street parking Wine/champagne Fruits coffee house on site Outdoor furniture Beach Smoke alarms Fire extinguishers bicycle rental use of cleaning chemicals that are effective against coronavirus linens  towels and laundry washed in accordance with local authority guidelines guest accommodation is disinfected between stays guest accommodation sealed after cleaning physical distancing in dining areas food can be delivered to guest accommodation staff follow all safety protocols as directed by local authorities shared stationery such as printed menus  magazines  pens  and paper removed hand sanitizer in guest accommodation and key areas process in place to check health of guests first aid kit available contactless check-in/check-out cashless payment available physical distancing rules followed screens or physical barriers placed between staff and guests in appropriate areas invoice provided property is cleaned by professional cleaning companies all plates  cutlery  glasses and other tableware have been sanitized guests have the option to cancel any cleaning services for their accommodation during their stay delivered food is securely covered face masks for guests available,52.00551|4.15859,+31174820170,2691 JA,https://www.booking.com/hotel/nl/de-gravin.html
NL,Netherlands,136789,'s-Gravenzande,1920335,De Staelduinhoeve,All,Maasdijk 172 2691 NX S-Gravenzande ,,"Providing garden views, de Staelduinhoeve in s-Gravenzande provides accommodation, barbecue facilities and a terrace.

All units come with a seating area, a flat-screen TV with satellite channels and a private bathroom with a hairdryer and shower. There is also a kitchen, this a shared kitchen when renting one of the rooms in the accommodation, equipped with a dishwasher, an oven, and a stovetop.

Guests at the holiday home can enjoy a continental breakfast.

After a day of hiking, windsurfing or fishing, guests can relax in the garden or in the shared lounge area.

Scheveningen is 22 km from de Staelduinhoeve, while Noordwijk aan Zee is 49 km away. The nearest airport is Rotterdam The Hague Airport, 27 km from the accommodation. This property will not accommodate hen, stag or similar parties.
Please inform de Staelduinhoeve in advance of your expected arrival time. You can use the Special Requests box when booking, or contact the property directly with the contact details provided in your confirmation.",,Parking Tennis Court Garden Terrace Non-smoking rooms Fishing Family rooms Games room Free parking internet services Windsurfing Soundproof rooms Hiking BBQ facilities Heating Horse riding Non-smoking throughout Snack Bar Sun terrace Private check-in/check-out shared lounge/TV area parking on site Outdoor furniture Picnic area Beach Key access Smoke alarms Fire extinguishers bicycle rental use of cleaning chemicals that are effective against coronavirus linens  towels and laundry washed in accordance with local authority guidelines guest accommodation is disinfected between stays guest accommodation sealed after cleaning physical distancing in dining areas food can be delivered to guest accommodation staff follow all safety protocols as directed by local authorities hand sanitizer in guest accommodation and key areas first aid kit available contactless check-in/check-out cashless payment available physical distancing rules followed invoice provided property is cleaned by professional cleaning companies all plates  cutlery  glasses and other tableware have been sanitized delivered food is securely covered face masks for guests available,51.98039|4.1797,+31654723613,2691 NX,https://www.staelduinhoeve.nl/
NL,Netherlands,136789,'s-Gravenzande,5486871,De Sluiswachter,All,Sluiswachterstraat 31  ,,"Set in s-Gravenzande, De Sluiswachter offers accommodation with free WiFi and flat-screen TV, as well as free bikes.

All units comprise a seating area, and a fully equipped kitchenette with various cooking facilities, including a microwave, a fridge and a minibar. There is a private bathroom with shower in some units, along with bathrobes, a hairdryer and free toiletries.

The bed and breakfast offers a continental or American breakfast.

If you would like to discover the area, cycling and fishing are possible in the surroundings.

Ter Heijde Beach is 1.8 km from De Sluiswachter, while Vlugtenburg Beach is 1.9 km away. The nearest airport is Rotterdam The Hague Airport, 32 km from the accommodation. Please inform De Sluiswachter in advance of your expected arrival time. You can use the Special Requests box when booking, or contact the property directly with the contact details provided in your confirmation.
If you require an invoice when booking a prepaid rate, please write this request and your company details in the <b>Ask a question</b> box.
This property will not accommodate hen, stag or similar parties.
Guests are required to show a photo identification and credit card upon check-in. Please note that all Special Requests are subject to availability and additional charges may apply.
If you cause damage to the property during your stay, you could be asked to pay up to EUR 100 after check-out, according to this propertys <a target=_blank href=""https://booking.com/content/terms.html#nov2021_terms_accommodations_know_subheading_5"">Damage Policy</a>.",,Non-smoking rooms Fishing Family rooms internet services express check-in/check-out Safety Deposit Box Windsurfing Cycling Heating wifi Allergy-free room Free WiFi Non-smoking throughout Private check-in/check-out Special diet menus (on request) board games/puzzles Public transport tickets coffee house on site Beach Walking tours Bike tours 24-hour security Key access Smoke alarms CCTV outside property Fire extinguishers bicycle rental hand sanitizer in guest accommodation and key areas first aid kit available cashless payment available physical distancing rules followed invoice provided,52.0066|4.15877,,2694 CA,https://www.booking.com/hotel/nl/de-sluiswachter.html
NL,Netherlands,136789,'s-Gravenzande,6098657,Spacious Chalet With a Terrace at 200 m. From the Beach,ThreeStar,"'t Louwtje 10,4,CHALET 4  ",Distances are displayed to the nearest 0.1 mile and kilometer. <br /> <p>Hoek van Holland Beach - 1.6 km / 1 mi <br /> Dutch Coastal Defense Museum - 3.4 km / 2.1 mi <br /> Hoek van Holland Ferry Terminal - 3.7 km / 2.3 mi <br /> Kijkduin Beach - 11 km / 6.8 mi <br /> De Uithof - 12.7 km / 7.9 mi <br /> Theater Koningshof - 12.8 km / 7.9 mi <br /> The Hague Market - 16.2 km / 10.1 mi <br /> Kunstmuseum Den Haag - 17.7 km / 11 mi <br /> The Hague Public Transport Museum - 17.9 km / 11.1 mi <br /> Museon - 18 km / 11.2 mi <br /> Paard van Troje - 18.2 km / 11.3 mi <br /> World Forum Convention Centre - 18.5 km / 11.5 mi <br /> Peace Palace - 18.6 km / 11.5 mi <br /> Panorama Mesdag - 18.7 km / 11.6 mi <br /> Stadhuis - 18.9 km / 11.7 mi <br /> </p><p>The nearest major airport is Rotterdam (RTM-Rotterdam The Hague) - 31 km / 19.3 mi</p>,"<p>HeadLine : Near Hoek van Holland Beach</p><p>Location : Located in  s-Gravenzande, this chalet is a 2-minute drive from Hoek van Holland Beach and 5 minutes from Dutch Coastal Defense Museum.  This chalet is 11.5 mi (18.6 km) from Peace Palace and 12.2 mi (19.7 km) from Madurodam.</p><p>Rooms : Make yourself comfortable in your individually furnished accommodation, featuring a refrigerator and a microwave. The bathroom has a shower.</p><p>Dining : Breakfast is available for a fee.</p><p>CheckIn Instructions : Extra-person charges may apply and vary depending on property policy Government-issued photo identification and a credit card, debit card, or cash deposit may be required at check-in for incidental charges Special requests are subject to availability upon check-in and may incur additional charges; special requests cannot be guaranteed No onsite parking is available This property accepts credit cards; cash is not accepted Please note that cultural norms and guest policies may differ by country and by property; the policies listed are provided by the property</p><p>Special Instructions : Barbecue grills are available for a surcharge and must be requested in advance. Towels are not included in the room rate. Towels are available for a surcharge or guests must bring their own.</p>",,Barbecue grill(s) Laundry facilities Free bicycles on site Terrace Free WiFi Arcade/game room Breakfast available (surcharge) Smoke-free property,52.00182|4.13659,410442743080,2691KR,
NL,Netherlands,136789,'s-Gravenzande,6099860,Modern Holiday Home With Conservatory at 200m From the Beach,ThreeStar,"'t Louwtje 10,8,PRIVATE_VACATION_HOME 8  ",Distances are displayed to the nearest 0.1 mile and kilometer. <br /> <p>Hoek van Holland Beach - 1.6 km / 1 mi <br /> Dutch Coastal Defense Museum - 3.4 km / 2.1 mi <br /> Hoek van Holland Ferry Terminal - 3.7 km / 2.3 mi <br /> Kijkduin Beach - 11 km / 6.8 mi <br /> De Uithof - 12.7 km / 7.9 mi <br /> Theater Koningshof - 12.8 km / 7.9 mi <br /> The Hague Market - 16.2 km / 10.1 mi <br /> Kunstmuseum Den Haag - 17.7 km / 11 mi <br /> The Hague Public Transport Museum - 17.9 km / 11.1 mi <br /> Museon - 18 km / 11.2 mi <br /> Paard van Troje - 18.2 km / 11.3 mi <br /> World Forum Convention Centre - 18.5 km / 11.5 mi <br /> Peace Palace - 18.6 km / 11.5 mi <br /> Panorama Mesdag - 18.7 km / 11.6 mi <br /> Stadhuis - 18.9 km / 11.7 mi <br /> </p><p>The nearest major airport is Rotterdam (RTM-Rotterdam The Hague) - 31 km / 19.3 mi</p>,"<p>HeadLine : Near Hoek van Holland Beach</p><p>Location : Located in  s-Gravenzande, this vacation home is a 2-minute drive from Hoek van Holland Beach and 5 minutes from Dutch Coastal Defense Museum.  This vacation home is 11.5 mi (18.6 km) from Peace Palace and 12.2 mi (19.7 km) from Madurodam.</p><p>Rooms : Make yourself comfortable in your individually furnished vacation home, featuring a refrigerator and a microwave. The bathroom has a shower.</p><p>Dining : Breakfast is available for a fee.</p><p>CheckIn Instructions : Extra-person charges may apply and vary depending on property policy Government-issued photo identification and a credit card, debit card, or cash deposit may be required at check-in for incidental charges Special requests are subject to availability upon check-in and may incur additional charges; special requests cannot be guaranteed No onsite parking is available This property accepts credit cards; cash is not accepted Please note that cultural norms and guest policies may differ by country and by property; the policies listed are provided by the property</p><p>Special Instructions : Barbecue grills are available for a surcharge and must be requested in advance. Towels are not included in the room rate. Towels are available for a surcharge or guests must bring their own.</p>",,Barbecue grill(s) Terrace Wheelchair accessible path of travel Accessible bathroom Free WiFi Breakfast available (surcharge) Smoke-free property Garden,52.00182|4.13659,410442743080,2691KR,
NL,Netherlands,136789,'s-Gravenzande,6104949,Unique Bungalow on the Dunes at Only 200 m. From the Beach,TwoStar,"'t Louwtje 10,2,PRIVATE_VACATION_HOME 2  ",Distances are displayed to the nearest 0.1 mile and kilometer. <br /> <p>Hoek van Holland Beach - 1.6 km / 1 mi <br /> Dutch Coastal Defense Museum - 3.4 km / 2.1 mi <br /> Hoek van Holland Ferry Terminal - 3.7 km / 2.3 mi <br /> Kijkduin Beach - 11 km / 6.8 mi <br /> De Uithof - 12.7 km / 7.9 mi <br /> Theater Koningshof - 12.8 km / 7.9 mi <br /> The Hague Market - 16.2 km / 10.1 mi <br /> Kunstmuseum Den Haag - 17.7 km / 11 mi <br /> The Hague Public Transport Museum - 17.9 km / 11.1 mi <br /> Museon - 18 km / 11.2 mi <br /> Paard van Troje - 18.2 km / 11.3 mi <br /> World Forum Convention Centre - 18.5 km / 11.5 mi <br /> Peace Palace - 18.6 km / 11.5 mi <br /> Panorama Mesdag - 18.7 km / 11.6 mi <br /> Stadhuis - 18.9 km / 11.7 mi <br /> </p><p>The nearest major airport is Rotterdam (RTM-Rotterdam The Hague) - 31 km / 19.3 mi</p>,"<p>HeadLine : Near Hoek van Holland Beach</p><p>Location : Located in  s-Gravenzande, this vacation home is a 2-minute drive from Hoek van Holland Beach and 5 minutes from Dutch Coastal Defense Museum.  This vacation home is 11.5 mi (18.6 km) from Peace Palace and 12.2 mi (19.7 km) from Madurodam.</p><p>Rooms : Make yourself comfortable in your individually furnished vacation home, featuring a refrigerator and a microwave. The bathroom has a shower.</p><p>Dining : Breakfast is available for a fee.</p><p>CheckIn Instructions : Extra-person charges may apply and vary depending on property policy Government-issued photo identification and a credit card, debit card, or cash deposit may be required at check-in for incidental charges Special requests are subject to availability upon check-in and may incur additional charges; special requests cannot be guaranteed This property accepts credit cards Please note that cultural norms and guest policies may differ by country and by property; the policies listed are provided by the property</p><p>Special Instructions : Barbecue grills are available for a surcharge and must be requested in advance. Towels are not included in the room rate. Towels are available for a surcharge or guests may bring their own.</p>",,Barbecue grill(s) Laundry facilities Free bicycles on site Terrace Free WiFi Arcade/game room WiFi (surcharge) Breakfast available (surcharge) Smoke-free property Garden,52.00182|4.13659,410442743080,2691KR,
NL,Netherlands,100752,s-Heerenberg,1300255,Hotel De Lantscroon,ThreeStar,Molenstraat 12 7041 AE s-Heerenberg ,,"This welcoming 3-star hotel is situated in a historic building that was built in 1450 and is ideally located in the centre of s-Heerenberg.

The traditional atmosphere can be recognised throughout the whole of Hotel de Lantscroon; for example in the old ceilings, leaded light windows and traditional Dutch architecture.

There is an à la carte restaurant with various menus that are based on seasonal food. For your convenience the hotel has a lift, while rooms for the disabled are also available. Unique to the hotel is the famous library with many interesting books to read. Wi-Fi is also available. After a long day of business or site seeing you can relax in the hotels spa bath and sauna.

The central location and good facilities makes Hotel de Lantscroon a great place to stay when visiting this historic city on the Dutch-German border. Please note that use of the spa bath or sauna will incur and extra charge.",+31314663318,Parking Restaurant Pets allowed Bar Sauna Terrace Non-smoking rooms Facilities for disabled guests Free parking internet services lift Safety Deposit Box Hot tub/jacuzzi Bicycle rental (additional charge) wifi Free WiFi Non-smoking throughout parking on site wifi available in all areas,51.87527|6.24352,+31 314 664 157,7041 AE,https://www.booking.com/hotel/nl/lantscroon.html
NL,Netherlands,100752,s-Heerenberg,1403146,Kasteel Huis Bergh,ThreeStar,Hof van Bergh 8 7041 AC s-Heerenberg ,,"Kasteel Huis Bergh dates from the 12th Century and is located on an ancient fortified island in Heerenberg. It features private woodland gardens and free Wi-Fi throughout the hotel.

The guest suites in Kasteel Huis Bergh are located in two old towers in the castles outer bailey. The suites are spread over two floors and each features a flat-screen TV, a kitchenette and a sun terrace.

Grand Café Heeren Dubbel has an international kitchen, which serves lunch and high tea in a picturesque setting.

Kasteel Huis Bergh is 4 km from Zeddam, where there is the only remaining working medieval tower mill in The Netherlands. Borghees Golf Club is just 4 km away, and it is 30 km to the historic town of Arnhem.

Kasteel Huis Bergh is 80 minutes drive from Eindhoven Airport. Free on-site car parking is available. Please inform Kasteel Huis Bergh in advance of your expected arrival time. You can use the Special Requests box when booking, or contact the property directly with the contact details provided in your confirmation.
This hotel is not accessible for wheelchairs.

Restaurant de Heren Dubbel is open from 10:30 -17:00.

Please note that during the low season (1 November - 2 April) the restaurant is only open on Saturdays and Sundays.",,breakfast takeaway containers wifi available in all areas Private parking contactless check-in/check-out all plates  cutlery  glasses and other tableware have been sanitized use of cleaning chemicals that are effective against coronavirus delivered food is securely covered Free parking meeting/banquet facilities guest accommodation is disinfected between stays Terrace physical distancing rules followed guests have the option to cancel any cleaning services for their accommodation during their stay Room service Soundproof rooms Heating Garden wifi Parking linens  towels and laundry washed in accordance with local authority guidelines Bridal suite Cycling hand sanitizer in guest accommodation and key areas On-site parking cashless payment available property is cleaned by professional cleaning companies food can be delivered to guest accommodation Non-smoking rooms breakfast in the room Free WiFi staff follow all safety protocols as directed by local authorities first aid kit available internet services Sun terrace,51.87452|6.24158,+31314661281,7041 AC,https://www.booking.com/hotel/nl/kasteel-huis-bergh.html
NL,Netherlands,100540,Aalden,1151357,Landal Aelderholt,All,Aelderholt 4 7854 TZ Aalden ,,"Located in Aalden in the Drenthe region with Golfclub de Gelpenberg nearby, Landal Aelderholt provides accommodation with free private parking.

There is a fully equipped kitchen with a dishwasher and coffee machine.

The holiday park offers a terrace and a childrens playground.

Dalen Station is 14 km from Landal Aelderholt, while Martensplek Golf is 15 km away. The nearest airport is Groningen Eelde Airport, 48 km from the accommodation. This property will not accommodate hen, stag or similar parties.
In response to Coronavirus (COVID-19), additional safety and sanitation measures are in effect at this property.
In the event of an early departure, the property will charge you the full amount for your stay.
You will receive a confirmation and invoice from Landal GreenParks after booking. All costs have to be paid to Landal GreenParks before arrival.

Pets are upon requests as they are not allowed in all accommodations. If you want to take a pet with you (maximum: 2 pets), please mention it in the field Special requests during the booking process. When your request is possible, the mandatory supplement (5.75  per pet per night) will be added to your confirmation and invoice you receive from Landal GreenParks and has to be paid before arrival.

Towels are not included in the room rate. You can rent them on site (for a fee) or bring your own.

The bowling lanes in week 25 (19-06-23 to 22-06-23) will only be available until 6pm. In weeks 26 and 27 (26 June to 6 July), the bowling will be completely closed due to renovation.",,Parking Restaurant Pets allowed meeting/banquet facilities Tennis Court Terrace Fishing Free parking internet services Massage children's playground Billiards Table tennis Bowling Squash wifi Indoor pool Non-smoking throughout Snack Bar parking on site Private parking wifi available in all areas paid wifi Parking garage electric vehicle charging station Swimming pool Swimming pool,52.7973|6.7051,+31591371919,7854 TZ,https://www.landal.nl/parken/aelderholt
NL,Netherlands,100540,Aalden,1627838,Aan de Aelder Esch,ThreeStar,Aelderstraat 68 7854 RS Aalden ,Distances are displayed to the nearest 0.1 mile and kilometer. <br /> <p>Ellert en Brammert - 10.7 km / 6.7 mi <br /> Orvelte Village Museum - 12.2 km / 7.6 mi <br /> Emmerdennen Hunebed - 14.7 km / 9.1 mi <br /> ATLAS Theater - 15.1 km / 9.4 mi <br /> Wildlands Adventure Zoo Emmen - 15.4 km / 9.6 mi <br /> Vincent Van Gogh Huis - 17 km / 10.6 mi <br /> Aqua Mundo De Huttenheugte - 18.7 km / 11.6 mi <br /> Hunebed D30 - 25.2 km / 15.6 mi <br /> Hunebed D27 - 28.2 km / 17.5 mi <br /> Hunebedcentrum - 28.3 km / 17.6 mi <br /> Hunebed D21 - 30 km / 18.6 mi <br /> Hunebed D22 - 30 km / 18.7 mi <br /> Hunebed D19 - 30.5 km / 19 mi <br /> Hunebed D20 - 30.6 km / 19 mi <br /> Drouwenerzand Attractiepark - 30.9 km / 19.2 mi <br /> </p><p>The nearest major airport is Groningen (GRQ-Eelde) - 52.4 km / 32.6 mi</p>,"<p>HeadLine : In Aalden</p><p>Location : With a stay at Aan de Aelder Esch in Aalden, you ll be within a 15-minute drive of Wildlands Adventure Zoo Emmen and Ellert en Brammert.  This bed & breakfast is 7.6 mi (12.2 km) from Orvelte Village Museum and 9.1 mi (14.7 km) from Emmerdennen Hunebed.</p><p>Rooms : Make yourself at home in of the guestrooms featuring private spa tubs. Kitchens are outfitted with full-sized refrigerators/freezers, stovetops, and espresso makers. Complimentary wireless Internet access is available to keep you connected. Private bathrooms with separate bathtubs and showers feature jetted bathtubs and rainfall showerheads.</p><p>Dining : Continental breakfasts are served on weekends from 8:00 AM to 10:00 AM for a fee.</p><p>CheckIn Instructions : Extra-person charges may apply and vary depending on property policy. <br />Government-issued photo identification and a credit card, debit card, or cash deposit are required at check-in for incidental charges. <br />Special requests are subject to availability upon check-in and may incur additional charges. Special requests cannot be guaranteed.  <ul><li>No onsite parking is available. </li></ul></p>",31-0-0,Terrace Free self parking Free WiFi Breakfast available (surcharge) Smoke-free property Garden,52.786775|6.71445,31-085-0606601,7854RS,http://www.aaldenbb.nl/
NL,Netherlands,100540,Aalden,1748148,Het Wapen Van Aelden,All,Aelderstraat 6 7854 RR Aalden ,,"Hotel & Grandcafe LiBo has a garden, shared lounge, a terrace and restaurant in Aalden. Among the facilities at this property are room service and a tour desk, along with free WiFi throughout the property. Some units at the property have a balcony with pool view.

All rooms at the hotel are fitted with a seating area, a flat-screen TV with cable channels and a private bathroom with free toiletries and a shower. At Hotel & Grandcafe LiBo the rooms are fitted with bed linen and towels.

A buffet, à la carte or continental breakfast is available each morning at the property.

The accommodation offers a childrens playground. The area is popular for hiking and cycling, and bike hire is available at Hotel & Grandcafe LiBo.

Golfclub de Gelpenberg is 3.2 km from the hotel, while Dalen Station is 13 km from the property. The nearest airport is Groningen Eelde Airport, 51 km from Hotel & Grandcafe LiBo.",+31591371479,Live music/performance Live sport events (broadcast) Archery Bingo 24-hour security Key access Security alarm Smoke alarms Fire extinguishers Swimming pool bicycle rental use of cleaning chemicals that are effective against coronavirus linens  towels and laundry washed in accordance with local authority guidelines food can be delivered to guest accommodation staff follow all safety protocols as directed by local authorities hand sanitizer in guest accommodation and key areas first aid kit available cashless payment available physical distancing rules followed guests have the option to cancel any cleaning services for their accommodation during their stay face masks for guests available Parking Restaurant Room service meeting/banquet facilities Tennis Court Golf course (within 3 km) Garden Terrace Non-smoking rooms Fishing Facilities for disabled guests Barber/beauty shop Family rooms Games room breakfast in the room Free parking internet services lift children's playground Soundproof rooms Hiking Packed lunches Cycling Tour desk Heating Fax/photocopying Luggage storage wifi Outdoor pool Free WiFi Non-smoking throughout designated smoking area Snack Bar Sun terrace outdoor pool (seasonal) Private check-in/check-out shuttle service (additional charge) Special diet menus (on request) vending machine (drinks) shared lounge/TV area minimarket on site Daily housekeeping parking on site wifi available in all areas water slide board games/puzzles kids' outdoor play equipment Baby safety gates Kid meals Kid-friendly buffet Street parking electric vehicle charging station Public transport tickets Accessible parking Wheelchair accessible Toilet with grab rails Heated pool Shallow end Wine/champagne Fruits Pet bowls coffee house on site Outdoor furniture Fence around pool Picnic area Swimming pool Shuttle service Walking tours Bike tours,52.79177|6.72489,+31591371241,7854 RR,https://www.booking.com/hotel/nl/het-wapen-van-aelden.html
NL,Netherlands,100430,Aalsmeer,1240806,Blue Mansion Hotel,ThreeStar,Oosteinderweg 248b 1432 BB Aalsmeer ,Distances are displayed to the nearest 0.1 mile and kilometer. <br /> <p>Historische Tuin Aalsmeer Horticultural Museum - 3.2 km / 2 mi <br /> Lion Mill Aalsmeer - 3.2 km / 2 mi <br /> Aalsmeer Flower Auction - 3.6 km / 2.3 mi <br /> Business Park Schiphol-Rijk - 4.1 km / 2.5 mi <br /> Amsterdamse Bos - 4.1 km / 2.5 mi <br /> Cobra Museum of Modern Art - 7 km / 4.4 mi <br /> Schouwburg Amstelveen - 7.1 km / 4.4 mi <br /> World Trade Center Schiphol Airport - 10 km / 6.2 mi <br /> Rijksmuseum Amsterdam Schiphol - 10.4 km / 6.4 mi <br /> VU University of Amsterdam - 11.3 km / 7 mi <br /> Ziggo Dome - 13.4 km / 8.3 mi <br /> De Meervaart Theater - 13.5 km / 8.4 mi <br /> AFAS Live - 13.6 km / 8.4 mi <br /> VU University Medical Center - 14 km / 8.7 mi <br /> Johan Cruyff Arena - 14 km / 8.7 mi <br /> </p><p>The nearest airports are:<br />Amsterdam Airport Schiphol (AMS) - 10.4 km / 6.5 mi<br /> Rotterdam (RTM-Rotterdam The Hague) - 57.5 km / 35.7 mi<br /> </p><p>The preferred airport for Blue Mansion Hotel is Amsterdam Airport Schiphol (AMS). </p>,"<p>HeadLine : Near Aalsmeer Flower Auction</p><p>Location : When you stay at Blue Mansion Hotel in Aalsmeer, you ll be near the airport, within a 5-minute drive of Historische Tuin Aalsmeer Horticultural Museum and Lion Mill Aalsmeer.  This eco-certified hotel is 4.4 mi (7 km) from Cobra Museum of Modern Art and 4.4 mi (7.1 km) from Schouwburg Amstelveen.</p><p>Rooms : Make yourself at home in one of the 41 guestrooms featuring iPod docking stations and LED televisions. Complimentary wireless Internet access keeps you connected, and digital programming is available for your entertainment. Private bathrooms with showers feature rainfall showerheads and complimentary toiletries. Conveniences include laptop-compatible safes and desks, and housekeeping is provided daily.</p><p>Dining : Enjoy a satisfying meal at Restaurant Blue Mansion serving guests of Blue Mansion Hotel. Wrap up your day with a drink at the bar/lounge. Buffet breakfasts are served on weekdays from 7:00 AM to 10:00 AM and on weekends from 8:00 AM to 11:00 AM for a fee.</p><p>CheckIn Instructions : <ul>  <li>Extra-person charges may apply and vary depending on property policy</li><li>Government-issued photo identification and a credit card, debit card, or cash deposit may be required at check-in for incidental charges</li><li>Special requests are subject to availability upon check-in and may incur additional charges; special requests cannot be guaranteed</li><li>This property accepts credit cards, debit cards, and cash</li><li>Safety features at this property include a smoke detector</li>  </ul></p><p>Special Instructions : Front desk staff will greet guests on arrival.</p>",31-29-736 41 28,Wheelchair-accessible on-site restaurant Distance from property (ft) - 164 Luggage storage Wheelchair-accessible lounge Off-street parking Fireplace in lobby Tours/ticket assistance Stair-free path to entrance Wheelchair accessible parking Garden Well-lit path to entrance Number of bars/lounges - 1 Free WiFi Television in common areas Wheelchair-accessible registration desk Wheelchair-accessible path to elevator Free parking nearby Wheelchair accessible (may have limitations) Distance from property (meters) - 50 Concierge services Bicycle rentals on site Wheelchair accessible path of travel Terrace Free self parking elevator Coffee/tea in common areas Smoke-free property Safe-deposit box at front desk Breakfast available (surcharge) 24-hour front desk Handrails in stairways,52.280154|4.786155,31-297-327718,1432BB,http://www.bluemansionhotel.com/
NL,Netherlands,100430,Aalsmeer,1351054,Hotel Chariot,FourStar,Oosteinderweg 243 1432 AT Aalsmeer ,Distances are displayed to the nearest 0.1 mile and kilometer. <br /> <p>Aalsmeer Flower Auction - 3.6 km / 2.2 mi <br /> Business Park Schiphol-Rijk - 4 km / 2.5 mi <br /> Amsterdamse Bos - 4.1 km / 2.6 mi <br /> Cobra Museum of Modern Art - 6.7 km / 4.2 mi <br /> World Trade Center Schiphol Airport - 10 km / 6.2 mi <br /> Rijksmuseum Amsterdam Schiphol - 10.3 km / 6.4 mi <br /> VU University of Amsterdam - 11.4 km / 7.1 mi <br /> Ziggo Dome - 13.4 km / 8.3 mi <br /> De Meervaart Theater - 13.5 km / 8.4 mi <br /> AFAS Live - 13.9 km / 8.7 mi <br /> VU University Medical Center - 14 km / 8.7 mi <br /> Johan Cruyff Arena - 14.1 km / 8.7 mi <br /> Olympic Stadium - 14.3 km / 8.9 mi <br /> Rembrandt Park - 14.9 km / 9.3 mi <br /> Vondelpark - 15.3 km / 9.5 mi <br /> </p><p>The nearest airports are:<br />Amsterdam Airport Schiphol (AMS) - 10.4 km / 6.4 mi<br /> Rotterdam (RTM-Rotterdam The Hague) - 57.5 km / 35.7 mi<br /> </p><p>The preferred airport for Hotel Chariot is Amsterdam Airport Schiphol (AMS). </p>,"<p>HeadLine : Near Aalsmeer Flower Auction</p><p>Location : Located in Aalsmeer, Hotel Chariot is in the business district, a 4-minute drive from Aalsmeer Flower Auction and 5 minutes from Business Park Schiphol-Rijk.  This 4-star hotel is 10.5 mi (16.9 km) from Van Gogh Museum and 11.4 mi (18.3 km) from Anne Frank House.</p><p>Rooms : Make yourself at home in one of the 41 individually furnished guestrooms, featuring minibars and flat-screen televisions. Complimentary wired and wireless Internet access keeps you connected, and digital programming provides entertainment. Bathrooms have complimentary toiletries and hair dryers. Conveniences include phones, as well as laptop-compatible safes and desks.</p><p>Dining : Satisfy your appetite at Centennial, a restaurant where you can enjoy drinks at the bar/lounge and dine alfresco. Snacks are also available at the coffee shop/cafe. Buffet breakfasts are available daily from 6:30 AM to 10 AM for a fee.</p><p>CheckIn Instructions : <ul>  <li>Extra-person charges may apply and vary depending on property policy</li><li>Government-issued photo identification and a credit card, debit card, or cash deposit may be required at check-in for incidental charges</li><li>Special requests are subject to availability upon check-in and may incur additional charges; special requests cannot be guaranteed</li><li>Special cancellation policies or charges may apply for group reservations (more than 8 rooms for the same property / stay dates)</li><li>Guests must contact this property in advance to reserve onsite parking</li><li>This property accepts credit cards and debit cards; cash is not accepted</li><li>Safety features at this property include a carbon monoxide detector, a fire extinguisher, a smoke detector, a security system, a first aid kit, and window guards</li><li>Please note that cultural norms and guest policies may differ by country and by property; the policies listed are provided by the property</li>  </ul></p><p>Special Instructions : This property offers transfers from the airport (surcharges may apply). Guests must contact the property with arrival details before travel, using the contact information on the booking confirmation. Front desk staff will greet guests on arrival.</p>",31-29-7388188,Windsurfing nearby Free newspapers in lobby Boat tours on site Area shuttle (surcharge) Luggage storage Express check-out 24-hour front desk Playground on site Safe-deposit box at front desk Smoke-free property Hiking/biking trails nearby Free self parking Terrace Concierge services Gift shops or newsstand Dry cleaning/laundry service Long-term parking (surcharge) Free RV  bus  truck parking Number of meeting rooms - 1 Swimming nearby Sailing nearby Free WiFi Number of bars/lounges - 1 Water skiing nearby In-room accessibility (in select rooms) Bicycle rentals nearby Accessible bathroom (in select rooms) Shopping center shuttle (surcharge) Airport transportation (surcharge) Wheelchair-accessible lounge Wheelchair-accessible on-site restaurant Multilingual staff Breakfast available (surcharge) Barbecue grill(s) Coffee/tea in common areas Number of coffee shops/cafes - 1 Laundry facilities elevator Bicycle rentals on site secured parking Uncovered parking Wheelchair accessible (may have limitations) Wheelchair accessible Fishing nearby Covered parking Wheelchair-accessible registration desk Television in common areas,52.28005|4.78582,31 297 388100,1432 AT,http://www.charmehotels.eu/aalsmeer
NL,Netherlands,100430,Aalsmeer,1352596,Hotel Restaurant de Jonge Heertjes,ThreeStar,Raadhuisplein 16 1431 EH Aalsmeer ,,"Our hotel is situated on the attractive town square in the middle of the flower village of Aalsmeer.

On the square in front of our hotel youll find ample space for parking. The N 201, which provides easy access to the highway, is only 200 metres away from our hotel.

Large cities such as Amsterdam, Haarlem and Leiden, as well as the North Sea beach, are within 30 minutes driving distance from our hotel. There is public transportation within 25 metres of our hotel. Please note that the restaurant is open every day until 22:00.

Please note that guests can check-in until 23:30 from Monday until Saturday. On Sundays guests can check-in until 22:00.",+31(0)297343069,Outdoor furniture 24-hour security Key access Smoke alarms CCTV in common areas CCTV outside property Fire extinguishers linens  towels and laundry washed in accordance with local authority guidelines staff follow all safety protocols as directed by local authorities first aid kit available invoice provided Parking Restaurant Pets allowed meeting/banquet facilities Bar Terrace Non-smoking rooms Free parking internet services Packed lunches Heating Fax/photocopying wifi Free WiFi Non-smoking throughout Private check-in/check-out Special diet menus (on request) Daily housekeeping wifi available in all areas Kid meals Street parking Accessible parking Pet bowls Wine/champagne,52.26645|4.74946,+31297325551,1431 EH,https://www.booking.com/hotel/nl/hotel-restaurant-t-schouwse-hof.html
NL,Netherlands,100430,Aalsmeer,1853232,Renaissance Amsterdam Schiphol Airport Hotel,FourStar,Meester Jacob Takkade 35 1432CB AalsmeerNorth Holland ,Distances are displayed to the nearest 0.1 mile and kilometer. <br /> <p>Amsterdamse Bos - 0.2 km / 0.1 mi <br /> Cobra Museum of Modern Art - 3.8 km / 2.4 mi <br /> VU University of Amsterdam - 6.3 km / 3.9 mi <br /> Business Park Schiphol-Rijk - 6.9 km / 4.3 mi <br /> Aalsmeer Flower Auction - 8 km / 5 mi <br /> De Meervaart Theater - 8.5 km / 5.3 mi <br /> VU University Medical Center - 8.9 km / 5.5 mi <br /> Olympic Stadium - 9.3 km / 5.8 mi <br /> World Trade Center Schiphol Airport - 9.3 km / 5.8 mi <br /> Rembrandt Park - 9.5 km / 5.9 mi <br /> Rijksmuseum Amsterdam Schiphol - 9.7 km / 6 mi <br /> Vondelpark - 10.3 km / 6.4 mi <br /> World Trade Center - 10.4 km / 6.4 mi <br /> Sloterpark and Sloterplas - 11.3 km / 7 mi <br /> Museum Square - 11.6 km / 7.2 mi <br /> </p><p>The nearest airports are:<br />Amsterdam Airport Schiphol (AMS) - 9.8 km / 6.1 mi<br /> Rotterdam (RTM-Rotterdam The Hague) - 61.9 km / 38.5 mi<br /> </p><p>The preferred airport for Renaissance Amsterdam Schiphol Airport Hotel is Amsterdam Airport Schiphol (AMS). </p>,"<p>HeadLine : Near Amsterdamse Bos</p><p>Location : Located in Aalsmeer, Renaissance Amsterdam Schiphol Airport Hotel is in a provincial park, a 1-minute drive from Amsterdamse Bos and 11 minutes from Van Gogh Museum.  This 4-star hotel is 7.6 mi (12.3 km) from Rijksmuseum and 7.9 mi (12.8 km) from Heineken Experience.</p><p>Rooms : Make yourself at home in one of the 250 guestrooms featuring refrigerators and LCD televisions. Wireless Internet access (surcharge) keeps you connected, and satellite programming is available for your entertainment. Private bathrooms have complimentary toiletries and hair dryers. Conveniences include phones, as well as safes and desks.</p><p>Dining : Enjoy a meal at the restaurant, or stay in and take advantage of the hotel s 24-hour room service. Wrap up your day with a drink at the bar/lounge. Full breakfasts are served on weekdays from 6:30 AM to 11:00 AM and on weekends from 7:00 AM to 11:00 AM for a fee.</p><p>CheckIn Instructions : <ul>  <li>Extra-person charges may apply and vary depending on property policy</li><li>Government-issued photo identification and a credit card, debit card, or cash deposit may be required at check-in for incidental charges</li><li>Special requests are subject to availability upon check-in and may incur additional charges; special requests cannot be guaranteed</li><li>The name on the credit card used at check-in to pay for incidentals must be the primary name on the guestroom reservation</li><li>This property accepts credit cards; cash is not accepted</li>  </ul></p><p>Special Instructions : Front desk staff will greet guests on arrival.</p>",31-297228687,Bicycle rentals on site Concierge services Express check-in Number of meeting rooms - 4 Conference space size (meters) - 400 Wheelchair-accessible registration desk Television in common areas Wheelchair-accessible fitness center Free WiFi Number of bars/lounges - 1 Wheelchair-accessible public washroom Garden Dry cleaning/laundry service In-room accessibility (in select rooms) Wheelchair accessible parking Free newspapers in lobby Banquet hall Wheelchair accessible (may have limitations) Wheelchair-accessible concierge desk Accessible bathroom (in select rooms) 24-hour fitness facilities Free airport transportation Luggage storage Wheelchair-accessible on-site restaurant Express check-out Porter/bellhop Visual alarms in hallways Multilingual staff Business center 24-hour front desk Electric car charging station Breakfast available (surcharge) Wheelchair-accessible meeting spaces/business center Safe-deposit box at front desk Smoke-free property Hiking/biking trails nearby elevator Fitness facilities Conference space Self parking (surcharge) Terrace Wheelchair accessible path of travel Roll-in shower (in select rooms) Tours/ticket assistance,52.30451|4.80955,31-297228686,1432CB,http://www.hotels.com/ho938769760/
NL,Netherlands,100211,Aalten,1780534,De Groene Pleisterplaats,All,Buninkdijk 12 7121 LG Aalten ,,"Bed and breakfast De Groene Pleisterplaats is located in Aalten in the province Gelderland, at 3 km from the German border. Free WiFi access is available.

Each room at this B&B will provide you with a TV and cable channels. Complete with a coffee machine, the dining area also has a dining table. Private bathroom also comes with a shower. You can enjoy garden view from the room. Extras include an outdoor seating area, bed linen and a fan.

At De Groene Pleisterplaats you will find a garden and a terrace. Other facilities offered at the property include a shared lounge. The surrounding area is suited for cycling and walking.

The bed and breakfast is 4.6 km from Aalten Station. Please inform De Groene Pleisterplaats in advance of your expected arrival time. You can use the Special Requests box when booking, or contact the property directly with the contact details provided in your confirmation.
Guests are required to show a photo identification and credit card upon check-in. Please note that all Special Requests are subject to availability and additional charges may apply.
Please note that the Twin Room (2 Children) is only suitable for children.",,Free self parking Pets allowed Garden Terrace Internet access Bicycle rental (additional charge) Packed lunches Cycling Heating Free WiFi Free WiFi Non-smoking throughout Private check-in/check-out Area shuttle (surcharge) Television in common areas Parking onsite Private parking,51.92813|6.64523,+31543565322,7121 LG,https://www.booking.com/hotel/nl/de-groene-pleisterplaats.html
NL,Netherlands,100211,Aalten,5849066,Nancy In Holland,All,Bongenkamp 24  ,,"Set 43 km from Theater and Convention Center Hanzehof, B&B nancy in holland offers accommodation with a garden, a shared lounge and a shared kitchen for your convenience. The bed and breakfast features both WiFi and private parking free of charge.

B&B nancy in holland offers a buffet or continental breakfast.

Both a bicycle rental service and a car rental service are available at the accommodation.

Schouwburg Amphion is 22 km from B&B nancy in holland, while Wunderland Kalkar is 34 km away. The nearest airport is Weeze Airport, 53 km from the bed and breakfast. This property will not accommodate hen, stag or similar parties.
Managed by a private host",,airport drop off airport pick up Fruits Private parking parking on site shared lounge/TV area Lockers Shared kitchen Snack Bar Non-smoking throughout Free WiFi wifi Heating Car hire BBQ facilities Valet parking internet services Free parking Family rooms Airport shuttle Non-smoking rooms Garden Parking invoice provided bicycle rental Bike tours Walking tours Outdoor furniture,51.92503|6.56169,,7122 TX,https://www.booking.com/hotel/nl/nancy-in-holland.html
NL,Netherlands,100211,Aalten,6100059,"Authentic, Pleasant Holiday Home With Spacious Garden and a View of the Meadows",ThreeStar,Loohuisweg 7  ,Distances are displayed to the nearest 0.1 mile and kilometer. <br /> <p>Inselbad Bahia Water Park - 10.5 km / 6.5 mi <br /> Boogie Woogie Foundation Institute for Arts and Culture - 11.1 km / 6.9 mi <br /> Winterswijk City Park - 11.8 km / 7.3 mi <br /> City Museum Bocholt - 12.8 km / 7.9 mi <br /> Bocholter Handwerksmuseum - 13.9 km / 8.6 mi <br /> Bocholter Stadtwald - 13.9 km / 8.7 mi <br /> Anholt Moated Castle - 20.8 km / 12.9 mi <br /> De Vijverberg Stadium - 26.2 km / 16.3 mi <br /> Huis te Ruurlo - 27.3 km / 17 mi <br /> Het Land van Jan Klaassen - 30.7 km / 19.1 mi <br /> Sculpture Park - 31.1 km / 19.3 mi <br /> Grafelijke Korenmolen - 31.9 km / 19.8 mi <br /> Schloss Raesfeld - 34.5 km / 21.5 mi <br /> Wesel Citadel - 34.8 km / 21.6 mi <br /> Watertoren Lochem - 35.7 km / 22.2 mi <br /> </p><p>The nearest major airport is Weeze (NRN) - 61.2 km / 38.1 mi</p>,"<p>HeadLine : In a rural location</p><p>Location : Located in Aalten, this vacation home is in a rural location, within a 15-minute drive of Winterswijk City Park and City Museum Bocholt.  This vacation home is 25.7 mi (41.4 km) from Wunderland Kalkar and 31.9 mi (51.3 km) from University of Twente.</p><p>Rooms : Make yourself comfortable in your individually furnished vacation home, featuring a refrigerator and a microwave. The bathroom has a shower.</p><p>CheckIn Instructions : Extra-person charges may apply and vary depending on property policy Government-issued photo identification and a credit card, debit card, or cash deposit may be required at check-in for incidental charges Special requests are subject to availability upon check-in and may incur additional charges; special requests cannot be guaranteed</p><p>Special Instructions : </p>",,Smoke-free property Terrace Garden Free self parking Free WiFi,51.920768|6.613687,410442743080,7121JL,
NL,Netherlands,100211,Aalten,6100147,Luxurious Holiday Home in Aalten With Jacuzzi,ThreeStar,"Barloseweg 6 A,2,PRIVATE_VACATION_HOME 2  ",Distances are displayed to the nearest 0.1 mile and kilometer. <br /> <p>Inselbad Bahia Water Park - 12 km / 7.5 mi <br /> Boogie Woogie Foundation Institute for Arts and Culture - 13.7 km / 8.5 mi <br /> Winterswijk City Park - 14.4 km / 8.9 mi <br /> Winterswijk Market - 14.6 km / 9.1 mi <br /> St. Jacob s Church - 14.6 km / 9.1 mi <br /> St. Georg s Church - 15.1 km / 9.4 mi <br /> Bocholter Stadtwald - 15.3 km / 9.5 mi <br /> Kunsthaus Bocholt - 15.8 km / 9.8 mi <br /> City Museum Bocholt - 15.8 km / 9.8 mi <br /> Bocholt Historic Town Hall - 16.3 km / 10.1 mi <br /> Bocholter Handwerksmuseum - 16.5 km / 10.3 mi <br /> Badestrand - 17.8 km / 11 mi <br /> Anholt Moated Castle - 19 km / 11.8 mi <br /> Huis te Ruurlo - 20.8 km / 12.9 mi <br /> Hohe Mark Nature Park - 21.4 km / 13.3 mi <br /> </p><p>The nearest major airport is Weeze (NRN) - 59.4 km / 36.9 mi</p>,"<p>HeadLine : In a rural location</p><p>Location : When you stay at this vacation home in Aalten, you ll be 13 minutes by car from Inselbad Bahia Water Park.  This vacation home is 8.5 mi (13.7 km) from Boogie Woogie Foundation Institute for Arts and Culture and 8.9 mi (14.4 km) from Winterswijk City Park.</p><p>Rooms : Treat yourself to a stay in this individually furnished vacation home, which features a fireplace. Conveniences include a refrigerator and a coffee/tea maker.</p><p>CheckIn Instructions : Extra-person charges may apply and vary depending on property policy Government-issued photo identification and a credit card, debit card, or cash deposit may be required at check-in for incidental charges Special requests are subject to availability upon check-in and may incur additional charges; special requests cannot be guaranteed</p><p>Special Instructions : </p>",,Terrace Free self parking Free WiFi Sauna Outdoor pool Smoke-free property Garden,51.945072|6.576457,410442743080,7122PT,
NL,Netherlands,100211,Aalten,6103598,Vibrant Holiday Home in Aalten With Terrace,ThreeStar,Stationsweg 4  ,Distances are displayed to the nearest 0.1 mile and kilometer. <br /> <p>Boogie Woogie Foundation Institute for Arts and Culture - 10.4 km / 6.5 mi <br /> Winterswijk City Park - 10.8 km / 6.7 mi <br /> Inselbad Bahia Water Park - 11.8 km / 7.3 mi <br /> City Museum Bocholt - 15.3 km / 9.5 mi <br /> Bocholter Stadtwald - 15.3 km / 9.5 mi <br /> Bocholter Handwerksmuseum - 16.4 km / 10.2 mi <br /> Anholt Moated Castle - 21.4 km / 13.3 mi <br /> Huis te Ruurlo - 27.4 km / 17 mi <br /> De Vijverberg Stadium - 27.8 km / 17.3 mi <br /> Schloss Raesfeld - 31 km / 19.3 mi <br /> Het Land van Jan Klaassen - 31 km / 19.3 mi <br /> Kasteel Huis Bergh - 31.3 km / 19.4 mi <br /> Sculpture Park - 32.8 km / 20.4 mi <br /> Grafelijke Korenmolen - 33.5 km / 20.8 mi <br /> Watertoren Lochem - 35.8 km / 22.2 mi <br /> </p><p>The nearest major airport is Weeze (NRN) - 61.5 km / 38.2 mi</p>,"<p>HeadLine : In Aalten</p><p>Location : With a stay at this vacation home in Aalten, you ll be within a 15-minute drive of Winterswijk City Park and Inselbad Bahia Water Park.  This vacation home is 23.9 mi (38.5 km) from Wunderland Kalkar and 6.5 mi (10.4 km) from Boogie Woogie Foundation Institute for Arts and Culture.</p><p>Rooms : Make yourself comfortable in your individually furnished vacation home, featuring a refrigerator and a microwave. There s a private patio. The bathroom has a shower.</p><p>CheckIn Instructions : Extra-person charges may apply and vary depending on property policy Government-issued photo identification and a credit card, debit card, or cash deposit may be required at check-in for incidental charges Special requests are subject to availability upon check-in and may incur additional charges; special requests cannot be guaranteed</p><p>Special Instructions : </p>",,Barbecue grill(s) Smoke-free property Free self parking Free WiFi,51.931442|6.618681,410442743080,7121LH,
NL,Netherlands,100211,Aalten,6109109,Spacious Mansion in Aalten With Garden,ThreeStar,Driehonderdmeterweg 1  ,Distances are displayed to the nearest 0.1 mile and kilometer. <br /> <p>Boogie Woogie Foundation Institute for Arts and Culture - 9.2 km / 5.7 mi <br /> Winterswijk City Park - 10.1 km / 6.3 mi <br /> Inselbad Bahia Water Park - 10.3 km / 6.4 mi <br /> Bocholter Stadtwald - 12.8 km / 7.9 mi <br /> City Museum Bocholt - 13.9 km / 8.6 mi <br /> Bocholter Handwerksmuseum - 15 km / 9.3 mi <br /> Anholt Moated Castle - 20.8 km / 12.9 mi <br /> Ramsdorf Castle - 25.3 km / 15.7 mi <br /> Schloss Raesfeld - 28.5 km / 17.7 mi <br /> De Vijverberg Stadium - 30.1 km / 18.7 mi <br /> Huis te Ruurlo - 31.1 km / 19.3 mi <br /> Sculpture Park - 32.2 km / 20 mi <br /> Het Land van Jan Klaassen - 34.1 km / 21.2 mi <br /> Grafelijke Korenmolen - 35.8 km / 22.2 mi <br /> Wesel Citadel - 35.8 km / 22.3 mi <br /> </p><p>The nearest major airport is Weeze (NRN) - 62.3 km / 38.7 mi</p>,"<p>HeadLine : In a rural location</p><p>Location : Located in Aalten, this vacation home is in a rural location, within a 15-minute drive of Boogie Woogie Foundation Institute for Arts and Culture and Inselbad Bahia Water Park.  This vacation home is 26.4 mi (42.5 km) from Wunderland Kalkar and 6.3 mi (10.1 km) from Winterswijk City Park.</p><p>Rooms : Treat yourself to a stay in this individually furnished vacation home, which features a fireplace. Conveniences include a microwave and a washer/dryer.</p><p>CheckIn Instructions : Extra-person charges may apply and vary depending on property policy Government-issued photo identification and a credit card, debit card, or cash deposit may be required at check-in for incidental charges Special requests are subject to availability upon check-in and may incur additional charges; special requests cannot be guaranteed Please note that cultural norms and guest policies may differ by country and by property; the policies listed are provided by the property</p><p>Special Instructions : A mandatory damage deposit is collected at check-in. If the deposit is paid by credit card, the deposit is fully refundable via credit card within 14 days upon satisfactory inspection of the apartment.</p>",,Terrace Wheelchair accessible path of travel Accessible bathroom Free WiFi Smoke-free property Garden,51.912773|6.658959,410442743080,7121KR,
NL,Netherlands,100211,Aalten,6110244,"""De Grenswachter"", an old Farmhouse",ThreeStar,Driehonderdmeterweg 1a  ,Distances are displayed to the nearest 0.1 mile and kilometer. <br /> <p>Boogie Woogie Foundation Institute for Arts and Culture - 8.9 km / 5.5 mi <br /> Winterswijk City Park - 9.8 km / 6.1 mi <br /> Inselbad Bahia Water Park - 10.7 km / 6.6 mi <br /> Bocholter Stadtwald - 12.4 km / 7.7 mi <br /> City Museum Bocholt - 14.2 km / 8.8 mi <br /> Bocholter Handwerksmuseum - 15.3 km / 9.5 mi <br /> Anholt Moated Castle - 21.2 km / 13.2 mi <br /> Ramsdorf Castle - 26.5 km / 16.5 mi <br /> Schloss Raesfeld - 28.1 km / 17.5 mi <br /> De Vijverberg Stadium - 30.4 km / 18.9 mi <br /> Huis te Ruurlo - 31.6 km / 19.6 mi <br /> Sculpture Park - 32.5 km / 20.2 mi <br /> Grafelijke Korenmolen - 33.3 km / 20.7 mi <br /> Het Land van Jan Klaassen - 34.4 km / 21.4 mi <br /> Wesel Citadel - 36.2 km / 22.5 mi <br /> </p><p>The nearest major airport is Weeze (NRN) - 62.7 km / 38.9 mi</p>,"<p>HeadLine : In a rural location</p><p>Location : Located in Aalten, this vacation home is in a rural location, within a 15-minute drive of Boogie Woogie Foundation Institute for Arts and Culture and Winterswijk City Park.  This vacation home is 26.6 mi (42.8 km) from Wunderland Kalkar and 6.6 mi (10.7 km) from Inselbad Bahia Water Park.</p><p>Rooms : Make yourself comfortable in your individually furnished vacation home, featuring a refrigerator and a microwave. The bathroom has a bathtub.</p><p>CheckIn Instructions : Extra-person charges may apply and vary depending on property policy Government-issued photo identification and a credit card, debit card, or cash deposit may be required at check-in for incidental charges Special requests are subject to availability upon check-in and may incur additional charges; special requests cannot be guaranteed Please note that cultural norms and guest policies may differ by country and by property; the policies listed are provided by the property</p><p>Special Instructions : A mandatory damage deposit is collected at check-in. If the deposit is paid by credit card, the deposit is fully refundable via credit card within 14 days upon satisfactory inspection of the apartment.</p>",,Garden Terrace Wheelchair accessible path of travel Accessible bathroom Free WiFi In-room accessibility Smoke-free property,51.914906|6.662564,410442743080,7121KR,
NL,Netherlands,100212,Aardenburg,1352653,Rudanna Castra,ThreeStar,Markt 2 4527 CM Aardenburg ,,"Rudanna Castra is a former fire and police station in Aardenburg, the oldest city of Zeeland. The central location makes this hotel an ideal base for trips.

The large and charming rooms are authentic in style. Each room has a spacious bathroom and coffee and tea facilities. Breakfast is available in the morning.

For dinner you can enjoy one of the range of à la carte dishes on offer. Rental bikes are available.

From Rudanna Castra, you can visit the Belgian cities Ghent and Bruges or explore the coastline with villages like Cadzand and Knokke. Due to Coronavirus (COVID-19), this property is taking steps to help protect the safety of guests and staff. Certain services and amenities may be reduced or unavailable as a result.",,first aid kit available contactless check-in/check-out Parking Restaurant Bar Terrace Non-smoking rooms Family rooms Free parking internet services Soundproof rooms Cycling Heating Luggage storage wifi Free WiFi Non-smoking throughout Private check-in/check-out shared lounge/TV area Daily housekeeping wifi available in all areas Security alarm Smoke alarms CCTV in common areas Fire extinguishers use of cleaning chemicals that are effective against coronavirus linens  towels and laundry washed in accordance with local authority guidelines guest accommodation is disinfected between stays physical distancing in dining areas staff follow all safety protocols as directed by local authorities hand sanitizer in guest accommodation and key areas process in place to check health of guests cashless payment available physical distancing rules followed screens or physical barriers placed between staff and guests in appropriate areas all plates  cutlery  glasses and other tableware have been sanitized guests have the option to cancel any cleaning services for their accommodation during their stay,51.27392|3.44934,+31117820000,4527 CM,http://www.rudannacastra.com/
NL,Netherlands,100212,Aardenburg,1402770,'S Lands Welvaren,TwoStar,Kaai 4 4527 AD Aardenburg ,,"s Lands Welvaren is centrally located in Aardenburg, the oldest town of the province of Zeeland.  There is a lovely terrace and free Wi-Fi.

The hotel rooms are situated in a renovated grain shed and the renovated old hotel from 1897. All rooms have a private bathroom. A breakfast buffet is served in the restaurant.

The homey café serves simple meals and drinks. When weather is nice, the terrace is sunny all from morning till evening. For dinner, the spacious restaurant offers various dishes and a cosy fireplace.

Aardenburg is located only 3 km from the Belgian border. Bruges and Ghent are easily accessible in less than 45 minutes by car. You can also visit the Dutch beaches or go cycling. s Lands Welvaren rents bikes. Guests who expect to arrive outside of the stated check-in times must contact the property directly as soon as possible. Contact details appear on the Booking confirmation issued by this site.

Please note that the hotel is situated near to an old city clock. The clock is quiet during the night, from midnight to 07:00.

Bicycle rental must be reserved at least 1 day in advance.

Pets are allowed, but only upon request and after confirmation from the property. Please be aware extra charges might apply.

Please note, the café and restaurant are closed on Mondays and Tuesdays.",,Private check-in/check-out Special diet menus (on request) Parking Restaurant Pets allowed Bar Golf course (within 3 km) Garden Terrace Non-smoking rooms Family rooms Free parking internet services Packed lunches Cycling Heating Fax/photocopying wifi Mini golf Free WiFi guest accommodation sealed after cleaning physical distancing in dining areas staff follow all safety protocols as directed by local authorities hand sanitizer in guest accommodation and key areas process in place to check health of guests first aid kit available cashless payment available physical distancing rules followed all plates  cutlery  glasses and other tableware have been sanitized face masks for guests available shared lounge/TV area Daily housekeeping wifi available in all areas Kid meals Street parking Accessible parking Wine/champagne Fruits coffee house on site Outdoor furniture Live sport events (broadcast) Archery Key access Smoke alarms Fire extinguishers bicycle rental use of cleaning chemicals that are effective against coronavirus linens  towels and laundry washed in accordance with local authority guidelines guest accommodation is disinfected between stays,51.27364|3.44124,+31117491312,4527 AD,https://www.booking.com/hotel/nl/s-lands-welvaren.html
NL,Netherlands,100212,Aardenburg,1442455,Hotel de Elderschans,ThreeStar,Herendreef 67 4527 AZ Aardenburg ,,"Offering a sauna and fitness centre, Hotel De Elderschans is situated amid a small forest in Aardenburg. The hotel has a terrace and views of the garden. Free WiFi is offered throughout the property.

The recently refurbished rooms include a flat-screen TV with cable channels. You will find a kettle in the room. Guests can enjoy seasonal and traditional dishes in the on-site restaurant or relax in the lounge and bar. Breakfast and dinner can be served at the garden terrace in summer time. Guests can also enjoy cocktails and tapas from the terrace.

There front desk at the property opens until midnight.

Bruges is 23 km from Hotel De Elderschans, while Ghent is 38 km away.",+31(0)117375899,Parking Restaurant Pets allowed Room service meeting/banquet facilities Bar Sauna Fitness centre Garden Terrace Non-smoking rooms Business centre Smoke alarms Laundry CCTV in common areas dry cleaning CCTV outside property Facilities for disabled guests Fire extinguishers Family rooms Games room Ironing service internet services Solarium Currency exchange Billiards Table tennis Darts Hiking Packed lunches Cycling Heating Fax/photocopying Luggage storage wifi Free WiFi Non-smoking throughout designated smoking area Sun terrace concierge service vending machine (drinks) vending machine (snacks) shared lounge/TV area Daily housekeeping parking on site Private parking wifi available in all areas Indoor play area secured parking electric vehicle charging station Wheelchair accessible Toilet with grab rails Wine/champagne Outdoor furniture Picnic area Spa/wellness packages Fitness fitness/spa locker rooms Walking tours Bike tours Happy hour 24-hour security Key card access Security alarm bicycle rental,51.27098|3.43033,+31117728999,4527 AZ,https://www.booking.com/hotel/nl/de-elderschans.html
NL,Netherlands,100212,Aardenburg,1596966,Hotel Bar Bistro Kaai 31,TwoStar,Kaai 31 4527 AE Aardenburg ,Distances are displayed to the nearest 0.1 mile and kilometer. <br /> <p>Canadian bridge over the Leopold - 6.8 km / 4.2 mi <br /> Steam Centre - 8.5 km / 5.3 mi <br /> Hoeke Windmill - 11.9 km / 7.4 mi <br /> Damme Golf - 13 km / 8 mi <br /> Canada-Poland War II Museum - 13.6 km / 8.5 mi <br /> Indigo Art Gallery - 15.5 km / 9.6 mi <br /> Adegem Canadian War Cemetery - 15.9 km / 9.9 mi <br /> Knokke Casino - 16.7 km / 10.4 mi <br /> Beverly Screens - 16.8 km / 10.4 mi <br /> St. Vincent Church - 17.3 km / 10.8 mi <br /> Eeklo Town Hall - 17.8 km / 11.1 mi <br /> For Freedom Museum - 17.8 km / 11.1 mi <br /> Het Zwin - 17.9 km / 11.1 mi <br /> Nieuwvliet Beach - 18.1 km / 11.2 mi <br /> Koelewei Mill - 18.2 km / 11.3 mi <br /> </p><p>The nearest major airport is Ostende (OST-Ostend-Bruges Intl.) - 62.8 km / 39 mi</p>,"<p>HeadLine : In Aardenburg</p><p>Location : With a stay at Hotel Bar Bistro Kaai 31 in Aardenburg, you ll be within a 15-minute drive of Steam Centre and Canadian bridge over the Leopold.  This hotel is 20 mi (32.2 km) from Zeebrugge Harbour and 7.4 mi (11.9 km) from Hoeke Windmill.</p><p>Rooms : Make yourself at home in one of the 7 guestrooms. Complimentary wired and wireless Internet access keeps you connected, and cable programming provides entertainment. Private bathrooms with showers feature complimentary toiletries and hair dryers. Conveniences include separate sitting areas, housekeeping is provided daily, and irons/ironing boards can be requested.</p><p>Dining : At Hotel Bar Bistro Kaai 31, enjoy a satisfying meal at the restaurant. Wrap up your day with a drink at the bar/lounge. Buffet breakfasts are available daily from 9 AM to 11 AM for a fee.</p><p>CheckIn Instructions : Extra-person charges may apply and vary depending on property policy. <br />Government-issued photo identification and a debit card are required at check-in for incidental charges. <br />Special requests are subject to availability upon check-in and may incur additional charges. Special requests cannot be guaranteed. <ul> Special cancellation policies or charges may apply for group reservations (more than 8 rooms for the same property / stay dates).  </ul></p>",31-117-308951,Front desk (limited hours) Terrace Bar/lounge Restaurant One meeting room Free self parking Free WiFi Free wired Internet Breakfast available (surcharge) Smoke-free property Free newspapers in lobby,51.27372|3.44113,31-117-308951,4527AE,
NL,Netherlands,100212,Aardenburg,1709129,Appartementen De Kaaipoort,ThreeStar,Kaai 1 Aardenburg 4527 AD ,,"<p><b>Property Location</b> <br />When you stay at Appartementen de Kaaipoort in Aardenburg, you''ll be close to Canadian bridge over the Leopold.  This apartment is within the vicinity of Golfvereniging De Brugse Vaert and Steam Centre.</p><p><b>Rooms</b> <br />Make yourself at home in one of the 3 guestrooms, featuring kitchens with full-sized refrigerators/freezers and stovetops. 81-cm LCD televisions with cable programming provide entertainment, while complimentary wireless Internet access keeps you connected. Conveniences include microwaves and coffee/tea makers, and you can also request cribs/infant beds (complimentary).</p><p><b>Business, Other Amenities</b> <br />Free self parking is available onsite.</p>",+31(0)000000000,Microwave Private bathrooms Cookware  dishware  utensil-cutlery Safety Deposit Box Non-Smoking Hotel Free Wireless Internet access Tea/Coffee Making Facilities Cable / Satellite Television Free self parking Free Wireless Internet access (inroom) Pets allowed Visa MasterCard Free cribs/infant beds Flat screen TV (LCD  LED or Plasma TV) Stovetop / hob Shower Kitchen Hairdryer Fridge CD/DVD Player Express Check In / Check Out,51.27377|3.44175,31 6 26046555,4527AD,http://www.kaaipoort.nl/en/
