countyCode,countyName,cityCode,cityName,HotelCode,HotelName,HotelRating,Address,Attractions,Description,FaxNumber,HotelFacilities,Map,PhoneNumber,PinCode,HotelWebsiteUrl
NC,New Caledonia,112254,Boulouparis,6051342,Un Temps Pour Soi,ThreeStar,131Avenue Port Ouenghi  ,,"Offering a fitness centre, Un temps pour soi is located in Boulaparis. It offers a terrace and a private swimming pool. Guests can enjoy a relaxing soak in the spa bath. Free WiFi is available.

This air-conditioned bungalow offers tea and coffee making facilities and a private bathroom. You can enjoy mountain view and pool view from all the rooms. Towels and linen are provided.

This holiday home is 19 km from La Tontouta Airport. Please inform Un Temps Pour Soi in advance of your expected arrival time. You can use the Special Requests box when booking, or contact the property directly with the contact details provided in your confirmation.
Payment before arrival via bank transfer is required. The property will contact you after you book to provide instructions.
This property is located in a residential area and guests are asked to refrain from excessive noise.
You are advised to bring your own vehicle as this property is not serviced by public transport.
Please note that Un temps pour soi does not accept payments via credit card. The property will be in touch after booking to provide bank transfer information.
Managed by a private host",,Sun umbrellas Outdoor furniture Spa/wellness packages Swimming pool Walking tours Fire extinguishers Swimming pool linens  towels and laundry washed in accordance with local authority guidelines guest accommodation is disinfected between stays staff follow all safety protocols as directed by local authorities hand sanitizer in guest accommodation and key areas invoice provided guests have the option to cancel any cleaning services for their accommodation during their stay Parking Garden Terrace internet services Spa and wellness centre Massage Hot tub/jacuzzi wifi Outdoor pool Free WiFi Air conditioning Sun terrace outdoor pool (all year) Shared kitchen parking on site Private parking wifi available in all areas board games/puzzles Parking garage sun loungers or beach chairs Non-smoking rooms Free parking,-21.91121|166.06926,,98812,https://www.booking.com/hotel/nc/un-temps-pour-soi.html
NC,New Caledonia,112693,Bourail,1241260,Sheraton New Caledonia Deva Spa & Golf Resort,FiveStar,Lot 33 Domaine De Dév Route de Poé B.P. 50 Route de PoéB.P. 50Bourail 98870 ,Distances are displayed to the nearest 0.1 mile and kilometer. <br /> <p>Domaine de Deva - 4.6 km / 2.9 mi <br /> Poé Beach - 1.8 km / 1.1 mi <br /> Plage de La Baie des Tortues - 11.9 km / 7.4 mi <br /> Roche Percee Beach - 12 km / 7.4 mi <br /> Lagoons of New Caledonia - 12.9 km / 8 mi <br /> Musee de Bourail - 18.8 km / 11.7 mi <br /> New Zealand War Memorial - 25.2 km / 15.6 mi <br /> Plage Vidoire - 25.4 km / 15.8 mi <br /> </p><p>The preferred airport for Sheraton New Caledonia Deva Spa & Golf Resort is Noumea (NOU-Tontouta Intl.) - 132.7 km / 82.4 mi </p>,"<p>HeadLine : On the beach</p><p>Location : Located in Bourail, Sheraton New Caledonia Deva Spa & Golf Resort is by the sea, within a 10-minute drive of Poé Beach and Domaine de Deva.  This 5-star hotel is 7.4 mi (11.9 km) from Plage de La Baie des Tortues and 7.4 mi (12 km) from Roche Percee Beach.</p><p>Rooms : Make yourself at home in one of the 176 guestrooms featuring MP3 docking stations and LCD televisions. Rooms have private balconies or patios. Complimentary wireless Internet access keeps you connected, and cable programming is available for your entertainment. Private bathrooms with separate bathtubs and showers feature deep soaking bathtubs and rainfall showerheads.</p><p>Dining : Satisfy your appetite with international cuisine at Le Reef, one of the hotel s 2 restaurants. Wrap up your day with a drink at the bar/lounge. Full breakfasts are available daily from 6:30 AM to 10 AM for a fee.</p><p>CheckIn Instructions : <ul>  <li>Extra-person charges may apply and vary depending on property policy</li><li>Government-issued photo identification and a credit card, debit card, or cash deposit may be required at check-in for incidental charges</li><li>Special requests are subject to availability upon check-in and may incur additional charges; special requests cannot be guaranteed</li><li>This property accepts credit cards and cash</li><li>Safety features at this property include a fire extinguisher, a smoke detector, and a security system</li>  </ul></p><p>Special Instructions : This property offers transfers from the airport (surcharges may apply). To arrange pick-up, guests must contact the property 48 hours prior to arrival, using the contact information on the booking confirmation. Front desk staff will greet guests on arrival.</p>",687-265-048,Gift shops or newsstand Dry cleaning/laundry service Beach volleyball on site Golf cart Golf clubs (equipment) Pool umbrellas Number of meeting rooms - 2 Conference space size (meters) - 555 Scuba diving nearby Free WiFi Number of bars/lounges - 1 Number of spa tubs - 1 Number of outdoor pools - 1 Water skiing nearby In-room accessibility (in select rooms) Bicycle rentals nearby Wheelchair accessible parking Roll-in shower (in select rooms) Tours/ticket assistance Accessible bathroom (in select rooms) Airport transportation (surcharge) Wheelchair-accessible lounge Wheelchair-accessible on-site restaurant Hunting nearby Horse riding nearby Multilingual staff Breakfast available (surcharge) Wheelchair-accessible meeting spaces/business center Ecotours nearby elevator Fitness facilities Snorkeling on site Bicycle rentals on site Mountain biking nearby Wheelchair accessible (may have limitations) Ballroom Wheelchair-accessible concierge desk Wheelchair-accessible spa Wheelchair-accessible registration desk Television in common areas Windsurfing nearby Wheelchair-accessible fitness center Skydiving Nearby Wheelchair-accessible pool Wheelchair-accessible public washroom Spa treatment room(s) Helicopter/airplane tours on site Garden Free newspapers in lobby Full-service spa Wedding services Beach towels 24-hour fitness facilities Boat tours nearby Golf driving range on site Golf lessons on site Pro shop Golf lessons with a pro Luggage storage Express check-out Grocery/convenience store Porter/bellhop 24-hour front desk Golfing nearby Safe-deposit box at front desk Smoke-free property Snack bar/deli Hiking/biking trails nearby Sauna Surfing/bodyboarding nearby Steam room Free self parking Conference space Kayaking on site Computer station Beach sun loungers Terrace Wheelchair accessible path of travel Golf course on site Pool sun loungers Conference space size (feet) - 5972 Concierge services,-21.594255|165.36203,687-207000,98870,http://www.sheratonnewcaledoniadeva.com
NC,New Caledonia,112693,Bourail,1856596,Hôtel De Poé,TwoStar,Plage De Poé 98800 BourailNouvelle-Calédonie ,Distances are displayed to the nearest 0.1 mile and kilometer. <br /> <p>Domaine de Deva - 1.3 km / 0.8 mi <br /> Poé Beach - 3.5 km / 2.2 mi <br /> Plage de La Baie des Tortues - 8.8 km / 5.4 mi <br /> Roche Percee Beach - 8.9 km / 5.5 mi <br /> Lagoons of New Caledonia - 9.8 km / 6.1 mi <br /> Musee de Bourail - 15.7 km / 9.8 mi <br /> New Zealand War Memorial - 22.1 km / 13.7 mi <br /> Plage Vidoire - 22.2 km / 13.8 mi <br /> </p><p>The nearest airports are:<br />Noumea (NOU-Tontouta Intl.) - 129.6 km / 80.5 mi<br /> Noumea (GEA-Magenta Domestic) - 174.4 km / 108.4 mi<br /> </p><p></p>,"<p>HeadLine : Near Poé Beach</p><p>Location : Located in Bourail, this residence is by the ocean, within a 15-minute drive of Roche Percee Beach and Musee de Bourail.  This residence is 2.5 mi (4 km) from Poé Beach.</p><p>Rooms : There s a private patio. A kitchen makes it easy to prepare your meals. Complimentary wireless Internet access keeps you connected, and a flat-screen television is provided for your entertainment. The bathroom has a shower.Conveniences include a minibar and a coffee/tea maker, and you can also request a microwave.</p><p>Dining : Take advantage of the residence s room service (during limited hours). Cooked-to-order breakfasts are served on weekdays from 7:30 AM to 9 AM for a fee.</p><p>CheckIn Instructions : <ul>  <li>Extra-person charges may apply and vary depending on property policy</li><li>Government-issued photo identification and a credit card, debit card, or cash deposit may be required at check-in for incidental charges</li><li>Special requests are subject to availability upon check-in and may incur additional charges; special requests cannot be guaranteed</li><li>Guests must contact this property in advance to reserve cribs/infant beds</li><li>This property accepts credit cards; cash is not accepted</li><li>Safety features at this property include a fire extinguisher</li>  </ul></p><p>Special Instructions : The front desk is open daily from 8 AM - 6 PM. To make arrangements for check-in please contact the property at least 48 hours before arrival using the information on the booking confirmation. If you are planning to arrive after 2:00 PM please contact the property in advance using the information on the booking confirmation. Guests planning to arrive outside of normal check-in hours must contact the property in advance for check-in instructions and key retrieval information. Front desk staff will greet guests on arrival.</p>",687-00-000,Mountain biking nearby Wheelchair accessible  no Front desk (limited hours) Breakfast available (surcharge) Windsurfing nearby Scuba diving nearby Snorkeling nearby Smoke-free property Ecotours nearby Hiking/biking trails nearby Laundry facilities Surfing/bodyboarding nearby Tours/ticket assistance Kayaking nearby Free self parking Boat tours nearby Terrace,-21.61222|165.403786,687-687-442200,98880,http://www.hoteldepoe.nc
NC,New Caledonia,112693,Bourail,5203980,Poé Côté Lagon Beach Bungalows,ThreeStar,Route De Poé Bp487  ,Distances are displayed to the nearest 0.1 mile and kilometer. <br /> <p>Poé Beach - 2.2 km / 1.4 mi <br /> Domaine de Deva - 2.7 km / 1.7 mi <br /> Plage de La Baie des Tortues - 10.1 km / 6.3 mi <br /> Roche Percee Beach - 10.2 km / 6.3 mi <br /> Lagoons of New Caledonia - 11.1 km / 6.9 mi <br /> Musee de Bourail - 17 km / 10.6 mi <br /> New Zealand War Memorial - 23.4 km / 14.5 mi <br /> Plage Vidoire - 23.5 km / 14.6 mi <br /> </p><p>The nearest airports are:<br />Noumea (NOU-Tontouta Intl.) - 130.9 km / 81.3 mi<br /> Noumea (GEA-Magenta Domestic) - 175.7 km / 109.2 mi<br /> </p><p></p>,"<p>HeadLine : Near Poé Beach</p><p>Location : Located in Bourail, Poé Côté Lagon Beach Bungalows is a 3-minute drive from Domaine de Deva and 13 minutes from Roche Percee Beach.  This beach guesthouse is 3.3 mi (5.4 km) from Poé Beach and 10.6 mi (17 km) from Musee de Bourail.</p><p>Rooms : Make yourself at home in one of the 2 air-conditioned rooms featuring kitchenettes with refrigerators and stovetops. Rooms have private furnished patios. Complimentary wireless Internet access is available to keep you connected. Conveniences include separate sitting areas and coffee/tea makers, and you can also request irons/ironing boards.</p><p>Dining : Satisfy your appetite at the guesthouse s coffee shop/cafe. Continental breakfasts are available daily from 7 AM to 9:30 AM for a fee.</p><p>CheckIn Instructions : <ul>  <li>Extra-person charges may apply and vary depending on property policy</li><li>Government-issued photo identification and a credit card, debit card, or cash deposit may be required at check-in for incidental charges</li><li>Special requests are subject to availability upon check-in and may incur additional charges; special requests cannot be guaranteed</li><li>Guests must contact this property in advance to reserve cribs/infant beds</li><li>Safety features at this property include a fire extinguisher, a security system, and a first aid kit</li>  </ul></p><p>Special Instructions : There is no front desk at this property. This property doesn t offer after-hours check-in. To make arrangements for check-in please contact the property at least 48 hours before arrival using the information on the booking confirmation. Guests must contact the property for check-in instructions.</p>",687-00-000,Hiking/biking trails nearby Free self parking Kayaking on site Beach sun loungers Terrace Golf lessons available nearby Horse riding nearby Breakfast available (surcharge) Barbecue grill(s) Snorkeling nearby Smoke-free property Number of coffee shops/cafes - 1 Canoe on site Paddleboard on site Mountain biking nearby Golf cart Swimming nearby Scuba diving nearby Skydiving Nearby Free WiFi Bicycle parking available Helicopter/airplane tours on site Number of outdoor pools - 1 Bicycle tour information Bicycle rentals nearby Tours/ticket assistance Boat tours nearby Golf driving range on site Couples/private dining,-21.610172|165.392125,687-687-445762,98870,
NC,New Caledonia,112693,Bourail,5309124,Betikure Parc Lodge,ThreeStar,Route De La Taraudiere Bp 352  ,,"Positioned on 20 acres of tropical forest, Betikure Parc Lodge is located in Bourail. Guests can relax by the outdoor pool and take in the captivating mountain views, or enjoy traditional and French cuisine from the on-site restaurant. Free WiFi access is provided.

Betikure Parc Lodge is a 5-minute drive from the centre of Bourail. The closest beach is a 15-minute drive away. La Tontouta International Airport and Noumea are both within 2 hours drive from the property.

This luxurious tranquil property offers air-conditioned rooms with a flat-screen TV and modern furnishings. Each room provides a private bathroom with free toiletries and a hairdryer. Some rooms boast a kitchen with a stovetop and oven. Some rooms feature a private hot tub. After a day of exploring, guests can unwind on the balcony.

At Betikure Parc Lodge you can enjoy a massage. The tour desk can assist you with excursions such as jet skiing, kayaking or kite surfing. Please inform Betikure Parc Lodge in advance of your expected arrival time. You can use the Special Requests box when booking, or contact the property directly with the contact details provided in your confirmation.
Please note that this property does not accept payments with American Express credit cards.",,Parking Restaurant Bar Garden Terrace Non-smoking rooms Airport shuttle Family rooms Free parking internet services Massage Hot tub/jacuzzi Hiking BBQ facilities Tour desk Heating wifi Free WiFi Non-smoking throughout Air conditioning Snack Bar airport shuttle (additional charge) shared lounge/TV area parking on site Private parking wifi available in all areas Kid meals Parking garage Smoke alarms CCTV in common areas Fire extinguishers,-21.56409|165.52554,,98830,https://www.booking.com/hotel/nc/betikure-parc-lodge-bourail.html
NC,New Caledonia,117304,Fayaoue,1180446,Hotel Paradis D'ouvÉa,ThreeStar,Tribu De Fayawa B.P. 272 Fayaoue Ouvea Island FayaoueOuvea ,Distances are displayed to the nearest 0.1 mile and kilometer. <br /> <p>Plage du Paradis d Ouvéa - 0.3 km / 0.2 mi <br /> Plage du Pont de Mouli - 1.1 km / 0.7 mi <br /> Plage des Falaises de Lekiny - 3 km / 1.9 mi <br /> Plage de Mouli - 3.8 km / 2.4 mi <br /> Fayaoue Church - 10.1 km / 6.3 mi <br /> Plage de la Pointe aux Requins - 38.4 km / 23.8 mi <br /> </p>,"<p>HeadLine : Near Plage du Paradis d Ouvéa</p><p>Location : When you stay at Paradis d  Ouvea in Ouvea, you ll be on the beach, you ll be a 10-minute drive from Fayaoue Church.  This beach hotel is 0.2 mi (0.3 km) from Plage du Paradis d Ouvéa and 0.7 mi (1.1 km) from Plage du Pont de Mouli.</p><p>Rooms : Make yourself at home in one of the 34 guestrooms featuring refrigerators and flat-screen televisions. Rooms have private furnished balconies or patios. Complimentary wireless Internet access keeps you connected, and cable programming is available for your entertainment. Bathrooms have shower/tub combinations and complimentary toiletries.</p><p>Dining : Stop by the hotel s restaurant, La Part des Anges, for lunch or dinner. Dining is also available at the coffee shop/cafe, and room service (during limited hours) is provided. Wrap up your day with a drink at the bar/lounge. Buffet breakfasts are served on weekdays from 7:00 AM to 10:00 AM and on weekends from 7:00 AM to 1:00 PM for a fee.</p><p>CheckIn Instructions : <ul>  <li>Extra-person charges may apply and vary depending on property policy</li><li>Government-issued photo identification and a credit card, debit card, or cash deposit may be required at check-in for incidental charges</li><li>Special requests are subject to availability upon check-in and may incur additional charges; special requests cannot be guaranteed</li><li>This property accepts credit cards; cash is not accepted</li><li>Safety features at this property include a carbon monoxide detector, a fire extinguisher, a smoke detector, a security system, and a first aid kit</li><li>Please note that cultural norms and guest policies may differ by country and by property; the policies listed are provided by the property</li>  </ul></p><p>Special Instructions : Guests must transfer to the property via Airplane and must arrange the transfers by contacting the property before travel, using the contact information on the booking confirmation. This property offers transfers from the airport (surcharges may apply). Guests must contact the property with arrival details before travel, using the contact information on the booking confirmation. The front desk is open daily from 7:00 AM - 10:30 PM. This property doesn t offer after-hours check-in. Front desk staff will greet guests on arrival. For more details, please contact the property using the information on the booking confirmation.  This property is located on Ouvéa Island, accessible by domestic flight from Nouméa Magenta Airport.</p>",687-687-455401,Dry cleaning/laundry service Beach umbrellas Babysitting or childcare (surcharge) Pool umbrellas Number of meeting rooms - 1 Free WiFi Number of bars/lounges - 1 Number of outdoor pools - 1 Garden In-room accessibility (in select rooms) Free newspapers in lobby Roll-in shower (in select rooms) Tours/ticket assistance Beach towels Area shuttle (surcharge) Scuba diving on site Airport transportation (surcharge) Wheelchair accessible  no Luggage storage Business center Front desk (limited hours) Breakfast available (surcharge) Safe-deposit box at front desk Smoke-free property Number of coffee shops/cafes - 1 Laundry facilities Free self parking Free valet parking Beach sun loungers Terrace Pool sun loungers Bicycle rentals on site Concierge services,-20.705971|166.463487,687-687-455400,98814,
NC,New Caledonia,121217,Hienghene,1177003,Hotel Koulnoue Village,ThreeStar,Sur La Route De 98815 Hienghene ,Distances are displayed to the nearest 0.1 mile and kilometer. <br /> <p>Lagoons of New Caledonia - 2.3 km / 1.4 mi <br /> Plage de Billet de 500 - 9.6 km / 6 mi <br /> Plage de Koulnoué - 13.8 km / 8.6 mi <br /> Plage de Colnett - 33.7 km / 20.9 mi <br /> Plage de Touho - 47.3 km / 29.4 mi <br /> </p>,"<p>HeadLine : Near Plage de Billet de 500</p><p>Location : Located in Hienghene, Koulnoué Village is by the ocean, a 2-minute drive from Lagoons of New Caledonia and 10 minutes from Plage de Billet de 500.  This beach hotel is 8.6 mi (13.8 km) from Plage de Koulnoué and 20.9 mi (33.7 km) from Plage de Colnett.</p><p>Rooms : Make yourself at home in one of the 49 guestrooms featuring refrigerators and LCD televisions. Your bed comes with premium bedding, and all rooms are furnished with sofa beds. Rooms have private furnished lanais. Complimentary wireless Internet access keeps you connected, and cable programming is available for your entertainment. Private bathrooms with showers feature complimentary toiletries and hair dryers.</p><p>Dining : You can enjoy a meal at the restaurant serving the guests of Koulnoué Village, or stop in at the snack bar/deli. Wrap up your day with a drink at the bar/lounge. Buffet breakfasts are available daily from 6:00 AM to 9:30 AM for a fee.</p><p>CheckIn Instructions : <ul>  <li>Extra-person charges may apply and vary depending on property policy</li><li>Government-issued photo identification and a credit card may be required at check-in for incidental charges</li><li>Special requests are subject to availability upon check-in and may incur additional charges; special requests cannot be guaranteed</li><li>The name on the credit card used at check-in to pay for incidentals must be the primary name on the guestroom reservation</li><li>This property accepts credit cards and cash</li><li>Safety features at this property include a fire extinguisher, a smoke detector, and a first aid kit</li>  </ul></p><p>Special Instructions : To make arrangements for check-in please contact the property ahead of time using the information on the booking confirmation. If you are planning to arrive after 8:00 PM please contact the property in advance using the information on the booking confirmation. Guests must contact the property in advance for check-in instructions. Front desk staff will greet guests on arrival.</p>",687-42-8175,Surfing/bodyboarding on site Bicycle rentals on site Concierge services Gift shops or newsstand Wheelchair accessible (may have limitations) Free wired Internet Free WiFi Number of bars/lounges - 1 Designated smoking areas Number of outdoor pools - 1 Horse riding/rental on site Garden In-room accessibility (in select rooms) Tours/ticket assistance Accessible bathroom (in select rooms) Volleyball on site Beach towels Boat tours on site Miniature golf on site Luggage storage Outdoor tennis courts - 1 Multilingual staff 24-hour front desk Breakfast available (surcharge) Safe-deposit box at front desk Designated smoking areas (fines apply) Snack bar/deli Hiking/biking trails nearby Laundry facilities Free self parking Snorkeling on site Tennis on site Terrace Basketball on site Pool sun loungers,-20.66734|164.934045,+687428166,98815,
NC,New Caledonia,121714,Ile des Pins,1026546,Le Meridien Ile Des Pins,FiveStar,Baie Doro Bp 175 BP 175Ile des Pins 98832New Caledonia ,Distances are displayed to the nearest 0.1 mile and kilometer. <br /> <p>Plage d Oro - 0.7 km / 0.4 mi <br /> Natural Pool - 1.2 km / 0.7 mi <br /> Grotte de Hortense - 7.3 km / 4.5 mi <br /> Pic N Ga - 7.5 km / 4.6 mi <br /> Notre Dame de l Assomption - 14.2 km / 8.9 mi <br /> Baie de Vao - 14.5 km / 9 mi <br /> Kuto Beach - 15.8 km / 9.8 mi <br /> Kanumera Beach - 16.9 km / 10.5 mi <br /> Kanumera Bay - 17 km / 10.6 mi <br /> </p>,"<p>HeadLine : Near Plage d Oro</p><p>Location : When you stay at Le Méridien Ile des Pins in L Île-des-Pins, you ll be on the waterfront, within a 15-minute walk of Plage d Oro and Natural Pool.  This 5-star hotel is 4.5 mi (7.3 km) from Grotte de Hortense and 4.6 mi (7.5 km) from Pic N Ga.</p><p>Rooms : Make yourself at home in one of the 48 guestrooms featuring iPod docking stations and minibars. Rooms have private balconies or patios. 42-inch LCD televisions with satellite programming provide entertainment, while complimentary wireless Internet access keeps you connected. Partially open bathrooms with separate bathtubs and showers feature deep soaking bathtubs and rainfall showerheads.</p><p>Dining : Grab a bite at La Pirogue Restaurant, a beachfront restaurant where you can enjoy drinks at the bar/lounge and dine alfresco. Or stay in and take advantage of the 24-hour room service.</p><p>Renovations : The following facilities or services will be unavailable from June 19 2023 to July 1 2023 (dates subject to change): <ul><li>Swimming pool</li></ul></p><p>CheckIn Instructions : <ul>  <li>Extra-person charges may apply and vary depending on property policy</li><li>Government-issued photo identification and a credit card, debit card, or cash deposit may be required at check-in for incidental charges</li><li>Special requests are subject to availability upon check-in and may incur additional charges; special requests cannot be guaranteed</li><li>This property accepts credit cards and cash</li><li>Safety features at this property include a fire extinguisher, a smoke detector, and a security system</li><li>Please note that cultural norms and guest policies may differ by country and by property; the policies listed are provided by the property</li>  </ul></p><p>Special Instructions : Guests must transfer to the property via airplane or boat and must arrange the transfers by contacting the property before travel, using the contact information on the booking confirmation. This property offers transfers from the cruise terminal and ferry terminal (surcharges may apply). To arrange pick-up, guests must contact the property 24 hours prior to arrival, using the contact information on the booking confirmation. Front desk staff will greet guests on arrival.</p>",68-7-265100,Hiking/biking trails nearby Children's pool Sauna Free self parking Free beach cabanas Kayaking on site Free pool cabanas Beach sun loungers Terrace Wheelchair accessible path of travel Pool sun loungers Concierge services Snack bar/deli Gift shops or newsstand Dry cleaning/laundry service Beach volleyball on site Proposal/romance packages available Babysitting or childcare (surcharge) Pool umbrellas Swimming pool Sailing nearby Scuba diving nearby Free WiFi Number of bars/lounges - 1 Number of outdoor pools - 1 In-room accessibility (in select rooms) Roll-in shower (in select rooms) Tours/ticket assistance Accessible bathroom (in select rooms) Fireplace in lobby Ferry terminal shuttle (surcharge) Cruise terminal shuttle (surcharge) Airport transportation (surcharge) On private beach Wheelchair-accessible on-site restaurant Multilingual staff Fitness facilities Snorkeling on site Wheelchair accessible (may have limitations) Wheelchair-accessible concierge desk Beach umbrellas Wheelchair-accessible spa Wheelchair-accessible registration desk Television in common areas Wheelchair-accessible fitness center Wheelchair-accessible pool Spa treatment room(s) Garden Free newspapers in lobby Full-service spa Wedding services Volleyball on site Beach towels 24-hour fitness facilities Boat tours nearby Free bicycles on site 24-hour health club Cave exploring/spelunking nearby Couples/private dining Luggage storage Express check-out Porter/bellhop Billiards or pool table 24-hour front desk Scooter/moped rentals nearby Library Safe-deposit box at front desk Smoke-free property,-22.578445|167.51824,687265000,98832,http://www.lemeridieniledespins.com/
NC,New Caledonia,121714,Ile des Pins,1268291,Oure Tera Beach Resort,ThreeStar,Baie De Kanuméra Bp 170 Vao BP 17098832 Ile des Pins ,Distances are displayed to the nearest 0.1 mile and kilometer. <br /> <p>Kanumera Beach - 0.9 km / 0.6 mi <br /> Kanumera Bay - 1 km / 0.6 mi <br /> Kuto Beach - 1.9 km / 1.2 mi <br /> Notre Dame de l Assomption - 4.8 km / 3 mi <br /> Baie de Vao - 5.8 km / 3.6 mi <br /> Pic N Ga - 11.5 km / 7.1 mi <br /> Grotte de Hortense - 11.8 km / 7.3 mi <br /> Natural Pool - 17.5 km / 10.9 mi <br /> Plage d Oro - 18.8 km / 11.7 mi <br /> </p>,"<p>HeadLine : Near Kanumera Beach</p><p>Location : Located in L Île-des-Pins, Oure Lodge Beach Resort is by the sea, within a 15-minute walk of Kanumera Beach and Kanumera Bay.  This beach hotel is 1.2 mi (1.9 km) from Kuto Beach and 3 mi (4.8 km) from Notre Dame de l Assomption.</p><p>Rooms : Make yourself at home in one of the 30 air-conditioned rooms featuring minibars and flat-screen televisions. Satellite television is provided for your entertainment. Bathrooms with separate bathtubs and showers are provided. Conveniences include desks and coffee/tea makers, and housekeeping is provided daily.</p><p>Dining : Enjoy seafood at Kanumera, a restaurant which features a bar/lounge, or stay in and take advantage of the room service (during limited hours).</p><p>CheckIn Instructions : <ul>  <li>Extra-person charges may apply and vary depending on property policy</li><li>Government-issued photo identification and a credit card, debit card, or cash deposit may be required at check-in for incidental charges</li><li>Special requests are subject to availability upon check-in and may incur additional charges; special requests cannot be guaranteed</li><li>This property accepts credit cards and cash</li><li>Safety features at this property include a carbon monoxide detector, a fire extinguisher, a smoke detector, a security system, and a first aid kit</li>  </ul></p><p>Special Instructions : Guests must transfer to the property via airplane or boat and must arrange the transfers by contacting the property before travel, using the contact information on the booking confirmation. This property offers transfers from the airport (surcharges may apply). Guests must contact the property with arrival details before travel, using the contact information on the booking confirmation. The front desk is open daily from 6:00 AM - 10:00 PM. Front desk staff will greet guests on arrival.</p>",00687431344,Banquet hall Babysitting or childcare (surcharge) Number of meeting rooms - 1 Free WiFi Number of bars/lounges - 1 Number of outdoor pools - 1 Garden In-room accessibility (in select rooms) Wedding services Tours/ticket assistance Beach towels Airport transportation (surcharge) Wheelchair accessible  no Luggage storage Porter/bellhop Front desk (limited hours) Gift shops or newsstand Dry cleaning/laundry service Shopping on site Snorkeling nearby Safe-deposit box at front desk Smoke-free property Rowing or canoeing on site Laundry facilities Free self parking Beach sun loungers Terrace Bicycle rentals on site,-22.66435|167.449553,+687431315,98832,"http://www.tera-hotels-resorts.com/hotel,oure"
NC,New Caledonia,121714,Ile des Pins,1311521,Hotel Kou Bugny,ThreeStar,Baie De Kuto 98832 Ile des Pins ,,"Situated by the shores of Kuto Bay, this hotel offers air-conditioned rooms and bungalows, just metres from the beach. The restaurant is located on the beach and features uninterrupted sea views.

Each room and bungalow at Hotel Kou Bugny features a TV, refrigerator and private bathroom. Most have outdoor seating and a bathtub. Rooms with a spa bath or private sauna are available.

The hotel is located on the beautiful Île des Pins (Isle of Pines). Guests have access to snorkelling and canoeing equipment.

The Nautilus Restaurant is located in a prime position on the beach, featuring an outdoor terrace and cocktail menu.

Hotel Kou Bugny is a 5-minute walk from Kuto Wharf where ferries depart for Noumea city centre, 80 km away. Isle of Pines Airport is a 15-minute bus ride away. Please inform Hotel Kou Bugny in advance of your expected arrival time. You can use the Special Requests box when booking, or contact the property directly with the contact details provided in your confirmation.
Guests are required to show a photo identification and credit card upon check-in. Please note that all Special Requests are subject to availability and additional charges may apply.
Please note that the hotel can arrange flight or ferry transfers and tickets to and from Isle of Pines Airport for an additional charge. Contact details can be found on the booking confirmation.",+687461823,Free self parking Restaurant Pets allowed Room service Meeting rooms Bar/lounge Free newspapers in lobby Garden Terrace Non-smoking rooms Airport shuttle Fishing Laundry facilities Family rooms VIP room facilities Breakfast service Ironing service Internet access Express check-in Safe-deposit box at front desk Currency exchange Gift shops or newsstand Hiking Packed lunches Car hire Tour desk Fax/photocopying Diving Tours/ticket assistance Snorkelling Luggage storage Shopping on site Air conditioning Snack bar/deli Terrace Concierge services Private check-in/check-out Area shuttle (surcharge) Airport transportation (surcharge) On private beach Private parking Kid meals Kid-friendly buffet,-22.66041|167.44416,+687461800,98832,https://www.booking.com/hotel/nc/kou-bugny.html
NC,New Caledonia,121714,Ile des Pins,1675321,Relais Le Kuberka,TwoStar,RM3 Kuto BayIsle of Pines 98832 ,Distances are calculated in a straight line from the property's location to the point of interest or attraction  and may not reflect actual travel distance. <br /><br /> Distances are displayed to the nearest 0.1 mile and kilometer. <p>Kuto Beach - 0.5 km / 0.3 mi <br />Kanumera Beach - 1 km / 0.6 mi <br />Pic N'Ga - 5.7 km / 3.6 mi <br />Kanumera Bay - 8.5 km / 5.3 mi <br />Natural Pool - 11.6 km / 7.2 mi <br /></p><p>The nearest airports are:<br />Noumea (GEA-Magenta Domestic) - 108.9 km / 67.7 mi<br />Noumea (NOU-Tontouta Intl.) - 144.8 km / 90 mi<br /></p><p></p>,"<p><b>Property Location</b> <br />When you stay at RELAIS LE KUBERKA in Isle of Pines, you'll be on the beach and convenient to Kuto Beach and Kanumera Beach.  This guesthouse is within the vicinity of Pic N'Ga and Kanumera Bay.</p><p><b>Rooms</b> <br />Make yourself at home in one of the 11 guestrooms featuring refrigerators and flat-screen televisions. Rooms have private balconies or patios. Complimentary wireless Internet access keeps you connected, and cable programming is available for your entertainment. Bathrooms with showers are provided.</p><p><b>Amenities</b> <br />Take advantage of recreation opportunities such as an outdoor pool or take in the view from a rooftop terrace and a garden. Additional features at this guesthouse include complimentary wireless Internet access, babysitting/childcare (surcharge), and a picnic area. Guests can catch a ride to nearby destinations on the complimentary area shuttle.</p><p><b>Dining</b> <br />Enjoy a satisfying meal at a restaurant serving guests of RELAIS LE KUBERKA. Quench your thirst with your favorite drink at a bar/lounge. Continental breakfasts are available daily from 7 AM to 9 AM for a fee.</p><p><b>Business, Other Amenities</b> <br />Featured amenities include luggage storage and laundry facilities. A roundtrip airport shuttle is provided for a surcharge (available 24 hours), and free self parking is available onsite.</p>",,Front desk (limited hours) Free self parking Free area shuttle Free WiFi Breakfast available (surcharge) Bar/lounge Babysitting or childcare (surcharge) Babysitting or childcare Airport transportation (surcharge) Total number of rooms - 11 Rooftop terrace Restaurant Picnic area Outdoor pool Luggage storage Laundry facilities Garden,-22.65356|167.44444,,98832,
NC,New Caledonia,124950,Koné,1187528,Koniambo,ThreeStar,Route T 1 BP 3598860 KonéCedex ,Distances are displayed to the nearest 0.1 mile and kilometer. <br /> <p>Plage de la Baie du Jardin - 9.9 km / 6.2 mi <br /> Plage de Franco - 21.7 km / 13.5 mi <br /> Wharf - Ponton - 33.2 km / 20.7 mi <br /> Plage de Gatope - 33.2 km / 20.7 mi <br /> Coeur de Voh Viewpoint - 33.9 km / 21.1 mi <br /> Plage de Poaboaudifingue - 34.3 km / 21.3 mi <br /> Plage de Pindai - 45.5 km / 28.3 mi <br /> </p>,"<p>HeadLine : In a rural location</p><p>Location : When you stay at Koniambo in Kone, you ll be 15 minutes by car from Plage de la Baie du Jardin.  This hotel is 13.5 mi (21.7 km) from Plage de Franco and 20.7 mi (33.2 km) from Wharf - Ponton.</p><p>Rooms : Make yourself at home in one of the 51 guestrooms featuring refrigerators and LCD televisions. Your Select Comfort bed comes with premium bedding. Rooms have private balconies. Complimentary wireless Internet access is available to keep you connected. Bathrooms have bathtubs or showers and hair dryers.</p><p>Dining : You can enjoy a meal at the restaurant serving the guests of Koniambo, or stop in at the snack bar/deli. Quench your thirst with your favorite drink at the poolside bar. Continental breakfasts are available daily from 6:00 AM to 9:30 AM for a fee.</p><p>CheckIn Instructions : <ul>  <li>Extra-person charges may apply and vary depending on property policy</li><li>Government-issued photo identification and a credit card, debit card, or cash deposit may be required at check-in for incidental charges</li><li>Special requests are subject to availability upon check-in and may incur additional charges; special requests cannot be guaranteed</li><li>This property accepts credit cards; cash is not accepted</li><li>Safety features at this property include a fire extinguisher, a smoke detector, and a first aid kit</li>  </ul></p><p>Special Instructions : The front desk is open daily from 6:00 AM - 10:00 PM. This property doesn t offer after-hours check-in. Front desk staff will greet guests on arrival.</p>",687-47-3941,Accessible bathroom (in select rooms) Dry cleaning/laundry service Wheelchair accessible (may have limitations) Babysitting or childcare (surcharge) Number of meeting rooms - 1 Free WiFi Designated smoking areas Helicopter/airplane tours on site Number of poolside bars - 1 Number of outdoor pools - 1 Horse riding/rental on site Garden In-room accessibility (in select rooms) Wheelchair accessible parking Free newspapers in lobby Roll-in shower (in select rooms) Tours/ticket assistance Luggage storage Multilingual staff Business center Front desk (limited hours) Breakfast available (surcharge) Safe-deposit box at front desk Snack bar/deli Laundry facilities Free self parking Tennis on site Terrace Concierge services,-21.054786|164.838539,+687473940,98860,http://www.grands-hotels.nc/english/koniambo.html
NC,New Caledonia,124950,Koné,1411060,La Néa,ThreeStar,2750 Avenue Du Lapita 98860 Kone ,Distances are displayed to the nearest 0.1 mile and kilometer. <br /> <p>Plage de la Baie du Jardin - 7.6 km / 4.7 mi <br /> Plage de Franco - 17.9 km / 11.1 mi <br /> Coeur de Voh Viewpoint - 36.3 km / 22.6 mi <br /> Plage de Gatope - 37.1 km / 23.1 mi <br /> Wharf - Ponton - 37.1 km / 23.1 mi <br /> Plage de Pindai - 41.7 km / 25.9 mi <br /> </p>,"<p>HeadLine : Near the airport</p><p>Location : When you stay at La Néa in Kone, you ll be near the airport and 10 minutes by car from Plage de la Baie du Jardin.  This hotel is 11.1 mi (17.9 km) from Plage de Franco and 22.6 mi (36.3 km) from Coeur de Voh Viewpoint.</p><p>Rooms : Make yourself at home in one of the 30 air-conditioned rooms featuring flat-screen televisions. Rooms have private furnished lanais. Complimentary wireless Internet access keeps you connected, and satellite programming is available for your entertainment. Private bathrooms with showers feature rainfall showerheads and complimentary toiletries.</p><p>Dining : Grab a bite to eat at the hotel s restaurant, where you can take in the pool view, or stay in and take advantage of the room service (during limited hours). Wrap up your day with a drink at the bar/lounge. Continental breakfasts are available daily from 6:30 AM to 10 AM for a fee.</p><p>CheckIn Instructions : <ul>  <li>Extra-person charges may apply and vary depending on property policy</li><li>Government-issued photo identification and a credit card, debit card, or cash deposit may be required at check-in for incidental charges</li><li>Special requests are subject to availability upon check-in and may incur additional charges; special requests cannot be guaranteed</li><li>This property accepts credit cards; cash is not accepted</li><li>Safety features at this property include a carbon monoxide detector, a fire extinguisher, a smoke detector, a security system, and a first aid kit</li>  </ul></p><p>Special Instructions : This property doesn t offer after-hours check-in. Front desk staff will greet guests on arrival.</p>",687-47-3050,Shopping on site Wheelchair accessible (may have limitations) Free WiFi Number of bars/lounges - 1 Designated smoking areas Number of outdoor pools - 1 Garden In-room accessibility (in select rooms) Wheelchair accessible parking Free newspapers in lobby Roll-in shower (in select rooms) Tours/ticket assistance Accessible bathroom (in select rooms) Luggage storage Multilingual staff 24-hour front desk Breakfast available (surcharge) Safe-deposit box at front desk Designated smoking areas (fines apply) Snack bar/deli Hiking/biking trails nearby Laundry facilities Children's pool Free self parking Terrace Pool sun loungers,-21.069954|164.869556,687-24-2477,98860,
NC,New Caledonia,124950,Koné,1426534,Hotel Colibri,ThreeStar,RT1 Sortie Nord de KONE 98860 KoneProvince Nord ,,"Offering an outdoor pool, Hotel Colibri is located in Koné. Free WiFi access is available. Each room here will provide you with air conditioning and a balcony.

Complete with a refrigerator, the dining area also has an electric kettle. Featuring a shower, private bathroom also comes with a hairdryer and free toiletries. You can enjoy pool view and garden view from the room. Extras include a desk, an outdoor seating area and a safety deposit box.

At Hotel Colibri you will find a garden and a snack bar. Other facilities offered at the property include shops (on site) and a vending machine. The property offers free parking. Please inform Hotel Colibri in advance of your expected arrival time. You can use the Special Requests box when booking, or contact the property directly with the contact details provided in your confirmation.
If you expect to arrive after 19:30 please contact the property in advance to arrange key collection, using the contact details found on the booking confirmation.

Please let the property know your expected arrival time in advance. You can use the Special Requests box when booking, or contact the property using the contact details found on the booking confirmation.",,Parking Garden Terrace Non-smoking rooms Laundry Facilities for disabled guests Ironing service Free parking internet services Soundproof rooms Fax/photocopying wifi Outdoor pool Free WiFi Non-smoking throughout Air conditioning designated smoking area Sun terrace outdoor pool (all year) Daily housekeeping parking on site Private parking wifi available in all areas Wheelchair accessible Lower bathroom sink Wine/champagne Swimming pool Swimming pool,-21.05614|164.85143,+687475404|+687475405,98860,https://www.booking.com/hotel/nc/colibri.html
NC,New Caledonia,124950,Koné,1427179,Hotel Hibiscus,ThreeStar,1153 Rue Du Lapita 98860 Koné ,,"Offering an outdoor swimming pool and free WiFi, Hotel Hibiscus is located in the centre of Koné. Surrounded by gardens, the property features an on-site restaurant, a bar, and a terrace. It offers free on-site parking.

All rooms are air-conditioned and include a fridge. There is a balcony and seating area. The private bathroom includes free toiletries.

The on-site restaurant offers fresh dishes with local produce.",,Restaurant Room service meeting/banquet facilities Bar Garden Terrace Non-smoking rooms Fishing babysitting/child services Laundry Facilities for disabled guests Barber/beauty shop Family rooms Ironing service internet services express check-in/check-out Safety Deposit Box Currency exchange Spa and wellness centre Windsurfing Hot tub/jacuzzi Soundproof rooms Canoeing Hiking Packed lunches Car hire Cycling Tour desk hammam Fax/photocopying Diving Horse riding Snorkelling Luggage storage wifi Outdoor pool Free WiFi Air conditioning designated smoking area Sun terrace outdoor pool (all year) concierge service Special diet menus (on request) shared lounge/TV area Daily housekeeping wifi available in all areas board games/puzzles Kid meals Toilet with grab rails Higher level toilet pool/beach towels Wine/champagne Fruits sun loungers or beach chairs Sun umbrellas Outdoor furniture Spa Facilities Spa lounge/relaxation area Spa/wellness packages Yoga classes fitness/spa locker rooms Swimming pool temporary art galleries Walking tours Themed dinner nights Tour or class about local culture Live sport events (broadcast) Key access Security alarm Smoke alarms CCTV in common areas CCTV outside property Fire extinguishers Swimming pool first aid kit available invoice provided,-21.06229|164.86233,47.22.61,98860,https://www.booking.com/hotel/nc/hibiscus.html
NC,New Caledonia,124950,Koné,1892106,Eden Appartel,ThreeStar,239 Avenue De Teari Lotissement Les Cassis Zone Dactivité Les Cassis98860 Koné ,Distances are displayed to the nearest 0.1 mile and kilometer. <br /> <p>Plage de la Baie du Jardin - 12 km / 7.4 mi <br /> Plage de Franco - 14.8 km / 9.2 mi <br /> Plage de Pindai - 38.7 km / 24 mi <br /> Coeur de Voh Viewpoint - 40.8 km / 25.3 mi <br /> Plage de Gatope - 41.6 km / 25.8 mi <br /> Wharf - Ponton - 41.6 km / 25.9 mi <br /> Plage de Poaboaudifingue - 42.6 km / 26.5 mi <br /> </p><p>The nearest airports are:<br />Noumea (NOU-Tontouta Intl.) - 216.1 km / 134.3 mi<br /> Noumea (GEA-Magenta Domestic) - 260.9 km / 162.1 mi<br /> </p><p></p>,"<p>HeadLine : In Kone</p><p>Location : When you stay at Eden Appartel Koné in Kone, you ll be 13 minutes by car from Plage de la Baie du Jardin.  This hotel is 9.2 mi (14.8 km) from Plage de Franco and 24 mi (38.7 km) from Plage de Pindai.</p><p>Rooms : Make yourself at home in one of the 40 guestrooms, featuring kitchens with refrigerators and stovetops. Flat-screen televisions with cable programming provide entertainment, while complimentary wireless Internet access keeps you connected. Conveniences include safes and microwaves, and housekeeping is provided weekly.</p><p>Dining : Continental breakfasts are served on weekdays from 6:00 AM to 9:30 AM and on weekends from 7:00 AM to 9:30 AM for a fee.</p><p>CheckIn Instructions : <ul>  <li>Extra-person charges may apply and vary depending on property policy</li><li>Government-issued photo identification and a credit card, debit card, or cash deposit may be required at check-in for incidental charges</li><li>Special requests are subject to availability upon check-in and may incur additional charges; special requests cannot be guaranteed</li><li>This property accepts credit cards; cash is not accepted</li><li>Please note that cultural norms and guest policies may differ by country and by property; the policies listed are provided by the property</li>  </ul></p><p>Special Instructions : The front desk is open during the following times:<ul><li>Monday - Friday: 6:00 AM - 1:00 PM</li></ul> <ul><li>Monday - Friday: 2:00 PM - 8:00 PM</li></ul>This property doesn t offer after-hours check-in. Front desk staff will greet guests on arrival. For more details, please contact the property using the information on the booking confirmation.  Reception hours are 6 AM to noon and 2:30-8 PM on Saturdays, and 7-11:30 AM and 3:30-8 PM on Sundays.</p>",687-00-000,Airport transportation (surcharge) Wheelchair accessible (may have limitations) Luggage storage Wheelchair-accessible registration desk Breakfast available (surcharge) Free WiFi Designated smoking areas Number of outdoor pools - 1 Garden Safe-deposit box at front desk In-room accessibility (in select rooms) Wheelchair accessible parking Laundry facilities Roll-in shower (in select rooms) Use of nearby fitness center (discount) Accessible bathroom (in select rooms) Free self parking Terrace Wheelchair accessible path of travel Concierge services,-21.095454|164.883929,687-687-424142,98860,http://fr.eden.nc
NC,New Caledonia,124950,Koné,1900672,Pacifik Appartels,All,Route Territoriale 1 BP 1900 ,,"Located in Koné, Le Pacifik Kone provides accommodation with free WiFi, air conditioning and access to a garden with an outdoor swimming pool.

Featuring a kitchen with a fridge and an oven, each unit also comes with a safety deposit box, a satellite flat-screen TV, ironing facilities, desk and a seating area with a sofa. There is a fully equipped private bathroom with shower and a hairdryer.

Buffet and continental breakfast options are available daily at the aparthotel. The restaurant at Le Pacifik Kone serves international cuisine.

The accommodation also provides a business centre and free private parking.

A range of water sports facilities can be found at Le Pacifik Kone, along with a terrace.

The nearest airport is Kone, 2 km from the aparthotel, and the property offers a paid airport shuttle service.",,Sun umbrellas Outdoor furniture Fence around pool Picnic area Fitness Swimming pool temporary art galleries Parking Restaurant Room service meeting/banquet facilities Bar Garden Terrace Non-smoking rooms Airport shuttle Business centre Laundry Facilities for disabled guests Family rooms Ironing service Free parking internet services lift express check-in/check-out Safety Deposit Box Table tennis Soundproof rooms Packed lunches Heating Fax/photocopying Luggage storage wifi Outdoor pool Free WiFi Non-smoking throughout Air conditioning designated smoking area ATM/cash machine on site Snack Bar Sun terrace outdoor pool (all year) Private check-in/check-out water sport facilities on site airport shuttle (additional charge) Daily housekeeping parking on site Private parking wifi available in all areas board games/puzzles Baby safety gates Kid meals Parking garage Accessible parking Shallow end Wine/champagne Fruits coffee house on site sun loungers or beach chairs 24-hour security Key access Key card access Security alarm Smoke alarms CCTV in common areas CCTV outside property Fire extinguishers Swimming pool use of cleaning chemicals that are effective against coronavirus linens  towels and laundry washed in accordance with local authority guidelines physical distancing in dining areas food can be delivered to guest accommodation all plates  cutlery  glasses and other tableware have been sanitized guests have the option to cancel any cleaning services for their accommodation during their stay breakfast takeaway containers,-21.06287|164.86328,,98859,https://www.booking.com/hotel/nc/pacifik-appartels-kone.html
NC,New Caledonia,150617,Koumac,1810316,LEscapade Du Nord,All,8 Rue Henri Rieu 98850 Koumac ,,"Boasting an outdoor swimming pool, barbecue facilities, and a terrace, LEscapade du Nord features accommodation in Koumac with free WiFi and pool views. Guests staying at this bed and breakfast have access to a fully equipped kitchenette.",,Free self parking Terrace Non-smoking rooms Breakfast service Internet access BBQ facilities Free WiFi Free WiFi Air conditioning Designated smoking areas Terrace Outdoor pool Free area shuttle Parking onsite Private parking,-20.55606|164.28636,,98850,https://www.booking.com/hotel/nc/l-39-escapade-du-nord.html
NC,New Caledonia,150617,Koumac,1819489,Chez Pascal et Claudia,All,36 RT1 Station De Karembe BP 22198850 Koumac ,,"Chez Pascal et Claudia is located 9 km from Kaala-Gomen and 10 km away from Koumac. Both free WiFi and private parking are accessible at the bed and breakfast. This property will not accommodate hen, stag or similar parties.",,Free self parking 24-hour front desk Terrace Non-smoking rooms Internet access Express check-in Free WiFi Free WiFi Non-smoking throughout Air conditioning Parking onsite Private parking Games Children television networks,-20.616|164.33315,,98850,https://www.booking.com/hotel/nc/le-karembe.html
NC,New Caledonia,150617,Koumac,1892068,Monitel,ThreeStar,Village Of Emile Frouin BP 75 98850 Koumac ,,"Monitel offers 3-star accommodation in Koumac and features a restaurant, outdoor swimming pool and bar. The hotel offers both free WiFi and free private parking.",+687476285,Swimming pool Beach Swimming pool Fence around pool sun loungers or beach chairs Accessible parking Parking garage secured parking wifi available in all areas Private parking parking on site Beachfront outdoor pool (seasonal) outdoor pool (all year) Air conditioning Free WiFi Outdoor pool wifi internet services Free parking Non-smoking rooms Bar Restaurant Parking,-20.54945|164.27075,+687476666,98849,https://www.booking.com/hotel/nc/monitel-koumac.html
NC,New Caledonia,126005,Lifou,1187532,Oasis De Kiamu,TwoStar,Tribu de Jozip BP 41798820 We Lifou ,,"Offering an outdoor pool, year-round outdoor pool and sun terrace, Hotel Oasis de Kiamu is situated on Lifou Island. Guests can enjoy the on-site restaurant.

All rooms are fitted with a flat-screen TV. Some rooms feature a seating area to relax in after a busy day. Each room includes a private bathroom.

There is a shared lounge at the property.

This hotel has a private beach area and car hire is available. A selection of activities are offered in the area, such as snorkeling and hiking. Please note this hotel is located on Lifou island, not on the main island Grande Terre. Guests need to arrange domestic flights or a ferry from Noumea to Lifou island.",+687451600,Swimming pool Fire extinguishers 24-hour security Shuttle service Beach Swimming pool Yoga classes Fence around pool sun loungers or beach chairs airport drop off airport pick up Fruits Wine/champagne Shallow end Plunge pool Parking garage Kid meals kids' outdoor play equipment wifi available in all areas parking on site Daily housekeeping Beachfront shared lounge/TV area airport shuttle (additional charge) Special diet menus (on request) shuttle service (additional charge) outdoor pool (all year) Sun terrace Snack Bar Private beach area designated smoking area Air conditioning Free WiFi Outdoor pool wifi Luggage storage Snorkelling Fax/photocopying Packed lunches Hiking Soundproof rooms Billiards Massage Currency exchange express check-in/check-out internet services Free parking Ironing service Family rooms Facilities for disabled guests Laundry Airport shuttle Non-smoking rooms Terrace Garden Bar meeting/banquet facilities Pets allowed Restaurant Parking,-20.93994|167.35091,+687451500,98820,https://www.booking.com/hotel/nc/oasis-de-kiamu.html
NC,New Caledonia,126005,Lifou,6096960,FENEPAZA,TwoStar,Mucaweng BP 45  ,Distances are displayed to the nearest 0.1 mile and kilometer. <br /> <p>Jokin Cliffs - 6 km / 3.7 mi <br /> Jinek Bay - 7 km / 4.4 mi <br /> Vanilla House - 19.6 km / 12.2 mi <br /> Plage de Chateaubriand - 30.5 km / 19 mi <br /> </p>,"<p>HeadLine : In Lifou</p><p>Location : With a stay at Fenepaza in Lifou, you ll be within a 10-minute drive of Jokin Cliffs and Jinek Bay.  This pension is 12.2 mi (19.6 km) from Vanilla House and 19 mi (30.5 km) from Plage de Chateaubriand.</p><p>Rooms : Make yourself at home in one of the 5 guestrooms.</p><p>Dining : At Fenepaza, enjoy a satisfying meal at the restaurant. Local cuisine breakfasts are available daily from 8:00 AM to 10:00 AM for a fee.</p><p>CheckIn Instructions : <ul>  <li>Extra-person charges may apply and vary depending on property policy</li><li>Government-issued photo identification and a credit card, debit card, or cash deposit may be required at check-in for incidental charges</li><li>Special requests are subject to availability upon check-in and may incur additional charges; special requests cannot be guaranteed</li><li>This property accepts cash</li>  </ul></p><p>Special Instructions : Guests must transfer via airplane or boat to the property. Guests must contact the property at least 72 hours before travel, using the contact information on the confirmation received after booking. This property offers transfers from the airport. Guests must contact the property with arrival details before travel, using the contact information on the booking confirmation. There is no front desk at this property. To make arrangements for check-in please contact the property at least 72 hours before arrival using the information on the booking confirmation. If you are planning to arrive after 6:00 PM please contact the property in advance using the information on the booking confirmation. Guests must contact the property for check-in instructions.</p>",,Free self parking Free airport transportation - pickup Breakfast available (surcharge),-20.737768|167.158407,687-451502,98884,
NC,New Caledonia,151630,Mare,1181214,Hotel Nengone Village,ThreeStar,Tribu De Cengeite Bp. 154 Cengeite98828 Tadine Maré ,,"Offering an outdoor pool and views of the sea, Hotel Nengone Village is situated on Mare Island. Guests can enjoy the on-site bar.

The rooms are fitted with a TV with satellite channels. You will find a kettle in the room.

There are shops at the property.

You can play table tennis at this hotel, and the area is popular for snorkeling. The hotel also offers bike hire. Please inform Hotel Nengone Village in advance of your expected arrival time. You can use the Special Requests box when booking, or contact the property directly with the contact details provided in your confirmation.
Guests are required to show a photo identification and credit card upon check-in. Please note that all Special Requests are subject to availability and additional charges may apply.
Please note the hotel is located on Mare Island, not Grande Terre. Guests need to arrange domestic flights or ferry from Noumea to Mare Island.

Airport shuttle is available at EUR 24 return per adult. Children ages 3-12 are charged EUR 12 return per child.
Children under 3 are free. Please provide flight arrival information details to the property using the contact details on your confirmation to book this service.",+687454464,Parking Restaurant meeting/banquet facilities Bar Garden Terrace Non-smoking rooms Airport shuttle Laundry Facilities for disabled guests Family rooms Games room Ironing service Free parking internet services express check-in/check-out Safety Deposit Box Table tennis Soundproof rooms Canoeing Hiking Cycling Tour desk Fax/photocopying Luggage storage wifi Outdoor pool Free WiFi Non-smoking throughout Air conditioning designated smoking area Snack Bar Sun terrace outdoor pool (all year) Private check-in/check-out shuttle service (additional charge) airport shuttle (additional charge) Beachfront Daily housekeeping parking on site wifi available in all areas board games/puzzles Indoor play area Kid meals Pool with view Plunge pool Shallow end Fence around pool Walking tours Themed dinner nights Live music/performance CCTV in common areas Fire extinguishers Swimming pool staff follow all safety protocols as directed by local authorities,-21.59972|167.88558,+687454500,98828,https://www.booking.com/hotel/nc/nengone-village.html
NC,New Caledonia,129512,Noumea,1026547,Le Meridien Noumea,FiveStar,Pointe Magnin BP1915 BP 191598846 NoumeaNew Caledonia ,Distances are displayed to the nearest 0.1 mile and kilometer. <br /> <p>Grand Casino - 0.2 km / 0.2 mi <br /> Plage du Château Royal - 0.3 km / 0.2 mi <br /> Grand Casino - 0.3 km / 0.2 mi <br /> Plage de l Aquarêve - 0.4 km / 0.3 mi <br /> Anse Vata Beach - 1.2 km / 0.7 mi <br /> Ile aux Canards island - 1.9 km / 1.2 mi <br /> Plage de la Baie des Citrons - 2 km / 1.2 mi <br /> Mont Coffyn - 4.1 km / 2.5 mi <br /> Musée de Nouvelle-Calédonie - 4.5 km / 2.8 mi <br /> Mwâ Ka - 4.5 km / 2.8 mi <br /> Noumea Harbour - 4.6 km / 2.9 mi <br /> Chinatown - 4.8 km / 3 mi <br /> Cathédrale St Joseph - 4.9 km / 3 mi <br /> Musée de la Ville de Nouméa - 5 km / 3.1 mi <br /> Noumea Cathedral - 5.1 km / 3.2 mi <br /> </p><p>The nearest airports are:<br />Noumea (NOU-Tontouta Intl.) - 53.1 km / 33 mi<br /> Noumea (GEA-Magenta Domestic) - 8 km / 5 mi<br /> </p><p>The preferred airport for Le Méridien Noumea Resort & Spa is Noumea (NOU-Tontouta Intl.). </p>,"<p>HeadLine : Near Plage du Château Royal</p><p>Location : Located in Nouméa, Le Méridien Noumea Resort & Spa is on the beach, within a 5-minute walk of Grand Casino and Grand Casino.  This 5-star hotel is 0.1 mi (0.2 km) from Plage du Château Royal and 0.3 mi (0.4 km) from Plage de l Aquarêve.</p><p>Rooms : Make yourself at home in one of the 207 guestrooms featuring minibars. Rooms have private furnished balconies or patios. Complimentary wireless Internet access keeps you connected, and satellite programming is available for your entertainment. Private bathrooms with separate bathtubs and showers feature deep soaking bathtubs and rainfall showerheads.</p><p>Dining : Enjoy local and international cuisine at Le Faré, one of the hotel s 2 restaurants, or stay in and take advantage of the room service (during limited hours). Relax with a refreshing drink from the poolside bar or one of the 2 bars/lounges. Buffet breakfasts are available daily from 6:30 AM to 10 AM for a fee.</p><p>Renovations : The following facilities or services will be unavailable from August 6 2023 to August 12 2023 (dates subject to change): <ul><li>Swimming pool</li></ul></p><p>CheckIn Instructions : <ul>  <li>Extra-person charges may apply and vary depending on property policy</li><li>Government-issued photo identification and a credit card, debit card, or cash deposit may be required at check-in for incidental charges</li><li>Special requests are subject to availability upon check-in and may incur additional charges; special requests cannot be guaranteed</li><li>This property accepts credit cards and cash</li><li>Safety features at this property include a fire extinguisher, a smoke detector, a security system, and a first aid kit</li>  </ul></p><p>Special Instructions : This property offers transfers from the airport (surcharges may apply). To arrange pick-up, guests must contact the property 72 hours prior to arrival, using the contact information on the booking confirmation. Front desk staff will greet guests on arrival.</p>",687-265100,Handrails in hallways Breakfast available (surcharge) Wheelchair-accessible meeting spaces/business center Segway rental/tour nearby Laundry facilities Casino elevator Fitness facilities Wheelchair accessible (may have limitations) Ballroom Wheelchair-accessible concierge desk Beach umbrellas Wheelchair-accessible path to elevator Wheelchair-accessible spa Wheelchair-accessible registration desk Windsurfing nearby Wheelchair-accessible fitness center Skydiving Nearby Wheelchair-accessible pool Wheelchair-accessible public washroom Spa treatment room(s) Helicopter/airplane tours on site Garden Free newspapers in lobby Full-service spa Dry cleaning/laundry service Free parking nearby Babysitting or childcare (surcharge) Number of slot machines - 231 Pool umbrellas Number of meeting rooms - 7 Number of VIP gaming rooms - 0 Conference space size (meters) - 1000 Number of gaming tables - 19 Sailing nearby Scuba diving nearby Free WiFi Casino floor size square feet - 4306 Number of bars/lounges - 2 Number of poolside bars - 1 Braille or raised signage Number of outdoor pools - 1 Water skiing nearby In-room accessibility (in select rooms) Wheelchair accessible parking Roll-in shower (in select rooms) Tours/ticket assistance Accessible bathroom (in select rooms) Casino floor size square meters - 400 Airport transportation (surcharge) Wheelchair-accessible lounge Wheelchair-accessible on-site restaurant Golf lessons available nearby Outdoor tennis courts - 1 Visual alarms in hallways Multilingual staff 24-hour health club Luggage storage Express check-out Porter/bellhop Billiards or pool table 24-hour front desk Scooter/moped rentals nearby Golfing nearby Spa services on site Snorkeling nearby Safe-deposit box at front desk Smoke-free property Snack bar/deli Hiking/biking trails nearby Children's pool Sauna Surfing/bodyboarding nearby Kayaking nearby Free self parking Conference space Computer station Beach sun loungers Terrace Wheelchair accessible path of travel Pool sun loungers Conference space size (feet) - 10764 Concierge services 24-hour business center Wedding services Beach towels Boat tours nearby,-22.309904|166.45068,687265000,98846,http://www.starwoodhotels.com/lemeridien/property/overview/contact.html?propertyID=1842
NC,New Caledonia,129512,Noumea,1190865,Nouvata Parc,ThreeStar,123 Promenade Roger Laroque Anse-Vata 98845 Noumea ,Distances are displayed to the nearest 0.1 mile and kilometer. <br /> <p>Plage du Château Royal - 0.5 km / 0.3 mi <br /> Anse Vata Beach - 0.5 km / 0.3 mi <br /> Grand Casino - 1 km / 0.6 mi <br /> Grand Casino - 1 km / 0.7 mi <br /> Ile aux Canards island - 1.3 km / 0.8 mi <br /> Plage de l Aquarêve - 1.3 km / 0.8 mi <br /> Plage de la Baie des Citrons - 1.3 km / 0.8 mi <br /> Mont Coffyn - 3.4 km / 2.1 mi <br /> Musée de Nouvelle-Calédonie - 3.8 km / 2.4 mi <br /> Mwâ Ka - 3.8 km / 2.4 mi <br /> Noumea Harbour - 3.9 km / 2.4 mi <br /> Chinatown - 4.1 km / 2.5 mi <br /> Cathédrale St Joseph - 4.1 km / 2.6 mi <br /> Noumea Cathedral - 4.3 km / 2.7 mi <br /> Musée de la Ville de Nouméa - 4.4 km / 2.7 mi <br /> </p><p>The nearest airports are:<br />Noumea (NOU-Tontouta Intl.) - 52.5 km / 32.6 mi<br /> Noumea (GEA-Magenta Domestic) - 7.3 km / 4.6 mi<br /> </p><p>The preferred airport for Nouvata is Noumea (NOU-Tontouta Intl.). </p>,"<p>HeadLine : Near Anse Vata Beach</p><p>Location : When you stay at Nouvata in Nouméa, you ll be on the waterfront, within a 10-minute walk of Anse Vata Beach and Plage du Château Royal.  This beach hotel is 0.7 mi (1.1 km) from Grand Casino and 0.7 mi (1.1 km) from Grand Casino.</p><p>Rooms : Make yourself at home in one of the 345 guestrooms. Wireless Internet access (surcharge) keeps you connected, and digital programming is available for your entertainment. Bathrooms have showers and complimentary toiletries.</p><p>Dining : Satisfy your appetite at L équilibre, a poolside restaurant which features a garden view. Wrap up your day with a drink at the bar/lounge. Full breakfasts are available daily from 6:00 AM to 10:00 AM for a fee.</p><p>CheckIn Instructions : <ul>  <li>Extra-person charges may apply and vary depending on property policy</li><li>Government-issued photo identification and a credit card or cash deposit may be required at check-in for incidental charges</li><li>Special requests are subject to availability upon check-in and may incur additional charges; special requests cannot be guaranteed</li><li>This property accepts credit cards; cash is not accepted</li><li>Safety features at this property include a smoke detector</li>  </ul></p><p>Special Instructions : This property offers transfers from the airport (surcharges may apply). Guests must contact the property with arrival details before travel, using the contact information on the booking confirmation. Front desk staff will greet guests on arrival.</p>",687-260504,Concierge services 24-hour front desk Breakfast available (surcharge) Safe-deposit box at front desk Snack bar/deli Children's pool elevator Free self parking Hair salon Terrace Pool sun loungers Dry cleaning/laundry service Pool umbrellas Meeting rooms WiFi (surcharge) Number of bars/lounges - 1 Designated smoking areas Number of outdoor pools - 1 Garden In-room accessibility (in select rooms) Wheelchair accessible parking Airport transportation (surcharge) Accessible airport shuttle Luggage storage,-22.304156|166.447937,687-262200,98800,http://www.nouvata.nc/|http://www.office-tourisme.
NC,New Caledonia,129512,Noumea,1198497,Nouvata Parc Confort Room,TwoStar,123 Promenade Roger Laroque 98845 Noumea ,Distances are calculated in a straight line from the property&apos;s location to the point of interest or attraction  and may not reflect actual travel distance. &lt;br /&gt;&lt;br /&gt; Distances are displayed to the nearest 0.1 mile and kilometer. &lt;p&gt;Grand Casino - 0.7 km / 0.4 mi &lt;br /&gt;Aquarium des Lagons - 1.1 km / 0.7 mi &lt;br /&gt;Noumea Harbour - 3.2 km / 2 mi &lt;br /&gt;Noumea Cathedral - 3.6 km / 2.2 mi &lt;br /&gt;Place des Cocotiers - 3.7 km / 2.3 mi &lt;br /&gt;Stade Numa-Daly Magenta - 4.7 km / 2.9 mi &lt;br /&gt;Maitre Pier - 5.1 km / 3.2 mi &lt;br /&gt;Noumea Zoo and Botanical Gardens - 5.3 km / 3.3 mi &lt;br /&gt;Jean-Marie Tjibaou Cultural Center - 6.3 km / 3.9 mi &lt;br /&gt;Tina International Golf Course - 7 km / 4.4 mi &lt;br /&gt;Kuendu Beach - 7.7 km / 4.8 mi &lt;br /&gt;&lt;/p&gt;&lt;p&gt;The nearest airports are:&lt;br /&gt;Noumea (GEA-Magenta Domestic) - 5.4 km / 3.4 mi&lt;br /&gt;Noumea (NOU-Tontouta Intl.) - 40 km / 24.9 mi&lt;br /&gt;&lt;/p&gt;&lt;p&gt;The preferred airport for Nouvata is Noumea (NOU-Tontouta Intl.). &lt;/p&gt;,"The establishment is part of a large tourist resort and offers well equipped standard rooms and suites, a wide variety of services as well as facilities that include a 3,000 m2 two-tiered pool, restaurants, bar, car park and meeting rooms.",,Television in lobby 24 Hour Front Desk Non-Smoking Hotel Outdoor Swimming Pool Digital TV service Private bathrooms Free self parking Children's pool Toiletries Visa Computer station American Express JCB Card Pets Not Allowed Breakfast available (surcharge) Bar / Lounge Air Condition in rooms Garden Restaurant Meeting rooms Hairdresser Sunloungers Television Free Wireless Internet access (inroom) Beach/pool umbrellas Blackout drapes/curtains Library Dry cleaning / laundry service Airport shuttle (surcharge) MasterCard Free Wireless Internet access Luggage storage,-22.3001548797123|166.438246965408,+687262200|+687260512,98845,http://www.nouvata.nc/
NC,New Caledonia,129512,Noumea,1227520,Hôtel Le Lagon,FourStar,149 Route de l'Anse Vata 98800 NouméaNouvelle-Calédonie ,Distances are displayed to the nearest 0.1 mile and kilometer. <br /> <p>Anse Vata Beach - 0.4 km / 0.2 mi <br /> Plage du Château Royal - 0.9 km / 0.6 mi <br /> Ile aux Canards island - 1.1 km / 0.7 mi <br /> Plage de la Baie des Citrons - 1.2 km / 0.7 mi <br /> Grand Casino - 1.4 km / 0.9 mi <br /> Grand Casino - 1.4 km / 0.9 mi <br /> Plage de l Aquarêve - 1.7 km / 1 mi <br /> Mont Coffyn - 2.8 km / 1.8 mi <br /> Musée de Nouvelle-Calédonie - 3.3 km / 2 mi <br /> Mwâ Ka - 3.3 km / 2 mi <br /> Noumea Harbour - 3.4 km / 2.1 mi <br /> Chinatown - 3.5 km / 2.2 mi <br /> Cathédrale St Joseph - 3.6 km / 2.2 mi <br /> Noumea Cathedral - 3.8 km / 2.4 mi <br /> Musée de la Ville de Nouméa - 3.9 km / 2.4 mi <br /> </p><p>The nearest airports are:<br />Noumea (NOU-Tontouta Intl.) - 50.1 km / 31.1 mi<br /> Noumea (GEA-Magenta Domestic) - 7.6 km / 4.8 mi<br /> </p><p>The preferred airport for Hotel Le Lagon Noumea is Noumea (NOU-Tontouta Intl.). </p>,"<p>HeadLine : Near Anse Vata Beach</p><p>Location : Located in Nouméa, Hotel Le Lagon Noumea is in a shopping district, a 5-minute walk from Anse Vata Beach and 13 minutes by foot from Ile aux Canards island.  This 4-star hotel is 0.9 mi (1.4 km) from Grand Casino and 2 mi (3.2 km) from Noumea Harbour.</p><p>Rooms : Make yourself at home in one of the 62 individually decorated guestrooms, featuring kitchenettes with refrigerators and microwaves. Rooms have private furnished balconies or patios. 82-cm LED televisions with satellite programming provide entertainment, while complimentary wireless Internet access keeps you connected. Conveniences include phones, as well as safes and desks.</p><p>Dining : Enjoy a meal at Le Gauguin, or stay in and take advantage of the hotel s room service. To-go breakfasts are served on weekdays from 6:30 AM to 9:30 AM for a fee.</p><p>CheckIn Instructions : <ul>  <li>Extra-person charges may apply and vary depending on property policy</li><li>Government-issued photo identification and a credit card, debit card, or cash deposit may be required at check-in for incidental charges</li><li>Special requests are subject to availability upon check-in and may incur additional charges; special requests cannot be guaranteed</li><li>Guests must contact this property in advance to reserve onsite parking</li><li>This property accepts credit cards and cash</li>  </ul></p><p>Special Instructions : This property offers transfers from the airport (surcharges may apply). To arrange pick-up, guests must contact the property 72 hours prior to arrival, using the contact information on the booking confirmation. Front desk staff will greet guests on arrival.</p>",68-72-61244,Boat tours nearby Yoga classes/instruction on site Private picnics Luggage storage Dry cleaning/laundry service Proposal/romance packages available Babysitting or childcare (surcharge) Pool umbrellas Swimming nearby Sailing nearby Scuba diving nearby Free WiFi Designated smoking areas Number of spa tubs - 1 Number of outdoor pools - 1 In-room accessibility (in select rooms) Wheelchair accessible parking Roll-in shower (in select rooms) Tours/ticket assistance Accessible bathroom (in select rooms) Fitness classes on site Airport transportation (surcharge) Wheelchair-accessible on-site restaurant Golf lessons available nearby Outdoor tennis courts - 1 Horse riding nearby Multilingual staff Express check-out 24-hour front desk Handrails in stairways Scooter/moped rentals nearby Breakfast available (surcharge) Library Segway rental/tour nearby Golfing nearby Ecotours nearby Snorkeling nearby Coffee/tea in common areas Laundry facilities elevator Fitness facilities Bicycle rentals on site Covered parking secured parking Casino nearby Wheelchair accessible (may have limitations) Wheelchair accessible Fishing nearby Reception hall Wheelchair-accessible registration desk Television in common areas Windsurfing nearby Skydiving Nearby Wheelchair-accessible pool Wheelchair-accessible public washroom Spa treatment room(s) Free newspapers in lobby Full-service spa Children's pool Sauna Surfing/bodyboarding nearby Kayaking nearby Self parking (surcharge) Computer station Terrace Wheelchair accessible path of travel Pool sun loungers Pilates classes on site,-22.30103|166.44498,+687261255,98840,http://www.lelagon.nc
NC,New Caledonia,129512,Noumea,1227522,Hotel Le Paris,ThreeStar,45/47 Rue De Sebastopol P.O. Box 2226Noumea 98846 ,Distances are displayed to the nearest 0.1 mile and kilometer. <br /> <p>Cathédrale St Joseph - 0.2 km / 0.1 mi <br /> Chinatown - 0.3 km / 0.2 mi <br /> Noumea Cathedral - 0.3 km / 0.2 mi <br /> Musée de Nouvelle-Calédonie - 0.4 km / 0.2 mi <br /> Place des Cocotiers - 0.4 km / 0.3 mi <br /> La Fontaine Céleste - 0.4 km / 0.3 mi <br /> Musée de la Ville de Nouméa - 0.4 km / 0.3 mi <br /> Mwâ Ka - 0.5 km / 0.3 mi <br /> Noumea Harbour - 0.7 km / 0.4 mi <br /> Mont Coffyn - 1.1 km / 0.7 mi <br /> Musée de L Histoire Maritime - 1.5 km / 1 mi <br /> Parc Zoologique et Forestier - 3 km / 1.9 mi <br /> Plage de la Baie des Citrons - 3.1 km / 1.9 mi <br /> Stade Numa-Daly Magenta - 3.2 km / 2 mi <br /> Noumea Market - 3.4 km / 2.1 mi <br /> </p><p>The nearest airports are:<br />Noumea (NOU-Tontouta Intl.) - 46.7 km / 29 mi<br /> Noumea (GEA-Magenta Domestic) - 4.9 km / 3 mi<br /> </p><p>The preferred airport for Hotel Le Paris Noumea is Noumea (NOU-Tontouta Intl.). </p>,"<p>HeadLine : Near Cathédrale St Joseph</p><p>Location : Hotel Le Paris Noumea is centrally located in Nouméa, a 4-minute walk from Noumea Cathedral and 8 minutes by foot from Noumea Harbour.  This hotel is 2.3 mi (3.7 km) from Noumea Zoo and Botanical Gardens and 2.5 mi (4 km) from Noumea Market.</p><p>Rooms : Make yourself at home in one of the 48 guestrooms featuring refrigerators and LCD televisions. Complimentary wireless Internet access keeps you connected, and satellite programming is available for your entertainment. Private bathrooms with shower/tub combinations feature complimentary toiletries and hair dryers. Conveniences include safes and desks, as well as phones with free local calls.</p><p>Dining : Enjoy a meal at the restaurant, or stay in and take advantage of the hotel s room service (during limited hours). Wrap up your day with a drink at the bar/lounge. Continental breakfasts are available daily from 6:30 AM to 9:00 AM for a fee.</p><p>CheckIn Instructions : <ul>  <li>Extra-person charges may apply and vary depending on property policy</li><li>Government-issued photo identification and a credit card, debit card, or cash deposit may be required at check-in for incidental charges</li><li>Special requests are subject to availability upon check-in and may incur additional charges; special requests cannot be guaranteed</li><li>This property accepts credit cards; cash is not accepted</li><li>Safety features at this property include a fire extinguisher, a smoke detector, and a first aid kit</li>  </ul></p><p>Special Instructions : This property offers transfers from the airport (surcharges may apply). To arrange pick-up, guests must contact the property 72 hours prior to arrival, using the contact information on the booking confirmation. This property doesn t offer after-hours check-in. Front desk staff will greet guests on arrival.</p>",687-0-280960,Computer station Terrace ATM/banking Concierge services 24-hour business center Gift shops or newsstand Dry cleaning/laundry service Babysitting or childcare (surcharge) Express check-in Number of meeting rooms - 2 Conference space size (meters) - 90 Television in common areas Free WiFi Number of bars/lounges - 1 Designated smoking areas Free newspapers in lobby Tours/ticket assistance Airport transportation (surcharge) Luggage storage Express check-out Multilingual staff Business center 24-hour front desk Breakfast available (surcharge) Golfing nearby Safe-deposit box at front desk Ecotours nearby Hiking/biking trails nearby Laundry facilities elevator Free self parking Conference space,-22.273286|166.443439,687-0-281700,98800,http://www.bestwesternleparis.com
NC,New Caledonia,129512,Noumea,1227525,Casa del Sole Apartments,ThreeStar,10 Route De Laquarium Baie Des Citrons Baie des CitronsP.O. Box 334098846 Nouméa ,Distances are displayed to the nearest 0.1 mile and kilometer. <br /> <p>Plage de la Baie des Citrons - 0.4 km / 0.2 mi <br /> Ile aux Canards island - 0.4 km / 0.2 mi <br /> Anse Vata Beach - 0.6 km / 0.4 mi <br /> Plage du Château Royal - 1.5 km / 0.9 mi <br /> Grand Casino - 2 km / 1.2 mi <br /> Grand Casino - 2 km / 1.3 mi <br /> Plage de l Aquarêve - 2.3 km / 1.4 mi <br /> Mont Coffyn - 3.6 km / 2.2 mi <br /> Mwâ Ka - 3.6 km / 2.3 mi <br /> Noumea Harbour - 3.7 km / 2.3 mi <br /> Chinatown - 3.9 km / 2.4 mi <br /> Musée de Nouvelle-Calédonie - 4 km / 2.5 mi <br /> Noumea Cathedral - 4.1 km / 2.6 mi <br /> Musée de la Ville de Nouméa - 4.2 km / 2.6 mi <br /> Cathédrale St Joseph - 4.2 km / 2.6 mi <br /> </p><p>The nearest airports are:<br />Noumea (NOU-Tontouta Intl.) - 50.5 km / 31.4 mi<br /> Noumea (GEA-Magenta Domestic) - 8.6 km / 5.4 mi<br /> </p><p>The preferred airport for Casa del Sole Apartments is Noumea (NOU-Tontouta Intl.). </p>,"<p>HeadLine : Near Plage de la Baie des Citrons</p><p>Location : Located in Nouméa, Casa del Sole Apartments is connected to a shopping center, within a 5-minute walk of Plage de la Baie des Citrons and Ile aux Canards island.  This family-friendly hotel is 0.4 mi (0.6 km) from Anse Vata Beach and 0.9 mi (1.5 km) from Plage du Château Royal.</p><p>Rooms : Make yourself at home in one of the 128 guestrooms, featuring kitchens with refrigerators and ovens. Rooms have private balconies. Wireless Internet access (surcharge) keeps you connected, and 90-cm LCD televisions are provided for your entertainment. Conveniences include safes and desks, and housekeeping is provided on request.</p><p>Dining : Satisfy your appetite at the hotel s coffee shop/cafe, or stop in at the grocery/convenience store.</p><p>Renovations : The following facilities are closed on Sunday, Wednesday, and Saturday: <ul><li>Dining venue(s)</li></ul></p><p>CheckIn Instructions : <ul>  <li>Extra-person charges may apply and vary depending on property policy</li><li>Government-issued photo identification and a credit card, debit card, or cash deposit may be required at check-in for incidental charges</li><li>Special requests are subject to availability upon check-in and may incur additional charges; special requests cannot be guaranteed</li><li>Minimum Spring Break check-in age is 18 years old</li><li>This property accepts credit cards; cash is not accepted</li><li>Safety features at this property include a carbon monoxide detector, a fire extinguisher, a smoke detector, a security system, and a first aid kit</li>  </ul></p><p>Special Instructions : The front desk is open daily from 6:00 AM - 8:00 PM. To make arrangements for check-in please contact the property at least 72 hours before arrival using the information on the booking confirmation. If you are planning to arrive after 10:00 PM please contact the property in advance using the information on the booking confirmation. Guests planning to arrive outside of normal check-in hours must contact the property in advance for check-in instructions. Front desk staff will greet guests on arrival. For more details, please contact the property using the information on the booking confirmation.</p>",687-258711,Grocery/convenience store Front desk (limited hours) Golfing nearby Housekeeping on request Snorkeling nearby Safe-deposit box at front desk Number of coffee shops/cafes - 1 Hiking/biking trails nearby Laundry facilities Use of nearby fitness center (discount) elevator Kayaking nearby Free self parking Conference space Computer station Terrace Pool sun loungers Conference space size (feet) - 1076 Bicycle rentals on site Gift shops or newsstand Dry cleaning/laundry service Babysitting or childcare (surcharge) Express check-in Number of meeting rooms - 1 Conference space size (meters) - 100 Sailing nearby Television in common areas Windsurfing nearby WiFi (surcharge) Scuba diving nearby Designated smoking areas Number of outdoor pools - 1 Water skiing nearby Garden In-room accessibility (in select rooms) Wheelchair accessible parking Free newspapers in lobby Boat tours nearby Luggage storage Express check-out Golf lessons available nearby,-22.301569|166.438429,+687258700,98800,http://www.casadelsole.nc
NC,New Caledonia,129512,Noumea,1227574,Hilton Noumea La Promenade Residences,FourStar,109 Promenade Roger Laroque Noumea 98807 ,Distances are displayed to the nearest 0.1 mile and kilometer. <br /> <p>Anse Vata Beach - 0.2 km / 0.1 mi <br /> Plage du Château Royal - 0.7 km / 0.4 mi <br /> Ile aux Canards island - 0.9 km / 0.6 mi <br /> Plage de la Baie des Citrons - 1 km / 0.6 mi <br /> Grand Casino - 1.2 km / 0.7 mi <br /> Grand Casino - 1.2 km / 0.8 mi <br /> Plage de l Aquarêve - 1.5 km / 0.9 mi <br /> Mont Coffyn - 3.1 km / 1.9 mi <br /> Musée de Nouvelle-Calédonie - 3.5 km / 2.2 mi <br /> Mwâ Ka - 3.5 km / 2.2 mi <br /> Noumea Harbour - 3.6 km / 2.2 mi <br /> Chinatown - 3.8 km / 2.3 mi <br /> Cathédrale St Joseph - 3.8 km / 2.4 mi <br /> Noumea Cathedral - 4 km / 2.5 mi <br /> Musée de la Ville de Nouméa - 4.1 km / 2.5 mi <br /> </p><p>The nearest airports are:<br />Noumea (NOU-Tontouta Intl.) - 50.3 km / 31.3 mi<br /> Noumea (GEA-Magenta Domestic) - 7.8 km / 4.9 mi<br /> </p><p>The preferred airport for Hilton Noumea La Promenade Residences is Noumea (NOU-Tontouta Intl.). </p>,"<p>HeadLine : Near Anse Vata Beach</p><p>Location : With a stay at Hilton Noumea La Promenade Residences in Nouméa, you ll be connected to a shopping center, just a 2-minute walk from Anse Vata Beach and 8 minutes by foot from Plage du Château Royal.  This 4.5-star hotel is 0.6 mi (0.9 km) from Plage de la Baie des Citrons and 0.7 mi (1.2 km) from Ile aux Canards island.</p><p>Rooms : Make yourself at home in one of the 120 guestrooms, featuring kitchens with refrigerators and ovens. Your bed comes with premium bedding, and all rooms are furnished with sofa beds. Rooms have private furnished balconies or patios. Flat-screen televisions with satellite programming provide entertainment, while complimentary wireless Internet access keeps you connected.</p><p>Dining : Enjoy a meal at the restaurant, or stay in and take advantage of the hotel s room service. Wrap up your day with a drink at the bar/lounge. Buffet breakfasts are available daily from 6 AM to 10 AM for a fee.</p><p>Renovations : The following facilities are closed on Monday, Tuesday, and Wednesday: <ul><li>Dining venue(s)</li></ul></p><p>CheckIn Instructions : <ul>  <li>Extra-person charges may apply and vary depending on property policy</li><li>Government-issued photo identification and a credit card, debit card, or cash deposit may be required at check-in for incidental charges</li><li>Special requests are subject to availability upon check-in and may incur additional charges; special requests cannot be guaranteed</li><li>This property accepts credit cards, debit cards, and cash</li>  </ul></p><p>Special Instructions : This property offers transfers from the airport (surcharges may apply). To arrange pick-up, guests must contact the property 72 hours prior to arrival, using the contact information on the booking confirmation. This property doesn t offer after-hours check-in. Front desk staff will greet guests on arrival.</p>",687-244700,Dry cleaning/laundry service Shopping on site Babysitting or childcare (surcharge) Pool umbrellas Number of meeting rooms - 1 Conference space size (meters) - 50 Sailing nearby Limo or Town Car service available Scuba diving nearby Free WiFi Number of bars/lounges - 1 Designated smoking areas Number of outdoor pools - 1 Water skiing nearby In-room accessibility (in select rooms) Wheelchair accessible parking Internet access - wireless Tours/ticket assistance Fitness classes on site Rooftop terrace Airport transportation (surcharge) Wheelchair-accessible on-site restaurant Multilingual staff Breakfast available (surcharge) Wheelchair-accessible meeting spaces/business center Ecotours nearby Laundry facilities elevator Fitness facilities Wheelchair-accessible concierge desk Wheelchair-accessible van parking Wheelchair-accessible path to elevator Wheelchair-accessible registration desk Television in common areas Windsurfing nearby Wheelchair-accessible fitness center Well-lit path to entrance Garden Stair-free path to entrance Free newspapers in lobby Boat tours nearby Yoga classes/instruction on site Express check-out 24-hour front desk Library Golfing nearby Spa services on site Snorkeling nearby Safe-deposit box at front desk Kayaking nearby Free self parking Conference space Hair salon Computer station Terrace Wheelchair accessible path of travel Pool sun loungers Conference space size (feet) - 538 Concierge services 24-hour business center Pilates classes on site,-22.30284|166.44511,687244600,98807,http://www3.hilton.com/en/hotels/new-caledonia-french/hilton-noumea-la-promenade-residences-NOULPHI/
