countyCode,countyName,cityCode,cityName,HotelCode,HotelName,HotelRating,Address,Attractions,Description,FaxNumber,HotelFacilities,Map,PhoneNumber,PinCode,HotelWebsiteUrl
PH,Philippines,100834,Alcoy,1015014,Dive Point Alcoy Resort,ThreeStar,National Highway Guiwang Guiwang6023 Cebu ,,"Here in Alcoy we offer full service for a great scuba diving trip in the Philippines. Equipped with modern dive equipment, experienced dive instructors and friendly service staff, it is our pleasure to make your holiday trip unforgettable. Our own restaurant offers you freshly made regional and international dishes. All our rooms have air conditioning and free Wifi. Featuring an outdoor pool and terrace, Divepoint Alcoy is situated in Alcoy, 47 km from Dumaguete. Surrounded by lush greenery, it offers a bar and restaurant, and provides free WiFi access throughout the property. Modern dive equipments with experienced dive instructors are available.

Certain rooms feature a seating area to relax in after a busy day. Views of the sea, pool or garden are featured in selected rooms. All rooms include a private bathroom fitted with shower facility.

Scuba diving and guided land tours can be arranged. Guests can enjoy exploring the waterfalls, caves and the rural side of the island. A pool table is featured on site, while airport transfers and shuttle services are available upon request.

Moalboal is 31 km from Divepoint Alcoy, while Tagbilaran City is approximately 39 km away. Please inform Divepoint Alcoy in advance of your expected arrival time. You can use the Special Requests box when booking, or contact the property directly with the contact details provided in your confirmation.
Please note that the propertys boat will be docked from 14 May 2017 to 13 June 2017. As a result, day trips for outer island dives is unavailable. The propertys smaller boat is available for local dives.",,Free self parking Restaurant Room service Bar/lounge Garden Terrace Non-smoking rooms Airport shuttle Laundry facilities Ironing service Internet access Express check-in Safe-deposit box at front desk Massage Billiards or pool table Gift shops or newsstand Shoeshine Hiking Packed lunches Tour desk Fax/photocopying Diving Snorkelling Luggage storage Free WiFi Free WiFi Air conditioning On private beach Snack bar/deli Outdoor pool Area shuttle (surcharge) Airport transportation (surcharge) Daily housekeeping Parking onsite Private parking,9.68621|123.50438,+63324838059,6023,https://www.booking.com/hotel/ph/divepoint-alcoy-alcoy8.html
PH,Philippines,100834,Alcoy,1031175,Parrot Paradise Resort,ThreeStar,Triple B Road Pasol PasolJoyce Jabagat Lehmann6023 AlcoyCebu ,Distances are displayed to the nearest 0.1 mile and kilometer. <br /> <p>Tingko Beach - 0.3 km / 0.2 mi <br /> Eli Rock - 7.1 km / 4.4 mi <br /> San Patrocinio de Maria Church - 7.6 km / 4.7 mi <br /> San Roque Chapel - 7.9 km / 4.9 mi <br /> Dalaguete Church - 10.8 km / 6.7 mi <br /> Dalaguete Beach - 20.1 km / 12.5 mi <br /> Oslob Beach - 21.4 km / 13.3 mi <br /> Oslob Church - 21.6 km / 13.4 mi <br /> Osmena Peak - 26.5 km / 16.5 mi <br /> Argao Hall of Justice - 28.8 km / 17.9 mi <br /> Tumalog Falls - 31.2 km / 19.4 mi <br /> Kandungaw Peak - 32.2 km / 20 mi <br /> Cambais Falls - 32.6 km / 20.3 mi <br /> Sumilon Island - 32.9 km / 20.4 mi <br /> Sumilon Island Beach - 32.9 km / 20.4 mi <br /> </p><p>The nearest airports are:<br />Mactan - Cebu Intl. Airport (CEB) - 105.1 km / 65.3 mi<br /> Panglao (TAG-Bohol Intl.) - 189.9 km / 118 mi<br /> Dumaguete (DGT) - 52.5 km / 32.6 mi<br /> </p><p>The preferred airport for Parrot Paradise Resort is Mactan - Cebu Intl. Airport (CEB). </p>,"<p>HeadLine : Near Tingko Beach</p><p>Location : With a stay at Parrot Paradise Resort in Alcoy, you ll be 13.3 mi (21.4 km) from Oslob Beach and 20.4 mi (32.9 km) from Sumilon Island.  This spa resort is 31.1 mi (50.1 km) from Kawasan Falls.</p><p>Rooms : Make yourself at home in one of the 14 air-conditioned guestrooms. Complimentary wireless Internet access is available to keep you connected. Bathrooms have showers and hair dryers. Conveniences include safes and complimentary newspapers, as well as phones with free local calls.</p><p>Dining : Enjoy international cuisine at Panorama, a restaurant where you can take in the ocean view, or stay in and take advantage of the room service (during limited hours). Quench your thirst with your favorite drink at the poolside bar. Full breakfasts are available daily from 7 AM to 11 AM for a fee.</p><p>CheckIn Instructions : Extra-person charges may apply and vary depending on property policy. <br />Government-issued photo identification and a credit card, debit card, or cash deposit may be required at check-in for incidental charges. <br />Special requests are subject to availability upon check-in and may incur additional charges. Special requests cannot be guaranteed. <ul> Noise-free guestrooms cannot be guaranteed. </ul></p><p>Special Instructions : 24-hour airport shuttle service is available on request. Fees may apply. Contact the property in advance to make arrangements.</p>",63-32-4839024,Airport transportation - pickup (surcharge) Breakfast available (surcharge) Full-service spa Gift shops or newsstand Poolside bar Billiards or pool table Restaurant Spa tub Tours/ticket assistance Television in common areas Coffee shop or café One meeting room Free self parking Dry cleaning/laundry service Free WiFi Pool sun loungers Wedding services Outdoor pool Garden,9.685056|123.503204,+63 32 4839119,6023,http://www.bbb-alcoy.com/
PH,Philippines,100834,Alcoy,1441400,Voda Krasna Resort & Restaurant,ThreeStar,Daanglungsod 6023 AlcoyCebu ,Distances are displayed to the nearest 0.1 mile and kilometer. <br /> <p>Tingko Beach - 0.3 km / 0.2 mi <br /> Eli Rock - 6.9 km / 4.3 mi <br /> San Patrocinio de Maria Church - 7.4 km / 4.6 mi <br /> San Roque Chapel - 8.3 km / 5.2 mi <br /> Dalaguete Church - 11.2 km / 7 mi <br /> Dalaguete Beach - 20.5 km / 12.7 mi <br /> Oslob Beach - 21.1 km / 13.1 mi <br /> Oslob Church - 21.3 km / 13.3 mi <br /> Osmena Peak - 27 km / 16.8 mi <br /> Cambais Falls - 27.2 km / 16.9 mi <br /> Bugasok Falls - 27.6 km / 17.2 mi <br /> Argao Hall of Justice - 29.4 km / 18.3 mi <br /> Tumalog Falls - 31 km / 19.3 mi <br /> Kandungaw Peak - 32.5 km / 20.2 mi <br /> Sumilon Island Beach - 32.7 km / 20.3 mi <br /> </p><p>The nearest airports are:<br />Mactan - Cebu Intl. Airport (CEB) - 105.5 km / 65.6 mi<br /> Panglao (TAG-Bohol Intl.) - 113.2 km / 70.3 mi<br /> Dumaguete (DGT) - 52.6 km / 32.7 mi<br /> </p><p>The preferred airport for Voda Krasna Resort & Restaurant is Mactan - Cebu Intl. Airport (CEB). </p>,"<p>HeadLine : Near Tingko Beach</p><p>Location : When you stay at Voda Krasna Resort & Restaurant in Alcoy, you ll be on the beach and 3 minutes by foot from Tingko Beach.  This beach resort is 20.3 mi (32.7 km) from Sumilon Island and 4.3 mi (6.9 km) from Eli Rock.</p><p>Rooms : Make yourself at home in one of the 7 air-conditioned guestrooms. Complimentary wired and wireless Internet access is available. Conveniences include phones and blackout drapes/curtains, and housekeeping is provided daily.</p><p>Dining : Satisfy your appetite for lunch or dinner at Voda Krasna, a restaurant which specializes in Filipino cuisine, or stay in and take advantage of the room service (during limited hours). Wrap up your day with a drink at the bar/lounge. Cooked-to-order breakfasts are available daily from 6 AM to 10 AM for a fee.</p><p>CheckIn Instructions : <ul>  <li>Extra-person charges may apply and vary depending on property policy</li><li>Government-issued photo identification and a credit card, debit card, or cash deposit may be required at check-in for incidental charges</li><li>Special requests are subject to availability upon check-in and may incur additional charges; special requests cannot be guaranteed</li><li>This property accepts credit cards</li>  </ul></p><p>Special Instructions : Front desk staff will greet guests on arrival.</p>",63-32-4839063,Dry cleaning/laundry service Banquet hall Beach umbrellas Number of meeting rooms - 1 Free WiFi Number of bars/lounges - 1 Garden Picnic area Wedding services Beach towels Boat tours nearby Area shuttle (surcharge) Airport transportation (surcharge) Wheelchair accessible  no Luggage storage 24-hour front desk Breakfast available (surcharge) Barbecue grill(s) Safe-deposit box at front desk Laundry facilities Free self parking Free beach cabanas Snorkeling on site Kayaking on site Beach sun loungers Terrace,9.682962|123.501616,+63 32 4839060,6023,http://www.vodakrasna.com
PH,Philippines,100834,Alcoy,1485389,Meili Beach Resort,TwoStar,Lower Poblacion Alcoy 6023 AlcoyCebu ,Distances are displayed to the nearest 0.1 mile and kilometer. <br /> <p>Tingko Beach - 3.6 km / 2.3 mi <br /> San Roque Chapel - 6.2 km / 3.9 mi <br /> Dalaguete Church - 9.1 km / 5.7 mi <br /> Eli Rock - 10.3 km / 6.4 mi <br /> San Patrocinio de Maria Church - 10.7 km / 6.7 mi <br /> Dalaguete Beach - 18.4 km / 11.4 mi <br /> Oslob Beach - 24.4 km / 15.2 mi <br /> Oslob Church - 24.7 km / 15.4 mi <br /> Osmena Peak - 24.9 km / 15.5 mi <br /> Cambais Falls - 25 km / 15.6 mi <br /> Bugasok Falls - 25.5 km / 15.8 mi <br /> Argao Hall of Justice - 27.3 km / 17 mi <br /> Kandungaw Peak - 30.4 km / 18.9 mi <br /> Tumalog Falls - 34.4 km / 21.4 mi <br /> Montaneza Falls - 34.5 km / 21.4 mi <br /> </p><p>The nearest airports are:<br />Mactan - Cebu Intl. Airport (CEB) - 103.4 km / 64.3 mi<br /> Panglao (TAG-Bohol Intl.) - 111.1 km / 69 mi<br /> Dumaguete (DGT) - 55.9 km / 34.7 mi<br /> </p><p>The preferred airport for Meili Beach Resort is Mactan - Cebu Intl. Airport (CEB). </p>,"<p>HeadLine : Near Tingko Beach</p><p>Location : Located in Alcoy, Meili Beach Resort is by the sea, within a 10-minute drive of San Roque Chapel and Tingko Beach.  This hotel is 22.4 mi (36 km) from Sumilon Island and 5.7 mi (9.1 km) from Dalaguete Church.</p><p>Rooms : Make yourself at home in one of the 14 air-conditioned guestrooms. Complimentary wireless Internet access is available to keep you connected. Private bathrooms have complimentary toiletries and bidets. Conveniences include desks and separate sitting areas, and housekeeping is provided daily.</p><p>Dining : Enjoy a meal at the restaurant, or stay in and take advantage of the hotel s room service (during limited hours). Wrap up your day with a drink at the bar/lounge. Cooked-to-order breakfasts are available daily from 8:00 AM to 11 AM for a fee.</p><p>CheckIn Instructions : <ul>  <li>Extra-person charges may apply and vary depending on property policy</li><li>Government-issued photo identification and a cash deposit may be required at check-in for incidental charges</li><li>Special requests are subject to availability upon check-in and may incur additional charges; special requests cannot be guaranteed</li><li>This property accepts mobile payments and cash</li><li>Mobile payment options include: GCash, PayMaya, and PayPal</li><li>Parties and events are allowed on site</li>  </ul></p><p>Special Instructions : The front desk is open daily from 9:00 AM - 5:00 PM. To make arrangements for check-in please contact the property at least 24 hours before arrival using the information on the booking confirmation. If you are planning to arrive after 5:00 PM please contact the property in advance using the information on the booking confirmation. Guests must contact the property in advance for check-in instructions. Front desk staff will greet guests on arrival.</p>",63-032-4839674,Snorkeling on site Terrace Scuba diving on site Pool sun loungers Tile flooring in public areas Wheelchair accessible  no Parking (limited spaces) Gravel flooring in public areas Front desk (limited hours) Swimming nearby Cobblestone flooring in public areas Water dispenser Breakfast available (surcharge) Free WiFi Number of bars/lounges - 1 Designated smoking areas Barbecue grill(s) Number of outdoor pools - 1 Spa services on site Garden Laundry facilities,9.703128|123.509752,63-032-4839674,6023,http://www.meilibeachresort.ch/?lang=en
PH,Philippines,100834,Alcoy,1485546,BBB Resort and Restaurant,ThreeStar,Triple B Road Pasol 6023 Cebu PasolRengie Belda6023 Alcoy ,,"The 3.5-star Triple B Resort offers comfort and convenience whether you're on business or holiday in Cebu. Featuring a complete list of amenities, guests will find their stay at the property a comfortable one. Free Wi-Fi in all rooms, facilities for disabled guests, Wi-Fi in public areas, car park, room service are there for guest's enjoyment. Some of the well-appointed guestrooms feature television LCD/plasma screen, internet access  wireless, internet access  wireless (complimentary), air conditioning, wake-up service. Take a break from a long day and make use of hot tub, fitness center, outdoor pool, massage, garden. No matter what your reasons are for visiting Cebu, Triple B Resort will make you feel instantly at home.",,languages spoken things to do  ways to relax dining  drinking  and snacking services and conveniences access getting around available in all rooms,9.6803560256958|123.50180053710938,63324839119,6023,http://www.bbb-alcoy.com
PH,Philippines,100834,Alcoy,1561720,Narrapark Resort & Hotel,ThreeStar,Lalin Atabay Lalin6023 AlcoyCebu ,Distances are displayed to the nearest 0.1 mile and kilometer. <br /> <p>San Roque Chapel - 8.9 km / 5.6 mi <br /> Dalaguete Church - 11.9 km / 7.4 mi <br /> Eli Rock - 13.1 km / 8.1 mi <br /> San Patrocinio de Maria Church - 13.6 km / 8.5 mi <br /> Dalaguete Beach - 21.4 km / 13.3 mi <br /> Kawasan Falls - 26.7 km / 16.6 mi <br /> Oslob Beach - 27.5 km / 17.1 mi <br /> Oslob Church - 27.5 km / 17.1 mi <br /> Osmena Peak - 27.8 km / 17.3 mi <br /> Argao Hall of Justice - 30 km / 18.6 mi <br /> Kawasan Falls - 36 km / 22.4 mi <br /> Tumalog Falls - 37.2 km / 23.1 mi <br /> Sumilon Island Beach - 38.9 km / 24.2 mi <br /> Sumilon Island - 39 km / 24.2 mi <br /> Sumilon Island Dock - 39 km / 24.2 mi <br /> </p><p>The nearest airports are:<br />Dumaguete (DGT) - 75.9 km / 47.1 mi<br /> Tagbilaran (TAG) - 91.9 km / 57.1 mi<br /> Cebu (CEB-Mactan - Cebu Intl.) - 109.3 km / 67.9 mi<br /> </p><p></p>,"<p><b>Property Location</b> <br />With a stay at Narrapark Resort & Hotel in Alcoy, you'll be 5.6 mi (8.9 km) from San Roque Chapel and 7.4 mi (11.9 km) from Dalaguete Church.  This hotel is 8.1 mi (13.1 km) from Eli Rock and 8.5 mi (13.6 km) from San Patrocinio de Maria Church.</p><p><b>Rooms</b> <br />Make yourself at home in one of the 9 air-conditioned guestrooms. Complimentary wireless Internet access keeps you connected, and cable programming is available for your entertainment. Bathrooms have showers and complimentary toiletries. Conveniences include desks and complimentary bottled water, and housekeeping is provided daily.</p><p><b>Amenities</b> <br />Enjoy recreation amenities such as an outdoor pool or take in the view from a garden.</p><p><b>Dining</b> <br />At Narrapark Resort & Hotel, enjoy a satisfying meal at the restaurant. Wrap up your day with a drink at the poolside bar. Breakfast is available for a fee.</p><p><b>Business, Other Amenities</b> <br />Featured amenities include a 24-hour front desk and laundry facilities. Free self parking is available onsite.</p>",,24-hour front desk Breakfast available (surcharge) Children's pool Designated smoking areas Free WiFi Free self parking Garden Laundry facilities Outdoor pool Poolside bar Restaurant Total number of rooms - 9,9.703619957|123.49394226,+63 0 9185486344,6023,http://narrapark-resort.com
PH,Philippines,100834,Alcoy,1651312,Mangrove ECO Resort,ThreeStar,Pasol Alcoy Natalio Bacalso Avenue Cebu Barangay Pasol Barangay Pasol6023 AlcoyCebu ,Distances are displayed to the nearest 0.1 mile and kilometer. <br /> <p>San Roque Chapel - 3.1 km / 1.9 mi <br /> Tingko Beach - 5.2 km / 3.2 mi <br /> Dalaguete Church - 6 km / 3.7 mi <br /> Eli Rock - 11.9 km / 7.4 mi <br /> San Patrocinio de Maria Church - 12.4 km / 7.7 mi <br /> Dalaguete Beach - 15.3 km / 9.5 mi <br /> Osmena Peak - 21.8 km / 13.5 mi <br /> Bugasok Falls - 22.4 km / 13.9 mi <br /> Argao Hall of Justice - 24 km / 14.9 mi <br /> Oslob Beach - 26 km / 16.2 mi <br /> Oslob Church - 26.3 km / 16.4 mi <br /> Kandungaw Peak - 27.3 km / 17 mi <br /> Cambais Falls - 31 km / 19.3 mi <br /> Tumalog Falls - 36 km / 22.4 mi <br /> Monastery of the Holy Eucharist - 37.4 km / 23.2 mi <br /> </p><p>The nearest airports are:<br />Mactan - Cebu Intl. Airport (CEB) - 102.2 km / 63.5 mi<br /> Panglao (TAG-Bohol Intl.) - 108 km / 67.1 mi<br /> Dumaguete (DGT) - 57.5 km / 35.7 mi<br /> </p><p></p>,"<p>HeadLine : Near San Roque Chapel</p><p>Location : With a stay at Mangrove ECO Resort in Alcoy, you ll be 23.4 mi (37.6 km) from Sumilon Island Beach and 26.2 mi (42.2 km) from Kawasan Falls.  This hotel is 27.9 mi (45 km) from Binalayan Falls.</p><p>Rooms : Make yourself at home in one of the 10 air-conditioned rooms featuring flat-screen televisions. Rooms have private balconies. Complimentary wireless Internet access keeps you connected, and satellite programming is available for your entertainment. Private bathrooms with showers feature rainfall showerheads and hair dryers.</p><p>Dining : Enjoy local and international cuisine at Mangrove Restaurant, a poolside restaurant which features a bar/lounge. Wrap up your day with a drink at the poolside bar. Full breakfasts are available daily from 7:30 AM to 10 AM for a fee.</p><p>CheckIn Instructions : <ul>  <li>Extra-person charges may apply and vary depending on property policy</li><li>Government-issued photo identification and a cash deposit may be required at check-in for incidental charges</li><li>Special requests are subject to availability upon check-in and may incur additional charges; special requests cannot be guaranteed</li><li>This property accepts cash</li>  </ul></p><p>Special Instructions : This property offers transfers from the airport (surcharges may apply). To arrange pick-up, guests must contact the property 48 hours prior to arrival, using the contact information on the booking confirmation. The front desk is open daily from 7 AM - 9 PM. To make arrangements for check-in please contact the property ahead of time using the information on the booking confirmation. If you are planning to arrive after 9 PM please contact the property in advance using the information on the booking confirmation. Guests must contact the property in advance for check-in instructions. Front desk staff will greet guests on arrival.</p>",63-32-4839066,Dry cleaning/laundry service Parking (limited spaces) Pool umbrellas 24-hour pool access Free WiFi Number of bars/lounges - 1 Number of poolside bars - 1 Number of outdoor pools - 1 Garden Tours/ticket assistance Scooter/moped rentals on site Boat tours on site Scuba diving on site Airport transportation (surcharge) Billiards or pool table Multilingual staff Front desk (limited hours) Water dispenser Breakfast available (surcharge) Library Safe-deposit box at front desk Smoke-free property Coffee/tea in common areas Laundry facilities Free self parking Snorkeling on site Terrace Pool sun loungers,9.726658|123.508887,63324839066,6023,http://de.mangrove-resort.com
PH,Philippines,100834,Alcoy,1652033,King Arthur's Place,TwoStar,Tingko White Beach 6023 AlcoyCebu ,Distances are displayed to the nearest 0.1 mile and kilometer. <br /> <p>San Roque Chapel - 4.2 km / 2.6 mi <br /> Tingko Beach - 4.4 km / 2.7 mi <br /> Dalaguete Church - 7.1 km / 4.4 mi <br /> Eli Rock - 10.8 km / 6.7 mi <br /> San Patrocinio de Maria Church - 11.3 km / 7 mi <br /> Dalaguete Beach - 16.4 km / 10.2 mi <br /> Osmena Peak - 22.8 km / 14.2 mi <br /> Bugasok Falls - 23.5 km / 14.6 mi <br /> Oslob Beach - 24.9 km / 15.5 mi <br /> Oslob Church - 25.2 km / 15.7 mi <br /> Argao Hall of Justice - 25.3 km / 15.7 mi <br /> Kandungaw Peak - 28.4 km / 17.6 mi <br /> Cambais Falls - 32.1 km / 19.9 mi <br /> Tumalog Falls - 34.9 km / 21.7 mi <br /> Montaneza Falls - 35 km / 21.8 mi <br /> </p><p>The nearest airports are:<br />Mactan - Cebu Intl. Airport (CEB) - 103.3 km / 64.2 mi<br /> Panglao (TAG-Bohol Intl.) - 109.1 km / 67.8 mi<br /> Dumaguete (DGT) - 56.4 km / 35.1 mi<br /> </p><p></p>,"<p>HeadLine : On the beach</p><p>Location : When you stay at King Arthur s Place in Alcoy, you ll be on the beach and within a 5-minute drive of San Roque Chapel.  This beach apartment is 22.7 mi (36.6 km) from Sumilon Island and 2.6 mi (4.1 km) from Tingko Beach.</p><p>Rooms : Make yourself at home in one of the 3 air-conditioned guestrooms. Rooms have private furnished balconies or patios. Bathrooms with showers are provided. Housekeeping is provided on a limited basis, and rollaway/extra beds (surcharge) can be requested.</p><p>Dining : Wrap up your day with a drink at the beach bar.</p><p>CheckIn Instructions : <ul>  <li>Extra-person charges may apply and vary depending on property policy</li><li>Government-issued photo identification and a cash deposit may be required at check-in for incidental charges</li><li>Special requests are subject to availability upon check-in and may incur additional charges; special requests cannot be guaranteed</li><li>This property accepts cash</li>  </ul></p><p>Special Instructions : This property offers transfers from the airport (surcharges may apply). To arrange pick-up, guests must contact the property 72 hours prior to arrival, using the contact information on the booking confirmation. The front desk is open daily from 8 AM - 5 PM. To make arrangements for check-in please contact the property ahead of time using the information on the booking confirmation. If you are planning to arrive after 5 PM please contact the property in advance using the information on the booking confirmation. Guests must contact the property in advance for check-in instructions. Front desk staff will greet guests on arrival.</p>",63-32-4839673,Airport transportation (surcharge) Private picnics Wheelchair accessible (may have limitations) Number of meeting rooms - 1 Front desk (limited hours) Barbecue grill(s) Number of outdoor pools - 1 Number of beach bars - 1 Garden Picnic area In-room accessibility (in select rooms) Children's pool Tours/ticket assistance Accessible bathroom (in select rooms) Free self parking Free beach cabanas Terrace,9.716972|123.509968,63-923-3020236,6023,
PH,Philippines,100834,Alcoy,1652098,El Paradiso Resort,ThreeStar,Tingko White Beach Guiwang Alcoy Cebu 6023 AlcoyCebu ,Distances are displayed to the nearest 0.1 mile and kilometer. <br /> <p>Tingko Beach - 0.4 km / 0.2 mi <br /> Eli Rock - 7.2 km / 4.5 mi <br /> San Patrocinio de Maria Church - 7.7 km / 4.8 mi <br /> San Roque Chapel - 7.8 km / 4.8 mi <br /> Dalaguete Church - 10.7 km / 6.6 mi <br /> Dalaguete Beach - 20.1 km / 12.5 mi <br /> Oslob Beach - 21.5 km / 13.4 mi <br /> Oslob Church - 21.7 km / 13.5 mi <br /> Osmena Peak - 26.4 km / 16.4 mi <br /> Argao Hall of Justice - 28.7 km / 17.9 mi <br /> Tumalog Falls - 31.3 km / 19.4 mi <br /> Kandungaw Peak - 32.1 km / 20 mi <br /> Cambais Falls - 32.5 km / 20.2 mi <br /> Kawasan Falls - 38.8 km / 24.1 mi <br /> Binalayan Falls - 40.3 km / 25 mi <br /> </p><p>The nearest airports are:<br />Dumaguete (DGT) - 52.8 km / 32.8 mi<br /> Panglao (TAG-Bohol Intl.) - 112.9 km / 70.1 mi<br /> </p><p></p>,"<p>HeadLine : Near Tingko Beach</p><p>Location : When you stay at El Paradiso Resort in Alcoy, you ll be on the beach and 4 minutes by foot from Tingko Beach.  This beach aparthotel is 6.6 mi (10.7 km) from Dalaguete Church and 12.5 mi (20.1 km) from Dalaguete Beach.</p><p>Rooms : Make yourself at home in one of the 23 guestrooms, featuring kitchenettes. Conveniences include safes, and housekeeping is provided daily.</p><p>Dining : You can enjoy a meal at the restaurant serving the guests of El Paradiso Resort, or stop in at the snack bar/deli. Unwind at the end of the day with a drink at the bar/lounge or the poolside bar. Cooked-to-order breakfasts are available daily from 7:00 AM to 10:00 AM for a fee.</p><p>CheckIn Instructions : <ul>  <li>Extra-person charges may apply and vary depending on property policy</li><li>Government-issued photo identification and a cash deposit may be required at check-in for incidental charges</li><li>Special requests are subject to availability upon check-in and may incur additional charges; special requests cannot be guaranteed</li><li>This property accepts cash</li>  </ul></p><p>Special Instructions : The front desk is open daily from 7 AM - 10:30 PM. To make arrangements for check-in please contact the property at least 24 hours before arrival using the information on the booking confirmation. If you are planning to arrive after 10:30 PM please contact the property in advance using the information on the booking confirmation. Guests will receive an email 24 hours before arrival with check-in instructions. Front desk staff will greet guests on arrival.</p>",63-32-4839065,Barbecue grill(s) Picnic area Couples/private dining Private picnics Number of outdoor pools - 1 Karaoke Number of bars/lounges - 1 Number of poolside bars - 1 Number of swim-up bars - 1 Front desk (limited hours) Business center Billiards or pool table Express check-out Tours/ticket assistance Free pool cabanas Free self parking Dry cleaning/laundry service Free WiFi Pool sun loungers Outdoor seasonal pool Children's pool Safe-deposit box at front desk Terrace Luggage storage Proposal/romance packages available Breakfast available (surcharge) Concierge services Snack bar/deli Designated smoking areas Wheelchair accessible (may have limitations) Laundry facilities Accessible bathroom Wheelchair accessible parking Airport transportation (surcharge) Wheelchair-accessible van parking Garden Wheelchair-accessible registration desk 24-hour pool access Wheelchair-accessible pool Free newspapers in lobby,9.685919|123.503402,63-923-3020236,6023,
PH,Philippines,100834,Alcoy,1924625,Larville Pool Garden Resort And Restaurant,ThreeStar,Pugalo Pugalo Alcoy ,Distances are displayed to the nearest 0.1 mile and kilometer. <br /> <p>San Roque Chapel - 2.5 km / 1.6 mi <br /> Dalaguete Church - 5.4 km / 3.4 mi <br /> Tingko Beach - 5.8 km / 3.6 mi <br /> Eli Rock - 12.5 km / 7.8 mi <br /> San Patrocinio de Maria Church - 12.9 km / 8 mi <br /> Dalaguete Beach - 14.7 km / 9.2 mi <br /> Osmena Peak - 21.2 km / 13.2 mi <br /> Bugasok Falls - 21.8 km / 13.6 mi <br /> Argao Hall of Justice - 23.5 km / 14.6 mi <br /> Oslob Beach - 26.6 km / 16.5 mi <br /> Kandungaw Peak - 26.7 km / 16.6 mi <br /> Oslob Church - 26.9 km / 16.7 mi <br /> Cambais Falls - 30.5 km / 18.9 mi <br /> Tumalog Falls - 36.6 km / 22.7 mi <br /> Monastery of the Holy Eucharist - 36.8 km / 22.9 mi <br /> </p><p>The nearest airports are:<br />Mactan - Cebu Intl. Airport (CEB) - 101.6 km / 63.2 mi<br /> Panglao (TAG-Bohol Intl.) - 107.4 km / 66.8 mi<br /> Dumaguete (DGT) - 58.1 km / 36.1 mi<br /> </p><p></p>,"<p>HeadLine : Near San Roque Chapel</p><p>Location : When you stay at Larville Pool Garden Resort & Restaurant in Alcoy, you ll be on the beach and within a 5-minute drive of San Roque Chapel.  This beach hotel is 23.7 mi (38.2 km) from Sumilon Island and 3.4 mi (5.4 km) from Dalaguete Church.</p><p>Rooms : Make yourself at home in one of the 7 air-conditioned guestrooms. Digital television is provided for your entertainment. Bathrooms have showers and complimentary toiletries.</p><p>Dining : Enjoy a meal at the restaurant, or stay in and take advantage of the hotel s 24-hour room service. Cooked-to-order breakfasts are available daily for a fee.</p><p>CheckIn Instructions : <ul>  <li>Extra-person charges may apply and vary depending on property policy</li><li>Government-issued photo identification and a cash deposit may be required at check-in for incidental charges</li><li>Special requests are subject to availability upon check-in and may incur additional charges; special requests cannot be guaranteed</li><li>This property accepts cash</li>  </ul></p><p>Special Instructions : The front desk is open daily from 6:30 AM - 10 PM. Front desk staff will greet guests on arrival.</p>",63-32-5118830,Designated smoking areas Number of outdoor pools - 1 elevator Free self parking Front desk (limited hours) Swimming pool Karaoke Breakfast available (surcharge) Free WiFi,9.731484|123.508835,+63324839295,6023,http://larvilleresort.com
PH,Philippines,150332,Anda,1130421,Anda White Beach Resort,ThreeStar,Brgy. Bacong Sitio Dagohoy Bohol 6311 AndaBohol ,Distances are displayed to the nearest 0.1 mile and kilometer. <br /> <p>Cabagnow Cave Pool - 2.1 km / 1.3 mi <br /> Anda Beach - 2.4 km / 1.5 mi <br /> Santo Nino de Anda Parish Church - 2.5 km / 1.6 mi <br /> Lamanok Caves - 7.6 km / 4.7 mi <br /> Kankoka Hills - 27.5 km / 17.1 mi <br /> Cadapdapan Rice Terraces - 30 km / 18.6 mi <br /> Can-umantad Falls - 32.3 km / 20.1 mi <br /> St. Michael The Archangel Parish - 35.7 km / 22.2 mi <br /> Jagna Rizal Park - 35.7 km / 22.2 mi <br /> Jagna Wharf - 36.4 km / 22.6 mi <br /> Alicia Panoramic Hills - 36.7 km / 22.8 mi <br /> </p><p>The preferred airport for Anda White Beach Resort is Panglao (TAG-Bohol Intl.) - 110 km / 68.3 mi </p>,"<p>HeadLine : Near Cabagnow Cave Pool</p><p>Location : When you stay at Anda White Beach Resort in Anda, you ll be on the beach, you ll be a 5-minute drive from Cabagnow Cave Pool.  This beach resort is 1.5 mi (2.4 km) from Santo Nino de Anda Parish Church and 1.5 mi (2.5 km) from Anda Beach.</p><p>Rooms : Make yourself at home in one of the 9 air-conditioned rooms featuring minibars and flat-screen televisions. Rooms have private balconies or patios. Complimentary wireless Internet access keeps you connected, and cable programming is available for your entertainment. Private bathrooms with showers feature rainfall showerheads and complimentary toiletries.</p><p>Dining : Satisfy your appetite for lunch or dinner at Fizz Buzz, a restaurant which specializes in international cuisine, or stay in and take advantage of the room service (during limited hours). Wrap up your day with a drink at the bar/lounge. A complimentary local cuisine breakfast is served daily from 7 AM to noon.</p><p>CheckIn Instructions : <ul>  <li>Extra-person charges may apply and vary depending on property policy</li><li>Government-issued photo identification and a credit card, debit card, or cash deposit may be required at check-in for incidental charges</li><li>Special requests are subject to availability upon check-in and may incur additional charges; special requests cannot be guaranteed</li><li>This property accepts credit cards and cash</li>  </ul></p><p>Special Instructions : This property offers transfers from the airport (surcharges may apply). Guests must contact the property with arrival details before travel, using the contact information on the booking confirmation. The front desk is open daily from 8:30 AM - 10 PM. To make arrangements for check-in please contact the property ahead of time using the information on the booking confirmation. If you are planning to arrive after 10 PM please contact the property in advance using the information on the booking confirmation. Guests must contact the property in advance for check-in instructions. Front desk staff will greet guests on arrival.</p>",63-632-8572320,Dry cleaning/laundry service Airport transportation (surcharge) Luggage storage Free breakfast Front desk (limited hours) Free breakfast (local cuisine) Free WiFi Number of bars/lounges - 1 Designated smoking areas Number of spa tubs - 2 Daily Number of outdoor pools - 1 Safe-deposit box at front desk Wheelchair accessible parking Snack bar/deli Laundry facilities Free self parking Beach sun loungers Pool sun loungers,9.731232|124.562847,+63 63917 7000507,6311,http://www.andabeachresort.com/
PH,Philippines,150332,Anda,1264713,Amun Ini Beach Resort & Spa,FourStar,Sitio Bas Dako Barangay Candabong Barangay Candabong6311 AndaBohol ,Distances are displayed to the nearest 0.1 mile and kilometer. <br /> <p>Anda Beach - 6 km / 3.7 mi <br /> Santo Nino de Anda Parish Church - 6 km / 3.8 mi <br /> Cabagnow Cave Pool - 6.3 km / 3.9 mi <br /> Lamanok Caves - 11.3 km / 7 mi <br /> Cadapdapan Rice Terraces - 25.6 km / 15.9 mi <br /> Can-umantad Falls - 25.8 km / 16 mi <br /> St. Michael The Archangel Parish - 31.3 km / 19.4 mi <br /> Jagna Rizal Park - 31.3 km / 19.5 mi <br /> Jagna Wharf - 32 km / 19.9 mi <br /> </p><p>The preferred airport for Amun Ini Beach Resort & Spa is Panglao (TAG-Bohol Intl.) - 105.9 km / 65.8 mi </p>,"<p>HeadLine : On the beach</p><p>Location : When you stay at Amun Ini Beach Resort & Spa in Anda, you ll be on the beach, you ll be a 8-minute drive from Anda Beach.  This 4-star resort is within the region of Chocolate Hills.</p><p>Rooms : Make yourself at home in one of the 16 air-conditioned rooms featuring minibars and flat-screen televisions. Rooms have private furnished balconies. Complimentary wireless Internet access keeps you connected, and cable programming is available for your entertainment. Private bathrooms with showers feature complimentary toiletries and hair dryers.</p><p>Dining : Enjoy international cuisine at Kanami Restaurant, a restaurant which features a bar/lounge, or stay in and take advantage of the room service (during limited hours).</p><p>CheckIn Instructions : <ul>  <li>Extra-person charges may apply and vary depending on property policy</li><li>Government-issued photo identification and a credit card, debit card, or cash deposit may be required at check-in for incidental charges</li><li>Special requests are subject to availability upon check-in and may incur additional charges; special requests cannot be guaranteed</li><li>Safety features at this property include a fire extinguisher, a smoke detector, and a first aid kit</li><li>Be prepared: check the latest COVID-19 travel requirements and measures in place for this destination before you travel.</li>  </ul></p><p>Special Instructions : This property offers transfers from the airport (surcharges may apply). Guests must contact the property with arrival details before travel, using the contact information on the booking confirmation. The front desk is open daily from 7 AM - 10 PM. This property doesn t offer after-hours check-in. Front desk staff will greet guests on arrival.</p>",63-38-5106230,Pool umbrellas Laundry facilities Parking (limited spaces) Beach towels Infinity pool Wheelchair accessible parking Airport transportation (surcharge) Scuba diving on site Garden Snorkeling on site Wheelchair-accessible on-site restaurant Daily Wheelchair-accessible lounge Number of outdoor pools - 1 Handrails in stairways Rooftop terrace Number of bars/lounges - 1 Upper floors accessible by stairs only Well-lit path to entrance Stair-free path to entrance Front desk (limited hours) Beach umbrellas Porter/bellhop Tours/ticket assistance Beach sun loungers Dry cleaning/laundry service Free WiFi Pool sun loungers Boat tours nearby Safe-deposit box at front desk Spa services on site Concierge services Kayaking on site Designated smoking areas Wheelchair accessible (may have limitations) Wheelchair-accessible registration desk Wheelchair-accessible pool,9.727047|124.527408,+63 639 9034536,6311,http://amunini.com/
PH,Philippines,150332,Anda,1342202,Blue Star Dive and Resort,ThreeStar,Ipo Candabong 6311 AndaBohol ,Distances are displayed to the nearest 0.1 mile and kilometer. <br /> <p>Santo Nino de Anda Parish Church - 7 km / 4.4 mi <br /> Anda Beach - 7.1 km / 4.4 mi <br /> Cabagnow Cave Pool - 7.4 km / 4.6 mi <br /> Lamanok Caves - 12.3 km / 7.6 mi <br /> Kankoka Hills - 21.3 km / 13.2 mi <br /> Cadapdapan Rice Terraces - 23.8 km / 14.8 mi <br /> Can-umantad Falls - 26.1 km / 16.2 mi <br /> St. Michael The Archangel Parish - 29.4 km / 18.3 mi <br /> Jagna Rizal Park - 29.5 km / 18.3 mi <br /> Jagna Wharf - 30.1 km / 18.7 mi <br /> Alicia Panoramic Hills - 30.5 km / 19 mi <br /> </p><p>The preferred airport for Blue Star Dive & Resort is Panglao (TAG-Bohol Intl.) - 104.1 km / 64.7 mi </p>,"<p>HeadLine : On the waterfront</p><p>Location : Located in Anda, Blue Star Dive & Resort is on the waterfront, within a 10-minute drive of Santo Nino de Anda Parish Church and Cabagnow Cave Pool.  This beach resort is 4.4 mi (7.1 km) from Anda Beach and 7.6 mi (12.3 km) from Lamanok Caves.</p><p>Rooms : Make yourself at home in one of the 12 air-conditioned rooms featuring minibars. Rooms have private furnished balconies. Private bathrooms with showers feature complimentary toiletries and slippers. Conveniences include safes and desks, and housekeeping is provided daily.</p><p>Dining : Grab a bite to eat at the resort s restaurant, which features a bar/lounge, or stay in and take advantage of the room service (during limited hours).</p><p>CheckIn Instructions : <ul>  <li>Extra-person charges may apply and vary depending on property policy</li><li>Government-issued photo identification and a credit card, debit card, or cash deposit may be required at check-in for incidental charges</li><li>Special requests are subject to availability upon check-in and may incur additional charges; special requests cannot be guaranteed</li><li>This property accepts credit cards, debit cards, and cash</li>  </ul></p><p>Special Instructions : The front desk is open daily from 8 AM - 10 PM. This property doesn t offer after-hours check-in. Front desk staff will greet guests on arrival.</p>",63-947-9465386,Dry cleaning/laundry service Airport transportation (surcharge) On private beach Wheelchair accessible  no Pool umbrellas Front desk (limited hours) Number of bars/lounges - 1 Spa treatment room(s) Designated smoking areas Daily Number of outdoor pools - 1 Spa services on site Snorkeling nearby Garden Laundry facilities Tours/ticket assistance Free self parking Kayaking on site Boat tours nearby Terrace Scuba diving on site Pool sun loungers,9.723008|124.518046,+63 947 9465386,6311,http://www.bluestardive.com/
PH,Philippines,150332,Anda,1356707,FloWer Beach Resort,TwoStar,Virgen Bohol 6311 AndaBohol ,Distances are displayed to the nearest 0.1 mile and kilometer. <br /> <p>Cabagnow Cave Pool - 3.8 km / 2.3 mi <br /> Anda Beach - 4.1 km / 2.5 mi <br /> Santo Nino de Anda Parish Church - 4.2 km / 2.6 mi <br /> Lamanok Caves - 10.1 km / 6.3 mi <br /> Kankoka Hills - 25.4 km / 15.8 mi <br /> Cadapdapan Rice Terraces - 27.9 km / 17.3 mi <br /> Can-umantad Falls - 30.3 km / 18.8 mi <br /> St. Michael The Archangel Parish - 33.6 km / 20.9 mi <br /> Jagna Rizal Park - 33.7 km / 20.9 mi <br /> Jagna Wharf - 34.3 km / 21.3 mi <br /> Alicia Panoramic Hills - 34.7 km / 21.5 mi <br /> </p><p>The preferred airport for FloWer Beach Resort is Panglao (TAG-Bohol Intl.) - 108.2 km / 67.3 mi </p>,"<p>HeadLine : Near Anda Beach</p><p>Location : When you stay at FloWer Beach Resort in Anda, you ll be on the beach and within a 5-minute drive of Santo Nino de Anda Parish Church.  This beach resort is 2.5 mi (4.1 km) from Anda Beach and 2.7 mi (4.3 km) from Cabagnow Cave Pool.</p><p>Rooms : Make yourself at home in one of the 13 guestrooms. Bathrooms have showers and complimentary toiletries. Conveniences include desks and blackout drapes/curtains, and housekeeping is provided daily.</p><p>Dining : Grab a bite to eat at the resort s restaurant, which features a bar/lounge, or stay in and take advantage of the room service (during limited hours). Wrap up your day with a drink at the beach bar.</p><p>CheckIn Instructions : <ul>  <li>Extra-person charges may apply and vary depending on property policy</li><li>Government-issued photo identification and a credit card, debit card, or cash deposit may be required at check-in for incidental charges</li><li>Special requests are subject to availability upon check-in and may incur additional charges; special requests cannot be guaranteed</li><li>This property accepts credit cards</li>  </ul></p><p>Special Instructions : This property offers transfers from the airport (surcharges may apply). Guests must contact the property with arrival details before travel, using the contact information on the booking confirmation. The front desk is open daily from 6 AM - 10 PM. To make arrangements for check-in please contact the property at least 24 hours before arrival using the information on the booking confirmation. If you are planning to arrive after 10 PM please contact the property in advance using the information on the booking confirmation. Guests must contact the property in advance for check-in instructions. Front desk staff will greet guests on arrival.</p>",63-918-5796166,Beach umbrellas Babysitting or childcare (surcharge) Scuba diving nearby Free WiFi Number of bars/lounges - 1 Designated smoking areas Number of spa tubs - 1 Number of outdoor pools - 1 Number of beach bars - 1 Garden Picnic area Tours/ticket assistance Beach towels Scuba diving on site Airport transportation (surcharge) Luggage storage Front desk (limited hours) Playground on site Safe-deposit box at front desk Laundry facilities Children's pool Free self parking Snorkeling on site Beach sun loungers Terrace Pool sun loungers,9.729557|124.546433,+639185796166,6311,http://www.flower-beach.com/
PH,Philippines,150332,Anda,1382027,Magic Oceans Dive Resort,FourStar,Candabong  ,,"Magic Oceans Dive Resort is conveniently located in the popular Anda area. The hotel offers a high standard of service and amenities to suit the individual needs of all travelers. Service-minded staff will welcome and guide you at the Magic Oceans Dive Resort. Comfortable guestrooms ensure a good night's sleep with some rooms featuring facilities such as internet access  wireless (complimentary), non smoking rooms, air conditioning, wake-up service, desk. The hotel's peaceful atmosphere extends to its recreational facilities which include snorkeling, outdoor pool, diving, massage, garden. A welcoming atmosphere and excellent service are what you can expect during your stay at Magic Oceans Dive Resort.",,languages spoken accessibility Internet access things to do  ways to relax cleanliness and safety dining  drinking  and snacking services and conveniences for the kids access getting around available in all rooms,9.72215309577417|124.52316284179699,,6311,https://www.agoda.com/partners/partnersearch.aspx?hid=798617
PH,Philippines,150332,Anda,1457186,East Coast White Sand Resort,ThreeStar,Candabong 6311 Anda ,Distances are displayed to the nearest 0.1 mile and kilometer. <br /> <p>Santo Nino de Anda Parish Church - 5.5 km / 3.4 mi <br /> Anda Beach - 5.6 km / 3.5 mi <br /> Cabagnow Cave Pool - 5.9 km / 3.6 mi <br /> Lamanok Caves - 11.6 km / 7.2 mi <br /> Kankoka Hills - 23.7 km / 14.7 mi <br /> Cadapdapan Rice Terraces - 26.2 km / 16.3 mi <br /> Can-umantad Falls - 28.5 km / 17.7 mi <br /> St. Michael The Archangel Parish - 31.8 km / 19.8 mi <br /> Jagna Rizal Park - 31.9 km / 19.8 mi <br /> Jagna Wharf - 32.6 km / 20.2 mi <br /> Alicia Panoramic Hills - 32.9 km / 20.4 mi <br /> </p><p>The preferred airport for Parklane Bohol Resort and Spa is Panglao (TAG-Bohol Intl.) - 106.5 km / 66.2 mi </p>,"<p>HeadLine : In Anda</p><p>Location : When you stay at Parklane Bohol Resort and Spa in Anda, you ll be within a 10-minute drive of Santo Nino de Anda Parish Church and Cabagnow Cave Pool.  This hotel is 3.5 mi (5.6 km) from Anda Beach and 7.2 mi (11.6 km) from Lamanok Caves.</p><p>Rooms : Make yourself at home in one of the 11 air-conditioned rooms featuring flat-screen televisions. Cable television is provided for your entertainment. Private bathrooms with showers feature complimentary toiletries and hair dryers. Conveniences include desks and electric kettles, and housekeeping is provided daily.</p><p>Dining : Enjoy a meal at the restaurant, or stay in and take advantage of the hotel s room service (during limited hours). A complimentary cooked-to-order breakfast is served daily from 6:00 AM to 10:00 AM.</p><p>CheckIn Instructions : <ul>  <li>Extra-person charges may apply and vary depending on property policy</li><li>Government-issued photo identification and a credit card, debit card, or cash deposit may be required at check-in for incidental charges</li><li>Special requests are subject to availability upon check-in and may incur additional charges; special requests cannot be guaranteed</li><li>This property accepts credit cards, debit cards, and cash</li>  </ul></p><p>Special Instructions : The front desk is open daily from 6:00 AM - 9:00 PM. Front desk staff will greet guests on arrival.</p>",63-928-7628730,Dry cleaning/laundry service Free breakfast Front desk (limited hours) Swimming pool Free WiFi Daily Number of outdoor pools - 3 Garden Smoke-free property Tours/ticket assistance Free self parking Scooter/moped rentals on site Terrace Free Cooked-to-Order Breakfast,9.72705|124.534,+63 928 7628730,6311,http://eastcoastwhitesand.com/
PH,Philippines,150332,Anda,1457201,J&R Residence,ThreeStar,Brgy. Bacong Sitio Dagohoy Bohol 6311 Anda ,Distances are displayed to the nearest 0.1 mile and kilometer. <br /> <p>Cabagnow Cave Pool - 2.3 km / 1.4 mi <br /> Anda Beach - 2.6 km / 1.6 mi <br /> Santo Nino de Anda Parish Church - 2.6 km / 1.6 mi <br /> Lamanok Caves - 8.6 km / 5.3 mi <br /> Kankoka Hills - 27 km / 16.8 mi <br /> Cadapdapan Rice Terraces - 29.5 km / 18.3 mi <br /> Can-umantad Falls - 31.8 km / 19.8 mi <br /> St. Michael The Archangel Parish - 35.2 km / 21.8 mi <br /> Jagna Rizal Park - 35.2 km / 21.9 mi <br /> Jagna Wharf - 35.9 km / 22.3 mi <br /> Alicia Panoramic Hills - 36.2 km / 22.5 mi <br /> </p><p>The preferred airport for J&R Residence is Panglao (TAG-Bohol Intl.) - 109.8 km / 68.2 mi </p>,"<p>HeadLine : Near Cabagnow Cave Pool</p><p>Location : When you stay at J&R Residence in Anda, you ll be on the beach, within a 5-minute drive of Santo Nino de Anda Parish Church and Cabagnow Cave Pool.  This beach resort is 1.6 mi (2.6 km) from Anda Beach and 5.3 mi (8.6 km) from Lamanok Caves.</p><p>Rooms : Make yourself at home in one of the 7 air-conditioned rooms featuring minibars. Rooms have private furnished patios. Complimentary wireless Internet access is available to keep you connected. Private bathrooms with showers feature rainfall showerheads and complimentary toiletries.</p><p>Dining : Enjoy international cuisine at Sea Breeze, a restaurant which features a bar/lounge, or stay in and take advantage of the room service (during limited hours). Cooked-to-order breakfasts are available daily for a fee.</p><p>CheckIn Instructions : <ul>  <li>Extra-person charges may apply and vary depending on property policy</li><li>Government-issued photo identification and a credit card, debit card, or cash deposit may be required at check-in for incidental charges</li><li>Special requests are subject to availability upon check-in and may incur additional charges; special requests cannot be guaranteed</li><li>This property accepts credit cards, mobile payments, and cash</li><li>Mobile payment options include: GCash</li>  </ul></p><p>Special Instructions : Front desk staff will greet guests on arrival.</p>",63-908-8215480,Beach umbrellas Babysitting or childcare (surcharge) Outdoor furniture Pool umbrellas Scuba diving nearby Free WiFi Number of bars/lounges - 1 Number of outdoor pools - 1 Garden Tours/ticket assistance Beach towels Scooter/moped rentals on site Boat tours on site Airport transportation (surcharge) Off-street parking Walkway to water Wheelchair accessible  no Luggage storage Business center 24-hour front desk Breakfast available (surcharge) Outdoor seasonal pool Safe-deposit box at front desk Snack bar/deli Laundry facilities Free self parking Snorkeling on site Beach sun loungers Terrace Pool sun loungers Concierge services,9.731203|124.560913,63-908-8215480,6311,http://www.jr-residence.com/
PH,Philippines,150332,Anda,1470708,La Petra Beach Resort,ThreeStar,Sitio Bacong Dagohoy Dagohoy6300 Anda ,Distances are displayed to the nearest 0.1 mile and kilometer. <br /> <p>Santo Nino de Anda Parish Church - 0.3 km / 0.2 mi <br /> Anda Beach - 0.3 km / 0.2 mi <br /> Cabagnow Cave Pool - 2 km / 1.3 mi <br /> Lamanok Caves - 5 km / 3.1 mi <br /> Kankoka Hills - 28.3 km / 17.6 mi <br /> Cadapdapan Rice Terraces - 30.8 km / 19.1 mi <br /> Can-umantad Falls - 33.1 km / 20.6 mi <br /> St. Michael The Archangel Parish - 36.4 km / 22.6 mi <br /> Jagna Rizal Park - 36.5 km / 22.7 mi <br /> Jagna Wharf - 37.2 km / 23.1 mi <br /> Alicia Panoramic Hills - 37.5 km / 23.3 mi <br /> </p><p>The preferred airport for La Petra Beach Resort is Panglao (TAG-Bohol Intl.) - 111.1 km / 69 mi </p>,"<p>HeadLine : Near Anda Beach</p><p>Location : With a stay at La Petra Beach Resort in Anda, you ll be within a 5-minute walk of Santo Nino de Anda Parish Church and Anda Beach.  This beach resort is 1 mi (1.7 km) from Cabagnow Cave Pool and 3.1 mi (5 km) from Lamanok Caves.</p><p>Rooms : Make yourself at home in one of the 12 air-conditioned guestrooms. Rooms have private furnished balconies. Cable television is provided for your entertainment. Private bathrooms with showers feature complimentary toiletries and hair dryers.</p><p>Dining : Satisfy your appetite for lunch or dinner at La Perta, a restaurant which specializes in Mediterranean cuisine, or stay in and take advantage of the room service (during limited hours). Unwind at the end of the day with a drink at the beach bar or the poolside bar. For your convenience, a complimentary breakfast is served daily from 7 AM to 10 AM.</p><p>CheckIn Instructions : <ul>  <li>Extra-person charges may apply and vary depending on property policy</li><li>Government-issued photo identification and a credit card, debit card, or cash deposit may be required at check-in for incidental charges</li><li>Special requests are subject to availability upon check-in and may incur additional charges; special requests cannot be guaranteed</li><li>This property accepts credit cards</li>  </ul></p><p>Special Instructions : Front desk staff will greet guests on arrival.</p>",63-38-5101270,Dry cleaning/laundry service Babysitting or childcare (surcharge) Reception hall Scuba diving nearby Free WiFi Designated smoking areas Number of poolside bars - 1 Number of outdoor pools - 1 Number of beach bars - 1 Garden Picnic area Wheelchair accessible parking Tours/ticket assistance Beach towels Airport transportation (surcharge) Pool sun loungers Concierge services On private beach Luggage storage Free breakfast 24-hour front desk Daily Barbecue grill(s) Safe-deposit box at front desk Children's pool Free self parking Beach sun loungers Terrace,9.745586|124.576439,+63 38 5101270,6300,https://www.bedandbreakfast.eu/bed-and-breakfast/anda/la-petra-beach-resort/179847/
PH,Philippines,150332,Anda,1476212,Anda De Boracay White Sand Resort,ThreeStar,Poblacion 6311 AndaBohol ,Distances are displayed to the nearest 0.1 mile and kilometer. <br /> <p>Cabagnow Cave Pool - 2.1 km / 1.3 mi <br /> Anda Beach - 2.4 km / 1.5 mi <br /> Santo Nino de Anda Parish Church - 2.5 km / 1.6 mi <br /> Lamanok Caves - 8.5 km / 5.3 mi <br /> Kankoka Hills - 27.5 km / 17.1 mi <br /> Cadapdapan Rice Terraces - 30 km / 18.6 mi <br /> Can-umantad Falls - 32.3 km / 20.1 mi <br /> St. Michael The Archangel Parish - 35.7 km / 22.2 mi <br /> Jagna Rizal Park - 35.7 km / 22.2 mi <br /> Jagna Wharf - 36.4 km / 22.6 mi <br /> Alicia Panoramic Hills - 36.7 km / 22.8 mi <br /> </p><p>The preferred airport for Anda de Boracay White Sand Resort is Panglao (TAG-Bohol Intl.) - 110 km / 68.3 mi </p>,"<p>HeadLine : Near Cabagnow Cave Pool</p><p>Location : Located in Anda, Anda de Boracay White Sand Resort is a 5-minute drive from Cabagnow Cave Pool and 9 minutes from Anda Beach.  This beach bed & breakfast is within the region of Chocolate Hills.</p><p>Rooms : Make yourself at home in one of the 23 air-conditioned rooms featuring flat-screen televisions. Complimentary wireless Internet access keeps you connected, and cable programming is available for your entertainment. Private bathrooms with showers feature complimentary toiletries and hair dryers. Conveniences include desks and blackout drapes/curtains, and housekeeping is provided daily.</p><p>Dining : For lunch or dinner, stop by Cafe Tacio, a restaurant that specializes in local cuisine. Dining is also available at the coffee shop/cafe, and room service (during limited hours) is provided. Relax with a refreshing drink from the bar/lounge or one of the 2 poolside bars. Cooked-to-order breakfasts are available daily from 6 AM to 10 AM for a fee.</p><p>CheckIn Instructions : <ul>  <li>Extra-person charges may apply and vary depending on property policy</li><li>Government-issued photo identification and a credit card, debit card, or cash deposit may be required at check-in for incidental charges</li><li>Special requests are subject to availability upon check-in and may incur additional charges; special requests cannot be guaranteed</li><li>Guests must contact this property in advance to reserve onsite parking</li><li>This property accepts credit cards, mobile payments, and cash</li><li>Mobile payment options include: GCash</li><li>This property reserves the right to pre-authorize the guest s credit card prior to arrival.</li>  </ul></p><p>Special Instructions : The front desk is open daily from 6:00 AM - 10:00 PM. If you are planning to arrive after 6:00 PM please contact the property in advance using the information on the booking confirmation. Front desk staff will greet guests on arrival.</p>",63-908-5410788,Dry cleaning/laundry service Wheelchair accessible (may have limitations) Beach umbrellas Wheelchair-accessible van parking Number of meeting rooms - 1 Wheelchair-accessible registration desk Scuba diving nearby Free WiFi Number of bars/lounges - 1 Wheelchair-accessible public washroom Spa treatment room(s) Designated smoking areas Number of poolside bars - 2 Number of outdoor pools - 1 Well-lit path to entrance Upper floors accessible by stairs only Garden Picnic area In-room accessibility (in select rooms) Wheelchair accessible parking Full-service spa Accessible bathroom (in select rooms) Boat tours nearby Scuba diving on site Wheelchair-accessible lounge Luggage storage Visual alarms in hallways Handrails in stairways Front desk (limited hours) Handrails in hallways Breakfast available (surcharge) Barbecue grill(s) Spa services on site Snorkeling nearby Number of coffee shops/cafes - 1 Laundry facilities Children's pool Fitness facilities Beach sun loungers Terrace,9.731222|124.562851,+63 917 5280734,6311,
PH,Philippines,150332,Anda,1484417,Island View Beachfront Resort,ThreeStar,Brgy. Bacong 6311 Anda ,Distances are displayed to the nearest 0.1 mile and kilometer. <br /> <p>Cabagnow Cave Pool - 2.5 km / 1.5 mi <br /> Anda Beach - 2.8 km / 1.7 mi <br /> Santo Nino de Anda Parish Church - 2.9 km / 1.8 mi <br /> Lamanok Caves - 8.8 km / 5.5 mi <br /> Kankoka Hills - 26.9 km / 16.7 mi <br /> Cadapdapan Rice Terraces - 29.4 km / 18.3 mi <br /> Can-umantad Falls - 31.7 km / 19.7 mi <br /> St. Michael The Archangel Parish - 35.1 km / 21.8 mi <br /> Jagna Rizal Park - 35.1 km / 21.8 mi <br /> Jagna Wharf - 35.8 km / 22.2 mi <br /> Alicia Panoramic Hills - 36.1 km / 22.4 mi <br /> </p><p>The preferred airport for Island View Beachfront Resort is Panglao (TAG-Bohol Intl.) - 109.7 km / 68.2 mi </p>,"<p>HeadLine : Near Anda Beach</p><p>Location : When you stay at Island View Beachfront Resort in Anda, you ll be on the waterfront, you ll be a 11-minute drive from Anda Beach.  This beach hotel is within the region of Chocolate Hills.</p><p>Rooms : Make yourself at home in one of the 11 individually decorated guestrooms. Rooms have private furnished balconies or patios. Complimentary wireless Internet access is available to keep you connected. Private bathrooms with showers feature rainfall showerheads and complimentary toiletries.</p><p>Dining : Enjoy international cuisine at The Old Plantation, a restaurant where you can take in the garden view, or stay in and take advantage of the room service (during limited hours). Relax with a refreshing drink at the beach bar, the poolside bar, or one of 2 bars/lounges. Cooked-to-order breakfasts are available daily from 7:30 AM to 1 PM for a fee.</p><p>CheckIn Instructions : <ul>  <li>Extra-person charges may apply and vary depending on property policy</li><li>Government-issued photo identification and a credit card or cash deposit may be required at check-in for incidental charges</li><li>Special requests are subject to availability upon check-in and may incur additional charges; special requests cannot be guaranteed</li><li>This property accepts credit cards and cash</li><li>This property uses a grey water recycling system and eco-friendly cleaning products</li>  </ul></p><p>Special Instructions : This property offers transfers from the ferry terminal (surcharges may apply). To arrange pick-up, guests must contact the property 48 hours prior to arrival, using the contact information on the booking confirmation. The front desk is open daily from 7 AM - 10 PM. Front desk staff will greet guests on arrival.</p>",,Books Organic food Wheelchair accessible (may have limitations) Showcase for local artists Humane animal treatment Beach umbrellas Locally-owned & organized tours & activities Express check-in Change of bed sheets (on request) Wheelchair-accessible registration desk Wheelchair-accessible pool No elevator (single level property) Hiking/biking trails on site Well-lit path to entrance Change of towels (on request) Garden Stair-free path to entrance Beach towels Fishing on site Windsurfing on site Boat tours on site Cave exploring/spelunking on site Water-efficient toilets only Couples/private dining Japanese garden Water dispenser use by guests actively encouraged Luggage storage Front desk (limited hours) Lifeguard on site Library Spa services on site Housekeeping on request Designated smoking areas (fines apply) Free self parking Free beach cabanas Conference space Kayaking on site Beach sun loungers Terrace Pool sun loungers Conference space size (feet) - 2691 Dry cleaning/laundry service Free long-term parking Comprehensive recycling policy Proposal/romance packages available Beach yoga on site Grey water recycling system Vegetarian breakfast available Babysitting or childcare (surcharge) Eco-friendly cleaning products used Biodegradable/compostable stirrers No single-use plastic straws No single-use plastic soda bottles Conference space size (meters) - 250 No single-use plastic stirrers Swimming pool Reusable cups only Reusable tableware only Limo or Town Car service available Biodegradable/compostable straws Free WiFi No single-use plastic water bottles Number of bars/lounges - 2 Bicycle parking available Designated smoking areas Number of poolside bars - 1 Number of outdoor pools - 1 Number of beach bars - 1 Wheelchair accessible parking Tours/ticket assistance Ferry terminal shuttle (surcharge) Scuba diving on site On private beach Comprehensive food waste policy Vegetable garden Eco-friendly toiletries Eco-friendly cleaning products provided Energy-saving features in guest rooms LED light bulbs Vegan menu options available Wheelchair-accessible on-site restaurant Vegetarian menu options available Multilingual staff Water dispenser Breakfast available (surcharge) Secured bicycle storage Barbecue grill(s) Coffee/tea in common areas Number of coffee shops/cafes - 1 Ecotours on site Snorkeling on site Locally-sourced food on site (80% or more) Guest education on local ecosystems and culture,9.73065|124.55927,+639183097022,6311,http://islandviewbeachfrontresort.com
PH,Philippines,150332,Anda,1484420,Casa Amihan,ThreeStar,Sitio Lourdes Barangay Virgen Bohol Sitio Lourdes6311 AndaBohol ,,"Only steps away from the beautiful turquoise waters, Casa Amihan provides guests with free WiFi, and elegantly furnished rooms. Guests can enjoy a quiet afternoon relaxing by the private beach area or go for a swim in the outdoor pool.

Rooms are well-appointed and fitted with en suite bathrooms. Amenities include an outdoor seating area, air conditioning and coffee/tea making facilities. A shower and hairdryer are included in all the bathrooms.

Staff at Casa Amihan can arrange for various activities including snorkeling, kayaking and diving. This beachfront property also provides guests with airport transfers, tours and excursions.

An array of local and international cuisines can be enjoyed at the on-site restaurant accompanied by beautiful sea views.

The resort is about 3 km from the nearest bus terminal. Tagbilaran Airport is situated 95 km away. In response to Coronavirus (COVID-19), additional safety and sanitation measures are in effect at this property.
Due to Coronavirus (COVID-19), please ensure that you are only booking this property following the local government guidelines of the destination, including but not limited to the purpose of travel, and maximum allowed group size.",63-905-363-0893,Parking Restaurant Bar Garden Terrace Safety Deposit Box Massage Darts Canoeing Hiking Tour desk Snorkelling wifi Outdoor pool Free WiFi Air conditioning designated smoking area Private beach area Sun terrace outdoor pool (all year) airport shuttle (additional charge) Beachfront Daily housekeeping parking on site Private parking Non-smoking rooms Airport shuttle Laundry Family rooms Free parking internet services physical distancing rules followed guests have the option to cancel any cleaning services for their accommodation during their stay wifi available in all areas board games/puzzles Wine/champagne airport pick up airport drop off sun loungers or beach chairs Outdoor furniture Full body massage Swimming pool Beach 24-hour security CCTV in common areas Fire extinguishers Swimming pool linens  towels and laundry washed in accordance with local authority guidelines staff follow all safety protocols as directed by local authorities hand sanitizer in guest accommodation and key areas first aid kit available cashless payment available,9.73025|124.55435,+639206422525,6311,https://www.booking.com/hotel/ph/casa-amihan.html
PH,Philippines,150332,Anda,1486966,R & S Seaside Unit Accommodation Bar & Restaurant,TwoStar,Visaya Street Poblacion PoblacionAnda ,,"R & S Seaside Unit Accommodation Bar & Restaurant is a popular choice amongst travelers in Anda, whether exploring or just passing through. The property features a wide range of facilities to make your stay a pleasant experience. To be found at the hotel are family room, restaurant, coffee shop, bar, pets allowed. Comfortable guestrooms ensure a good night''s sleep with some rooms featuring facilities such as non smoking rooms, air conditioning, desk, mini bar, balcony/terrace. The hotel offers various recreational opportunities. R & S Seaside Unit Accommodation Bar & Restaurant combines warm hospitality with a lovely ambiance to make your stay in Anda unforgettable.",,Bar Air Conditioned Restaurant Family rooms,9.741689682|124.57408905,,,
PH,Philippines,150332,Anda,1494439,Anda Cove Beach Resort,ThreeStar,Candabong 6311 AndaBohol ,Distances are displayed to the nearest 0.1 mile and kilometer. <br /> <p>Santo Nino de Anda Parish Church - 5.5 km / 3.4 mi <br /> Anda Beach - 5.6 km / 3.5 mi <br /> Cabagnow Cave Pool - 5.8 km / 3.6 mi <br /> Lamanok Caves - 11.6 km / 7.2 mi <br /> St. Michael The Archangel Parish - 31.8 km / 19.7 mi <br /> Jagna Rizal Park - 31.8 km / 19.8 mi <br /> Jagna Wharf - 32.5 km / 20.2 mi <br /> </p><p>The preferred airport for Anda Cove Beach Retreat is Panglao (TAG-Bohol Intl.) - 106.5 km / 66.2 mi </p>,"<p>HeadLine : On the beach</p><p>Location : Located in Anda, Anda Cove Beach Retreat is by the sea, within a 15-minute drive of Santo Nino de Anda Parish Church and Anda Beach.  This beach hotel is 3.6 mi (5.8 km) from Cabagnow Cave Pool and 7.2 mi (11.6 km) from Lamanok Caves.</p><p>Rooms : Make yourself at home in one of the 8 air-conditioned rooms featuring LCD televisions. Rooms have private balconies or patios. Complimentary wireless Internet access is available to keep you connected. Bathrooms feature showers with rainfall showerheads and complimentary toiletries.</p><p>Dining : Enjoy international cuisine at Anda s Kitchen, a beachfront restaurant, or stay in and take advantage of the room service (during limited hours). A complimentary cooked-to-order breakfast is served daily from 6:30 AM to 9:30 AM.</p><p>CheckIn Instructions : <ul>  <li>Extra-person charges may apply and vary depending on property policy</li><li>Government-issued photo identification and a credit card, debit card, or cash deposit may be required at check-in for incidental charges</li><li>Special requests are subject to availability upon check-in and may incur additional charges; special requests cannot be guaranteed</li><li>The name on the credit card used at check-in to pay for incidentals must be the primary name on the guestroom reservation</li><li>This property accepts credit cards and cash</li>  </ul></p><p>Special Instructions : This property offers transfers from the airport (surcharges may apply). Guests must contact the property with arrival details before travel, using the contact information on the booking confirmation. To make arrangements for check-in please contact the property ahead of time using the information on the booking confirmation. If you are planning to arrive after 6 PM please contact the property in advance using the information on the booking confirmation. Guests must contact the property in advance for check-in instructions. Front desk staff will greet guests on arrival.</p>",63-995-4325179,Library Number of meeting rooms - 1 Daily Terrace Coffee/tea in common areas Free Cooked-to-Order Breakfast ATM/banking Concierge services 24-hour front desk Laundry facilities Free breakfast Business center Tours/ticket assistance Accessible bathroom Free self parking Dry cleaning/laundry service Free WiFi Wheelchair accessible parking Airport transportation (surcharge) Smoke-free property Number of coffee shops/cafes - 1 Garden,9.727422|124.533471,+63 995 4325179,6311,http://andacove.com
PH,Philippines,150332,Anda,1631227,Zenith Inn & Resto Bar,ThreeStar,Poblacion Poblacion6311 AndaBohol ,Distances are displayed to the nearest 0.1 mile and kilometer. <br /> <p>Santo Nino de Anda Parish Church - 0.3 km / 0.2 mi <br /> Anda Beach - 0.4 km / 0.3 mi <br /> Cabagnow Cave Pool - 1.5 km / 0.9 mi <br /> Lamanok Caves - 6.4 km / 4 mi <br /> Kankoka Hills - 27.8 km / 17.3 mi <br /> Cadapdapan Rice Terraces - 30.3 km / 18.8 mi <br /> Can-umantad Falls - 32.7 km / 20.3 mi <br /> St. Michael The Archangel Parish - 36 km / 22.3 mi <br /> Jagna Rizal Park - 36 km / 22.4 mi <br /> Jagna Wharf - 36.7 km / 22.8 mi <br /> Alicia Panoramic Hills - 37.1 km / 23 mi <br /> </p>,"<p>HeadLine : Near Santo Nino de Anda Parish Church</p><p>Location : When you stay at Zenith Inn & Resto Bar in Anda, you ll be near the beach, within a 5-minute drive of Anda Beach and Cabagnow Cave Pool.  This inn is 4 mi (6.4 km) from Lamanok Caves.</p><p>Rooms : Make yourself at home in one of the 5 air-conditioned guestrooms. Complimentary wireless Internet access is available to keep you connected. Bathrooms have showers and complimentary toiletries. Conveniences include safes and desks, and housekeeping is provided daily.</p><p>Dining : Enjoy local and international cuisine at Zenith Resto Bar, a restaurant which features a bar/lounge, or stay in and take advantage of the room service (during limited hours). Cooked-to-order breakfasts are available daily from 7 AM to 11 AM for a fee.</p><p>CheckIn Instructions : <ul>  <li>Extra-person charges may apply and vary depending on property policy</li><li>Government-issued photo identification and a cash deposit may be required at check-in for incidental charges</li><li>Special requests are subject to availability upon check-in and may incur additional charges; special requests cannot be guaranteed</li><li>This property accepts cash</li><li>Noise-free guestrooms cannot be guaranteed</li>  </ul></p><p>Special Instructions : The front desk is open daily from 7 AM - 10 PM. If you are planning to arrive after 8:00 PM please contact the property in advance using the information on the booking confirmation. Front desk staff will greet guests on arrival.</p>",63-921-2864252,Dry cleaning/laundry service Distance from property (meters) - 20 Uncovered parking Wheelchair accessible  no Free parking nearby Distance from property (ft) - 66 Handrails in stairways Front desk (limited hours) Breakfast available (surcharge) Television in common areas Scuba diving nearby Free WiFi Number of bars/lounges - 1 Designated smoking areas Upper floors accessible by stairs only Laundry facilities Free self parking Terrace Rooftop terrace,9.74226|124.5739,63-921-2864252,6311,
PH,Philippines,150332,Anda,1856226,Andnindot Garden Resort,TwoStar,Dagohoy Bacong 6311 AndaBohol ,Distances are displayed to the nearest 0.1 mile and kilometer. <br /> <p>Cabagnow Cave Pool - 2.1 km / 1.3 mi <br /> Anda Beach - 2.4 km / 1.5 mi <br /> Santo Nino de Anda Parish Church - 2.5 km / 1.6 mi <br /> Lamanok Caves - 7.6 km / 4.7 mi <br /> Kankoka Hills - 27.5 km / 17.1 mi <br /> Cadapdapan Rice Terraces - 30 km / 18.6 mi <br /> Can-umantad Falls - 32.3 km / 20.1 mi <br /> St. Michael The Archangel Parish - 35.7 km / 22.2 mi <br /> Jagna Rizal Park - 35.7 km / 22.2 mi <br /> Jagna Wharf - 36.4 km / 22.6 mi <br /> Alicia Panoramic Hills - 36.7 km / 22.8 mi <br /> </p><p>The preferred airport for AndNindot Garden Resort is Panglao (TAG-Bohol Intl.) - 110 km / 68.4 mi </p>,"<p>HeadLine : Near Cabagnow Cave Pool</p><p>Location : When you stay at AndNindot Garden Resort in Anda, you ll be near the beach and within a 5-minute drive of Santo Nino de Anda Parish Church.  This hotel is 1.5 mi (2.5 km) from Anda Beach and 1.7 mi (2.7 km) from Cabagnow Cave Pool.</p><p>Rooms : Make yourself at home in one of the 3 guestrooms. Bathrooms have showers and complimentary toiletries. Conveniences include safes and electric kettles, and housekeeping is provided daily.</p><p>Dining : Continental breakfasts are available daily from 7:30 AM to 10 AM for a fee.</p><p>CheckIn Instructions : <ul>  <li>Extra-person charges may apply and vary depending on property policy</li><li>Government-issued photo identification and a credit card, debit card, or cash deposit may be required at check-in for incidental charges</li><li>Special requests are subject to availability upon check-in and may incur additional charges; special requests cannot be guaranteed</li><li>This property accepts credit cards</li>  </ul></p><p>Special Instructions : There is no front desk at this property. To make arrangements for check-in please contact the property ahead of time using the information on the booking confirmation. If you are planning to arrive after 10 PM please contact the property in advance using the information on the booking confirmation. Guests must contact the property for check-in instructions.</p>",,Dry cleaning/laundry service Airport transportation (surcharge) Parking (limited spaces) Breakfast available (surcharge) Free WiFi Barbecue grill(s) Change of towels (on request) Garden Picnic area Smoke-free property Wheelchair accessible parking Laundry facilities Tours/ticket assistance Free self parking Terrace ATM/banking,9.730928|124.562864,63-639284907014,6311,
PH,Philippines,150332,Anda,1880993,Anda Divers Enjoy Garden Resort,ThreeStar,1022 Anda Provincial Road 6311 Anda ,,"Anda-Divers-Enjoy Garden Resort features an outdoor swimming pool, fitness centre, a garden and restaurant in Anda. This 3-star resort offers a bar. The resort also provides free WiFi and free private parking.

Every room has a private bathroom and a shower, and certain units at the resort have a terrace. All units at Anda-Divers-Enjoy Garden Resort are equipped with a seating area.

A continental, American or Asian breakfast can be enjoyed at the property. Please inform Anda-Divers-Enjoy Garden Resort in advance of your expected arrival time. You can use the Special Requests box when booking, or contact the property directly with the contact details provided in your confirmation.
Payment before arrival via bank transfer is required. The property will contact you after you book to provide instructions.",,Fruits sun loungers or beach chairs Back massage Neck massage Foot massage Head massage Hand massage Full body massage Swimming pool Shuttle service Smoke alarms CCTV in common areas CCTV outside property Fire extinguishers Swimming pool use of cleaning chemicals that are effective against coronavirus linens  towels and laundry washed in accordance with local authority guidelines guest accommodation is disinfected between stays staff follow all safety protocols as directed by local authorities hand sanitizer in guest accommodation and key areas process in place to check health of guests first aid kit available Parking Restaurant Pets allowed Bar Fitness centre Garden Non-smoking rooms Fishing Free parking internet services Massage Packed lunches Diving Snorkelling wifi Outdoor pool Free WiFi Air conditioning Snack Bar outdoor pool (all year) shuttle service (additional charge) minimarket on site parking on site Private parking Street parking cashless payment available guests have the option to cancel any cleaning services for their accommodation during their stay,9.73926|124.57144,,6311,https://www.booking.com/hotel/ph/anda-divers-enjoy-garden-resort.html
PH,Philippines,150332,Anda,5348423,Parklane Bohol Resort and Spa,ThreeStar,Sitio Banilad Candabong  ,Distances are displayed to the nearest 0.1 mile and kilometer. <br /> <p>Anda Beach - 5.5 km / 3.4 mi <br /> Santo Nino de Anda Parish Church - 5.6 km / 3.5 mi <br /> Cabagnow Cave Pool - 5.7 km / 3.5 mi <br /> Lamanok Caves - 11.6 km / 7.2 mi <br /> St. Michael The Archangel Parish - 31.8 km / 19.7 mi <br /> Jagna Rizal Park - 31.8 km / 19.8 mi <br /> Jagna Wharf - 32.5 km / 20.2 mi <br /> </p><p>The preferred airport for Parklane Bohol Resort and Spa is Panglao (TAG-Bohol Intl.) - 106.5 km / 66.2 mi </p>,"<p>HeadLine : In Anda</p><p>Location : With a stay at Parklane Bohol Resort and Spa in Anda, you ll be 3.4 mi (5.5 km) from Anda Beach and 3.5 mi (5.6 km) from Santo Nino de Anda Parish Church.  This hotel is 3.5 mi (5.7 km) from Cabagnow Cave Pool and 7.2 mi (11.6 km) from Lamanok Caves.</p><p>Rooms : Make yourself at home in one of the 11 air-conditioned rooms featuring flat-screen televisions. Cable television is provided for your entertainment. Private bathrooms with showers feature complimentary toiletries and hair dryers. Conveniences include desks and electric kettles, and housekeeping is provided daily.</p><p>Dining : Enjoy a meal at the restaurant, or stay in and take advantage of the hotel s room service (during limited hours). A complimentary cooked-to-order breakfast is served daily from 6:00 AM to 10:00 AM.</p><p>CheckIn Instructions : <ul>  <li>Extra-person charges may apply and vary depending on property policy</li><li>Government-issued photo identification and a credit card, debit card, or cash deposit may be required at check-in for incidental charges</li><li>Special requests are subject to availability upon check-in and may incur additional charges; special requests cannot be guaranteed</li><li>Be prepared: check the latest COVID-19 travel requirements and measures in place for this destination before you travel.</li>  </ul></p><p>Special Instructions : The front desk is open daily from 6:00 AM - 9:00 PM. Front desk staff will greet guests on arrival.</p>",,Daily Terrace Number of outdoor pools - 3 Free Cooked-to-Order Breakfast Front desk (limited hours) Free breakfast Tours/ticket assistance Free self parking Dry cleaning/laundry service Free WiFi Scooter/moped rentals on site Smoke-free property Garden Swimming pool,9.72705|124.534,63-9287628730,6311,
PH,Philippines,150332,Anda,5457860,Kim's Garden,All,San Isidro Barangay Candabong Bohol  ,,"Kims Garden is located in Anda in the Bohol Region. Nestled within private tropical gardens, this property is set 100 km away from the hustle and bustle of the Tagbilaran City. Free WiFi is available.

The property offers views of Camiguin Island from a private porch. Each unit features an en suite bathroom with a shower and free toiletries. Towels are provided.

A selection of activities, such as snorkeling, kayaking, and fishing are available in the area known for its colorful corals and warm crystal waters. Guests can rent a motorcycle or a car to explore the area of Anda.

The nearest airport is Tagbilaran Airport, 75 km from the property. Free private parking is available on site. Payment before arrival via bank transfer is required. The property will contact you after you book to provide instructions.
Please inform Kims Garden in advance of your expected arrival time. You can use the Special Requests box when booking, or contact the property directly with the contact details provided in your confirmation.
This property will not accommodate hen, stag or similar parties.
In accordance with government guidelines to minimise transmission of the Coronavirus (COVID-19), this property currently isnt accepting guests from certain countries, during dates where such guidelines exist.
In response to Coronavirus (COVID-19), additional safety and sanitation measures are in effect at this property.
Food & beverage services at this property may be limited or unavailable due to Coronavirus (COVID-19).
In accordance with government guidelines to minimise transmission of the Coronavirus (COVID-19), this property can only accept bookings from essential workers/permitted travellers, during dates where such guidelines exist. Reasonable evidence must be provided on arrival. If it isnt provided, your booking will be cancelled on arrival.
Due to Coronavirus (COVID-19), this property is taking steps to help protect the safety of guests and staff. Certain services and amenities may be reduced or unavailable as a result.
Due to Coronavirus (COVID-19), this property has reduced reception and service operating hours.
In accordance with government guidelines to minimise transmission of the Coronavirus (COVID-19), this property may request additional documentation from guests to validate identity, travel itinerary and other relevant information, during dates where such guidelines exist.
Due to Coronavirus (COVID-19), this property adheres to strict physical distancing measures.
Due to Coronavirus (COVID-19), please ensure that you are only booking this property following the local government guidelines of the destination, including but not limited to the purpose of travel, and maximum allowed group size.
Due to Coronavirus (COVID-19), wearing a face mask is mandatory in all indoor common areas.",,Parking Pets allowed Room service Garden Terrace Non-smoking rooms Family rooms breakfast in the room Free parking internet services express check-in/check-out Massage Canoeing Hiking Snorkelling wifi Free WiFi Non-smoking throughout Air conditioning designated smoking area ATM/cash machine on site concierge service Private check-in/check-out Special diet menus (on request) vending machine (drinks) parking on site Private parking Baby safety gates Kid meals secured parking Parking garage Accessible parking Fruits Outdoor furniture Full body massage Key access CCTV in common areas CCTV outside property Fire extinguishers bicycle rental use of cleaning chemicals that are effective against coronavirus linens  towels and laundry washed in accordance with local authority guidelines guest accommodation is disinfected between stays guest accommodation sealed after cleaning physical distancing in dining areas food can be delivered to guest accommodation staff follow all safety protocols as directed by local authorities shared stationery such as printed menus  magazines  pens  and paper removed hand sanitizer in guest accommodation and key areas process in place to check health of guests first aid kit available contactless check-in/check-out cashless payment available physical distancing rules followed mobile app for room service screens or physical barriers placed between staff and guests in appropriate areas invoice provided all plates  cutlery  glasses and other tableware have been sanitized guests have the option to cancel any cleaning services for their accommodation during their stay breakfast takeaway containers delivered food is securely covered thermometers for guests provided by property face masks for guests available,9.72666|124.53069,,6311,https://www.booking.com/hotel/ph/kims-garden.html
PH,Philippines,150332,Anda,5557562,1peace Guesthouse,All,Purok 1 Barangay Virgen Anda Bohol  ,,"Located in Anda, 1peace beach resort features a garden, restaurant, bar, and free WiFi throughout the property. Certain units at the property include a balcony with a sea view.

At the guest house every room comes with bed linen and towels.

Guests at 1peace beach resort will be able to enjoy activities in and around Anda, like cycling. Please inform 1peace beach resort in advance of your expected arrival time. You can use the Special Requests box when booking, or contact the property directly with the contact details provided in your confirmation.
Payment before arrival via bank transfer is required. The property will contact you after you book to provide instructions.
Guests are required to show a photo identification and credit card upon check-in. Please note that all Special Requests are subject to availability and additional charges may apply.",,Parking Restaurant Pets allowed Bar Garden Non-smoking rooms Family rooms Free parking internet services Windsurfing Cycling Diving Snorkelling wifi Free WiFi Private beach area Beachfront parking on site Private parking wifi available in all areas Accessible parking Beach,9.72823|124.54236,,6311,https://www.booking.com/hotel/ph/1peace-guesthouse.html
