countyCode,countyName,cityCode,cityName,HotelCode,HotelName,HotelRating,Address,Attractions,Description,FaxNumber,HotelFacilities,Map,PhoneNumber,PinCode,HotelWebsiteUrl
SM,San Marino,135894,San Marino,1000547,San Giuseppe,FourStar,"VIA DELLE FELCI, 3 SAN MARINO ",RIMINI : within 20000 metre  SAN MARINO CENTRE: within 3000 metre ,"This hotel enjoys stunning views of San Marino and offers guests the privacy and quiet of natural surroundings, together with the magnificence of its fine grounds, where they can enjoy the beauty of a well-kept garden and the peace of a unique location. Guests will find the nearest bars 1 km away and it is 2 km to restaurants and shops and just 3 km to one of the world's loveliest little medieval towns. Rimini's historical centre with its Romanic ruins and famous beaches is only 15 km away.

This family-friendly hotel is ideal for business travellers and holidaymakers alike and comprises a total of 130 rooms, including 8 junior suites. Facilities on offer to guests at this air-conditioned establishment include a lobby area with a 24-hour reception and check-out service, a hotel safe, lift access, a newspaper stand and a TV lounge. There is a cafe, and the Il Giglio restaurant is open every day for lunch and dinner. Moreover, staff are always ready to respond attentively to visitors' needs. Guests will appreciate the 6 meeting rooms. They can also take advantage of the laundry service and there is parking available for those arriving by car.

All rooms are spacious, well-lit, simple and elegant, and enjoy splendid views. All come with a private bathroom with a shower and a hairdryer. They are equipped with a direct dial telephone, satellite TV, Internet access and a minibar. Furthermore, individually regulated air conditioning and heating are provided in all accommodation as standard.

Golf enthusiasts can play a round at the nearby course in Verucchio (18 km).

The quality of dining available to guests is expressed in the value placed on serving tasty, well-balanced, fresh cuisine which is sure to satisfy guests' requirements. Meals are served in a range of locations throughout the hotel, including the large restaurant and the comfortable, welcoming breakfast room, where every morning a mouthwatering American buffet awaits guests.",,Hotel American Express Diners Club MasterCard Visa Visa Electrón Bathroom Shower Hairdryer Direct dial telephone TV Minibar Individually adjustable air conditioning Laundry service Air conditioning in public areas Hotel safe Lift access Newspaper stand Garden Café Restaurant Non-smoking area Air conditioning in Restaurant TV lounge Breakfast buffet À la carte lunch À la carte dinner Special dietary options,43.94326|12.4557,,47893,www.hotelsangiuseppe.sm
SM,San Marino,135894,San Marino,1062476,Centro Vacanze San Marino,All,Strada San Michele 50 47893 San Marino ,,"With garden views, Centro Vacanze San Marino is situated in San Marino and has a restaurant, a kids club, bar, garden, seasonal outdoor pool and terrace. Both WiFi and private parking are accessible at the camping free of charge.

There is also a dining area and a kitchenette equipped with a fridge and stovetop.

Centro Vacanze San Marino offers a childrens playground.

Guests at the accommodation can enjoy table tennis on site, or cycling in the surroundings.

Rimini Stadium is 18 km from Centro Vacanze San Marino, while Rimini Train Station is 19 km from the property. The nearest airport is Federico Fellini International, 19 km from the camping, and the property offers a paid airport shuttle service. Due to Coronavirus (COVID-19), this property is taking steps to help protect the safety of guests and staff. Certain services and amenities may be reduced or unavailable as a result.
This property will not accommodate hen, stag or similar parties.
Swimming pool #1 is closed from Mon 19 Sept 2022 until Sun 04 Jun 2023",,Accessible parking Shallow end Wine/champagne Fruits airport pick up airport drop off tennis equipment coffee house on site sun loungers or beach chairs Sun umbrellas Outdoor furniture Fence around pool Picnic area kids' pool Swimming pool Shuttle service Walking tours Bike tours Live sport events (broadcast) Smoke alarms CCTV outside property Fire extinguishers Swimming pool use of cleaning chemicals that are effective against coronavirus linens  towels and laundry washed in accordance with local authority guidelines guest accommodation is disinfected between stays staff follow all safety protocols as directed by local authorities process in place to check health of guests first aid kit available cashless payment available physical distancing rules followed invoice provided all plates  cutlery  glasses and other tableware have been sanitized water slide kids' outdoor play equipment electric vehicle charging station Public transport tickets Heating Fax/photocopying Luggage storage wifi Outdoor pool Free WiFi Non-smoking throughout Air conditioning designated smoking area Snack Bar Sun terrace outdoor pool (seasonal) Entertainment staff Private check-in/check-out shuttle service (additional charge) airport shuttle (additional charge) Lockers shared lounge/TV area kids' club Evening entertainment parking on site Private parking wifi available in all areas Parking Restaurant Pets allowed meeting/banquet facilities Bar Tennis Court Garden Terrace Airport shuttle Family rooms Free parking internet services children's playground Table tennis Hiking Cycling Bowling,43.95915|12.4605,+378390549903964,47893,http://www.centrovacanzesanmarino.com
SM,San Marino,135894,San Marino,1062702,Hotel Rosa,ThreeStar,Via Lapicidi Marini23 47890 San Marino ,Distances are displayed to the nearest 0.1 mile and kilometer. <br /> <p>Museum of Curiosities - 0.1 km / 0.1 mi <br /> Liberty Square - 0.3 km / 0.2 mi <br /> Basilica of Saint Marino - 0.3 km / 0.2 mi <br /> Piazza Garibaldi - 0.3 km / 0.2 mi <br /> Palazzo Pubblico - 0.3 km / 0.2 mi <br /> Guaita - 0.3 km / 0.2 mi <br /> Piazza della Liberta - 0.4 km / 0.2 mi <br /> Tourism Office of San Marino - 0.4 km / 0.2 mi <br /> State Museum of San Marino - 0.4 km / 0.3 mi <br /> Piazza del Titano - 0.4 km / 0.3 mi <br /> Cava dei Balestrieri - 0.5 km / 0.3 mi <br /> Monte Titano - 0.7 km / 0.4 mi <br /> University of the Republic of San Marino - 0.7 km / 0.4 mi <br /> Montale Tower - 0.8 km / 0.5 mi <br /> Cesta Tower - 1.8 km / 1.1 mi <br /> </p><p>The preferred airport for Hotel Rosa is Federico Fellini Intl. Airport (RMI) - 27.9 km / 17.4 mi </p>,"<p>HeadLine : Near Museum of Curiosities</p><p>Location : With a stay at Hotel Rosa in San Marino, you ll be within a 5-minute walk of Museum of Curiosities and Liberty Square.  This hotel is 16.5 mi (26.6 km) from Rimini Beach and 16.8 mi (27 km) from Rimini Fiera Expo Center.</p><p>Rooms : Make yourself at home in one of the 18 guestrooms featuring minibars. Your bed comes with down comforters and premium bedding. Complimentary wireless Internet access is available to keep you connected. Private bathrooms with showers feature complimentary toiletries and hair dryers.</p><p>Dining : Satisfy your appetite at the hotel s coffee shop/cafe, or stay in and take advantage of the room service (during limited hours). Wrap up your day with a drink at the bar/lounge. A complimentary buffet breakfast is served daily from 7:30 AM to 10:00 AM.</p><p>CheckIn Instructions : <ul>  <li>Extra-person charges may apply and vary depending on property policy</li><li>Government-issued photo identification and a credit card, debit card, or cash deposit may be required at check-in for incidental charges</li><li>Special requests are subject to availability upon check-in and may incur additional charges; special requests cannot be guaranteed</li><li>This property accepts major credit cards; cash is not accepted</li><li>Safety features at this property include a smoke detector</li><li>Please note that cultural norms and guest policies may differ by country and by property; the policies listed are provided by the property</li>  </ul></p><p>Special Instructions : This property offers transfers from the airport (surcharges may apply). Guests must contact the property with arrival details before travel, using the contact information on the booking confirmation. Front desk staff will greet guests on arrival. For more details, please contact the property using the information on the booking confirmation.  This property is located in a car-free zone and a special access pass is required for entry.</p>",378-0549-992305,Food and water bowls secured parking Express check-in Litter box Free WiFi Number of bars/lounges - 1 Picnic area In-room accessibility (in select rooms) Wheelchair accessible parking Internet access - wireless Dry cleaning/laundry service Covered parking Distance from property (meters) - 5 secured parking Garage Uncovered parking Carport Uncovered parking Covered parking Accessible bathroom (in select rooms) Free Buffet Breakfast Rooftop terrace Airport transportation (surcharge) Off-street parking Luggage storage Distance from property (ft) - 16 Free breakfast Express check-out Multilingual staff 24-hour front desk Daily Safe-deposit box at front desk Smoke-free property Coffee/tea in common areas Number of coffee shops/cafes - 1 Laundry facilities elevator Offsite parking discounted rates available Self parking (surcharge) Valet parking (surcharge) Terrace Wheelchair accessible path of travel Concierge services,43.93512|12.4489,+378549991961,47031,http://www.hotelrosasanmarino.com/
SM,San Marino,135894,San Marino,1062705,Hotel La Grotta,ThreeStar,Contrada Santa Croce 17 Centro Storico 47890 San Marino ,Distances are displayed to the nearest 0.1 mile and kilometer. <br /> <p>Piazza Garibaldi - 0.1 km / 0.1 mi <br /> State Museum of San Marino - 0.1 km / 0.1 mi <br /> Palazzo Pubblico - 0.2 km / 0.1 mi <br /> Liberty Square - 0.2 km / 0.1 mi <br /> Piazza del Titano - 0.2 km / 0.1 mi <br /> Museum of Curiosities - 0.2 km / 0.1 mi <br /> Basilica of Saint Marino - 0.2 km / 0.1 mi <br /> Piazza della Liberta - 0.2 km / 0.1 mi <br /> Tourism Office of San Marino - 0.3 km / 0.2 mi <br /> Cava dei Balestrieri - 0.3 km / 0.2 mi <br /> Guaita - 0.4 km / 0.2 mi <br /> University of the Republic of San Marino - 0.4 km / 0.3 mi <br /> Monte Titano - 0.5 km / 0.3 mi <br /> Montale Tower - 0.8 km / 0.5 mi <br /> Guaita Tower - 1.6 km / 1 mi <br /> </p><p>The nearest major airport is Federico Fellini Intl. Airport (RMI) - 26.4 km / 16.4 mi</p>,"<p>HeadLine : Near Piazza Garibaldi</p><p>Location : With a stay at Hotel La Grotta, you ll be centrally located in San Marino, steps from Palazzo Pubblico and Liberty Square.  This hotel is 0.2 mi (0.2 km) from Cava dei Balestrieri and 0.2 mi (0.3 km) from University of the Republic of San Marino.</p><p>Rooms : Stay in one of 20 guestrooms featuring flat-screen televisions. Complimentary wireless Internet access keeps you connected, and digital programming is available for your entertainment. Private bathrooms with showers feature complimentary toiletries and bidets. Conveniences include desks, housekeeping is provided daily, and cribs/infant beds (complimentary) can be requested.</p><p>Dining : A complimentary buffet breakfast is served daily from 7:30 AM to 10 AM.</p><p>CheckIn Instructions : <ul>  <li>Extra-person charges may apply and vary depending on property policy</li><li>Government-issued photo identification and a credit card, debit card, or cash deposit may be required at check-in for incidental charges</li><li>Special requests are subject to availability upon check-in and may incur additional charges; special requests cannot be guaranteed</li><li>Guests must contact this property in advance to reserve cribs/infant beds</li><li>This property accepts credit cards; cash is not accepted</li>  </ul></p><p>Special Instructions : This property offers transfers from the airport. Guests must contact the property with arrival details before travel, using the contact information on the booking confirmation. The front desk is open daily from 7:30 AM - 7:30 PM. To make arrangements for check-in please contact the property ahead of time using the information on the booking confirmation. If you are planning to arrive after 7 PM please contact the property in advance using the information on the booking confirmation. Guests must contact the property in advance for check-in instructions. Front desk staff will greet guests on arrival.</p>",378-0549-991214,Dry cleaning/laundry service Distance from property (meters) - 100 Mountain biking nearby Lot Hours - 24 hours Wheelchair accessible (may have limitations) Food and water bowls Street parking Number of meeting rooms - 1 Shared microwave Television in common areas Free WiFi Bicycle rentals nearby Tours/ticket assistance Free Buffet Breakfast Art gallery on site Rock climbing nearby Designer stores on site Luggage storage Distance from property (ft) - 328 Free breakfast Front desk (limited hours) Ropes course on site Library Daily Safe-deposit box at front desk Smoke-free property Ecotours nearby Coffee/tea in common areas Hiking/biking trails nearby Laundry facilities elevator Offsite parking discounted rates available Concierge services,43.93568|12.44748,378-0549-991214,47890,http://www.lagrottahotelsanmarino.net/
SM,San Marino,135894,San Marino,1070880,Hotel Cesare,FourStar,Via Salita alla Rocca 7 Near parking 6 Or Piazzale Cava Antica47890 San Marino ,Distances are displayed to the nearest 0.1 mile and kilometer. <br /> <p>Museum of Curiosities - 0.1 km / 0.1 mi <br /> Piazza Garibaldi - 0.2 km / 0.1 mi <br /> Liberty Square - 0.2 km / 0.1 mi <br /> Basilica of Saint Marino - 0.3 km / 0.2 mi <br /> Palazzo Pubblico - 0.3 km / 0.2 mi <br /> State Museum of San Marino - 0.3 km / 0.2 mi <br /> Guaita - 0.3 km / 0.2 mi <br /> Piazza del Titano - 0.3 km / 0.2 mi <br /> Piazza della Liberta - 0.3 km / 0.2 mi <br /> Tourism Office of San Marino - 0.4 km / 0.2 mi <br /> Cava dei Balestrieri - 0.5 km / 0.3 mi <br /> University of the Republic of San Marino - 0.6 km / 0.4 mi <br /> Monte Titano - 0.6 km / 0.4 mi <br /> Montale Tower - 0.7 km / 0.4 mi <br /> Cesta Tower - 1.7 km / 1 mi <br /> </p><p>The preferred airport for Hotel Cesare is Federico Fellini Intl. Airport (RMI) - 27.9 km / 17.4 mi </p>,"<p>HeadLine : Near Monte Titano</p><p>Location : A stay at Hotel Cesare places you in the heart of San Marino, steps from Museum of Curiosities and Piazza Garibaldi.  This 4-star hotel is 16.5 mi (26.6 km) from Rimini Beach and 16.8 mi (27 km) from Rimini Fiera Expo Center.</p><p>Rooms : Make yourself at home in one of the 18 air-conditioned rooms featuring minibars and LCD televisions. Your bed comes with down comforters and premium bedding. Complimentary wireless Internet access keeps you connected, and satellite programming is available for your entertainment. Bathrooms feature showers, complimentary toiletries, and bidets.</p><p>Dining : Enjoy a meal at Ristorante Cesare or snacks in the coffee shop/cafe. The hotel also offers 24-hour room service. Mingle with other guests at the complimentary reception, held daily. Quench your thirst with your favorite drink at the bar/lounge. Buffet breakfasts are available daily from 7:30 AM to 10:00 AM for a fee.</p><p>CheckIn Instructions : <ul>  <li>Extra-person charges may apply and vary depending on property policy</li><li>Government-issued photo identification and a credit card may be required at check-in for incidental charges</li><li>Special requests are subject to availability upon check-in and may incur additional charges; special requests cannot be guaranteed</li><li>This property accepts credit cards; cash is not accepted</li><li>Safety features at this property include a carbon monoxide detector and a smoke detector</li>  </ul></p><p>Special Instructions : Front desk staff will greet guests on arrival.</p>",39-0549-992630,Wheelchair accessible (may have limitations) Showcase for local artists Comprehensive recycling policy Wheelchair accessible Food and water bowls Vegetarian breakfast available Babysitting or childcare (surcharge) Locally-owned & organized tours & activities Outdoor furniture Free reception Meeting rooms Wheelchair-accessible path to elevator Television in common areas Free WiFi Number of bars/lounges - 1 Garden Wheelchair accessible parking Free newspapers in lobby Wedding services Tours/ticket assistance Eco-friendly toiletries Energy-saving switches Energy-saving features in guest rooms Water-efficient toilets only Vegan menu options available Luggage storage Wheelchair-accessible on-site restaurant Vegetarian menu options available Multilingual staff 24-hour front desk Breakfast available (surcharge) Scooter/moped rentals nearby Playground on site Smoke-free property Snack bar/deli Number of coffee shops/cafes - 1 Use of nearby fitness center (discount) elevator Offsite parking discounted rates available Self parking (surcharge) Terrace Concierge services Guest education on local ecosystems and culture,43.93498|12.44857,39-0549-992355,47890,http://www.hotelcesare.com
SM,San Marino,135894,San Marino,1075381,Hotel Il Monte,ThreeStar,Via IV Giugno 2 47899 SerravalleRepubblica di San Marino ,,"Offering uniquely decorated rooms, free parking and a continental buffet breakfast, Il Monte is 10 minutes walk from Serravalle Olympic Stadium. San Marino centre is 10 minutes away by car.

Rooms have a terrace or balcony with views of the park or Mount San Marino. They come with wood floors and decorative walls. All air-conditioned, they also feature TVs with Sky channels and free Wi-Fi and wired internet access.

The buffet breakfast is served in the hotels bar and lobby area.

Hotel Il Monte provides free parking, both indoors and outdoors. It is 20 minutes drive to Rimini and Federico Fellini Airport. Please inform Hotel Il Monte in advance of your expected arrival time. You can use the Special Requests box when booking, or contact the property directly with the contact details provided in your confirmation.
Guests are required to show a photo identification and credit card upon check-in. Please note that all Special Requests are subject to availability and additional charges may apply.
In response to Coronavirus (COVID-19), additional safety and sanitation measures are in effect at this property.
Due to Coronavirus (COVID-19), this property adheres to strict physical distancing measures.
Due to Coronavirus (COVID-19), wearing a face mask is mandatory in all indoor common areas.
Reception is open until 23:00 and late check-in is available on prior request only.

For all stays beginning 01 January 2012 and onwards, there is an
additional 3% service charge payable at the hotel.

Please note that:
- This service charge is not applicable to meal plan costs;
- This service charge is not applicable to business guests who have a VAT
number and require an invoice.",+378549904806,Parking Bar 24-hour front desk Terrace Non-smoking rooms Laundry Facilities for disabled guests Family rooms Free parking internet services lift express check-in/check-out Safety Deposit Box Soundproof rooms Heating Fax/photocopying Luggage storage Non-smoking throughout Air conditioning Snack Bar shared lounge/TV area Daily housekeeping parking on site Private parking use of cleaning chemicals that are effective against coronavirus linens  towels and laundry washed in accordance with local authority guidelines guest accommodation is disinfected between stays physical distancing in dining areas staff follow all safety protocols as directed by local authorities shared stationery such as printed menus  magazines  pens  and paper removed hand sanitizer in guest accommodation and key areas first aid kit available contactless check-in/check-out cashless payment available physical distancing rules followed screens or physical barriers placed between staff and guests in appropriate areas all plates  cutlery  glasses and other tableware have been sanitized guests have the option to cancel any cleaning services for their accommodation during their stay face masks for guests available,43.96748|12.4757,+378549904056,47899,https://www.booking.com/hotel/sm/il-monte-serravalle.html
SM,San Marino,135894,San Marino,1132453,Hotel Rossi,ThreeStar,Via Xxv Marzo 13 47895 Domagnano ,,"Hotel Rossi offers rooms with free Wi-Fi. It is a 10-minute drive from Serravalle. San Marino city centre is 5 km away.

Rooms are simply furnished and decorated in a classic style. They include air conditioning, a TV with satellite channels, and a private bathroom with toiletries and a hairdryer. Some rooms have a balcony.

The on-site restaurant serves national and international cuisine. Guests can enjoy a drink at the bar.

Providing free on-site parking, the Rossi Hotel is 13 km from the A14 motorway, and a 30-minute drive from the beach in Rimini. Guests are required to show a photo identification and credit card upon check-in. Please note that all Special Requests are subject to availability and additional charges may apply.
In response to Coronavirus (COVID-19), additional safety and sanitation measures are in effect at this property.
Due to Coronavirus (COVID-19), this property is taking steps to help protect the safety of guests and staff. Certain services and amenities may be reduced or unavailable as a result.
Due to Coronavirus (COVID-19), this property adheres to strict physical distancing measures.
Due to Coronavirus (COVID-19), wearing a face mask is mandatory in all indoor common areas.
For all stays beginning 01 January 2012 and onwards, there is an
additional 3% service charge payable at the hotel.

Please note that:
- This service charge is not applicable to meal plan costs;
- This service charge is not applicable to business guests who have a VAT
number and require an invoice.",+378549906642,Billiards Soundproof rooms Hiking Packed lunches Heating Fax/photocopying Luggage storage wifi Allergy-free room Parking Restaurant Pets allowed meeting/banquet facilities Bar 24-hour front desk Garden Terrace Non-smoking rooms Business centre Facilities for disabled guests Family rooms Games room breakfast in the room Free parking internet services lift Safety Deposit Box children's playground Tour or class about local culture Live music/performance Live sport events (broadcast) 24-hour security Free WiFi Non-smoking throughout Air conditioning designated smoking area Snack Bar concierge service vending machine (drinks) shared lounge/TV area Evening entertainment Daily housekeeping parking on site Private parking wifi available in all areas board games/puzzles Indoor play area Kid meals Street parking Accessible parking Wheelchair accessible Toilet with grab rails Lower bathroom sink Emergency cord in bathroom coffee house on site Outdoor furniture Picnic area Yoga classes Walking tours Bike tours Themed dinner nights Happy hour Key access Security alarm Smoke alarms CCTV in common areas CCTV outside property Fire extinguishers bicycle rental use of cleaning chemicals that are effective against coronavirus linens  towels and laundry washed in accordance with local authority guidelines guest accommodation is disinfected between stays physical distancing in dining areas food can be delivered to guest accommodation staff follow all safety protocols as directed by local authorities shared stationery such as printed menus  magazines  pens  and paper removed hand sanitizer in guest accommodation and key areas process in place to check health of guests first aid kit available contactless check-in/check-out cashless payment available physical distancing rules followed screens or physical barriers placed between staff and guests in appropriate areas invoice provided property is cleaned by professional cleaning companies all plates  cutlery  glasses and other tableware have been sanitized guests have the option to cancel any cleaning services for their accommodation during their stay delivered food is securely covered thermometers for guests provided by property,43.94897|12.46224,+378549902263,47895,https://www.booking.com/hotel/sm/rossi.html
SM,San Marino,135894,San Marino,1132455,Hotel Mo.dà,All,Via Del Dragone 18 47898 San Marino ,,"Set in the historic centre of Montegiardino in San Marino,  Modà Antica Dimora is a design inn offering spacious rooms with elegant furniture, spa bath, and LCD TV. Parking is free in the area.

The property is set in Palazzo Mengozzi, a 17th-century building listed by the local heritage board. Rooms are soundproofed and air-conditioned, and feature a minibar and a private bathroom with hairdryer. Free WiFi is available.

A simple Italian-style breakfast is available daily, served in the your room.

This small exclusive inn offers views of Monte Titano and the Adriatic Sea in the distance. Set in the worlds smallest republic, it is a 10-minute drive from the city of San Marino. Please inform Modà Antica Dimora in advance of your expected arrival time. You can use the Special Requests box when booking, or contact the property directly with the contact details provided in your confirmation.
In response to Coronavirus (COVID-19), additional safety and sanitation measures are currently in effect at this property.
Food & beverage services at this property may be limited or unavailable due to Coronavirus (COVID-19).
As a result of Coronavirus (COVID-19), this property has temporarily suspended its shuttle services.
In accordance with government guidelines to minimise transmission of the Coronavirus (COVID-19), this property may request additional documentation from guests to validate identity, travel itinerary and other relevant information, during dates where such guidelines exist.
Due to Coronavirus (COVID-19), this property is taking steps to help protect the safety of guests and staff. Certain services and amenities may be reduced or unavailable as a result.
Due to Coronavirus (COVID-19), this property has reduced reception and service operating hours.
Please note is it not possible to check-in after 20:00.

Please note the service charge is not applicable to meal plan costs, or to business guests who have a VAT number and require an invoice.",,Chapel/shrine Sun terrace breakfast in the room Non-smoking rooms Pets allowed ATM/cash machine on site Bike tours Luggage storage babysitting/child services Fax/photocopying Free parking hand sanitizer in guest accommodation and key areas Newspapers Walking tours Free WiFi Smoke alarms Heating staff follow all safety protocols as directed by local authorities shared lounge/TV area contactless check-in/check-out process in place to check health of guests Hiking Soundproof rooms internet services first aid kit available Allergy-free room shared stationery such as printed menus  magazines  pens  and paper removed physical distancing rules followed guest accommodation is disinfected between stays Air conditioning Packed lunches VIP room facilities Fire extinguishers Tour desk guests have the option to cancel any cleaning services for their accommodation during their stay concierge service Hot tub/jacuzzi cashless payment available thermometers for guests provided by property books  dvds  music for children shuttle service (additional charge) Tour or class about local culture wifi use of cleaning chemicals that are effective against coronavirus Barber/beauty shop Room service Cycling Private parking Library kids' outdoor play equipment access to health care professionals  designated smoking area CCTV outside property Private check-in/check-out Bridal suite Security alarm mobile app for room service Parking Family rooms Archery linens  towels and laundry washed in accordance with local authority guidelines Safety Deposit Box Snack Bar board games/puzzles Daily housekeeping,43.91011|12.48651,,47898,https://www.booking.com/hotel/sm/mo-da-39-apartments.html
SM,San Marino,135894,San Marino,1177435,Best Western Palace Hotel,FourStar,Via Cinque Febbraio 47921 Serraval 47899 Serravalle ,Distances are displayed to the nearest 0.1 mile and kilometer. <br /> <p>Stadio Olimpico - 1.9 km / 1.2 mi <br /> Guaita Tower - 4.9 km / 3 mi <br /> University of the Republic of San Marino - 5 km / 3.1 mi <br /> Montale Tower - 5.8 km / 3.6 mi <br /> Cava dei Balestrieri - 6.3 km / 3.9 mi <br /> Tourism Office of San Marino - 6.3 km / 3.9 mi <br /> Palazzo Pubblico - 6.4 km / 4 mi <br /> State Museum of San Marino - 6.4 km / 4 mi <br /> Piazza del Titano - 6.5 km / 4 mi <br /> Piazza Garibaldi - 6.5 km / 4 mi <br /> St. Francis Museum - 6.5 km / 4.1 mi <br /> Basilica of Saint Marino - 6.5 km / 4.1 mi <br /> Aviation Theme Park Rimini - 7.5 km / 4.7 mi <br /> Liberty Square - 7.8 km / 4.8 mi <br /> Museum of Curiosities - 8.1 km / 5 mi <br /> </p><p>The preferred airport for Palace San Marino is Federico Fellini Intl. Airport (RMI) - 19.6 km / 12.2 mi </p>,"<p>HeadLine : Near Stadio Olimpico</p><p>Location : With a stay at Palace San Marino in Serravalle, you ll be 5.9 mi (9.5 km) from Guaita Tower and 10.6 mi (17 km) from Arch of Augustus.  This 4-star hotel is 10.8 mi (17.4 km) from Tempio Malatestiano and 11.1 mi (17.9 km) from Castel Sismondo.</p><p>Rooms : Make yourself at home in one of the 91 air-conditioned rooms featuring minibars and flat-screen televisions. Your bed comes with down comforters and premium bedding. Complimentary wireless Internet access keeps you connected, and satellite programming is available for your entertainment. Bathrooms feature showers with rainfall showerheads and bidets.</p><p>Dining : Grab a bite to eat at one of the hotel s 2 restaurants, or stay in and take advantage of the 24-hour room service. Snacks are also available at the coffee shop/cafe. Mingle with other guests at the complimentary reception, held on select days. Relax with your favorite drink at the bar/lounge or the poolside bar. Buffet breakfasts are served on weekdays from 7:00 AM to 10:00 AM and on weekends from 7:00 AM to 10:30 AM for a fee.</p><p>CheckIn Instructions : <ul>  <li>Extra-person charges may apply and vary depending on property policy</li><li>Government-issued photo identification and a credit card, debit card, or cash deposit may be required at check-in for incidental charges</li><li>Special requests are subject to availability upon check-in and may incur additional charges; special requests cannot be guaranteed</li><li>This property accepts major credit cards, debit cards, and cash</li><li>Safety features at this property include a carbon monoxide detector, a fire extinguisher, a smoke detector, a security system, and a first aid kit</li>  </ul></p><p>Special Instructions : Front desk staff will greet guests on arrival.</p>",378-0549-960125,Coffee/tea in common areas Number of outdoor pools - 1 Number of spa tubs - 1 elevator Fitness facilities Number of bars/lounges - 1 Number of poolside bars - 1 24-hour front desk Conference space Business center Meeting rooms Tours/ticket assistance Free self parking Dry cleaning/laundry service Free WiFi Sauna Smoke-free property Computer station Number of coffee shops/cafes - 1 Swimming pool Wheelchair accessible Children's pool Safe-deposit box at front desk Spa services on site Free reception Terrace Luggage storage Breakfast available (surcharge) Concierge services Snack bar/deli Wheelchair accessible (may have limitations) Laundry facilities In-room accessibility Multilingual staff Free newspapers in lobby,43.962304|12.470185,378-0549-900190,47899,http://www.palacehotelsanmarino.com/
SM,San Marino,135894,San Marino,1218510,Hotel Sanmarino Idesign,FourStar,Via del Serrone 124 Murata 47890 San Marino ,Distances are displayed to the nearest 0.1 mile and kilometer. <br /> <p>Montale Tower - 1 km / 0.6 mi <br /> Monte Titano - 1.2 km / 0.8 mi <br /> Cesta Tower - 1.4 km / 0.9 mi <br /> Museum of Curiosities - 1.7 km / 1.1 mi <br /> Piazza del Titano - 1.7 km / 1.1 mi <br /> State Museum of San Marino - 1.7 km / 1.1 mi <br /> Guaita Tower - 1.7 km / 1.1 mi <br /> Piazza Garibaldi - 1.8 km / 1.1 mi <br /> Guaita - 1.8 km / 1.1 mi <br /> Cava dei Balestrieri - 1.9 km / 1.2 mi <br /> Liberty Square - 1.9 km / 1.2 mi <br /> Basilica of Saint Marino - 1.9 km / 1.2 mi <br /> Palazzo Pubblico - 1.9 km / 1.2 mi <br /> Piazza della Liberta - 1.9 km / 1.2 mi <br /> University of the Republic of San Marino - 2 km / 1.2 mi <br /> </p><p>The preferred airport for Hotel San Marino iDesign is Federico Fellini Intl. Airport (RMI) - 27 km / 16.8 mi </p>,"<p>HeadLine : Near Montale Tower</p><p>Location : With a stay at Hotel San Marino iDesign in San Marino, you ll be within a 15-minute walk of Montale Tower and Monte Titano.  This 4-star hotel is 16.4 mi (26.4 km) from Rimini Beach and 16.7 mi (26.8 km) from Rimini Fiera Expo Center.</p><p>Rooms : Make yourself at home in one of the 27 individually decorated guestrooms, featuring minibars and flat-screen televisions. Your Select Comfort bed comes with down comforters. Complimentary wireless Internet access keeps you connected, and digital programming is available for your entertainment. Private bathrooms with showers feature rainfall showerheads and complimentary toiletries.</p><p>Dining : Satisfy your appetite at the hotel s coffee shop/cafe, or stay in and take advantage of the 24-hour room service. Wrap up your day with a drink at the bar/lounge. A complimentary continental breakfast is served daily from 7:30 AM to 10:30 AM.</p><p>CheckIn Instructions : <ul>  <li>Extra-person charges may apply and vary depending on property policy</li><li>Government-issued photo identification and a credit card, debit card, or cash deposit may be required at check-in for incidental charges</li><li>Special requests are subject to availability upon check-in and may incur additional charges; special requests cannot be guaranteed</li><li>This property accepts credit cards and mobile payments; cash is not accepted</li><li>Safety features at this property include a carbon monoxide detector, a fire extinguisher, a smoke detector, a security system, and a first aid kit</li>  </ul></p><p>Special Instructions : To make arrangements for check-in please contact the property ahead of time using the information on the booking confirmation. If you are planning to arrive after 9:00 PM please contact the property in advance using the information on the booking confirmation. Guests must contact the property in advance for check-in instructions. Front desk staff will greet guests on arrival.</p>",378-0549-952350,Mountain biking on site Bicycle rentals on site Concierge services Gift shops or newsstand Dry cleaning/laundry service Express check-in Television in common areas Free WiFi Number of bars/lounges - 1 Helicopter/airplane tours on site Garden Picnic area In-room accessibility (in select rooms) Wheelchair accessible parking Free newspapers in lobby Roll-in shower (in select rooms) Tours/ticket assistance Accessible bathroom (in select rooms) Free continental breakfast Rooftop terrace Rock climbing nearby Luggage storage Free breakfast Express check-out Grocery/convenience store 24-hour front desk Daily Safe-deposit box at front desk Smoke-free property Snack bar/deli Number of coffee shops/cafes - 1 Laundry facilities elevator Free self parking Terrace ATM/banking Wheelchair accessible path of travel,43.92243|12.45212,378-0549-997298,47890,http://www.hotelsanmarinoidesign.com/
SM,San Marino,135894,San Marino,1254861,Grand Hotel San Marino,FourStar,"Viale Antonio Onofri, 31 47890 San Marino ",Distances are displayed to the nearest 0.1 mile and kilometer. <br /> <p>Piazza Garibaldi - 0.3 km / 0.2 mi <br /> State Museum of San Marino - 0.3 km / 0.2 mi <br /> Piazza del Titano - 0.4 km / 0.2 mi <br /> Liberty Square - 0.4 km / 0.3 mi <br /> Palazzo Pubblico - 0.4 km / 0.3 mi <br /> Basilica of Saint Marino - 0.4 km / 0.3 mi <br /> Museum of Curiosities - 0.4 km / 0.3 mi <br /> Piazza della Liberta - 0.5 km / 0.3 mi <br /> Cava dei Balestrieri - 0.5 km / 0.3 mi <br /> Tourism Office of San Marino - 0.5 km / 0.3 mi <br /> University of the Republic of San Marino - 0.6 km / 0.4 mi <br /> Guaita - 0.7 km / 0.4 mi <br /> Monte Titano - 0.7 km / 0.4 mi <br /> Montale Tower - 0.7 km / 0.5 mi <br /> Cesta Tower - 1.7 km / 1.1 mi <br /> </p><p>The preferred airport for Grand Hotel San Marino is Federico Fellini Intl. Airport (RMI) - 27.6 km / 17.2 mi </p>,"<p>HeadLine : Near Museum of Curiosities</p><p>Location : A stay at Grand Hotel San Marino places you in the heart of San Marino, within a 5-minute walk of Piazza Garibaldi and State Museum of San Marino.  This 4-star hotel is 16.4 mi (26.4 km) from Rimini Beach and 16.7 mi (26.9 km) from Rimini Fiera Expo Center.</p><p>Rooms : Make yourself at home in one of the 62 guestrooms featuring minibars and flat-screen televisions. Complimentary wireless Internet access keeps you connected, and satellite programming is available for your entertainment. Private bathrooms with bathtubs or showers feature complimentary toiletries and bidets. Conveniences include phones, as well as safes and desks.</p><p>Dining : Enjoy Italian cuisine at Arengo, a restaurant which features a bar/lounge, or stay in and take advantage of the 24-hour room service. Full breakfasts are available daily from 7:00 AM to 10:00 AM for a fee.</p><p>CheckIn Instructions : <ul>  <li>Extra-person charges may apply and vary depending on property policy</li><li>Government-issued photo identification and a credit card, debit card, or cash deposit may be required at check-in for incidental charges</li><li>Special requests are subject to availability upon check-in and may incur additional charges; special requests cannot be guaranteed</li><li>This property accepts credit cards; cash is not accepted</li><li>Safety features at this property include a carbon monoxide detector, a fire extinguisher, a smoke detector, a security system, and a first aid kit</li>  </ul></p><p>Special Instructions : This property offers transfers from the train station (surcharges may apply). To arrange pick-up, guests must contact the property 72 hours prior to arrival, using the contact information on the booking confirmation. Front desk staff will greet guests on arrival.</p>",378-549-992951,Coffee/tea in common areas Dry cleaning/laundry service Number of coffee shops/cafes - 1 Shopping on site Laundry facilities Garage Train station pickup (surcharge) Babysitting or childcare (surcharge) Number of meeting rooms - 1 Free WiFi Number of bars/lounges - 1 In-room accessibility (in select rooms) Internet access - wireless Tours/ticket assistance Fireplace in lobby Airport transportation (surcharge) Wheelchair-accessible on-site restaurant Outdoor tennis courts - 1 Multilingual staff Breakfast available (surcharge) Turkish bath/Hammam elevator Fitness facilities Bicycle rentals on site Mountain biking nearby Wheelchair accessible (may have limitations) Covered parking secured parking Express check-in Wheelchair-accessible registration desk Television in common areas Health club Spa treatment room(s) Internet access in public areas - surcharge Garden Free newspapers in lobby Full-service spa Wedding services Area shuttle (surcharge) Yoga classes/instruction on site Off-street parking Luggage storage Express check-out Porter/bellhop Business center 24-hour front desk Golfing nearby Spa services on site Safe-deposit box at front desk Smoke-free property Snack bar/deli Hiking/biking trails nearby Sauna Self parking (surcharge) Valet parking (surcharge) Computer station Terrace Concierge services,43.93362|12.44905,+378549992400,47890,http://www.grandhotel.sm
SM,San Marino,135894,San Marino,1257592,Hotel Quercia Antica,ThreeStar,Via della Capannaccia 7a 47890 San Marino ,,"Set in the Republic of San Marino historic centre, Hotel Quercia Antica is 400 metres from the Palazzo Del Governo main square. It has a restaurant with valley views and Wi-Fi is free throughout.

All air conditioned, the rooms come with satellite TV, minibar, and a private bathroom with hairdryer. They are furnished in a classic style with tiled floors.

A continental breakfast can be enjoyed daily. It includes hot and cold drinks and pastries. The restaurant prepares regional and classic Italian specialities.

Rimini Airport and beaches are a 30-minute drive from the hotel, while the small medieval village of Verucchio is 10 km away. In response to Coronavirus (COVID-19), additional safety and sanitation measures are in effect at this property.
Due to Coronavirus (COVID-19), please ensure that you are only booking this property following the local government guidelines of the destination, including but not limited to the purpose of travel, and maximum allowed group size.",378-0549-950134,Parking Pets allowed meeting/banquet facilities Bar Family rooms breakfast in the room internet services lift Safety Deposit Box Soundproof rooms Heating Fax/photocopying Luggage storage wifi Free WiFi Air conditioning shared lounge/TV area Daily housekeeping wifi available in all areas Key access Fire extinguishers use of cleaning chemicals that are effective against coronavirus linens  towels and laundry washed in accordance with local authority guidelines guest accommodation is disinfected between stays physical distancing in dining areas staff follow all safety protocols as directed by local authorities all plates  cutlery  glasses and other tableware have been sanitized guests have the option to cancel any cleaning services for their accommodation during their stay,43.93216|12.44787,378-0549-991257,47890,https://www.booking.com/hotel/sm/quercia-antica.html
SM,San Marino,135894,San Marino,1267014,Ixo Hotel,FourStar,Via Consiglio dei Sessanta 99 47891 San Marino ,City centre : 10000mts Bus/Train station : 1000mts Nearest Bus / Metro Stop : 15000mts Beach : 16000mts RIMINI FIERA1 : 13000mts RIMINI SPA2 : 16000mts,"HotelDescription#This city and business hotel is just a short distance from San Marino and the centre of Rimini, which are both 15 minutes away. The hotel enjoys a convenient location, within easy access of the A14 motorway and Rimini railway station, which is 15 km away. The nearest bus stop is 1 km from the hotel and nearby attractions include Rimini spa and the sea, which are both 16 km away. Federico Fellini Airport is also nearby.

This 3-storey conference hotel features architecture that combines elegance and comfort to create a privileged place in which work and leisure are united in perfect equilibrium and harmony. Comprising 30 guest rooms, the hotel is fully air-conditioned and welcomes its guests into a lobby with 24-hour reception service and a hotel safe. On-site facilities include lift access, a TV lounge, a bar and restaurant, and conference facilities. WLAN Internet access is available and room and laundry services are provided for a fee. Guests arriving by car can leave their vehicles in the car park or parking garage.

These bright guest rooms have been designed with great attention to detail and offer a very comfortable and relaxing atmosphere to meet the needs of even the most discerning traveller. The contemporary furnishings combine elegance and functionality and offer a pleasant balance between the two. The en suite bathrooms feature a shower and hairdryer, and in-room facilities include a direct dial telephone, satellite/cable TV, Internet access, a minibar, air conditioning, central heating and a safe. Balconies/terraces also feature.

The nearby beach is sandy and features sun loungers and parasols for hire (fees apply).",+378549978208,Year of construction : 2005 NO Connecting rooms Hotel American Express EC MasterCard Visa Bathroom Shower Hairdryer Internet access Direct dial telephone TV Minibar Centrally regulated air conditioning   Central heating Safe Balcony NO Small pets allowed (under 5 kg) NO Large pets allowed (over 5 kg) NO Wheelchair-accessible NO Car park NO Garage 24-hour reception Mobile phone coverage Wired Internet Wi-fi Room service(Additional Fee) Laundry service(Additional Fee) Medical service Air conditioning in public areas   Hotel safe Lift access Bar Restaurant Air conditioning in Restaurant   Conference room TV lounge Breakfast buffet  ,43.98176|12.49424,+378549978211,47891,
SM,San Marino,135894,San Marino,1269876,Hotel Joli,ThreeStar,Viale Federico D'urbino 36 B 36B47890 ,Distances are displayed to the nearest 0.1 mile and kilometer. <br /> <p>Piazza del Titano - 0.5 km / 0.3 mi <br /> State Museum of San Marino - 0.5 km / 0.3 mi <br /> Museum of Curiosities - 0.6 km / 0.4 mi <br /> Piazza Garibaldi - 0.6 km / 0.4 mi <br /> Cava dei Balestrieri - 0.6 km / 0.4 mi <br /> Liberty Square - 0.7 km / 0.4 mi <br /> Palazzo Pubblico - 0.7 km / 0.4 mi <br /> Basilica of Saint Marino - 0.7 km / 0.4 mi <br /> University of the Republic of San Marino - 0.7 km / 0.5 mi <br /> Piazza della Liberta - 0.7 km / 0.5 mi <br /> Tourism Office of San Marino - 0.8 km / 0.5 mi <br /> Guaita - 0.8 km / 0.5 mi <br /> Monte Titano - 1.1 km / 0.7 mi <br /> Montale Tower - 1.1 km / 0.7 mi <br /> Guaita Tower - 1.8 km / 1.1 mi <br /> </p><p>The preferred airport for Hotel Joli is Federico Fellini Intl. Airport (RMI) - 26.8 km / 16.7 mi </p>,"<p>HeadLine : Near Monte Titano</p><p>Location : A stay at Hotel Joli places you in the heart of San Marino, within a 10-minute walk of Piazza del Titano and State Museum of San Marino.  This hotel is 16.3 mi (26.2 km) from Rimini Beach and 16.5 mi (26.6 km) from Rimini Fiera Expo Center.</p><p>Rooms : Make yourself at home in one of the 24 air-conditioned rooms featuring minibars and flat-screen televisions. Complimentary wireless Internet access keeps you connected, and satellite programming is available for your entertainment. Bathrooms feature bathtubs or showers, complimentary toiletries, and bidets. Conveniences include phones and safes, and housekeeping is provided daily.</p><p>Dining : Stop by the hotel s restaurant, Agli Antichi Orti, for lunch or dinner. Dining is also available at the coffee shop/cafe, and 24-hour room service is provided. Quench your thirst with your favorite drink at the bar/lounge. Buffet breakfasts are available daily from 7:30 AM to 10:00 AM for a fee.</p><p>Renovations : The following facilities are closed seasonally each year. They will be closed from January 24 to February 2:<ul><li>One of the dining venues</li><li>Bar/Lounge</li><li>Business center</li><li>Laundry facilities</li><li>Meeting facilities</li><li>Parking area</li><li>Spa</li></ul></p><p>CheckIn Instructions : <ul>  <li>Extra-person charges may apply and vary depending on property policy</li><li>Government-issued photo identification and a credit card, debit card, or cash deposit may be required at check-in for incidental charges</li><li>Special requests are subject to availability upon check-in and may incur additional charges; special requests cannot be guaranteed</li><li>Guests must contact this property in advance to reserve cribs/infant beds, rollaway/extra beds, and high chair</li><li>Tax ID - SM00316</li><li>This property accepts major credit cards, debit cards, mobile payments, and cash</li><li>This property reserves the right to pre-authorize the guest s credit card prior to arrival.</li><li>Safety features at this property include a fire extinguisher, a smoke detector, a security system, and a first aid kit</li>  </ul></p><p>Special Instructions : Front desk staff will greet guests on arrival.</p>",39-549-991009,elevator Self parking (surcharge) Computer station Terrace ATM/banking Concierge services Gift shops or newsstand Shopping on site Wheelchair accessible (may have limitations) Wheelchair accessible Wheelchair-accessible registration desk Television in common areas Free WiFi Number of bars/lounges - 1 Bicycle rentals nearby Wheelchair accessible parking Roll-in shower (in select rooms) Tours/ticket assistance Rooftop terrace Art gallery on site Rock climbing nearby Designer stores on site Luggage storage Golf lessons available nearby Coin laundry on site Multilingual staff 24-hour front desk Breakfast available (surcharge) Golfing nearby Safe-deposit box at front desk Smoke-free property Ecotours nearby Coffee/tea in common areas Snack bar/deli Number of coffee shops/cafes - 1 Laundry facilities,43.932178|12.448511,39-549-991009,47890,http://www.hoteljoli.sm
SM,San Marino,135894,San Marino,1318022,Hotel Titano,FourStar,"Contrada Del Collegio, 31 47890 San Marino ",Distances are displayed to the nearest 0.1 mile and kilometer. <br /> <p>Piazza Garibaldi - 0.1 km / 0.1 mi <br /> Liberty Square - 0.1 km / 0.1 mi <br /> Palazzo Pubblico - 0.1 km / 0.1 mi <br /> State Museum of San Marino - 0.1 km / 0.1 mi <br /> Basilica of Saint Marino - 0.1 km / 0.1 mi <br /> Piazza del Titano - 0.1 km / 0.1 mi <br /> Piazza della Liberta - 0.1 km / 0.1 mi <br /> Tourism Office of San Marino - 0.2 km / 0.1 mi <br /> Cava dei Balestrieri - 0.3 km / 0.2 mi <br /> Museum of Curiosities - 0.3 km / 0.2 mi <br /> Guaita - 0.4 km / 0.2 mi <br /> University of the Republic of San Marino - 0.4 km / 0.2 mi <br /> Monte Titano - 0.7 km / 0.4 mi <br /> Montale Tower - 0.9 km / 0.5 mi <br /> Guaita Tower - 1.5 km / 0.9 mi <br /> </p><p>The preferred airport for Hotel Titano is Federico Fellini Intl. Airport (RMI) - 26.4 km / 16.4 mi </p>,"<p>HeadLine : Near State Museum of San Marino</p><p>Location : A stay at Hotel Titano places you in the heart of San Marino, steps from Piazza Garibaldi and Liberty Square.  This 4-star hotel is 16 mi (25.7 km) from Rimini Beach and 16.3 mi (26.2 km) from Rimini Fiera Expo Center.</p><p>Rooms : Make yourself at home in one of the 42 individually decorated guestrooms, featuring minibars and flat-screen televisions. Complimentary wireless Internet access keeps you connected, and satellite programming is available for your entertainment. Private bathrooms with bathtubs or showers feature complimentary toiletries and bidets. Conveniences include phones, as well as safes and desks.</p><p>Dining : Satisfy your appetite for lunch or dinner at La Terrazza, a restaurant which specializes in local cuisine, or stay in and take advantage of the room service (during limited hours). Wrap up your day with a drink at the bar/lounge. Full breakfasts are available daily from 7:00 AM to 10 AM for a fee.</p><p>CheckIn Instructions : <ul>  <li>Extra-person charges may apply and vary depending on property policy</li><li>Government-issued photo identification and a credit card, debit card, or cash deposit may be required at check-in for incidental charges</li><li>Special requests are subject to availability upon check-in and may incur additional charges; special requests cannot be guaranteed</li><li>This property accepts major credit cards, debit cards, and cash</li><li>Safety features at this property include a carbon monoxide detector, a fire extinguisher, a smoke detector, a security system, and a first aid kit</li>  </ul></p><p>Special Instructions : This property offers transfers from the train station (surcharges may apply). To arrange pick-up, guests must contact the property 72 hours prior to arrival, using the contact information on the booking confirmation. Front desk staff will greet guests on arrival.</p>",378-0549-991375,Dry cleaning/laundry service Train station pickup (surcharge) Wheelchair accessible Food and water bowls Babysitting or childcare (surcharge) Number of meeting rooms - 1 Television in common areas Free WiFi Train station drop-off (surcharge) Number of bars/lounges - 1 Health club Wheelchair accessible parking Free newspapers in lobby Internet access - wireless Wedding services Tours/ticket assistance Area shuttle (surcharge) Luggage storage Express check-out Porter/bellhop Multilingual staff Business center 24-hour front desk Breakfast available (surcharge) Spa services on site Safe-deposit box at front desk Smoke-free property Snack bar/deli Laundry facilities elevator Fitness facilities Conference space Valet parking (surcharge) Terrace Concierge services,43.936025|12.447046,378-0549-991007,47890,http://www.hoteltitano.com
SM,San Marino,135894,San Marino,1330793,Hotel Crocenzi,ThreeStar,Via 28 Luglio 175 47893 Borgo Maggiore ,,"Hotel Crocenzi offers comfortable rooms at great rates and is easily accessible, lying under San Marinos towers on the slopes of Monte Titano.

Centrally located in this ancient republic, Hotel Crocenzi is in Borgo Maggiore, a quiet, green area just 3 km (1.8 miles) from San Marinos historic centre. The cable chair up the mountain is just a short one km (half-mile) walk away.

Family-run Crocenzi offers well-maintained rooms all with balconies and beautiful sea or mountain views. On site you will find various facilities including free parking, a childrens playground and internet access.

Crocenzis restaurant serves typical Italian and local specialities as well as innovative, seasonal cuisine. A bar serving drinks and snacks until late is also available. Please inform Hotel Crocenzi in advance of your expected arrival time. You can use the Special Requests box when booking, or contact the property directly with the contact details provided in your confirmation.
Guests are required to show a photo identification and credit card upon check-in. Please note that all Special Requests are subject to availability and additional charges may apply.
For all stays beginning 01 January 2012 and onwards, there is an
additional 3% service charge payable at the hotel.

Please note that:
- This service charge is not applicable to meal plan costs;
- This service charge is not applicable to business guests who have a VAT
number and require an invoice.",+378549906581,lift express check-in/check-out Safety Deposit Box Hiking Packed lunches Car hire Tour desk Heating Fax/photocopying wifi Parking Pets allowed Room service Bar Garden Terrace Non-smoking rooms Barber/beauty shop Family rooms breakfast in the room Free parking internet services Free WiFi Air conditioning designated smoking area Snack Bar shared lounge/TV area minimarket on site Daily housekeeping parking on site Private parking wifi available in all areas board games/puzzles Kid-friendly buffet secured parking Accessible parking Fruits coffee house on site Walking tours Bike tours Live sport events (broadcast) Bingo Key access Fire extinguishers use of cleaning chemicals that are effective against coronavirus linens  towels and laundry washed in accordance with local authority guidelines guest accommodation is disinfected between stays guest accommodation sealed after cleaning physical distancing in dining areas food can be delivered to guest accommodation staff follow all safety protocols as directed by local authorities shared stationery such as printed menus  magazines  pens  and paper removed hand sanitizer in guest accommodation and key areas process in place to check health of guests contactless check-in/check-out cashless payment available physical distancing rules followed screens or physical barriers placed between staff and guests in appropriate areas invoice provided all plates  cutlery  glasses and other tableware have been sanitized,43.94537|12.45231,+378549902507,47893,https://www.booking.com/hotel/sm/crocenzi.html
SM,San Marino,135894,San Marino,1334505,Grand Hotel Primavera,FourStar,Via Ventotto Luglio 191 47893 ,Distances are displayed to the nearest 0.1 mile and kilometer. <br /> <p>Guaita Tower - 2 km / 1.2 mi <br /> University of the Republic of San Marino - 2.2 km / 1.3 mi <br /> Cava dei Balestrieri - 2.2 km / 1.4 mi <br /> Cesta Tower - 2.3 km / 1.4 mi <br /> State Museum of San Marino - 2.3 km / 1.5 mi <br /> Tourism Office of San Marino - 2.4 km / 1.5 mi <br /> Piazza del Titano - 2.4 km / 1.5 mi <br /> Palazzo Pubblico - 2.5 km / 1.5 mi <br /> Piazza Garibaldi - 2.5 km / 1.5 mi <br /> Liberty Square - 2.5 km / 1.5 mi <br /> Basilica of Saint Marino - 2.6 km / 1.6 mi <br /> Museum of Curiosities - 2.7 km / 1.7 mi <br /> The Museum of Ancient Arms - 3.1 km / 1.9 mi <br /> Monte Titano - 3.2 km / 2 mi <br /> Montale Tower - 3.2 km / 2 mi <br /> </p><p>The preferred airport for Grand Hotel Primavera is Federico Fellini Intl. Airport (RMI) - 21.9 km / 13.6 mi </p>,"<p>HeadLine : Near Basilica of Saint Marino</p><p>Location : Located in Borgo Maggiore, Grand Hotel Primavera is within a 5-minute drive of Basilica of Saint Marino and Montale Tower.  This 4-star hotel is 13.5 mi (21.7 km) from Rimini Fiera Expo Center and 14.8 mi (23.8 km) from Italy in Miniature.</p><p>Rooms : Make yourself at home in one of the 56 guestrooms featuring minibars and plasma televisions. Complimentary wireless Internet access keeps you connected, and digital programming is available for your entertainment. Private bathrooms with bathtubs or showers feature complimentary toiletries and bidets. Conveniences include phones, as well as safes and desks.</p><p>Dining : Enjoy Italian cuisine at Gourmet, a restaurant where you can enjoy drinks at the bar/lounge and dine alfresco. Or stay in and take advantage of the room service (during limited hours). Buffet breakfasts are available for a fee.</p><p>Renovations : This property is undergoing renovations from February 26 2022 to December 31 2022 (completion date subject to change).  During renovations, the hotel will make every effort to minimize noise and disturbance.</p><p>CheckIn Instructions : <ul>  <li>Extra-person charges may apply and vary depending on property policy</li><li>Special requests are subject to availability upon check-in and may incur additional charges; special requests cannot be guaranteed</li><li>Safety features at this property include a carbon monoxide detector, a fire extinguisher, a smoke detector, a security system, and a first aid kit</li><li>Be prepared: check the latest COVID-19 travel requirements and measures in place for this destination before you travel.</li>  </ul></p><p>Special Instructions : Front desk staff will greet guests on arrival. At check-in, guests must provide either a negative COVID-19 test result or a record of full COVID-19 vaccination. The negative COVID-19 test result requirement applies to all guests aged 1 and up, and the test must have been administered no more than 48 hours prior to check-in.</p>",390-0549-907434,Library Number of indoor pools - 1 Shopping center shuttle (surcharge) Theme park shuttle (surcharge) elevator Fitness facilities 24-hour front desk Business center Turkish bath/Hammam Express check-out Free self parking Dry cleaning/laundry service Computer station Wheelchair accessible Terrace Luggage storage Secured bicycle storage Bicycle parking available Concierge services Conference center Snack bar/deli Shopping on site Parking (limited spaces) Ecotours nearby Airport transportation (surcharge) Newspapers in lobby (surcharge) Number of bars/lounges - 1 Conference space Spa treatment room(s) Billiards or pool table Meeting rooms Tours/ticket assistance Steam room Free WiFi Sauna Health club Smoke-free property Number of coffee shops/cafes - 1 RV  bus  truck parking Safe-deposit box at front desk Spa services on site Free parking nearby Breakfast available (surcharge) Banquet hall Laundry facilities Playground on site Wheelchair accessible path of travel Television in common areas Accessible bathroom Wheelchair accessible parking Wedding services In-room accessibility Garden Multilingual staff,43.94598|12.45527,378-0549-902007,47031,
SM,San Marino,135894,San Marino,1350107,Garden Village Hotel San Marino,ThreeStar,Strada San Michele 50 47893 San Marino ,,"Garden Village San Marino is surrounded by a green environment containing an outdoor pool with hydromassage corner. Various sport activities are available and all accommodation has free Wi-Fi.

Each room and apartment comes with light colours and air conditioning. All accommodation is surrounded by olive groves and green areas.

The propertys restaurant serves regional cuisine and pizzas and is open for lunch and dinner.

Guests here will have a miniclub and an entertainment programme. Volleyball, football, tennis and basketball courts are also available.

Garden Village is in front of a bus stop linking with the city centre. From here you can take another bus to/from Rimini Train Station and city centre. Please inform Garden Village San Marino in advance of your expected arrival time. You can use the Special Requests box when booking, or contact the property directly with the contact details provided in your confirmation.
In response to Coronavirus (COVID-19), additional safety and sanitation measures are in effect at this property.
Due to Coronavirus (COVID-19), this property is taking steps to help protect the safety of guests and staff. Certain services and amenities may be reduced or unavailable as a result.
This property will not accommodate hen, stag or similar parties.
Swimming pool #1 is closed from Mon 19 Sept 2022 until Sun 04 Jun 2023
For all stays beginning 01 January 2012 and onwards, there is an additional 3% service charge payable at the hotel.

Please note that:
- This service charge is not applicable to meal plan costs;
- This service charge is not applicable to business guests who have a VAT number and require an invoice.",,Restaurant Pets allowed meeting/banquet facilities Bar Tennis Court Garden Terrace Family rooms Free parking internet services Solarium Table tennis Heating wifi Outdoor pool Free WiFi Non-smoking throughout Air conditioning Snack Bar outdoor pool (seasonal) Entertainment staff shuttle service (additional charge) kids' club minimarket on site Evening entertainment parking on site Private parking wifi available in all areas kids' outdoor play equipment Street parking electric vehicle charging station Public transport tickets Accessible parking Shallow end tennis equipment Fence around pool Swimming pool Shuttle service Bike tours Live music/performance Parking use of cleaning chemicals that are effective against coronavirus linens  towels and laundry washed in accordance with local authority guidelines guest accommodation is disinfected between stays physical distancing in dining areas staff follow all safety protocols as directed by local authorities hand sanitizer in guest accommodation and key areas process in place to check health of guests first aid kit available cashless payment available physical distancing rules followed screens or physical barriers placed between staff and guests in appropriate areas invoice provided all plates  cutlery  glasses and other tableware have been sanitized guests have the option to cancel any cleaning services for their accommodation during their stay delivered food is securely covered thermometers for guests provided by property 24-hour security Key card access CCTV outside property Swimming pool bicycle rental,43.95908|12.46088,+378390549903964,47893,https://www.booking.com/hotel/sm/residence-garden.html
SM,San Marino,135894,San Marino,1352544,Residence San Marino,ThreeStar,Via Tritonalia 4 DoganaSerravalle 47891 ,,"Offering modern suites with free Wi-Fi, Residence San Marino is in Dogana, 8 km from San Marino centre. Close to the citys industrial and business centres, it features free parking on site.

Each unit at the Residence San Marino comes with digital TV channels and air conditioning. A DVD player and a stereo are also included.

A coin-operated laundry machine is available at the residence. This property will not accommodate hen, stag or similar parties.
Please note the service charge is not applicable to meal plan costs, and is not applicable to business guests who have a VAT number and require an invoice.

Guests are kindly requested to inform the residence in advance of their estimated time of arrival. This can be noted in the Comments Box during booking or by contacting the residence using the contact details found on the booking confirmation.

When travelling with pets, please note that an extra charge of EUR 10 per pet, per night applies. A maximum of 2 pets are allowed.
Managed by a private host",,Parking Pets allowed Non-smoking rooms Free parking internet services lift Heating wifi Free WiFi Non-smoking throughout Air conditioning vending machine (drinks) vending machine (snacks) parking on site Private parking wifi available in all areas Street parking Key access CCTV in common areas CCTV outside property Fire extinguishers,43.98513|12.49728,,47891,https://www.booking.com/hotel/sm/residence-san-marino.html
SM,San Marino,135894,San Marino,1352753,Hotel Silvana,ThreeStar,Via Del Serrone 15  ,,"The family-run Hotel Silvana is set at the top of the republic of San Marino, within walking distance of the historic centre. Its restaurant is excavated in the rock. WiFi is free.

Rooms at the Silvana Hotel have en suite facilities, a TV, and air conditioning.  Free WiFi is available throughout the hotel.

The Silvanas Il Piccolo restaurant serves local specialities, pizza, and fresh fish dishes in a unique setting. Breakfast is served daily and a gluten-free option can be prepared on request.

Located in a quiet area, the 3-star Hotel Silvana is just 20 km from Rimini. Borgo Maggiore is a 5-minute drive away. For all stays beginning 1 January 2012 and onwards, there is an
additional 3% service charge payable at the hotel.

Please note that:
- This service charge is not applicable to meal plan costs;
- This service charge is not applicable to business guests who have a VAT
number and require an invoice.

Please note that check-in is available from 16::30 until 23:30 on Mondays.",+39003780549913,Parking Restaurant Pets allowed Room service Bar Golf course (within 3 km) Garden Terrace Non-smoking rooms Airport shuttle Facilities for disabled guests Family rooms breakfast in the room Free parking internet services lift Safety Deposit Box Hiking BBQ facilities Packed lunches Cycling Heating Fax/photocopying wifi Free WiFi Air conditioning Snack Bar Special diet menus (on request) airport shuttle (additional charge) Daily housekeeping parking on site Private parking wifi available in all areas Kid meals Wheelchair accessible Toilet with grab rails Wine/champagne Fruits airport pick up airport drop off coffee house on site Bike tours Themed dinner nights Tour or class about local culture Cooking class Live music/performance Archery Key card access Security alarm Smoke alarms Fire extinguishers use of cleaning chemicals that are effective against coronavirus linens  towels and laundry washed in accordance with local authority guidelines guest accommodation is disinfected between stays guest accommodation sealed after cleaning physical distancing in dining areas staff follow all safety protocols as directed by local authorities shared stationery such as printed menus  magazines  pens  and paper removed hand sanitizer in guest accommodation and key areas first aid kit available cashless payment available physical distancing rules followed screens or physical barriers placed between staff and guests in appropriate areas all plates  cutlery  glasses and other tableware have been sanitized,43.92201|12.45169,(378) 0549992815,47890,https://www.booking.com/hotel/sm/silvana-murata.html
SM,San Marino,135894,San Marino,1406402,Hotel Bellavista,TwoStar,Contrada Del Pianello 42 44  ,,"Set in San Marinos pedestrian area, the Bellavista is the only hotel in the city that has a view of Cava dei Balestrieri where local events, medieval re-enactments and archery take place.

Offering free Wi-Fi, rooms here come with a TV and en suite bathroom with a hairdryer and free toiletries.

Freshly baked croissants, jams and hot and cold drinks are served at breakfast. Guests also have discounts at the hotels a la carte restaurant.

Hotel Bellavista is a family-run property with young managers. All guests are given a tourist card guaranteeing discounts at museums and some shops.

You are near Piazza della Libertà and Palazzo Pubblico, San Marinos main squares. Rimini Federico Fellini Airport is around 30 minutes away by car. Please inform Hotel Bellavista in advance of your expected arrival time. You can use the Special Requests box when booking, or contact the property directly with the contact details provided in your confirmation.
Guests are required to show a photo identification and credit card upon check-in. Please note that all Special Requests are subject to availability and additional charges may apply.
In response to Coronavirus (COVID-19), additional safety and sanitation measures are in effect at this property.
Due to Coronavirus (COVID-19), wearing a face mask is mandatory in all indoor common areas.
There is an additional 3% service charge payable at the hotel.

Please note that:
- This service charge is not applicable to meal plan costs;
- This service charge is not applicable to business guests who have a VAT number and require an invoice.

The hotel is located in the pedestrian area. If you are arriving by car, please contact staff in advance to get a pass for parking.",,use of cleaning chemicals that are effective against coronavirus linens  towels and laundry washed in accordance with local authority guidelines guest accommodation is disinfected between stays physical distancing in dining areas Parking Restaurant staff follow all safety protocols as directed by local authorities shared stationery such as printed menus  magazines  pens  and paper removed Pets allowed Room service Bar Garden Terrace Non-smoking rooms Laundry Family rooms breakfast in the room internet services Packed lunches Heating Fax/photocopying Luggage storage wifi Free WiFi Non-smoking throughout Air conditioning Snack Bar Daily housekeeping wifi available in all areas Kid meals Street parking Wine/champagne Fruits Pet bowls coffee house on site Outdoor furniture Walking tours Themed dinner nights Happy hour Tour or class about local culture Key access CCTV in common areas CCTV outside property Fire extinguishers hand sanitizer in guest accommodation and key areas process in place to check health of guests first aid kit available cashless payment available physical distancing rules followed screens or physical barriers placed between staff and guests in appropriate areas invoice provided all plates  cutlery  glasses and other tableware have been sanitized guests have the option to cancel any cleaning services for their accommodation during their stay face masks for guests available,43.9375|12.4461,0549991212,47890,https://www.booking.com/hotel/sm/bellavista.html
SM,San Marino,135894,San Marino,1407279,Hostaria da Lino,ThreeStar,Piazza Grande 47  ,,"Offering simple rooms with free Wi-Fi and air conditioning, Hostaria Da Lino features a restaurant serving local and national cuisine. It is located 2 km from the centre of San Marino.

Breakfast includes sweet products including cakes and cereal. It is served buffet style on the shared veranda. The restaurants menu is also available in Braille.

The citys cable car is 50 metres away and links with the city centre. Theres also a bus stop to the centre 50 metres away. Please inform Hostaria da Lino in advance of your expected arrival time. You can use the Special Requests box when booking, or contact the property directly with the contact details provided in your confirmation.
In response to Coronavirus (COVID-19), additional safety and sanitation measures are in effect at this property.
Please let the property know your expected arrival time in advance. You can use the Special Requests box when booking or contact the property.",,Parking Restaurant Pets allowed Bar Non-smoking rooms Family rooms Free parking internet services Heating wifi Free WiFi Non-smoking throughout Air conditioning Special diet menus (on request) wifi available in all areas Street parking electric vehicle charging station use of cleaning chemicals that are effective against coronavirus linens  towels and laundry washed in accordance with local authority guidelines guest accommodation is disinfected between stays physical distancing in dining areas staff follow all safety protocols as directed by local authorities shared stationery such as printed menus  magazines  pens  and paper removed hand sanitizer in guest accommodation and key areas first aid kit available contactless check-in/check-out cashless payment available physical distancing rules followed screens or physical barriers placed between staff and guests in appropriate areas all plates  cutlery  glasses and other tableware have been sanitized guests have the option to cancel any cleaning services for their accommodation during their stay face masks for guests available,43.93941|12.44642,378 0549/903975,47893,https://www.booking.com/hotel/sm/hostaria-da-lino.html
SM,San Marino,135894,San Marino,1426849,Titano Suites,FourStar,Contrada del Collegio 21 47890 San Marino ,Distances are displayed to the nearest 0.1 mile and kilometer. <br /> <p>Liberty Square - 0.1 km / 0.1 mi <br /> Palazzo Pubblico - 0.1 km / 0.1 mi <br /> Basilica of Saint Marino - 0.1 km / 0.1 mi <br /> Piazza Garibaldi - 0.1 km / 0.1 mi <br /> Piazza della Liberta - 0.2 km / 0.1 mi <br /> Tourism Office of San Marino - 0.2 km / 0.1 mi <br /> Museum of Curiosities - 0.2 km / 0.1 mi <br /> State Museum of San Marino - 0.2 km / 0.1 mi <br /> Piazza del Titano - 0.2 km / 0.1 mi <br /> Guaita - 0.3 km / 0.2 mi <br /> Cava dei Balestrieri - 0.3 km / 0.2 mi <br /> University of the Republic of San Marino - 0.5 km / 0.3 mi <br /> Monte Titano - 0.6 km / 0.4 mi <br /> Montale Tower - 0.9 km / 0.5 mi <br /> Guaita Tower - 1.6 km / 1 mi <br /> </p><p>The preferred airport for Titano Suites is Federico Fellini Intl. Airport (RMI) - 26.4 km / 16.4 mi </p>,"<p>HeadLine : Near State Museum of San Marino</p><p>Location : A stay at Titano Suites places you in the heart of San Marino, steps from Liberty Square and Palazzo Pubblico.  This 4-star inn is 16 mi (25.7 km) from Rimini Beach and 16.3 mi (26.2 km) from Rimini Fiera Expo Center.</p><p>Rooms : Make yourself at home in one of the 8 guestrooms featuring minibars and flat-screen televisions. Complimentary wireless Internet access keeps you connected, and cable programming is available for your entertainment. Private bathrooms have complimentary toiletries and hair dryers. Conveniences include safes and desks, and housekeeping is provided daily.</p><p>Dining : Enjoy Regional cuisine at Osteria Nettare Divino, one of the inn s 2 restaurants, or stay in and take advantage of the room service (during limited hours). Snacks are also available at the coffee shop/cafe. Quench your thirst with your favorite drink at the bar/lounge. Buffet breakfasts are available daily from 7:00 AM to 10:00 AM for a fee.</p><p>CheckIn Instructions : <ul>  <li>Extra-person charges may apply and vary depending on property policy</li><li>Government-issued photo identification and a credit card, debit card, or cash deposit may be required at check-in for incidental charges</li><li>Special requests are subject to availability upon check-in and may incur additional charges; special requests cannot be guaranteed</li><li>This property accepts credit cards, debit cards, and cash</li><li>Safety features at this property include a carbon monoxide detector, a fire extinguisher, a smoke detector, a security system, and a first aid kit</li>  </ul></p><p>Special Instructions : This property offers transfers from the airport (surcharges may apply). Guests must contact the property with arrival details before travel, using the contact information on the booking confirmation. Front desk staff will greet guests on arrival.</p>",39-0549-991375,Dry cleaning/laundry service Wheelchair accessible (may have limitations) Newspapers in lobby (surcharge) Food and water bowls Meeting rooms Wheelchair-accessible path to elevator Wheelchair-accessible registration desk Free WiFi Number of bars/lounges - 1 Health club In-room accessibility (in select rooms) Wheelchair accessible parking Full-service spa Wedding services Tours/ticket assistance Accessible bathroom (in select rooms) Rooftop terrace Airport transportation (surcharge) Luggage storage Porter/bellhop Multilingual staff Business center 24-hour front desk Breakfast available (surcharge) Spa services on site Turkish bath/Hammam Safe-deposit box at front desk Smoke-free property Snack bar/deli Number of coffee shops/cafes - 1 Laundry facilities elevator Fitness facilities Self parking (surcharge) Terrace Concierge services,43.93611|12.44713,39-0549-991007,47890,http://www.ghsmgroup.sm/ita/titano-suites-hotel/index.html
SM,San Marino,135894,San Marino,1579227,Hotel La Rocca,TwoStar,Via Salita Alla Rocca 35/37 Centro Storico47890 San Marino ,,"Featuring free WiFi throughout the property, Hotel La Rocca offers rooms in the historic centre of in San Marino. Guests can enjoy the on-site bar.

Each room at this hotel is air conditioned and comes with a flat-screen TV. The rooms are equipped with a private bathroom fitted with a hairdryer.

La Rocca Hotel is within a 40-minute drive from Rimini and Riccione. Cesenatico is 44 km away. In response to Coronavirus (COVID-19), additional safety and sanitation measures are in effect at this property.
Food & beverage services at this property may be limited or unavailable due to Coronavirus (COVID-19).
Please note that the property is located in an area restricted to traffic. Please contact the property for further information.",,Parking Restaurant Bar Terrace Non-smoking rooms Family rooms internet services Heating Fax/photocopying wifi Free WiFi Non-smoking throughout Air conditioning Snack Bar Special diet menus (on request) Daily housekeeping wifi available in all areas Kid meals electric vehicle charging station Accessible parking Wine/champagne Key access Smoke alarms CCTV outside property Fire extinguishers guests have the option to cancel any cleaning services for their accommodation during their stay face masks for guests available use of cleaning chemicals that are effective against coronavirus linens  towels and laundry washed in accordance with local authority guidelines guest accommodation is disinfected between stays staff follow all safety protocols as directed by local authorities shared stationery such as printed menus  magazines  pens  and paper removed hand sanitizer in guest accommodation and key areas first aid kit available contactless check-in/check-out cashless payment available physical distancing rules followed screens or physical barriers placed between staff and guests in appropriate areas invoice provided all plates  cutlery  glasses and other tableware have been sanitized,43.93589|12.44813,+378549991166,47890,https://www.booking.com/hotel/sm/la-rocca.html
SM,San Marino,135894,San Marino,1593555,Hotel Dogana,ThreeStar,Via III Settembre 65 47891 Serravalle ,Distances are displayed to the nearest 0.1 mile and kilometer. <br /> <p>Stadio Olimpico - 1.3 km / 0.8 mi <br /> Castello della Cesta - 6.5 km / 4 mi <br /> Basilica of Saint Marino - 7.4 km / 4.6 mi <br /> Montale Tower - 8.1 km / 5.1 mi <br /> San Marino Adventures - 8.6 km / 5.3 mi <br /> Tourism Office of San Marino - 8.6 km / 5.4 mi <br /> Cava dei Balestrieri - 8.6 km / 5.4 mi <br /> Piazza della Liberta - 8.7 km / 5.4 mi <br /> University of the Republic of San Marino - 8.7 km / 5.4 mi <br /> Palazzo Pubblico - 8.7 km / 5.4 mi <br /> Liberty Square - 8.7 km / 5.4 mi <br /> State Museum of San Marino - 8.8 km / 5.5 mi <br /> Piazza del Titano - 8.8 km / 5.5 mi <br /> Piazza Garibaldi - 8.8 km / 5.5 mi <br /> Museum of Curiosities - 10.4 km / 6.5 mi <br /> </p><p>The nearest major airport is Federico Fellini Intl. Airport (RMI) - 16.3 km / 10.1 mi</p>,"<p>HeadLine : Near Stadio Olimpico</p><p>Location : Located in Serravalle, Hotel Dogana is a 2-minute drive from Stadio Olimpico and 7 minutes from Castello della Cesta.  This hotel is 10.3 mi (16.7 km) from Rimini Beach and 10.6 mi (17.1 km) from Rimini Fiera Expo Center.</p><p>Rooms : Make yourself at home in one of the 39 air-conditioned rooms featuring flat-screen televisions. Complimentary wireless Internet access keeps you connected, and digital programming is available for your entertainment. Private bathrooms with showers feature complimentary toiletries and bidets. Conveniences include phones, as well as safes and desks.</p><p>Dining : At Hotel Dogana, enjoy a satisfying meal at the restaurant. Quench your thirst with your favorite drink at the bar/lounge. Buffet breakfasts are available daily from 7:00 AM to 10 AM for a fee.</p><p>CheckIn Instructions : <ul>  <li>Extra-person charges may apply and vary depending on property policy</li><li>Government-issued photo identification and a credit card, debit card, or cash deposit may be required at check-in for incidental charges</li><li>Special requests are subject to availability upon check-in and may incur additional charges; special requests cannot be guaranteed</li><li>Guests must contact this property in advance to reserve cribs/infant beds</li><li>This property accepts credit cards; cash is not accepted</li><li>Safety features at this property include a carbon monoxide detector, a fire extinguisher, a smoke detector, a security system, a first aid kit, and window guards</li>  </ul></p><p>Special Instructions : To make arrangements for check-in please contact the property at least 24 hours before arrival using the information on the booking confirmation. If you are planning to arrive after midnight please contact the property in advance using the information on the booking confirmation. Guests must contact the property in advance for check-in instructions. Front desk staff will greet guests on arrival.</p>",378-549-905326,Smoke-free property elevator Free self parking Terrace Concierge services Wheelchair accessible  no Luggage storage Free parking nearby 24-hour front desk Breakfast available (surcharge) Free WiFi Number of bars/lounges - 1,43.97908|12.48779,39-0549-905317,47891,
SM,San Marino,135894,San Marino,1671623,Gasperoni,ThreeStar,Via 5 Febbraio 121 Domagnano47895 SerravalleCommune San Marino ,,"Located 4 km from San Marino city centre, Hotel Gasperoni offers rooms with free WiFi and free parking space. Public transport is 50 metres from the property, linking to Rimini and San Marino.

Featuring air conditioning and a flat-screen TV, rooms have a wardrobe and a private bathroom equipped with bath or shower and hairdryer. Some rooms have a sea-view balcony.

Rimini is a 20-minute drive from Hotel Gasperoni, while the historic cities of Ravenna and Urbino are both within 80 km of the property.",,Parking meeting/banquet facilities Bar Garden Non-smoking rooms Free parking internet services lift Safety Deposit Box Heating wifi Free WiFi Non-smoking throughout Air conditioning Daily housekeeping parking on site wifi available in all areas use of cleaning chemicals that are effective against coronavirus linens  towels and laundry washed in accordance with local authority guidelines guest accommodation is disinfected between stays guests have the option to cancel any cleaning services for their accommodation during their stay,43.959|12.475,+378549970120,47895,https://www.booking.com/hotel/sm/ristorante-gasperoni.html
SM,San Marino,135894,San Marino,1818464,B&B Balsimelli12,All,Contrada Dei Magazzeni 12 47890 San Marino ,,"Offering free WiFi, B&B Balsimelli12 is set in San Marino, a few steps from San Marino Basilica. Popular points of interest nearby include Museo di Stato and Museo Pinacoteca San Francesco.

At the bed and breakfast, rooms come with a private bathroom, a desk and a flat-screen TV. One room has a balcony.

An Italian breakfast is available every morning at B&B Balsimelli12.

Public Palace is a 2-minute walk from the property. Please inform B&B Balsimelli12 in advance of your expected arrival time. You can use the Special Requests box when booking, or contact the property directly with the contact details provided in your confirmation.
This property will not accommodate hen, stag or similar parties.
In response to Coronavirus (COVID-19), additional safety and sanitation measures are in effect at this property.
Due to Coronavirus (COVID-19), this property is taking steps to help protect the safety of guests and staff. Certain services and amenities may be reduced or unavailable as a result.
A surcharge of EUR 20 applies for arrivals after check-in hours. All requests for late arrival are subject to confirmation by the property.
Managed by a private host",,hand sanitizer in guest accommodation and key areas first aid kit available Pets allowed Terrace Non-smoking rooms internet services Heating wifi Free WiFi Non-smoking throughout Air conditioning Private check-in/check-out minimarket on site Street parking Pet bowls Key access Fire extinguishers use of cleaning chemicals that are effective against coronavirus linens  towels and laundry washed in accordance with local authority guidelines guest accommodation is disinfected between stays staff follow all safety protocols as directed by local authorities,43.93639|12.44737,+378549990102,47890,https://www.booking.com/hotel/sm/b-amp-b-balsimelli12.html
SM,San Marino,135894,San Marino,1818477,Il Melograno B&B,All,Via Ranco 29 47899 Serravalle ,,"Situated in San Marino, 16 km from Rimini Stadium and 18 km from Rimini Train Station, B&B Maison Il Melograno features accommodation with free WiFi, air conditioning, a seasonal outdoor swimming pool and a garden.

The bed and breakfast offers a flat-screen TV and a private bathroom with free toiletries, a hairdryer and bidet. Some units also have a kitchen equipped with a fridge, a dishwasher, and an oven.

The daily breakfast offers buffet, Italian or vegetarian options.

A barbecue can be found at B&B Maison Il Melograno, along with a shared lounge.

Fiabilandia is 18 km from the accommodation, while Rimini Fiera is 21 km from the property. The nearest airport is Federico Fellini International Airport, 18 km from B&B Maison Il Melograno. Please inform B&B Maison Il Melograno in advance of your expected arrival time. You can use the Special Requests box when booking, or contact the property directly with the contact details provided in your confirmation.
In response to Coronavirus (COVID-19), additional safety and sanitation measures are in effect at this property.
This property will not accommodate hen, stag or similar parties.
Piscina #1 is closed from Sat 30 Sept 2023 until Sat 18 May 2024
Managed by a private host",,Outdoor furniture Swimming pool Key access Swimming pool use of cleaning chemicals that are effective against coronavirus linens  towels and laundry washed in accordance with local authority guidelines guest accommodation is disinfected between stays physical distancing in dining areas food can be delivered to guest accommodation staff follow all safety protocols as directed by local authorities shared stationery such as printed menus  magazines  pens  and paper removed hand sanitizer in guest accommodation and key areas process in place to check health of guests contactless check-in/check-out physical distancing rules followed guests have the option to cancel any cleaning services for their accommodation during their stay Parking Garden Non-smoking rooms Family rooms Free parking internet services BBQ facilities Heating Luggage storage wifi Outdoor pool Free WiFi Non-smoking throughout Air conditioning kids' outdoor play equipment Baby safety gates Infinity pool Pool with view sun loungers or beach chairs designated smoking area outdoor pool (seasonal) Shared kitchen shared lounge/TV area Daily housekeeping parking on site Private parking wifi available in all areas board games/puzzles Indoor play area,43.95801|12.46824,+378393669837686,47899,http://www.maisonilmelograno-bnb.com
SM,San Marino,135894,San Marino,1937028,Villa Emma L'Arte dell'Accoglienza,All,Strada Lamaticcie 62 47899 Serravalle ,,"Villa Emma is a small country house located just outside Serravalle and offering a quiet stay in the countryside. The rooms have free Wi-Fi and a balcony facing Mount Titano and the valley.

Each room comes with nice décor and includes a TV and air conditioning. The private bathroom is complete with bathrobes.

A sweet and savoury breakfast is served daily in the propertys tavern. Other common areas include equipped garden and terrace.

The city of San Marino is a 15-minute drive from Villa Emma  LArte dellAccoglienza, while Serravalle Olympic Stadium is a 10-minute walk from the property. Rimini and its airport are 16 km away. Please inform Villa Emma - LArte dellAccoglienza in advance of your expected arrival time. You can use the Special Requests box when booking, or contact the property directly with the contact details provided in your confirmation.
In response to Coronavirus (COVID-19), additional safety and sanitation measures are in effect at this property.
A surcharge of EUR 10 applies for arrivals after check-in hours. All requests for late arrival are subject to confirmation by the property.
Managed by a private host",,staff follow all safety protocols as directed by local authorities shared stationery such as printed menus  magazines  pens  and paper removed hand sanitizer in guest accommodation and key areas cashless payment available physical distancing rules followed invoice provided property is cleaned by professional cleaning companies all plates  cutlery  glasses and other tableware have been sanitized guests have the option to cancel any cleaning services for their accommodation during their stay Parking Restaurant Garden Terrace Airport shuttle Family rooms Free parking internet services Heating wifi Free WiFi Air conditioning shuttle service (additional charge) Special diet menus (on request) airport shuttle (additional charge) shared lounge/TV area Daily housekeeping parking on site Private parking wifi available in all areas secured parking Accessible parking Outdoor furniture Shuttle service Key access use of cleaning chemicals that are effective against coronavirus linens  towels and laundry washed in accordance with local authority guidelines guest accommodation is disinfected between stays guest accommodation sealed after cleaning physical distancing in dining areas food can be delivered to guest accommodation,43.97085|12.48756,,47899,https://www.booking.com/hotel/sm/villa-emma-l-arte-dell-accoglienza.html
