countyCode,countyName,cityCode,cityName,HotelCode,HotelName,HotelRating,Address,Attractions,Description,FaxNumber,HotelFacilities,Map,PhoneNumber,PinCode,HotelWebsiteUrl
LC,St Lucia,113829,Cape Estate,1144865,Capri,TwoStar,12 Cap Drive  ,,"Formerly an Embassy, accommodation in this beautiful villa is comfortable and well appointed. Villa Capri is offering nine-air-conditioned rooms, all with en-suite facilities and TV. You are guaranteed a friendly welcome and personal touch Just 1.5 km from the popular Reduit Beach in Cap Estate, this beautiful villa features an outdoor swimming pool and excellent ocean views. Villa Capri also offers free Wi-Fi.

This enormous 9-bedroom villa features a seating and dining area, as well as a fully equipped kitchen with a buffet area. There is also a stereo system and a cable TV with a DVD player.

Guests will find a large supermarket 1.5 km away from Villa Capri, and there is a pizzeria just 400 metres away. There are other water-front dining options within 300 metres of the property.

There is a golf course 3.5 km away, and guests will find a shopping centre offering national and international brands within 800 metres. George FL Charles Airport is 8.0 km from the villa. Please inform Villa Capri in advance of your expected arrival time. You can use the Special Requests box when booking, or contact the property directly with the contact details provided in your confirmation.
This property will not accommodate hen, stag or similar parties.",,Windsurfing Car hire thermometers for guests provided by property internet services Horse riding guest accommodation is disinfected between stays Kid meals Shallow end Non-smoking throughout process in place to check health of guests airport shuttle (additional charge) Packed lunches Airport shuttle Luggage storage Hiking Water park Spa and wellness centre Children television networks linens  towels and laundry washed in accordance with local authority guidelines Restaurant Bar Free WiFi Tour desk Swimming pool toys hand sanitizer in guest accommodation and key areas 24-hour security Safety Deposit Box Sun terrace food can be delivered to guest accommodation BBQ facilities staff follow all safety protocols as directed by local authorities Outdoor pool Evening entertainment board games/puzzles wifi Bridal suite Laundry screens or physical barriers placed between staff and guests in appropriate areas use of cleaning chemicals that are effective against coronavirus Diving physical distancing in dining areas Fence around pool outdoor pool (all year) guests have the option to cancel any cleaning services for their accommodation during their stay access to health care professionals  pool/beach towels shuttle service (additional charge) guest accommodation sealed after cleaning Karaoke babysitting/child services Terrace shared stationery such as printed menus  magazines  pens  and paper removed books  dvds  music for children Canoeing Library Air conditioning first aid kit available Ironing service Swimming pool Fitness centre cashless payment available On-site parking Fire extinguishers Special diet menus (on request) Private parking Baby safety gates Golf course (within 3 km) Smoke alarms Parking Family rooms grocery deliveries all plates  cutlery  glasses and other tableware have been sanitized Garden wifi available in all areas physical distancing rules followed Massage Tennis Court Daily housekeeping designated smoking area Snorkelling Non-smoking rooms Fishing face masks for guests available Free parking,14.1019|-60.94568,,0000,https://www.booking.com/hotel/lc/villa-capri.html
LC,St Lucia,113829,Cape Estate,1148758,Royalton Saint Lucia Resort & Spa All inclusive,FourStar,St.Lucia Address Gros Islet 0 St. Lucia Gros Islet ,Distances are displayed to the nearest 0.1 mile and kilometer. <br /> <p>Windward Islands - 0.1 km / 0.1 mi <br /> Sandals Golf and Country Club - 1.7 km / 1.1 mi <br /> Smugglers Cove - 2.3 km / 1.4 mi <br /> Rodney Bay Aquatic Centre - 2.8 km / 1.7 mi <br /> Saint Joseph the Worker Catholic Church - 3 km / 1.9 mi <br /> Cas en Bas Beach - 3.2 km / 2 mi <br /> Friday Night Street Party - 3.2 km / 2 mi <br /> Pigeon Island National Park - 3.2 km / 2 mi <br /> Rodney Bay Marina - 3.6 km / 2.3 mi <br /> Bonne Terre Tropical Gardens - 4.8 km / 3 mi <br /> Baywalk Shopping Mall - 5.1 km / 3.2 mi <br /> Daren Sammy Cricket Ground - 5.7 km / 3.6 mi <br /> Reduit Beach - 6 km / 3.7 mi <br /> Splash Island Water Park Saint Lucia - 6.1 km / 3.8 mi <br /> Labrelotte Bay - 8.9 km / 5.5 mi <br /> </p><p>The nearest airports are:<br />Hewanorra Intl. Airport (UVF) - 67.5 km / 41.9 mi<br /> George F. L. Charles Airport (SLU) - 13.5 km / 8.4 mi<br /> </p><p>The preferred airport for Royalton Saint Lucia  An Autograph Collection All-Inclusive Resort is Hewanorra Intl. Airport (UVF). </p>,"<p>HeadLine : Near Smugglers Cove</p><p>Location : With a stay at Royalton Saint Lucia, An Autograph Collection All-Inclusive Resort in Gros Islet (Cap Estate), you ll be steps from Windward Islands and a 3-minute drive from Sandals Golf and Country Club.  This 4.5-star property is 2 mi (3.2 km) from Pigeon Island National Park and 15.5 mi (25 km) from Marigot Bay.</p><p>Rooms : Make yourself at home in one of the 290 guestrooms featuring free minibar items and flat-screen televisions. Rooms have private balconies. Complimentary wireless Internet access keeps you connected, and satellite programming is available for your entertainment. Bathrooms with separate bathtubs and showers feature jetted bathtubs and complimentary toiletries.</p><p>Dining : This property is all inclusive. Rates include meals and beverages at onsite dining establishments. Charges may be applied for dining at some restaurants, special dinners and dishes, some beverages, and other amenities. <p>Enjoy local and international cuisine at Gourmet Marche, one of the property s 9 restaurants, or stay in and take advantage of the 24-hour room service. Snacks are also available at the coffee shop/cafe. Relax with a refreshing drink from the poolside bar or one of the 10 bars/lounges. </p></p><p>CheckIn Instructions : <ul>  <li>Extra-person charges may apply and vary depending on property policy</li><li>Government-issued photo identification and a credit card, debit card, or cash deposit may be required at check-in for incidental charges</li><li>Special requests are subject to availability upon check-in and may incur additional charges; special requests cannot be guaranteed</li><li>This property accepts credit cards; cash is not accepted</li>  </ul></p><p>Special Instructions : Front desk staff will greet guests on arrival.</p>",1-758-4845058,Full-service spa Wedding services Tours/ticket assistance Volleyball on site Supervised childcare/activities (surcharge) Luggage storage Outdoor tennis courts - 1 Business center 24-hour front desk Playground on site Spa services on site Safe-deposit box at front desk Snack bar/deli Babysitting or childcare (surcharge) Nightclub Free wired Internet Free WiFi Number of bars/lounges - 10 Designated smoking areas Number of poolside bars - 1 Number of outdoor pools - 4 Garden In-room accessibility (in select rooms) Wheelchair accessible parking Number of coffee shops/cafes - 1 Children's pool Sauna elevator Free self parking Children's club (free) Fitness facilities Snorkeling on site Terrace Wheelchair accessible path of travel Concierge services,14.097217|-60.95,1-758-4574100,LC01101,http://www.royaltonresorts.com
LC,St Lucia,113829,Cape Estate,1160877,The BodyHoliday,FourStar,Cariblue Beach Cap Estate CASTRIES ,,"The hotel is located on the northwest slope of the Caribbean island of St. Lucia. It is a 30-minute drive from the capital Castries and George F.L. Charles Airport, and Hewanorra International Airport is 90 minutes away. The establishment offers 275 m of beachfront access and comfortable accommodation in a total of 154 guest rooms. Guests will be greeted by a friendly staff in the spacious lobby and will be provided with the opportunity to choose between several restaurants. The suites reflect the real West Indian style. They are equipped with an iPod station and CD player, and guests can enjoy their favourite music, while watching the glorious St. Lucian sunsets from the large private balcony.",,Hotel Bathroom Shower Bathtub Hairdryer Direct dial telephone TV Safe Room service Laundry service Hotel safe Cloakroom Lift access Bar Restaurant Non-smoking area Poolside snack bar Conference room Sun loungers Parasols Massage Green Globe 21  Windsurfing Horse riding Volleyball Golf,14.103202609071378|-60.946426123337005,,437,https://www.thebodyholiday.com/
LC,St Lucia,113829,Cape Estate,1212121,Sandals Grande St. Lucia Spa & Beach Resort,FourStar,P.O. Box G.I. (PO Box GI 2247) Gros IsletSaint Lucia ,Distances are displayed to the nearest 0.1 mile and kilometer. <br /> <p>Windward Islands - 0.1 km / 0.1 mi <br /> Pigeon Island National Park - 0.5 km / 0.3 mi <br /> Saint Joseph the Worker Catholic Church - 1.7 km / 1.1 mi <br /> Friday Night Street Party - 1.8 km / 1.1 mi <br /> Rodney Bay Aquatic Centre - 2.1 km / 1.3 mi <br /> Rodney Bay Marina - 3 km / 1.9 mi <br /> Sandals Golf and Country Club - 3 km / 1.9 mi <br /> Smugglers Cove - 3.7 km / 2.3 mi <br /> Cas en Bas Beach - 3.8 km / 2.4 mi <br /> Bonne Terre Tropical Gardens - 4.5 km / 2.8 mi <br /> Baywalk Shopping Mall - 4.8 km / 3 mi <br /> Daren Sammy Cricket Ground - 5 km / 3.1 mi <br /> Reduit Beach - 5.3 km / 3.3 mi <br /> Splash Island Water Park Saint Lucia - 5.4 km / 3.4 mi <br /> Labrelotte Bay - 8.1 km / 5.1 mi <br /> </p><p>The nearest airports are:<br />Hewanorra Intl. Airport (UVF) - 66.9 km / 41.6 mi<br /> George F. L. Charles Airport (SLU) - 12.9 km / 8 mi<br /> </p><p>The preferred airport for Sandals Grande St. Lucian - ALL INCLUSIVE Couples Only is Hewanorra Intl. Airport (UVF). </p>,"<p>HeadLine : In Gros Islet (Cap Estate)</p><p>Location : With a stay at Sandals Grande St. Lucian - ALL INCLUSIVE Couples Only in Gros Islet (Cap Estate), you ll be steps from Windward Islands and 6 minutes by foot from Pigeon Island National Park.  This 4.5-star property is 15.1 mi (24.2 km) from Marigot Bay and 1.1 mi (1.7 km) from Saint Joseph the Worker Catholic Church.</p><p>Rooms : Make yourself at home in one of the 311 individually furnished guestrooms, featuring refrigerators and LED televisions. Rooms have private furnished balconies or patios. Cable programming and iPod docking stations are provided for your entertainment, while complimentary wireless Internet access keeps you connected. Private bathrooms with showers feature complimentary toiletries and hair dryers.</p><p>Dining : This property is all inclusive. Rates include meals and beverages at onsite dining establishments. Charges may be applied for dining at some restaurants, special dinners and dishes, some beverages, and other amenities. <p>Grab a bite at Toscaninis, one of the property s 12 restaurants, or stay in and take advantage of the room service. Snacks are also available at the coffee shop/cafe. Relax with a refreshing drink at the beach bar, the poolside bar, or one of 8 bars/lounges. A complimentary buffet breakfast is served daily from 7:30 AM to 11:00 AM. </p></p><p>CheckIn Instructions : <ul>  <li>Extra-person charges may apply and vary depending on property policy</li><li>Government-issued photo identification and a credit card, debit card, or cash deposit may be required at check-in for incidental charges</li><li>Special requests are subject to availability upon check-in and may incur additional charges; special requests cannot be guaranteed</li><li>This property accepts credit cards; cash is not accepted</li><li>Safety features at this property include a carbon monoxide detector and a smoke detector</li><li>Please note that cultural norms and guest policies may differ by country and by property; the policies listed are provided by the property</li>  </ul></p><p>Special Instructions : To make arrangements for check-in please contact the property ahead of time using the information on the booking confirmation. If you are planning to arrive after 3:00 PM please contact the property in advance using the information on the booking confirmation. Guests must contact the property in advance for check-in instructions. Front desk staff will greet guests on arrival. For more details, please contact the property using the information on the booking confirmation.  This property caters to couples, including same-sex couples. This hotel is exclusively for adult couples. Guests who book a room category with butler service included must contact this hotel in advance to provide their preferences.</p>",1-758-455-2001,Gift shops or newsstand Dry cleaning/laundry service Shopping on site Optional golf privileges Ziplining nearby Golf clubs (equipment) Pool umbrellas Limo or Town Car service available Free WiFi Number of bars/lounges - 8 Number of poolside bars - 1 Number of outdoor pools - 5 Number of beach bars - 1 Number of swim-up bars - 1 In-room accessibility (in select rooms) Tours/ticket assistance Sailing on site Fitness classes on site Scuba diving on site Free Buffet Breakfast Free airport transportation Free breakfast Golf lessons available nearby Outdoor tennis courts - 2 Multilingual staff Conference center Daily Ecotours nearby Number of coffee shops/cafes - 1 elevator Snorkeling on site Wheelchair accessible Beach umbrellas Nightclub Meeting rooms Arcade/game room Spa treatment room(s) Garden Picnic area Full-service spa Wedding services Volleyball on site Beach towels Water skiing on site Boat tours nearby Windsurfing on site Pro shop 24-hour health club Clubhouse Luggage storage Billiards or pool table 24-hour front desk Golfing nearby Spa services on site Safe-deposit box at front desk Smoke-free property Snack bar/deli Hiking/biking trails nearby Sauna Steam room Free self parking Conference space Kayaking on site Hair salon Tennis on site Beach sun loungers Terrace Wheelchair accessible path of travel Access to nearby outdoor pool Pool sun loungers Concierge services,14.091578|-60.958528,1-758-455-2000,999999,http://www.sandals.com/main/grande/gl-home/
LC,St Lucia,113829,Cape Estate,1266796,Club St. Lucia By Splash,ThreeStar,Po. Box 915 Cap. Estate Smugglers Village Gros Islet Gros Islet ,,"HotelDescription#This all inclusive resort is situated on the beach, in around 26 hectares of tropical gardens. The garden path leads directly to the beach. The range of services offered and the countless activities available make this resort the perfect place for romantic couples, active singles and families.

The 26 hectare resort was designed for the 5 holiday villages gathered around Seaside Cove, where guests may find the swimming pools, daytime and nighttime entertainment and restaurants. In addition to this, the resort also provides accommodation in bungalows. There are a total of 372 rooms available, of which 72 are suites. Amongst the hotel's facilities count a lobby area with a reception desk manned around the clock and a safe. Furthermore, the resort offers a café, a mini supermarket, 4 bars, 5 speciality restaurants with a separate eating area for children and public Internet access. Younger guests may let off steam in the kid's club. The laundry service (charges apply) rounds up the facilities available here. Parking is available for guests arriving by car.

Each of the resort's villages has its own signature colour and playful name: Julie Mango, Whispering Palms, Magic Parrot, Banana Liming and Hummingbird. The rooms all come with an en suite bathroom with hairdryer. Furthermore all rooms are equipped with cable TV, a telephone, a safe (a fee will be charged), a clock radio, a coffee maker, ironing equipment and a king-size bed. The air conditioning can be individually regulated.",001758450862,Year of construction : 1979 Suites : 72 NO Connecting rooms American Express MasterCard Visa Shower Bathtub Hairdryer Direct dial telephone TV Radio Tea and coffee making facilities Ironing set Individually adjustable air conditioning   Safe NO Small pets allowed (under 5 kg) NO Large pets allowed (over 5 kg) NO Wheelchair-accessible NO Car park NO Garage 24-hour reception Wired Internet Laundry service(Additional Fee) Medical service(Additional Fee) Air conditioning in public areas   Hotel safe(Additional Fee) Supermarket Shop Garden Café Bar Restaurant : 5 Poolside snack bar Kids club Hot tub(Additional Fee) Massage(Additional Fee) Spa treatments(Additional Fee) Breakfast buffet   Buffet lunch Buffet dinner Aqua fit Waterskiing Jet ski Diving Windsurfing Pedal boating Table tennis Basketball Beach volleyball Golf Tennis,14.097578|-60.949761,7584577900,,
LC,St Lucia,113829,Cape Estate,1324599,Cap Maison Resort & Spa,FiveStar,Po Box 2188 Smugglers Cove Drive Cap EstateGros Islet ,Distances are displayed to the nearest 0.1 mile and kilometer. <br /> <p>Windward Islands - 0.1 km / 0.1 mi <br /> Smugglers Cove - 0.1 km / 0.1 mi <br /> Sandals Golf and Country Club - 1.9 km / 1.2 mi <br /> Saint Joseph the Worker Catholic Church - 3.1 km / 1.9 mi <br /> Cas en Bas Beach - 3.5 km / 2.2 mi <br /> Rodney Bay Aquatic Centre - 3.6 km / 2.2 mi <br /> Friday Night Street Party - 4 km / 2.5 mi <br /> Pigeon Island National Park - 4 km / 2.5 mi <br /> Rodney Bay Marina - 4.4 km / 2.8 mi <br /> Bonne Terre Tropical Gardens - 5.5 km / 3.4 mi <br /> Baywalk Shopping Mall - 5.8 km / 3.6 mi <br /> Daren Sammy Cricket Ground - 6.4 km / 4 mi <br /> Reduit Beach - 6.7 km / 4.2 mi <br /> Splash Island Water Park Saint Lucia - 6.8 km / 4.2 mi <br /> Labrelotte Bay - 9.5 km / 5.9 mi <br /> </p><p>The nearest airports are:<br />Hewanorra Intl. Airport (UVF) - 68.3 km / 42.4 mi<br /> George F. L. Charles Airport (SLU) - 14.3 km / 8.9 mi<br /> </p><p>The preferred airport for Cap Maison Resort & Spa is Hewanorra Intl. Airport (UVF). </p>,"<p>HeadLine : In Gros Islet (Cap Estate)</p><p>Location : With a stay at Cap Maison Resort & Spa in Gros Islet (Cap Estate), you ll be steps from Windward Islands and Smugglers Cove.  This 5-star resort is 2.4 mi (3.9 km) from Pigeon Island National Park and 15.9 mi (25.6 km) from Marigot Bay.</p><p>Rooms : Make yourself at home in one of the 49 air-conditioned rooms featuring minibars and flat-screen televisions. Complimentary wireless Internet access keeps you connected, and digital programming is available for your entertainment. Bathrooms have designer toiletries and hair dryers. Conveniences include phones, as well as safes and coffee/tea makers.</p><p>Dining : All-inclusive rates are available at this resort. Meals and beverages at onsite dining establishments are included in all-inclusive rates. Charges may be applied for dining at some restaurants, special dinners and dishes, some beverages, and other amenities. <p>Grab a bite to eat at the Cliff at Cap, a restaurant where you can take in the pool view, or stay in and take advantage of room service. Mingle with other guests at the complimentary reception, held daily. Relax with your favorite drink at the bar/lounge or the beach bar. </p></p><p>CheckIn Instructions : <ul>  <li>Extra-person charges may apply and vary depending on property policy</li><li>Government-issued photo identification and a credit card, debit card, or cash deposit may be required at check-in for incidental charges</li><li>Special requests are subject to availability upon check-in and may incur additional charges; special requests cannot be guaranteed</li><li>This property accepts credit cards and debit cards; cash is not accepted</li>  </ul></p><p>Special Instructions : Front desk staff will greet guests on arrival.</p>",1-758-450-8847,Gift shops or newsstand Dry cleaning/laundry service Mountain biking nearby Wheelchair accessible Free grocery shopping service Beach umbrellas Free reception Scuba diving nearby Free WiFi Number of bars/lounges - 1 Health club Spa treatment room(s) Number of spa tubs - 1 Number of outdoor pools - 2 Number of beach bars - 1 Garden Wheelchair accessible parking Full-service spa Wedding services Tours/ticket assistance Beach towels Water skiing on site Sailing on site Supervised childcare/activities (surcharge) Windsurfing on site Yoga classes/instruction on site Luggage storage Golf lessons available nearby Parasailing nearby Personal motorized watercraft on site 24-hour front desk Library Golfing nearby Safe-deposit box at front desk Smoke-free property Ecotours nearby Hiking/biking trails nearby Laundry facilities Free self parking Fitness facilities Kayaking on site Hair salon Terrace Concierge services,14.099393|-60.950514,1-758-4578670,0000,http://capmaison.com/
LC,St Lucia,113829,Cape Estate,1448624,Belle Kaye,TwoStar,Castries-Gros Islet Hwy Gros IsletCap Estate ,Distances are displayed to the nearest 0.1 mile and kilometer. <br /> <p>Windward Islands - 0.1 km / 0.1 mi <br /> Rodney Bay Aquatic Centre - 1.2 km / 0.7 mi <br /> Saint Joseph the Worker Catholic Church - 1.4 km / 0.9 mi <br /> Sandals Golf and Country Club - 1.6 km / 1 mi <br /> Friday Night Street Party - 1.6 km / 1 mi <br /> Pigeon Island National Park - 1.7 km / 1 mi <br /> Rodney Bay Marina - 2 km / 1.2 mi <br /> Smugglers Cove - 2.3 km / 1.4 mi <br /> Cas en Bas Beach - 2.5 km / 1.5 mi <br /> Bonne Terre Tropical Gardens - 3.5 km / 2.2 mi <br /> Baywalk Shopping Mall - 3.8 km / 2.4 mi <br /> Daren Sammy Cricket Ground - 4.1 km / 2.6 mi <br /> Reduit Beach - 4.7 km / 2.9 mi <br /> Splash Island Water Park Saint Lucia - 4.8 km / 3 mi <br /> Labrelotte Bay - 7.3 km / 4.5 mi <br /> </p><p>The nearest airports are:<br />Hewanorra Intl. Airport (UVF) - 66 km / 41 mi<br /> George F. L. Charles Airport (SLU) - 12 km / 7.5 mi<br /> </p><p>The preferred airport for Belle Kaye is Hewanorra Intl. Airport (UVF). </p>,"<p>HeadLine : In Gros Islet (Cap Estate)</p><p>Location : With a stay at Belle Kaye in Gros Islet (Cap Estate), you ll be steps from Windward Islands and 14 minutes by foot from Rodney Bay Aquatic Centre.  This apartment is 1 mi (1.7 km) from Pigeon Island National Park and 14.5 mi (23.4 km) from Marigot Bay.</p><p>Rooms : Make yourself at home in one of the 8 air-conditioned rooms featuring refrigerators and microwaves. Rooms have private balconies. Cable programming and DVD players are provided for your entertainment, while complimentary wireless Internet access keeps you connected. Bathrooms with showers are provided.</p><p>Dining : Take advantage of the apartment s room service.</p><p>CheckIn Instructions : <ul>  <li>Extra-person charges may apply and vary depending on property policy</li><li>Government-issued photo identification and a credit card, debit card, or cash deposit may be required at check-in for incidental charges</li><li>Special requests are subject to availability upon check-in and may incur additional charges; special requests cannot be guaranteed</li><li>This property accepts credit cards</li><li>Safety features at this property include a fire extinguisher, a smoke detector, a security system, and a first aid kit</li>  </ul></p><p>Special Instructions : This property offers transfers from the airport (surcharges may apply). Guests must contact the property with arrival details before travel, using the contact information on the booking confirmation. The front desk is open daily from 8:00 AM - noon. To make arrangements for check-in please contact the property at least 72 hours before arrival using the information on the booking confirmation. Guests must contact the property in advance for check-in instructions. Front desk staff will greet guests on arrival.</p>",1-758-5185865,Wheelchair accessible parking Laundry facilities Accessible bathroom (in select rooms) Free self parking Terrace Wheelchair accessible path of travel Airport transportation (surcharge) Energy-saving features in guest rooms Luggage storage Babysitting or childcare (surcharge) Locally-owned & organized tours & activities Express check-out Express check-in Front desk (limited hours) Free WiFi Barbecue grill(s) Number of outdoor pools - 1 Golfing nearby Change of towels (on request) Garden Smoke-free property,14.090983|-60.948766,1-758-5185865,Gros Islet Hwy,https://www.bellekaye.com/
LC,St Lucia,113829,Cape Estate,1452754,Manderley Villa,FourStar,Cap Estate  ,Distances are calculated in a straight line from the property&apos;s location to the point of interest or attraction  and may not reflect actual travel distance. &lt;br /&gt;&lt;br /&gt; Distances are displayed to the nearest 0.1 mile and kilometer. &lt;p&gt;Rodney Bay Marina - 0.4 km / 0.3 mi &lt;br /&gt;Bonne Terre Tropical Gardens - 0.8 km / 0.5 mi &lt;br /&gt;Reduit Beach - 1 km / 0.6 mi &lt;br /&gt;Baywalk Shopping Mall - 1 km / 0.6 mi &lt;br /&gt;Splash Island Water Park Saint Lucia - 1.1 km / 0.7 mi &lt;br /&gt;Rodney Bay Aquatic Centre - 1.3 km / 0.8 mi &lt;br /&gt;St. Joseph the Worker Parish - 1.3 km / 0.8 mi &lt;br /&gt;Beausejour Stadium - 1.5 km / 0.9 mi &lt;br /&gt;Cas en Bas Beach - 2.6 km / 1.6 mi &lt;br /&gt;St. Lucia Golf &amp; Country Club - 2.8 km / 1.8 mi &lt;br /&gt;Pigeon Island National Park - 2.9 km / 1.8 mi &lt;br /&gt;Smugglers Cove - 3.1 km / 1.9 mi &lt;br /&gt;Choc Beach - 5.1 km / 3.2 mi &lt;br /&gt;Marquis Plantation - 6.3 km / 3.9 mi &lt;br /&gt;Vigie Beach - 7.6 km / 4.7 mi &lt;br /&gt;&lt;/p&gt;&lt;p&gt;The nearest airports are:&lt;br /&gt;Castries (SLU-George F. L. Charles) - 7.9 km / 4.9 mi&lt;br /&gt;Vieux Fort (UVF-Hewanorra Intl.) - 37.3 km / 23.2 mi&lt;br /&gt;&lt;/p&gt;&lt;p&gt;The preferred airport for Manderley Villa is Vieux Fort (UVF-Hewanorra Intl.). &lt;/p&gt;,"<p><b>Property Location</b> <br />With a stay at Manderley Villa in Gros Islet (Rodney Bay), you''ll be minutes from Rodney Bay Marina and close to Reduit Beach. This 4-star villa is within close proximity of Bonne Terre Tropical Gardens and Baywalk Shopping Mall.</p><p><b>Rooms</b> <br />Make yourself at home in one of the air-conditioned rooms featuring kitchens with refrigerators and microwaves. Rooms have private balconies or patios. Flat-screen televisions with cable programming provide entertainment, while complimentary wireless Internet access keeps you connected. Conveniences include separate sitting areas and ceiling fans, and housekeeping is provided daily.</p><p><b>Rec, Spa, Premium Amenities</b> <br />Enjoy recreation amenities such as an outdoor pool or take in the view from a garden. Additional features include complimentary wireless Internet access and a picnic area.</p><p><b>Business, Other Amenities</b> <br />Free self parking is available onsite.</p>",,Microwave Private bathrooms Air Condition in rooms Outdoor Swimming Pool Separate sitting area Separate living room Separate dining area Separate bedroom Free Wireless Internet access Cable / Satellite Television Free self parking Free Wireless Internet access (inroom) Hair dryer (on request) Flat screen TV (LCD  LED or Plasma TV) Shower Self Laundry Pets Not Allowed Fridge Kitchen Iron & Board Fan Picnic area Garden,14.07226|-60.94526,,,
LC,St Lucia,113829,Cape Estate,1461312,South Sea House,ThreeStar,South Hills S N  ,Distances are displayed to the nearest 0.1 mile and kilometer. <br /> <p>Windward Islands - 0.1 km / 0.1 mi <br /> Cas en Bas Beach - 1.6 km / 1 mi <br /> Sandals Golf and Country Club - 1.8 km / 1.1 mi <br /> Smugglers Cove - 2.5 km / 1.6 mi <br /> Rodney Bay Aquatic Centre - 2.6 km / 1.6 mi <br /> Saint Joseph the Worker Catholic Church - 2.8 km / 1.8 mi <br /> Friday Night Street Party - 3 km / 1.9 mi <br /> Pigeon Island National Park - 3.1 km / 1.9 mi <br /> Rodney Bay Marina - 3.5 km / 2.1 mi <br /> Daren Sammy Cricket Ground - 4.4 km / 2.8 mi <br /> Bonne Terre Tropical Gardens - 4.9 km / 3.1 mi <br /> Baywalk Shopping Mall - 5.6 km / 3.5 mi <br /> Reduit Beach - 6.5 km / 4 mi <br /> Splash Island Water Park Saint Lucia - 6.5 km / 4.1 mi <br /> Labrelotte Bay - 9.2 km / 5.7 mi <br /> </p><p>The nearest airports are:<br />Hewanorra Intl. Airport (UVF) - 68 km / 42.3 mi<br /> George F. L. Charles Airport (SLU) - 14 km / 8.7 mi<br /> </p><p>The preferred airport for South Sea House is Hewanorra Intl. Airport (UVF). </p>,"<p>HeadLine : In Gros Islet (Cap Estate)</p><p>Location : With a stay at South Sea House in Gros Islet (Cap Estate), you ll be within a 5-minute drive of Sandals Golf and Country Club and Cas en Bas Beach.  This villa is 1.5 mi (2.4 km) from Smugglers Cove and 2.3 mi (3.7 km) from Pigeon Island National Park.</p><p>Rooms : Treat yourself to a stay in one of the 3 individually decorated guestrooms, featuring private plunge pools and flat-screen televisions. Rooms have private balconies or patios. Kitchens are outfitted with refrigerators, stovetops, and microwaves. Cable programming and MP3 docking stations are provided for your entertainment, while complimentary wireless Internet access keeps you connected.</p><p>Dining : Wrap up your day with a drink at the beach bar.</p><p>CheckIn Instructions : <ul>  <li>Extra-person charges may apply and vary depending on property policy</li><li>Government-issued photo identification and a credit card, debit card, or cash deposit may be required at check-in for incidental charges</li><li>Special requests are subject to availability upon check-in and may incur additional charges; special requests cannot be guaranteed</li><li>This property accepts credit cards; cash is not accepted</li><li>Safety features at this property include a fire extinguisher, a smoke detector, and window guards</li>  </ul></p><p>Special Instructions : This property offers transfers from the airport (surcharges may apply). Guests must contact the property with arrival details before travel, using the contact information on the booking confirmation. There is no front desk at this property. Guests will receive an email 7 days before arrival with check-in instructions. The host will greet guests on arrival.</p>",1-758-458-4848,Airport transportation (surcharge) Vegetable garden Uncovered parking Energy-saving features in guest rooms Free grocery shopping service LED light bulbs Water dispenser use by guests actively encouraged Wheelchair accessible  no Luggage storage Locally-owned & organized tours & activities Water dispenser Barbecue grill(s) Number of outdoor pools - 1 Number of beach bars - 1 Garden Laundry facilities Tours/ticket assistance Free self parking Terrace,14.08951|-60.938436,1 758 720 5128,000124,
LC,St Lucia,113829,Cape Estate,1481269,Villa Atlantis,ThreeStar,Golf Ridge Cap Estate ,Distances are displayed to the nearest 0.1 mile and kilometer. <br /> <p>Windward Islands - 0.1 km / 0.1 mi <br /> Sandals Golf and Country Club - 1.1 km / 0.7 mi <br /> Smugglers Cove - 1.7 km / 1.1 mi <br /> Cas en Bas Beach - 2 km / 1.2 mi <br /> Rodney Bay Aquatic Centre - 2.4 km / 1.5 mi <br /> Saint Joseph the Worker Catholic Church - 2.7 km / 1.7 mi <br /> Pigeon Island National Park - 2.9 km / 1.8 mi <br /> Friday Night Street Party - 3.1 km / 1.9 mi <br /> Rodney Bay Marina - 3.2 km / 2 mi <br /> Bonne Terre Tropical Gardens - 4.6 km / 2.8 mi <br /> Daren Sammy Cricket Ground - 4.8 km / 3 mi <br /> Baywalk Shopping Mall - 4.8 km / 3 mi <br /> Reduit Beach - 5.7 km / 3.5 mi <br /> Splash Island Water Park Saint Lucia - 5.8 km / 3.6 mi <br /> Labrelotte Bay - 8.5 km / 5.3 mi <br /> </p><p>The nearest airports are:<br />Hewanorra Intl. Airport (UVF) - 67.3 km / 41.8 mi<br /> George F. L. Charles Airport (SLU) - 13.3 km / 8.2 mi<br /> </p><p></p>,"<p>HeadLine : In Gros Islet (Cap Estate)</p><p>Location : With a stay at this villa in Gros Islet (Cap Estate), you ll be steps from Windward Islands and 13 minutes by foot from Sandals Golf and Country Club.  This villa is 1.8 mi (2.9 km) from Pigeon Island National Park and 15.2 mi (24.4 km) from Marigot Bay.</p><p>Rooms : Make yourself comfortable in this air-conditioned villa, which features a fireplace and a flat-screen TV. There s a private balcony or patio. A kitchen is outfitted with a full-sized refrigerator/freezer, an oven, and a stovetop. Complimentary wireless Internet access keeps you connected, and cable programming is available for your entertainment.</p><p>Dining : At this villa, enjoy a satisfying meal at the restaurant.</p><p>CheckIn Instructions : <ul>  <li>Extra-person charges may apply and vary depending on property policy</li><li>Government-issued photo identification and a cash deposit may be required at check-in for incidental charges</li><li>Special requests are subject to availability upon check-in and may incur additional charges; special requests cannot be guaranteed</li><li>This property accepts cash</li>  </ul></p><p>Special Instructions : There is no front desk at this property. The host will greet guests on arrival.</p>",44-759-5710169,Wheelchair accessible  no Luggage storage Reception hall Free WiFi Designated smoking areas Number of outdoor pools - 1 Spa services on site Garden Safe-deposit box at front desk Picnic area Laundry facilities Free self parking Terrace,14.094151|-60.942898,44-759-5710169,LC01 101,
LC,St Lucia,113829,Cape Estate,1511929,Hideaway at Royalton Saint Lucia,FourStar,St Lucia Address Gros Islet 000 Gros Islet ,Distances are displayed to the nearest 0.1 mile and kilometer. <br /> <p>Windward Islands - 0.1 km / 0.1 mi <br /> Sandals Golf and Country Club - 1.7 km / 1.1 mi <br /> Smugglers Cove - 2.3 km / 1.4 mi <br /> Rodney Bay Aquatic Centre - 2.8 km / 1.7 mi <br /> Saint Joseph the Worker Catholic Church - 3 km / 1.9 mi <br /> Cas en Bas Beach - 3.2 km / 2 mi <br /> Friday Night Street Party - 3.2 km / 2 mi <br /> Pigeon Island National Park - 3.2 km / 2 mi <br /> Rodney Bay Marina - 3.7 km / 2.3 mi <br /> Bonne Terre Tropical Gardens - 4.8 km / 3 mi <br /> Baywalk Shopping Mall - 5.2 km / 3.2 mi <br /> Daren Sammy Cricket Ground - 5.8 km / 3.6 mi <br /> Reduit Beach - 6.1 km / 3.8 mi <br /> Splash Island Water Park Saint Lucia - 6.1 km / 3.8 mi <br /> Labrelotte Bay - 8.9 km / 5.5 mi <br /> </p><p>The nearest airports are:<br />Hewanorra Intl. Airport (UVF) - 67.5 km / 42 mi<br /> George F. L. Charles Airport (SLU) - 13.5 km / 8.4 mi<br /> </p><p>The preferred airport for Hideaway at Royalton Saint Lucia  An Autograph Collection All-Inclusive Resort - Adults Only is Hewanorra Intl. Airport (UVF). </p>,"<p>HeadLine : In Gros Islet (Cap Estate)</p><p>Location : With a stay at Hideaway at Royalton Saint Lucia, An Autograph Collection All-Inclusive Resort - Adults Only in Gros Islet (Cap Estate), you ll be steps from Windward Islands and a 3-minute drive from Sandals Golf and Country Club.  This 4.5-star property is 2 mi (3.3 km) from Pigeon Island National Park and 15.5 mi (25 km) from Marigot Bay.</p><p>Rooms : Make yourself at home in one of the 166 air-conditioned rooms featuring minibars and flat-screen televisions. Your memory foam bed comes with premium bedding. Rooms have private balconies or patios. Complimentary wireless Internet access keeps you connected, and satellite programming is available for your entertainment. Bathrooms with shower/tub combinations feature jetted bathtubs and complimentary toiletries.</p><p>Dining : This property is all inclusive. Rates include meals and beverages at onsite dining establishments. Charges may be applied for dining at some restaurants, special dinners and dishes, some beverages, and other amenities. <p>Enjoy international cuisine at Gourmet Marche, one of the property s 8 restaurants, or stay in and take advantage of the 24-hour room service. Snacks are also available at the coffee shop/cafe. When you are in need of a refreshing drink, visit the beach bar or one of 10 bars/lounges, or 2 poolside bars. </p></p><p>CheckIn Instructions : <ul>  <li>Extra-person charges may apply and vary depending on property policy</li><li>Government-issued photo identification and a credit card, debit card, or cash deposit may be required at check-in for incidental charges</li><li>Special requests are subject to availability upon check-in and may incur additional charges; special requests cannot be guaranteed</li><li>This property accepts credit cards; cash is not accepted</li>  </ul></p><p>Special Instructions : This property doesn t offer after-hours check-in. Front desk staff will greet guests on arrival.</p>",758-484-5058,Beach volleyball on site Nightclub Scuba diving nearby Free WiFi Number of bars/lounges - 10 Health club Designated smoking areas Number of poolside bars - 2 Number of outdoor pools - 3 Number of beach bars - 1 Garden In-room accessibility (in select rooms) Bicycle rentals nearby Roll-in shower (in select rooms) Full-service spa Wedding services Tours/ticket assistance Accessible bathroom (in select rooms) Tennis lessons on site Volleyball on site Beach towels Fitness classes on site Wheelchair accessible  no Luggage storage Outdoor tennis courts - 1 Multilingual staff Business center 24-hour front desk Spa services on site Snack bar/deli Number of coffee shops/cafes - 1 Sauna elevator Free self parking Fitness facilities Snorkeling on site Beach sun loungers Terrace Pool sun loungers Concierge services Pilates classes on site,14.09737|-60.95026,758-7311000,lc01101,http://www.royaltonresorts.com/en/Hideaway-at-Royalton-Saint-Lucia.aspx
LC,St Lucia,113829,Cape Estate,1547999,Les Chaudieres,All,Cap Estate  ,Distances are calculated in a straight line from the property&apos;s location to the point of interest or attraction  and may not reflect actual travel distance. &lt;br /&gt;&lt;br /&gt; Distances are displayed to the nearest 0.1 mile and kilometer. &lt;p&gt;L&apos;Anse la Raye Beach - 0.7 km / 0.4 mi &lt;br /&gt;River Rock Waterfall - 0.9 km / 0.5 mi &lt;br /&gt;Anse Cochon Beach - 1.4 km / 0.9 mi &lt;br /&gt;Canaries Bay - 3.9 km / 2.4 mi &lt;br /&gt;Millet Bird Sanctuary - 4 km / 2.5 mi &lt;br /&gt;Roseau Valley Banana Plantation - 4 km / 2.5 mi &lt;br /&gt;Marigot Harbour - 4.1 km / 2.6 mi &lt;br /&gt;Marigot Bay - 4.2 km / 2.6 mi &lt;br /&gt;Anse Mamin Beach - 8 km / 4.9 mi &lt;br /&gt;Anse Chastanet Beach - 8.4 km / 5.2 mi &lt;br /&gt;St. Lucia Rain Forest - 8.6 km / 5.3 mi &lt;br /&gt;Turtle Reef - 8.7 km / 5.4 mi &lt;br /&gt;Aqua Dulce Trail - 8.7 km / 5.4 mi &lt;br /&gt;French Wall Trail - 8.7 km / 5.4 mi &lt;br /&gt;Mont Fortune Historic Area - 8.7 km / 5.4 mi &lt;br /&gt;&lt;/p&gt;&lt;p&gt;The nearest airports are:&lt;br /&gt;Castries (SLU-George F. L. Charles) - 11.1 km / 6.9 mi&lt;br /&gt;Vieux Fort (UVF-Hewanorra Intl.) - 24.5 km / 15.2 mi&lt;br /&gt;&lt;/p&gt;&lt;p&gt;The preferred airport for Les Chaudieres is Vieux Fort (UVF-Hewanorra Intl.). &lt;/p&gt;,"<p><b>Property Location</b> <br />With a stay at Les Chaudieres in Anse La Raye, you''ll be close to L''Anse la Raye Beach and Marigot Bay. This 4-star villa is within close proximity of River Rock Waterfall and Anse Cochon Beach.</p><p><b>Rooms</b> <br />Make yourself at home in one of the air-conditioned rooms featuring kitchens with refrigerators and microwaves. Rooms have private balconies or patios. Flat-screen televisions with cable programming provide entertainment, while complimentary wireless Internet access keeps you connected. Conveniences include separate sitting areas and coffee/tea makers, and housekeeping is provided daily.</p><p><b>Rec, Spa, Premium Amenities</b> <br />Take advantage of recreation opportunities such as an outdoor pool or take in the view from a terrace and a garden. This villa also features complimentary wireless Internet access and a picnic area.</p><p><b>Business, Other Amenities</b> <br />Free self parking is available onsite.</p>",,Microwave Private bathrooms Air Condition in rooms Private balcony / terrace Outdoor Swimming Pool Separate sitting area Separate living room Separate dining area Separate bedroom Free Wireless Internet access Cable / Satellite Television Free self parking Free Wireless Internet access (inroom) Tea/Coffee Making Facilities Visa MasterCard Terrace / Patio Hair dryer (on request) Flat screen TV (LCD  LED or Plasma TV) Shower Self Laundry Pets Not Allowed Fridge Kitchen Iron & Board Fan Picnic area Garden,13.9355|-61.04812,,,
LC,St Lucia,113829,Cape Estate,1674838,Villa Hall,ThreeStar,. Cap Estate 00124 Cap Estate ,Distances are displayed to the nearest 0.1 mile and kilometer. <br /> <p>Windward Islands - 0.1 km / 0.1 mi <br /> Sandals Golf and Country Club - 0.1 km / 0.1 mi <br /> Smugglers Cove - 1.9 km / 1.2 mi <br /> Cas en Bas Beach - 2.6 km / 1.6 mi <br /> Rodney Bay Aquatic Centre - 2.8 km / 1.7 mi <br /> Saint Joseph the Worker Catholic Church - 3.2 km / 2 mi <br /> Pigeon Island National Park - 3.2 km / 2 mi <br /> Friday Night Street Party - 3.4 km / 2.1 mi <br /> Rodney Bay Marina - 3.8 km / 2.4 mi <br /> Bonne Terre Tropical Gardens - 4.8 km / 3 mi <br /> Baywalk Shopping Mall - 5.1 km / 3.2 mi <br /> Daren Sammy Cricket Ground - 5.7 km / 3.6 mi <br /> Reduit Beach - 6 km / 3.8 mi <br /> Splash Island Water Park Saint Lucia - 6.1 km / 3.8 mi <br /> Labrelotte Bay - 8.9 km / 5.5 mi <br /> </p><p>The nearest airports are:<br />Hewanorra Intl. Airport (UVF) - 67.3 km / 41.8 mi<br /> George F. L. Charles Airport (SLU) - 13.6 km / 8.5 mi<br /> </p><p></p>,"<p>HeadLine : In Gros Islet (Cap Estate)</p><p>Location : With a stay at this villa in Gros Islet (Cap Estate), you ll be steps from Windward Islands and Sandals Golf and Country Club.  This villa is 2 mi (3.2 km) from Pigeon Island National Park and 15.5 mi (25 km) from Marigot Bay.</p><p>Rooms : Make yourself comfortable in this air-conditioned villa, featuring a kitchen with a full-sized refrigerator/freezer and an oven. There s a private balcony or patio. A plasma television with cable programming provides entertainment, while complimentary wireless Internet access keeps you connected. Conveniences include a safe and a desk, and housekeeping is provided daily.</p><p>CheckIn Instructions : <ul>  <li>Extra-person charges may apply and vary depending on property policy</li><li>Government-issued photo identification and a credit card, debit card, or cash deposit may be required at check-in for incidental charges</li><li>Special requests are subject to availability upon check-in and may incur additional charges; special requests cannot be guaranteed</li><li>This property accepts credit cards; cash is not accepted</li>  </ul></p><p>Special Instructions : There is no front desk at this property. This property doesn t offer after-hours check-in. The host will greet guests on arrival.</p>",1-416-8372320,Sailing nearby Windsurfing nearby Scuba diving nearby Free WiFi Number of outdoor pools - 1 Water skiing nearby Garden Picnic area Beach towels Boat tours nearby Wheelchair accessible  no Parasailing nearby Barbecue grill(s) Spa services on site Snorkeling nearby Smoke-free property Laundry facilities Surfing/bodyboarding nearby Rafting nearby Kayaking nearby Free self parking Fitness facilities Terrace Concierge services,14.096724|-60.937802,1-416-8372320,00124,
LC,St Lucia,113829,Cape Estate,1853420,Tranquil Sunset,TwoStar,6 Golf Park Road Cap Estate ,Distances are calculated in a straight line from the property's location to the point of interest or attraction  and may not reflect actual travel distance. <br /><br /> Distances are displayed to the nearest 0.1 mile and kilometer. <p>St. Lucia Golf & Country Club - 0.9 km / 0.6 mi <br />Smugglers Cove - 1.1 km / 0.7 mi <br />Cas en Bas Beach - 2.2 km / 1.4 mi <br />Rodney Bay Aquatic Centre - 2.4 km / 1.5 mi <br />Pigeon Island National Park - 2.6 km / 1.6 mi <br />St. Joseph the Worker Parish - 2.9 km / 1.8 mi <br />Friday Night Street Party - 3 km / 1.9 mi <br />Splash Island Water Park Saint Lucia - 3.3 km / 2 mi <br />Rodney Bay Marina - 3.3 km / 2.1 mi <br />Reduit Beach - 3.7 km / 2.3 mi <br />Daren Sammy Cricket Ground - 4.1 km / 2.5 mi <br />Baywalk Shopping Mall - 4.2 km / 2.6 mi <br />Bonne Terre Tropical Gardens - 4.4 km / 2.8 mi <br />Choc Beach - 8.6 km / 5.4 mi <br />Marquis Plantation - 9.2 km / 5.7 mi <br /></p><p>The nearest airports are:<br />Castries (SLU-George F. L. Charles) - 11 km / 6.8 mi<br />Vieux Fort (UVF-Hewanorra Intl.) - 40.9 km / 25.4 mi<br /></p><p>The preferred airport for Tranquil Sunset is Vieux Fort (UVF-Hewanorra Intl.). </p>,"<p><b>Property Location</b> <br />With a stay at Tranquil Sunset in Cap Estate, you'll be convenient to St. Lucia Golf & Country Club and Pigeon Island National Park.  This aparthotel is within close proximity of Smugglers Cove and Cas en Bas Beach.</p><p><b>Rooms</b> <br />Make yourself at home in one of the 4 air-conditioned rooms featuring kitchens with full-sized refrigerators/freezers and ovens. Complimentary wireless Internet access keeps you connected, and flat-screen televisions are provided for your entertainment. Conveniences include microwaves and complimentary bottled water, and housekeeping is provided on request.</p><p><b>Amenities</b> <br />Take in the views from a garden and make use of amenities such as complimentary wireless Internet access and concierge services.</p><p><b>Dining</b> <br />Full breakfasts are available daily from 9 AM to 11 AM for a fee.</p><p><b>Business, Other Amenities</b> <br />Featured amenities include express check-in, express check-out, and dry cleaning/laundry services. A roundtrip airport shuttle is provided for a surcharge (available 24 hours), and free self parking is available onsite.</p>",,Free self parking Garden Laundry facilities Smoke-free property Television in common areas Total number of rooms - 4 Tours/ticket assistance Airport transportation (surcharge) Breakfast available (surcharge) Concierge services Dry cleaning/laundry service Express check-in Express check-out Free WiFi,14.10447|-60.94064,,,
LC,St Lucia,113829,Cape Estate,1888037,Mount Royal Luxury Condos,FourStar,Belle Vue Gros Islet Castries ,,"Situated in Cap Estate, Mount Royal Saint Lucia features free WiFi and units fitted with a kitchen.

All units feature air conditioning and a 50 inch smart flat-screen TV. Every unit is outfitted with a full sized German designed kitchen., a dishwasher, microwave, blender, kettle, and double door fridge with water and ice dispenser.

Guests can relax in the garden at the property.

Mount Royal is a 3 minute drive from Pigeon Island National Park. Mount Royal is less than a 10 minute drive from the islands nightlife, banks, supermarkets, restaurants, shopping mall and casino. George F L Charles Airport is 9 km away. Please inform Mount Royal Saint Lucia in advance of your expected arrival time. You can use the Special Requests box when booking, or contact the property directly with the contact details provided in your confirmation.",,Parking 24-hour front desk Golf course (within 3 km) Garden Terrace Non-smoking rooms Airport shuttle Fishing babysitting/child services Laundry dry cleaning Family rooms Ironing service Bridal suite Free parking internet services express check-in/check-out Currency exchange Windsurfing Hot tub/jacuzzi Soundproof rooms Hiking BBQ facilities Car hire Tour desk Heating Fax/photocopying Diving Horse riding Luggage storage wifi Outdoor pool Free WiFi Air conditioning designated smoking area Sun terrace outdoor pool (all year) concierge service Private check-in/check-out shuttle service (additional charge) airport shuttle (additional charge) Water park Daily housekeeping grocery deliveries On-site parking Private parking wifi available in all areas Baby safety gates Children television networks secured parking Street parking Accessible parking,14.09078|-60.94236,,,https://www.booking.com/hotel/lc/mount-royal.html
LC,St Lucia,113829,Cape Estate,5266074,Chateau Devaux,ThreeStar,No 1 Manowar Drive  ,Distances are displayed to the nearest 0.1 mile and kilometer. <br /> <p>Windward Islands - 0.1 km / 0.1 mi <br /> Sandals Golf and Country Club - 2 km / 1.2 mi <br /> Cas en Bas Beach - 2.6 km / 1.6 mi <br /> Smugglers Cove - 2.8 km / 1.7 mi <br /> Saint Joseph the Worker Catholic Church - 4.8 km / 3 mi <br /> Friday Night Street Party - 4.9 km / 3.1 mi <br /> Pigeon Island National Park - 5 km / 3.1 mi <br /> Rodney Bay Aquatic Centre - 4.4 km / 2.7 mi <br /> Rodney Bay Marina - 5.1 km / 3.2 mi <br /> Bonne Terre Tropical Gardens - 6.4 km / 4 mi <br /> Baywalk Shopping Mall - 6.7 km / 4.2 mi <br /> Daren Sammy Cricket Ground - 7.3 km / 4.6 mi <br /> Splash Island Water Park Saint Lucia - 7.7 km / 4.8 mi <br /> Reduit Beach - 8 km / 5 mi <br /> Labrelotte Bay - 10.4 km / 6.5 mi <br /> </p><p>The nearest airports are:<br />Hewanorra Intl. Airport (UVF) - 69.2 km / 43 mi<br /> George F. L. Charles Airport (SLU) - 15.2 km / 9.4 mi<br /> </p><p></p>,"<p>HeadLine : In Gros Islet (Cap Estate)</p><p>Location : With a stay at this villa in Gros Islet (Cap Estate), you ll be a 3-minute drive from Sandals Golf and Country Club and 6 minutes from Pigeon Island National Park.  This villa is 3.2 mi (5.1 km) from Rodney Bay Marina and 5 mi (8 km) from Reduit Beach.</p><p>Rooms : Make yourself comfortable in your air-conditioned villa, featuring a refrigerator and a microwave. Complimentary wireless Internet access is available to keep you connected. The bathroom has a shower.Conveniences include a washer/dryer and an iron/ironing board, as well as a phone with free local calls.</p><p>Dining : At this villa, enjoy a satisfying meal at the restaurant. Quench your thirst with your favorite drink at the bar/lounge.</p><p>CheckIn Instructions : <ul>  <li>Extra-person charges may apply and vary depending on property policy</li><li>Government-issued photo identification and a credit card, debit card, or cash deposit may be required at check-in for incidental charges</li><li>Special requests are subject to availability upon check-in and may incur additional charges; special requests cannot be guaranteed</li><li>This property accepts credit cards and cash</li>  </ul></p><p>Special Instructions : There is no front desk at this property.</p>",,Dock Outdoor furniture Fully fenced Outdoor entertainment area Free WiFi Number of bars/lounges - 1 Designated smoking areas Barbecue grill(s) Number of outdoor pools - 1 Housekeeping on request Garden Free self parking Terrace,14.106569|-60.933736,1-7584849621,,
LC,St Lucia,113829,Cape Estate,5384098,Our Beachfront Villas,All,34 Becune  ,,"BeachFront Villa is one minute away from the beach and within a 2 mile radius of restaurants, Rodney Bay Marina, excursions, shopping outlets, nightlife and other nearby beaches. Free WiFi is available throughout the property.

The property has a fully equipped kitchen and living/dining room. Free private parking is also available at this villa.

Car hire is available at the property and the area is popular for golfing, horse riding and snorkeling. BeachFront Villa is nearby shopping malls, restaurants, beaches and nightlife excursions. The property is right next to Royalton Resort and offers day passes for surcharge.

Sainte-Luce is 42 km from BeachFront Villa, while Sainte-Anne is 39 km from the property. The nearest airport is George F L Charles Airport, 9 km from Our Beachfront Villas. Please inform BeachFront Villa in advance of your expected arrival time. You can use the Special Requests box when booking, or contact the property directly with the contact details provided in your confirmation.
Guests are required to show a photo identification and credit card upon check-in. Please note that all Special Requests are subject to availability and additional charges may apply.
Payment before arrival via bank transfer is required. The property will contact you after you book to provide instructions.
This property will not accommodate hen, stag or similar parties.
All Guest must sign Owners lease agreement in order to stay at the our property.

When 2 guests book this Villa, they will only have access to 1 room. In order to get access to the second room, a surcharge of $45 will be placed to the final price of reservation.
Managed by a private host",,Hiking BBQ facilities Car hire Diving Horse riding Snorkelling wifi Free WiFi Non-smoking throughout Air conditioning designated smoking area Sun terrace nightclub/dj shuttle service (additional charge) airport shuttle (additional charge) Beachfront Outdoor furniture grocery deliveries Picnic area parking on site Private parking wifi available in all areas Indoor play area secured parking Fruits sun loungers or beach chairs Parking Tennis Court Golf course (within 3 km) Garden Terrace Non-smoking rooms Airport shuttle Fishing babysitting/child services Laundry Barber/beauty shop Family rooms Casino Ironing service Free parking internet services Safety Deposit Box Massage children's playground Windsurfing Soundproof rooms Canoeing thermometers for guests provided by property face masks for guests available Beach Shuttle service use of cleaning chemicals that are effective against coronavirus linens  towels and laundry washed in accordance with local authority guidelines guest accommodation is disinfected between stays guest accommodation sealed after cleaning food can be delivered to guest accommodation staff follow all safety protocols as directed by local authorities shared stationery such as printed menus  magazines  pens  and paper removed hand sanitizer in guest accommodation and key areas process in place to check health of guests first aid kit available contactless check-in/check-out cashless payment available physical distancing rules followed mobile app for room service screens or physical barriers placed between staff and guests in appropriate areas property is cleaned by professional cleaning companies all plates  cutlery  glasses and other tableware have been sanitized guests have the option to cancel any cleaning services for their accommodation during their stay,14.09456|-60.95211,,,https://www.booking.com/hotel/lc/our-beachfront-villa.html
LC,St Lucia,113829,Cape Estate,5650961,Sephina Villa St Lucia Island Dream Holidays,All,Gros Islet  ,,"Situated in Cap Estate Cap Estate Gros Islet, an 8 minutes drive from Rodney Bay town center and 5 minutes drive from The town of Gros Islet, this air conditioned holiday home, features free WiFi and a patio. Free private parking is offered.

There is a seating area as well as a kitchen equipped with an oven in the apartment. A flat screen TV is provided in all 3 accommodations. For the Private Rooms, there is a refrigerator, microwave and electric kettle. Other facilities at Sephina Villa include a sun terrace. Massage services are offered, for an extra fee. Please inform Sephina Villa St Lucia Island Dream Holidays in advance of your expected arrival time. You can use the Special Requests box when booking, or contact the property directly with the contact details provided in your confirmation.
This property will not accommodate hen, stag or similar parties.
In response to Coronavirus (COVID-19), additional safety and sanitation measures are in effect at this property.
As a result of Coronavirus (COVID-19), this property has temporarily suspended its shuttle services.
Due to Coronavirus (COVID-19), this property is taking steps to help protect the safety of guests and staff. Certain services and amenities may be reduced or unavailable as a result.",,guests have the option to cancel any cleaning services for their accommodation during their stay delivered food is securely covered thermometers for guests provided by property face masks for guests available Parking Golf course (within 3 km) Garden Terrace Non-smoking rooms Airport shuttle Laundry Family rooms Free parking internet services Massage Hot tub/jacuzzi wifi Free WiFi Non-smoking throughout Air conditioning designated smoking area Private beach area Sun terrace Private check-in/check-out shuttle service (additional charge) airport shuttle (additional charge) parking on site Private parking wifi available in all areas Accessible parking Wine/champagne Outdoor furniture Spa lounge/relaxation area Full body massage Beach Shuttle service Smoke alarms Fire extinguishers use of cleaning chemicals that are effective against coronavirus linens  towels and laundry washed in accordance with local authority guidelines guest accommodation is disinfected between stays guest accommodation sealed after cleaning staff follow all safety protocols as directed by local authorities shared stationery such as printed menus  magazines  pens  and paper removed hand sanitizer in guest accommodation and key areas process in place to check health of guests first aid kit available cashless payment available physical distancing rules followed invoice provided all plates  cutlery  glasses and other tableware have been sanitized,14.0976|-60.94298,,,https://www.booking.com/hotel/lc/sephina-villa.html
LC,St Lucia,113829,Cape Estate,5651042,Beachfront Cottage,All,Bamboo Road  ,,"Featuring a garden, a terrace, and a restaurant, Beachfront Cottage features accommodation in Gros Islet with free WiFi and sea views. Boasting free private parking, the villa is in an area where guests can engage in activities such as hiking, windsurfing and fishing.

The air-conditioned villa consists of 1 bedroom, a living room, a fully equipped kitchen with a fridge and a kettle, and 2 bathrooms with a shower and free toiletries. Towels and bed linen are available in the villa.

The reception at the villa can provide tips on the area.

A childrens playground and barbecue facilities are available for guests at Beachfront Cottage to use.

Pigeon Island Beach is 1.5 km from the accommodation, while Smugglers Cove Beach is 2.7 km from the property. The nearest airport is George F. L. Charles, 12 km from Beachfront Cottage, and the property offers a paid airport shuttle service. Guests are required to show a photo identification and credit card upon check-in. Please note that all Special Requests are subject to availability and additional charges may apply.
This property will not accommodate hen, stag or similar parties.
Please Note: All Guests must sign Owners lease agreement in order to stay at the property. The property will contact you after you book to provide instructions.
Managed by a private host",,Parking Restaurant Room service 24-hour front desk Tennis Court Golf course (within 3 km) Garden Terrace Non-smoking rooms Airport shuttle Fishing Laundry Barber/beauty shop Family rooms Ironing service Free parking internet services express check-in/check-out Free WiFi Non-smoking throughout Air conditioning designated smoking area Sun terrace concierge service nightclub/dj shuttle service (additional charge) water sport facilities on site Safety Deposit Box children's playground Windsurfing Soundproof rooms Hiking BBQ facilities Car hire Diving Horse riding wifi contactless check-in/check-out cashless payment available physical distancing rules followed mobile app for room service screens or physical barriers placed between staff and guests in appropriate areas all plates  cutlery  glasses and other tableware have been sanitized guests have the option to cancel any cleaning services for their accommodation during their stay breakfast takeaway containers delivered food is securely covered thermometers for guests provided by property face masks for guests available airport shuttle (additional charge) Beachfront Evening entertainment Water park grocery deliveries parking on site Private parking wifi available in all areas secured parking airport pick up airport drop off Outdoor furniture Picnic area Beach Shuttle service CCTV in common areas CCTV outside property Fire extinguishers use of cleaning chemicals that are effective against coronavirus linens  towels and laundry washed in accordance with local authority guidelines guest accommodation is disinfected between stays guest accommodation sealed after cleaning physical distancing in dining areas food can be delivered to guest accommodation staff follow all safety protocols as directed by local authorities shared stationery such as printed menus  magazines  pens  and paper removed hand sanitizer in guest accommodation and key areas process in place to check health of guests first aid kit available,14.09532|-60.95182,,,https://www.booking.com/hotel/lc/beachfront-cottage-gros-islet.html
LC,St Lucia,113829,Cape Estate,5751104,Baydreams 1 bed 1 bath Condo,All,Gate Park Cap Estate  ,,"Boasting an outdoor swimming pool and a garden, Baydreams 1-bed/1-bath condo features accommodation in Gros Islet with access to free WiFi and sea views.

The apartment has 1 separate bedroom, 1 bathroom, a fully equipped kitchen with a dining area and oven, and a living room.

The apartment offers a balcony.

 Pigeon Island is 2 km from Baydreams 1-bed/1-bath condo, while Rodney Bay is 4 km from the property. This property will not accommodate hen, stag or similar parties.
Please inform Baydreams 1-bed/1-bath condo in advance of your expected arrival time. You can use the Special Requests box when booking, or contact the property directly with the contact details provided in your confirmation.
Managed by a private host",,Parking Golf course (within 3 km) Garden Non-smoking rooms Free parking internet services wifi Outdoor pool Free WiFi Non-smoking throughout Air conditioning Sun terrace outdoor pool (all year) parking on site Private parking wifi available in all areas Pool with view pool/beach towels Fence around pool Swimming pool,14.09091|-60.94732,,,https://www.booking.com/hotel/lc/100-2-bed-47-2-bath-condo.html
LC,St Lucia,113829,Cape Estate,6042357,Cap Estate Villa Pool Air Con Wifi,All,Imortel Drive  ,,"Boasting air-conditioned accommodation with a private pool, Cap Estate Villa Sleeps 2 Pool Air Con WiFi is set in Cap Estate. Located 1.7 km from Donkey Beach, the property provides an outdoor swimming pool and free private parking.

Featuring a DVD player, the villa has a kitchen with a microwave, a fridge and an oven, a living room, a dining area, 1 bedroom, and 1 bathroom with a bath or shower. A TV with cable channels is provided.

The nearest airport is George F. L. Charles Airport, 11 km from the villa. Guests are required to show a photo identification and credit card upon check-in. Please note that all Special Requests are subject to availability and additional charges may apply.
Please inform Cap Estate Villa Sleeps 2 Pool Air Con WiFi in advance of your expected arrival time. You can use the Special Requests box when booking, or contact the property directly with the contact details provided in your confirmation.
Payment before arrival via bank transfer is required. The property will contact you after you book to provide instructions.",,Parking Family rooms Free parking Outdoor pool Air conditioning outdoor pool (all year) parking on site Private parking Swimming pool,14.09894|-60.93401,,97227,https://www.booking.com/hotel/lc/cap-estate-villa-sleeps-2-pool-air-con-wifi.html
LC,St Lucia,113829,Cape Estate,6042364,Cap Estate Villa Pool Air Con Wifi,All,Unnamed Road  ,,"Boasting air-conditioned accommodation with a private pool, Cap Estate Villa Sleeps 4 Pool Air Con WiFi is situated in Cap Estate. Set 2.3 km from Donkey Beach, the property offers an outdoor swimming pool and free private parking.

Featuring a DVD player, the villa has a kitchen with a microwave, a fridge and an oven, a living room, a dining area, 2 bedrooms, and 2 bathrooms with a bath or shower. A TV with cable channels is featured.

The nearest airport is George F. L. Charles Airport, 10 km from the villa. Payment before arrival via bank transfer is required. The property will contact you after you book to provide instructions.
Please inform Cap Estate Villa Sleeps 4 Pool Air Con WiFi in advance of your expected arrival time. You can use the Special Requests box when booking, or contact the property directly with the contact details provided in your confirmation.
Guests are required to show a photo identification and credit card upon check-in. Please note that all Special Requests are subject to availability and additional charges may apply.",,Air conditioning Private parking Family rooms Outdoor pool outdoor pool (all year) Swimming pool Free parking Parking On-site parking,14.09584|-60.94004,,97227,https://www.booking.com/hotel/lc/cap-estate-villa-sleeps-4-pool-air-con-wifi.html
LC,St Lucia,113829,Cape Estate,6042451,Cap Estate Villa Pool Air Con Wifi,All,Unnamed Road  ,,"Featuring air-conditioned accommodation with a private pool, Cap Estate Villa Sleeps 8 Pool Air Con WiFi is set in Cap Estate. Situated 2.2 km from Donkey Beach, the property features an outdoor swimming pool and free private parking.

Boasting a DVD player, the villa has a kitchen with a microwave, a fridge and an oven, a living room, a dining area, 3 bedrooms, and 3 bathrooms with a bath or shower. A TV with cable channels is offered.

The nearest airport is George F. L. Charles Airport, 10 km from the villa. Payment before arrival via bank transfer is required. The property will contact you after you book to provide instructions.
Please inform Cap Estate Villa Sleeps 8 Pool Air Con WiFi in advance of your expected arrival time. You can use the Special Requests box when booking, or contact the property directly with the contact details provided in your confirmation.
Guests are required to show a photo identification and credit card upon check-in. Please note that all Special Requests are subject to availability and additional charges may apply.
A damage deposit of USD 875 is required. The host charges this 14 days before arrival. This will be collected by credit card. You should be reimbursed within 14 days of check-out. Your deposit will be refunded in full via credit card, subject to an inspection of the property.",,Air conditioning Free parking On-site parking Family rooms Parking Swimming pool Outdoor pool outdoor pool (all year) Private parking,14.09755|-60.93944,,97227,https://www.booking.com/hotel/lc/cap-estate-villa-sleeps-8-pool-air-con-wifi-cap-estate12.html
LC,St Lucia,113829,Cape Estate,6042459,Cap Estate Villa Pool Wifi,All,Unnamed Road  ,,"Featuring a private pool and pool views, Cap Estate Villa Sleeps 6 Pool WiFi is set in Cap Estate. Situated 2.4 km from Donkey Beach, the property features an outdoor swimming pool and free private parking.

Boasting a DVD player, the villa has a kitchen with a microwave, a fridge and an oven, a living room, a dining area, 3 bedrooms, and 3 bathrooms with a bath or shower. A TV with cable channels is available.

The nearest airport is George F. L. Charles Airport, 11 km from the villa. Payment before arrival via bank transfer is required. The property will contact you after you book to provide instructions.
Please inform Cap Estate Villa Sleeps 6 Pool WiFi in advance of your expected arrival time. You can use the Special Requests box when booking, or contact the property directly with the contact details provided in your confirmation.
Guests are required to show a photo identification and credit card upon check-in. Please note that all Special Requests are subject to availability and additional charges may apply.",,Parking Family rooms Free parking Outdoor pool outdoor pool (all year) parking on site Private parking Swimming pool,14.10347|-60.94,,97227,https://www.booking.com/hotel/lc/cap-estate-villa-sleeps-6-pool-wifi.html
LC,St Lucia,113829,Cape Estate,6042467,Cap Estate Villa Pool Air Con Wifi,All,Unnamed Road  ,,"Boasting air-conditioned accommodation with a private pool, Cap Estate Villa Sleeps 6 Pool Air Con WiFi is set in Cap Estate. Located 2.3 km from Pigeon Island Beach, the property provides an outdoor swimming pool and free private parking.

Featuring a DVD player, the villa has a kitchen with a microwave, a fridge and an oven, a living room, a dining area, 3 bedrooms, and 3 bathrooms with a bath or shower. A TV with cable channels is provided.

The nearest airport is George F. L. Charles Airport, 11 km from the villa. Please inform Cap Estate Villa Sleeps 6 Pool Air Con WiFi in advance of your expected arrival time. You can use the Special Requests box when booking, or contact the property directly with the contact details provided in your confirmation.
Payment before arrival via bank transfer is required. The property will contact you after you book to provide instructions.
Guests are required to show a photo identification and credit card upon check-in. Please note that all Special Requests are subject to availability and additional charges may apply.",,Outdoor pool Private parking Swimming pool outdoor pool (all year) Air conditioning Parking Family rooms Free parking On-site parking,14.10716|-60.94665,,97227,https://www.booking.com/hotel/lc/cap-estate-villa-sleeps-6-pool-air-con-wifi.html
LC,St Lucia,113829,Cape Estate,6042483,Cap Estate Villa 0 Pool Air Con Wifi,All,Unnamed Road  ,,"Featuring air-conditioned accommodation with a private pool, Cap Estate Villa Sleeps 10 Pool Air Con WiFi is set in Cap Estate. Situated 2.3 km from Pigeon Island Beach, the property features an outdoor swimming pool and free private parking.

Boasting a DVD player, the villa has a kitchen with a microwave, a fridge and an oven, a living room, a dining area, 5 bedrooms, and 4 bathrooms with a bath or shower. A TV with cable channels is available.

The nearest airport is George F. L. Charles Airport, 11 km from the villa. Please inform Cap Estate Villa Sleeps 10 Pool Air Con WiFi in advance of your expected arrival time. You can use the Special Requests box when booking, or contact the property directly with the contact details provided in your confirmation.
Payment before arrival via bank transfer is required. The property will contact you after you book to provide instructions.
Guests are required to show a photo identification and credit card upon check-in. Please note that all Special Requests are subject to availability and additional charges may apply.",,outdoor pool (all year) Parking Air conditioning Family rooms Private parking Free parking On-site parking Outdoor pool Swimming pool,14.10739|-60.94605,,97227,https://www.booking.com/hotel/lc/cap-estate-villa-sleeps-10-pool-air-con-wifi.html
LC,St Lucia,113829,Cape Estate,6042499,Cap Estate Villa 0 Pool Air Con Wifi,All,Unnamed Road  ,,"Featuring air-conditioned accommodation with a private pool, Cap Estate Villa Sleeps 10 Pool Air Con WiFi is set in Cap Estate. Situated 2.3 km from Donkey Beach, the property features an outdoor swimming pool and free private parking.

Boasting a DVD player, the villa has a kitchen with a microwave, a fridge and an oven, a living room, a dining area, 5 bedrooms, and 4 bathrooms with a bath or shower. A TV with cable channels is offered.

The nearest airport is George F. L. Charles Airport, 10 km from the villa. Guests are required to show a photo identification and credit card upon check-in. Please note that all Special Requests are subject to availability and additional charges may apply.
Please inform Cap Estate Villa Sleeps 10 Pool Air Con WiFi in advance of your expected arrival time. You can use the Special Requests box when booking, or contact the property directly with the contact details provided in your confirmation.
Payment before arrival via bank transfer is required. The property will contact you after you book to provide instructions.",,Free parking On-site parking Air conditioning Parking Private parking Outdoor pool Family rooms outdoor pool (all year) Swimming pool,14.09771|-60.93968,,97227,https://www.booking.com/hotel/lc/cap-estate-villa-sleeps-10-pool-air-con-wifi-cap-estate.html
LC,St Lucia,113829,Cape Estate,6042507,Cap Estate Villa Pool Air Con Wifi,All,Unnamed Road  ,,"Boasting air-conditioned accommodation with a private pool, Cap Estate Villa Sleeps 2 Pool Air Con WiFi is set in Cap Estate. Located 1.7 km from Donkey Beach, the property provides an outdoor swimming pool and free private parking.

Featuring a DVD player, the villa has a kitchen with a microwave, a fridge and an oven, a living room, a dining area, 1 bedroom, and 1 bathroom with a bath or shower. A TV with cable channels is provided.

The nearest airport is George F. L. Charles Airport, 11 km from the villa. Guests are required to show a photo identification and credit card upon check-in. Please note that all Special Requests are subject to availability and additional charges may apply.
Please inform Cap Estate Villa Sleeps 2 Pool Air Con WiFi in advance of your expected arrival time. You can use the Special Requests box when booking, or contact the property directly with the contact details provided in your confirmation.
Payment before arrival via bank transfer is required. The property will contact you after you book to provide instructions.",,Parking Family rooms Free parking Outdoor pool Air conditioning outdoor pool (all year) parking on site Private parking Swimming pool,14.09894|-60.93401,,97227,https://www.booking.com/hotel/lc/cap-estate-villa-sleeps-2-pool-air-con-wifi.html
LC,St Lucia,113829,Cape Estate,6042515,Cap Estate Villa Pool Air Con Wifi,All,Unnamed Road  ,,"Set in Cap Estate, Cap Estate Villa Sleeps 8 Pool Air Con WiFi features accommodation with a private pool. With pool views, this accommodation offers a swimming pool.

This villa is fitted with 4 bedrooms, a kitchen, a TV, a seating area and 4 bathrooms with a bath or shower. Payment before arrival via bank transfer is required. The property will contact you after you book to provide instructions.
Guests are required to show a photo identification and credit card upon check-in. Please note that all Special Requests are subject to availability and additional charges may apply.
Please inform Cap Estate Villa Sleeps 8 Pool Air Con WiFi in advance of your expected arrival time. You can use the Special Requests box when booking, or contact the property directly with the contact details provided in your confirmation.",,Outdoor pool Air conditioning Private parking Parking On-site parking outdoor pool (all year) Swimming pool Family rooms Free parking,14.10433|-60.94038,,97227,https://www.booking.com/hotel/lc/cap-estate-villa-sleeps-8-pool-air-con-wifi-cap-estate123.html
LC,St Lucia,113829,Cape Estate,6042523,Cap Estate Villa Pool Air Con Wifi,All,Unnamed Road  ,,"Boasting air-conditioned accommodation with a private pool, Cap Estate Villa Sleeps 6 Pool Air Con WiFi is situated in Cap Estate. Located 2.7 km from Donkey Beach, the property provides an outdoor swimming pool and free private parking.

Featuring a DVD player, the villa has a kitchen with a microwave, a fridge and an oven, a living room, a dining area, 3 bedrooms, and 3 bathrooms with a bath or shower. A TV with cable channels is provided.

The nearest airport is George F. L. Charles Airport, 11 km from the villa. Payment before arrival via bank transfer is required. The property will contact you after you book to provide instructions.
Guests are required to show a photo identification and credit card upon check-in. Please note that all Special Requests are subject to availability and additional charges may apply.
Please inform Cap Estate Villa Sleeps 6 Pool Air Con WiFi in advance of your expected arrival time. You can use the Special Requests box when booking, or contact the property directly with the contact details provided in your confirmation.
A damage deposit of USD 2388.4 is required. The host charges this 14 days before arrival. This will be collected by credit card. You should be reimbursed within 14 days of check-out. Your deposit will be refunded in full via credit card, subject to an inspection of the property.",,Outdoor pool On-site parking Parking Private parking Swimming pool Free parking Family rooms Air conditioning outdoor pool (all year),14.10379|-60.9421,,97227,https://www.booking.com/hotel/lc/cap-estate-villa-sleeps-6-pool-air-con-wifi-cap-estate.html
