countyCode,countyName,cityCode,cityName,HotelCode,HotelName,HotelRating,Address,Attractions,Description,FaxNumber,HotelFacilities,Map,PhoneNumber,PinCode,HotelWebsiteUrl
CH,Switzerland,100008,Aarau,1090143,Traube,All,Hauptstrasse 58 5024 Küttigen ,,"Set in Küttigen, within 41 km of Roman Town of Augusta Raurica and 49 km of Schaulager, Speiserestaurant Traube offers accommodation with a restaurant and free WiFi as well as free private parking for guests who drive. The property is around 49 km from Kunstmuseum Basel, 49 km from Badischer Bahnhof and 50 km from Museum Rietberg. The property is non-smoking and is located 49 km from Bahnhofstrasse.

At the hotel, every room comes with a desk and a flat-screen TV. At Speiserestaurant Traube every room includes bed linen and towels.

Guests at the accommodation can enjoy a continental breakfast.

Basel SBB is 50 km from Speiserestaurant Traube. The nearest airport is Zurich Airport, 55 km from the hotel. Please note that the restaurant is closed on Mondays. Front desk staff is only available on request on Mondays.",,Non-smoking rooms meeting/banquet facilities Pets allowed Restaurant Parking staff follow all safety protocols as directed by local authorities Fire extinguishers Key access Private parking parking on site vending machine (snacks) vending machine (drinks) Non-smoking throughout Free WiFi wifi Heating Hiking internet services Free parking,47.41699|8.04728,+41628271767,5024,https://www.booking.com/hotel/ch/speiserestaurant-traube.html
CH,Switzerland,100008,Aarau,1219902,Sorell Hotel Argovia,ThreeStar,"KASERNENSTRASSE, 24 AARAU ",,"The Sorell Hotel Aargau is located just 100 meters from the Aarau Train Station and 5 minutes walk from the picturesque Old Town. The hotel's attentive staff can provide information about what to see and do in the picturesque canton Aargau. The Naturama Museum and Aargau Kunsthaus art center is a 10 minute walk. National bicycle routes 3, 5 and 8 go through the next door.",,Hotel TV Cable TV 220V power supply Minibar Central heating Safe Desk Laundry service Hotel safe Currency exchange facilities Lift access Non-smoking area Breakfast American Express EC JCB Diners Club MasterCard Visa Maestro Visa Electrón EuroCard Bathroom Shower Bathtub Hairdryer Toiletries Direct dial telephone,47.39215|8.049115,,5001,www.hotelargovia.ch
CH,Switzerland,100008,Aarau,1231502,Sorell Hotel Aarauerhof,ThreeStar,Bahnhofplatz 2 5000 Aarau ,Distances are displayed to the nearest 0.1 mile and kilometer. <br /> <p>Naturama Aargau Museum - 0.1 km / 0.1 mi <br /> Kasino Park - 0.4 km / 0.2 mi <br /> Aargau Art Museum - 0.5 km / 0.3 mi <br /> Aarau Church - 0.8 km / 0.5 mi <br /> Aargau Jura Park - 1.3 km / 0.8 mi <br /> Aargauer Kunsthaus - 1.5 km / 0.9 mi <br /> Pfarrkirche Heilig Geist Suhr - 2.5 km / 1.5 mi <br /> Suhr Museum - 3.2 km / 2 mi <br /> Chocolat Frey - 3.7 km / 2.3 mi <br /> Jura Crest Trail - 6.9 km / 4.3 mi <br /> Wildegg Castle - 11.5 km / 7.2 mi <br /> Kraftreaktor - 12.4 km / 7.7 mi <br /> University of Applied Sciences and Arts Northwestern Switzerland - 13 km / 8.1 mi <br /> Lenzburg Castle - 13.3 km / 8.3 mi <br /> Kunstmuseum Olten - 14.1 km / 8.8 mi <br /> </p><p>The nearest airports are:<br />Zurich Airport (ZRH) - 51.1 km / 31.7 mi<br /> EuroAirport Airport (BSL) - 62.5 km / 38.9 mi<br /> Mulhouse (MLH-EuroAirport) - 62.5 km / 38.8 mi<br /> </p><p></p>,"<p>HeadLine : Near Naturama Aargau Museum</p><p>Location : A stay at Aarauerhof - Self Check-in  places you in the heart of Aarau, steps from Naturama Aargau Museum and 4 minutes by foot from Kasino Park.  This hotel is 0.3 mi (0.5 km) from Aargau Art Museum and 0.6 mi (0.9 km) from Aarau Church.</p><p>Rooms : Make yourself at home in one of the 77 guestrooms. Complimentary wireless Internet access is available to keep you connected. Private bathrooms have complimentary toiletries and hair dryers. Conveniences include safes and desks, and housekeeping is provided daily.</p><p>Dining : A complimentary continental breakfast is served on weekdays from 6:30 AM to 9:30 AM.</p><p>CheckIn Instructions : <ul>  <li>Extra-person charges may apply and vary depending on property policy</li><li>Government-issued photo identification and a credit card, debit card, or cash deposit may be required at check-in for incidental charges</li><li>Special requests are subject to availability upon check-in and may incur additional charges; special requests cannot be guaranteed</li><li>This property accepts credit cards; cash is not accepted</li><li>Safety features at this property include a smoke detector and a first aid kit</li>  </ul></p><p>Special Instructions : There is no front desk at this property. Guests will receive an email 24 hours before arrival with check-in instructions. Guests can access their accommodation through a private entrance.</p>",41-62-8378400,Change of towels (on request) Upper floors accessible by stairs only Safe-deposit box at front desk Smoke-free property Wheelchair accessible  no Free breakfast Express check-out Express check-in Change of bed sheets (on request) Free continental breakfast Free WiFi,47.391711|8.050343,41-62-8378300,5001,http://www.aarauerhof.ch
CH,Switzerland,100008,Aarau,1493065,Hotel Kettenbrücke,FourStar,Zollrain 16 5000 Aarau ,Distances are displayed to the nearest 0.1 mile and kilometer. <br /> <p>Aarau Church - 0.2 km / 0.1 mi <br /> Kasino Park - 0.3 km / 0.2 mi <br /> Aargau Art Museum - 0.6 km / 0.3 mi <br /> Aargau Jura Park - 0.9 km / 0.5 mi <br /> Naturama Aargau Museum - 0.9 km / 0.6 mi <br /> Aargauer Kunsthaus - 2 km / 1.3 mi <br /> Pfarrkirche Heilig Geist Suhr - 3 km / 1.9 mi <br /> Suhr Museum - 3.8 km / 2.3 mi <br /> Chocolat Frey - 4.4 km / 2.7 mi <br /> Jura Crest Trail - 7.4 km / 4.6 mi <br /> Wildegg Castle - 12.6 km / 7.8 mi <br /> University of Applied Sciences and Arts Northwestern Switzerland - 13 km / 8.1 mi <br /> Kraftreaktor - 13.5 km / 8.4 mi <br /> Kunstmuseum Olten - 14.1 km / 8.8 mi <br /> Lenzburg Castle - 14.4 km / 8.9 mi <br /> </p><p>The nearest airports are:<br />Zurich Airport (ZRH) - 52 km / 32.3 mi<br /> EuroAirport Airport (BSL) - 63 km / 39.1 mi<br /> Mulhouse (MLH-EuroAirport) - 62.9 km / 39.1 mi<br /> </p><p>The preferred airport for Hotel Kettenbrücke is Zurich Airport (ZRH). </p>,"<p>HeadLine : Near Aarau Church</p><p>Location : A stay at Hotel Kettenbrücke places you in the heart of Aarau, within a 5-minute walk of Aarau Church and Kasino Park.  This 4-star hotel is 0.3 mi (0.6 km) from Aargau Art Museum and 0.6 mi (1 km) from Naturama Aargau Museum.</p><p>Rooms : Make yourself at home in one of the 27 guestrooms featuring espresso makers and flat-screen televisions. Complimentary wireless Internet access keeps you connected, and cable programming is available for your entertainment. Private bathrooms with bathtubs or showers feature rainfall showerheads and complimentary toiletries. Conveniences include safes and desks, as well as phones with free local calls.</p><p>Dining : Enjoy a meal at Hotel Zollhuus, or stay in and take advantage of the hotel s room service (during limited hours). A complimentary local cuisine breakfast is served on weekdays from 6:30 AM to 9:30 AM and on weekends from 7:30 AM to 10:00 AM.</p><p>CheckIn Instructions : <ul>  <li>Extra-person charges may apply and vary depending on property policy</li><li>Government-issued photo identification and a credit card, debit card, or cash deposit may be required at check-in for incidental charges</li><li>Special requests are subject to availability upon check-in and may incur additional charges; special requests cannot be guaranteed</li><li>This property accepts credit cards, debit cards, and cash</li><li>Long-term renters welcome</li><li>Safety features at this property include a fire extinguisher, a smoke detector, and a first aid kit</li>  </ul></p><p>Special Instructions : The front desk is open during the following times:<ul><li>Monday - Friday: 6:30 AM - 10:00 PM</li></ul> <ul><li>Saturday - Saturday: 7:30 AM - 8:00 PM</li></ul>To make arrangements for check-in please contact the property at least 24 hours before arrival using the information on the booking confirmation. Guests will receive an email 72 hours before arrival with check-in instructions and lockbox information. Front desk staff will greet guests on arrival. At check-in, guests must provide either a negative COVID-19 test result or a record of full COVID-19 vaccination. The negative COVID-19 test result requirement applies to all guests aged 16 and up, and test must have been administered no more than 48 hours prior to check-in. COVID-19 vaccination record requirement applies to all guests aged 16 and up; guests must have received complete vaccination at least 14 days prior to check-in.</p>",41-62-8381819,Dry cleaning/laundry service Distance from property (meters) - 50 Wheelchair accessible (may have limitations) Food and water bowls Meeting rooms Free WiFi Bicycle parking available In-room accessibility (in select rooms) Free newspapers in lobby Roll-in shower (in select rooms) Tours/ticket assistance Accessible bathroom (in select rooms) Rooftop terrace Luggage storage Distance from property (ft) - 164 Free breakfast Multilingual staff Free breakfast (local cuisine) Daily Safe-deposit box at front desk Smoke-free property Laundry facilities elevator Terrace,47.39431|8.0429,41-62-8381818,5000,https://www.hotelkettenbruecke.ch/de/home
CH,Switzerland,100008,Aarau,5246232,Gasthof Zum SchÜtzen,All,Schachenallee 39  ,,"Gasthof zum Schützen offers a restaurant, free WiFi access, and free parking on site, 600 metres from the centre of Aarau and 1 km from the train station.

All rooms come with a flat-screen TV with cable channels and a bathroom with a shower or bath and a hairdryer.

The restaurant on site serves traditional and seasonal dishes. A buffet breakfast is also available at Gasthof zum Schützen.

The Ifang Bus Stop is 50 metres away and upon request, a shuttle service can be arranged for a surcharge. The Aare River and a public pool are reachable within a 5-minute walk. It is 50 km to Zurich. Please inform Gasthof zum Schützen in advance of your expected arrival time. You can use the Special Requests box when booking, or contact the property directly with the contact details provided in your confirmation.
In response to Coronavirus (COVID-19), additional safety and sanitation measures are in effect at this property.
Due to Coronavirus (COVID-19), this property is taking steps to help protect the safety of guests and staff. Certain services and amenities may be reduced or unavailable as a result.
Bar is closed from Tue 22 Dec 2020 until Fri 22 Jan 2021
Please note that between January 6th and January 8th the kitchen is going to be refurbished and there may occur construction noise also during the night.
Therefore the restaurant remains closed on January 7th and January 8th",+41(0)628220053,Parking Restaurant Pets allowed Bar Garden Terrace Non-smoking rooms Laundry Family rooms Ironing service internet services express check-in/check-out Billiards Table tennis Packed lunches Cycling Bowling Tour desk Heating Fax/photocopying Squash wifi Free WiFi Non-smoking throughout designated smoking area Sun terrace Special diet menus (on request) parking on site wifi available in all areas Parking garage electric vehicle charging station Wine/champagne coffee house on site Outdoor furniture temporary art galleries Walking tours Bike tours Live music/performance staff follow all safety protocols as directed by local authorities hand sanitizer in guest accommodation and key areas cashless payment available physical distancing rules followed delivered food is securely covered,47.38875|8.03991,07736 279,5000,https://www.booking.com/hotel/ch/gasthof-zum-scha1-4tzen-ag.html
CH,Switzerland,100431,Aarberg,1290683,Hotel Restaurant Krone,ThreeStar,Stadtplatz 29 3270 AarbergBern ,,"Located in the very heart of the medieval town of Aarberg, Hotel-Restaurant Krone is only 200 metres from the Main Train and Bus Station. It offers a rich breakfast buffet.

All comfortable rooms provide a private bathroom, cable TV and a work desk.

Guests can enjoy Swiss and international cuisine either indoors or on the lovely sun terrace. A wide range of international wines is also served at the Krone.

Aarberg is an ideal starting point for hiking, mountain biking or bathing in the Lake Biel, which is 8 km away. The city of Bern is 30 km from the Hotel-Restaurant Krone.

Parking is free of charge at the Krone.",+41323919965,Hiking Packed lunches Cycling Tour desk Heating Fax/photocopying Luggage storage wifi Allergy-free room Free WiFi ATM/cash machine on site Special diet menus (on request) vending machine (drinks) vending machine (snacks) minimarket on site Daily housekeeping Private parking wifi available in all areas Parking Restaurant Pets allowed meeting/banquet facilities Terrace Non-smoking rooms Laundry Facilities for disabled guests Barber/beauty shop Family rooms Ironing service Free parking internet services lift Safety Deposit Box staff follow all safety protocols as directed by local authorities hand sanitizer in guest accommodation and key areas process in place to check health of guests first aid kit available contactless check-in/check-out cashless payment available physical distancing rules followed screens or physical barriers placed between staff and guests in appropriate areas all plates  cutlery  glasses and other tableware have been sanitized guests have the option to cancel any cleaning services for their accommodation during their stay Kid meals Kid-friendly buffet Tour or class about local culture Smoke alarms Fire extinguishers linens  towels and laundry washed in accordance with local authority guidelines guest accommodation is disinfected between stays physical distancing in dining areas,47.04403|7.27603,(41) 323919966,3270,https://www.booking.com/hotel/ch/restaurant-krone-aarberg.html
CH,Switzerland,100543,Aarburg,5001195,Holiday Inn Express Aarburg - Oftringen,ThreeStar,"Bernstrasse 4, 4665 Oftringen, Switzerland  ",Distances are displayed to the nearest 0.1 mile and kilometer. <br /> <p>University of Applied Sciences and Arts Northwestern Switzerland - 5.8 km / 3.6 mi <br /> Kunstmuseum Olten - 6.1 km / 3.8 mi <br /> Naturmuseum Olten - 6.3 km / 3.9 mi <br /> Jura Crest Trail - 12.2 km / 7.6 mi <br /> Jura World of Coffee - 15.6 km / 9.7 mi <br /> Suhr Museum - 17.9 km / 11.1 mi <br /> Evangelical Reformed Church - 18 km / 11.2 mi <br /> Thal Nature Park - 18.1 km / 11.2 mi <br /> Aargauer Kunsthaus - 18.1 km / 11.3 mi <br /> Langenthal Deer Park - 18.2 km / 11.3 mi <br /> Museum Langenthal - 18.2 km / 11.3 mi <br /> Aargau Art Museum - 18.2 km / 11.3 mi <br /> Kasino Park - 18.4 km / 11.5 mi <br /> Pfarrkirche Heilig Geist Suhr - 18.6 km / 11.6 mi <br /> Aarau Church - 18.7 km / 11.6 mi <br /> </p><p>The nearest airports are:<br />EuroAirport Airport (BSL) - 59.4 km / 36.9 mi<br /> Mulhouse (MLH-EuroAirport) - 60.1 km / 37.3 mi<br /> </p><p></p>,"<p>HeadLine : In Oftringen</p><p>Location : With a stay at Holiday Inn Express Aarburg - Oftringen, an IHG Hotel in Oftringen, you ll be within a 10-minute drive of University of Applied Sciences and Arts Northwestern Switzerland and Kunstmuseum Olten.  This hotel is 3.9 mi (6.3 km) from Naturmuseum Olten and 7.6 mi (12.2 km) from Jura Crest Trail.</p><p>Rooms : Make yourself at home in one of the 80 air-conditioned rooms featuring flat-screen televisions. Complimentary wireless Internet access keeps you connected, and cable programming is available for your entertainment. Bathrooms have showers and hair dryers. Conveniences include phones and irons/ironing boards, and housekeeping is provided daily.</p><p>Dining : A complimentary continental breakfast is served daily.</p><p>CheckIn Instructions : <ul>  <li>Extra-person charges may apply and vary depending on property policy</li><li>Government-issued photo identification and a credit card, debit card, or cash deposit may be required at check-in for incidental charges</li><li>Special requests are subject to availability upon check-in and may incur additional charges; special requests cannot be guaranteed</li><li>This property accepts credit cards and cash</li><li>Safety features at this property include a smoke detector and window guards</li><li>Please note that cultural norms and guest policies may differ by country and by property; the policies listed are provided by the property</li>  </ul></p><p>Special Instructions : Front desk staff will greet guests on arrival.  Guests booked in breakfast included rate plans receive breakfast for up to 2 adults who are sharing a guestroom. Breakfast fees apply for additional guests. Guests booked in dinner included rate plans receive dinner for up to 2 adults who are sharing a guestroom. Dinner fees apply for additional guests.</p>",,Hair salon Uncovered parking Wheelchair accessible (may have limitations) Vending machine Wheelchair-accessible path to elevator Free wired Internet Wheelchair-accessible registration desk Free WiFi In-room accessibility (in select rooms) Wheelchair accessible parking Tours/ticket assistance Free continental breakfast Wheelchair-accessible lounge Luggage storage Wheelchair-accessible on-site restaurant Free breakfast Visual alarms in hallways Business center Handrails in stairways 24-hour front desk Daily Safe-deposit box at front desk elevator Free self parking ATM/banking,47.31198|7.916609,41-627-877880,4665,
CH,Switzerland,100764,Abtwil,1315930,Hotel Säntispark,FourStar,Wiesenbachstrasse 5 Abtwil 9030 AbtwilSt.Gallen ,,"Overlooking Säntis Mountain, a 10-minute drive from Sankt Gallen, Hotel Säntispark offers elegantly furnished rooms and free WiFi access.

The Säntispark Hotels restaurant Schnabelweid offers a fine selection of regional specialities and Swiss cuisine. Il Ristorante Uliveto serves creative Italian cuisine. Guests can enjoy wine, cocktails and appetizers in the hotels lounge bar.

The rooms are spacious and have a flat-screen TV and with an information channel and a video-on-demand option. Individually adjustable air conditioning and a large seating area are also provided in each room.

The large public spa area can be used for free and includes a modern childrens adventure world, a wave pool, a large indoor- and outdoor area, a hot tub and various saunas and steam baths. Here guests can choose from a number of massage and beauty treatments. Guests can also play badminton, squash, tennis, bowling and table tennis on site for an additional charge.

Located in the village of Abtwil, the hotel is a 2-minute drive from the A1 motorway (exit 80, St. Gallen-Winkeln-Abtwil). Säntispark Bus Stop is 50 metres from the hotel, and buses to St. Gallen, a 20-minute drive away, leave every 10 minutes (line no. 7). Food & beverage services at this property may be limited or unavailable due to Coronavirus (COVID-19).
In response to Coronavirus (COVID-19), additional safety and sanitation measures are in effect at this property.
Please note that the public spa area is located in an adjacent building, about 100 metres from the hotel.",41713131113,Spa lounge/relaxation area Spa/wellness packages Fitness fitness/spa locker rooms kids' pool Parking Restaurant Pets allowed Room service meeting/banquet facilities Bar 24-hour front desk Tennis Court Sauna Fitness centre Garden Terrace Non-smoking rooms Airport shuttle Laundry Facilities for disabled guests Skiing Barber/beauty shop Family rooms Games room breakfast in the room Ironing service internet services lift express check-in/check-out Solarium Safety Deposit Box Currency exchange Spa and wellness centre Massage children's playground Billiards Table tennis Darts Hot tub/jacuzzi Soundproof rooms Hiking Packed lunches Cycling Bowling hammam Heating Fax/photocopying Squash Luggage storage wifi Mini golf Allergy-free room Indoor pool Outdoor pool Free WiFi Non-smoking throughout Air conditioning ATM/cash machine on site outdoor pool (all year) indoor pool (all year) concierge service ski equipment hire on site Special diet menus (on request) airport shuttle (additional charge) minimarket on site Water park Daily housekeeping parking on site wifi available in all areas Open-air bath water slide Kid meals Parking garage electric vehicle charging station Accessible parking Wine/champagne airport pick up airport drop off Pet bowls Spa Facilities Steam room hand sanitizer in guest accommodation and key areas staff follow all safety protocols as directed by local authorities food can be delivered to guest accommodation physical distancing in dining areas guest accommodation is disinfected between stays linens  towels and laundry washed in accordance with local authority guidelines use of cleaning chemicals that are effective against coronavirus Swimming pool Fire extinguishers CCTV outside property CCTV in common areas Smoke alarms Security alarm Key card access Live sport events (broadcast) Live music/performance Tour or class about local culture Walking tours Movie nights Swimming pool face masks for guests available thermometers for guests provided by property delivered food is securely covered breakfast takeaway containers guests have the option to cancel any cleaning services for their accommodation during their stay all plates  cutlery  glasses and other tableware have been sanitized property is cleaned by professional cleaning companies screens or physical barriers placed between staff and guests in appropriate areas mobile app for room service physical distancing rules followed cashless payment available contactless check-in/check-out first aid kit available,47.4175|9.31447,41 71 3131111,9030,https://www.booking.com/hotel/ch/santispark.html
CH,Switzerland,100764,Abtwil,1316065,Landgasthof Santisblick,ThreeStar,Grimm 27 9030 Abtwil ,Distances are calculated in a straight line from the property&apos;s location to the point of interest or attraction  and may not reflect actual travel distance. &lt;br /&gt;&lt;br /&gt; Distances are displayed to the nearest 0.1 mile and kilometer. &lt;p&gt;Walter Zoo - 2.4 km / 1.5 mi &lt;br /&gt;AFG Arena - 2.4 km / 1.5 mi &lt;br /&gt;Red Square - 4.8 km / 3 mi &lt;br /&gt;University of St. Gallen - 4.8 km / 3 mi &lt;br /&gt;Textile Museum - 4.8 km / 3 mi &lt;br /&gt;Abbey Library of Saint Gall - 5 km / 3.1 mi &lt;br /&gt;St. Laurenzen Church - 5 km / 3.1 mi &lt;br /&gt;Abbey of St.  Gall - 5.1 km / 3.2 mi &lt;br /&gt;St. Gallen Small Theater - 5.1 km / 3.2 mi &lt;br /&gt;Beer Bottle Museum - 5.2 km / 3.2 mi &lt;br /&gt;Theater St. Gallen - 5.3 km / 3.3 mi &lt;br /&gt;Grand Casino St. Gallen - 5.3 km / 3.3 mi &lt;br /&gt;St. Gallen Trade Fair - 5.7 km / 3.6 mi &lt;br /&gt;Three Ponds - 6.2 km / 3.8 mi &lt;br /&gt;Wildpark Peter and Paul - 6.3 km / 3.9 mi &lt;br /&gt;&lt;/p&gt;&lt;p&gt;The nearest airports are:&lt;br /&gt;Altenrhein (ACH-St. Gallen - Altenrhein) - 19.3 km / 12 mi&lt;br /&gt;Friedrichshafen (FDH-Friedrichshafen - Lake Constance) - 31.4 km / 19.5 mi&lt;br /&gt;Zurich (ZRH) - 56.3 km / 35 mi&lt;br /&gt;&lt;/p&gt;&lt;p&gt;The preferred airport for Landgasthof Säntisblick is Zurich (ZRH). &lt;/p&gt;,"<p><b>Property Location</b> <br />Located in Gaiserwald (Abtwil), Landgasthof Säntisblick is convenient to Walter Zoo and AFG Arena.  This hotel is within close proximity of Red Square and University of St. Gallen.</p><p><b>Rooms</b> <br />Make yourself at home in one of the 12 guestrooms. Complimentary wired and wireless Internet access keeps you connected, and cable programming provides entertainment. Private bathrooms have complimentary toiletries and hair dryers. Conveniences include complimentary newspapers and complimentary bottled water, and housekeeping is provided daily.</p><p><b>Amenities</b> <br />Take in the views from a rooftop terrace and a garden and make use of amenities such as complimentary wireless Internet access.</p><p><b>Dining</b> <br />Grab a bite to eat at the hotel''s restaurant, which features a bar, or stay in and take advantage of room service (during limited hours). Quench your thirst with your favorite drink at a bar/lounge.</p><p><b>Business, Other Amenities</b> <br />Featured amenities include complimentary high-speed (wired) Internet access, express check-in, and express check-out. Planning an event in Gaiserwald? This hotel has 1076 square feet (100 square meters) of space consisting of conference space and meeting rooms. Free self parking is available onsite.</p>",+41713132526,Meeting rooms Private bathrooms Restaurant coffee shop Safety Deposit Box American Express Free Internet access Free Wireless Internet access Pets allowed Cable / Satellite Television Bottled Water JCB Card Free self parking Free Wireless Internet access (inroom) Cribs Available Bar / Lounge Television Concierge Desk Visa MasterCard Rooftop terrace Diners Club Carte Blanche Breakfast available (surcharge) Free cribs/infant beds 24 Hour Front Desk Tour desk Toiletries Free Newspaper Self Laundry No elevators Luggage storage Hairdryer Discover Express Check In / Check Out Conference Facilites Garden,47.43008352|9.31045199,(41) 713132525,9030,http://www.saentis-blick.ch
CH,Switzerland,100229,Acquarossa,5271419,Chalet Casa Victoria,All,Zona Cumiasca 13A Acquarossa  ,,"Chalet Casa Victoria offers accommodation in Leontica.

There is a dining area and a kitchen complete with a dishwasher, an oven and toaster. A TV with satellite channels is available.

Lugano is 50 km from Chalet Casa Victoria, while Locarno is 33 km from the property. The nearest airport is Agno Airport, 146 km from Chalet Casa Victoria. Please inform Chalet Casa Victoria in advance of your expected arrival time. You can use the Special Requests box when booking, or contact the property directly with the contact details provided in your confirmation.
This property will not accommodate hen, stag or similar parties.
In response to Coronavirus (COVID-19), additional safety and sanitation measures are currently in effect at this property.",,Private parking Hot tub/jacuzzi property is cleaned by professional cleaning companies Non-smoking throughout Free parking physical distancing rules followed staff follow all safety protocols as directed by local authorities contactless check-in/check-out Sauna Terrace wifi Parking guest accommodation is disinfected between stays Garden internet services On-site parking use of cleaning chemicals that are effective against coronavirus Family rooms wifi available in all areas paid wifi cashless payment available Pets allowed Non-smoking rooms linens  towels and laundry washed in accordance with local authority guidelines invoice provided,46.45037|8.9261,,6722,https://www.booking.com/hotel/ch/chalet-casa-victoria.html
CH,Switzerland,100229,Acquarossa,5595721,Apartment Zenkei,FourStar,Zona Leontica Paese 51G 6716 Leontica Switzerland Vogorno  ,,"Set 40 km from Bellinzona Train Station, 40 km from Three Castles of Bellinzona and 40 km from Castelgrande Castle, Apartment Zenkei offers accommodation located in Leontica. Complimentary WiFi is featured throughout the property and private parking is available on site.

Offering a terrace with mountain views, this apartment also has a TV, a well-equipped kitchen with a fridge, a dishwasher and an oven, as well as 1 bathroom with a bath and a hairdryer.

If you would like to discover the area, skiing and cycling are possible in the surroundings.

Social Theatre of Bellinzona is 40 km from the apartment, while Castello di Montebello is 41 km away. The nearest airport is Milan Malpensa Airport, 129 km from Apartment Zenkei. Please inform Apartment Zenkei in advance of your expected arrival time. You can use the Special Requests box when booking, or contact the property directly with the contact details provided in your confirmation.
Please note that the full amount of the reservation is due before arrival. Interhome will send a confirmation with detailed payment information. After full payment is taken, the propertys details, including the address and where to collect keys, will be emailed to you.
A damage deposit of CHF 400 is required on arrival. This will be collected by credit card. You should be reimbursed on check-out. Your deposit will be refunded in full via credit card, subject to an inspection of the property.
1 Babycot available, charges apply.",,screens or physical barriers placed between staff and guests in appropriate areas Parking Sauna Non-smoking rooms Laundry Skiing internet services Hiking BBQ facilities Cycling Horse riding wifi Ski storage Free WiFi Non-smoking throughout parking on site Private parking wifi available in all areas electric vehicle charging station linens  towels and laundry washed in accordance with local authority guidelines guest accommodation is disinfected between stays staff follow all safety protocols as directed by local authorities contactless check-in/check-out physical distancing rules followed,46.45744|8.92233,,6715,https://www.booking.com/hotel/ch/apartment-zenkei.html
CH,Switzerland,100229,Acquarossa,5792210,Holiday Home Vignaccia,FourStar,123 Main St  ,,"Located in Lottigna in the Canton of Ticino region, Holiday Home Rustico Vignaccia features a balcony and mountain views. Private parking is available on site.

This holiday home includes 1 bedroom, a living room and a flat-screen TV, an equipped kitchen with a dining area, and 1 bathroom with a shower and a washing machine.

Guests at the holiday home can enjoy skiing and cycling nearby, or make the most of the garden.

Brigels is 34 km from Holiday Home Rustico Vignaccia, while Brissago is 43 km away. The nearest airport is Lugano Airport, 52 km from the accommodation. Please inform Holiday Home Rustico Vignaccia in advance of your expected arrival time. You can use the Special Requests box when booking, or contact the property directly with the contact details provided in your confirmation.
Please note that the full amount of the reservation is due before arrival. Interhome will send a confirmation with detailed payment information. After full payment is taken, the propertys details, including the address and where to collect keys, will be emailed to you.
A damage deposit of CHF 300 is required on arrival. You should be reimbursed on check-out.
1 Babycot available, charges apply.",,contactless check-in/check-out Parking physical distancing rules followed Garden Non-smoking throughout screens or physical barriers placed between staff and guests in appropriate areas staff follow all safety protocols as directed by local authorities wifi available in all areas Laundry Private parking Hot tub/jacuzzi internet services Skiing Hiking On-site parking wifi Non-smoking rooms BBQ facilities guest accommodation is disinfected between stays Cycling Pets allowed linens  towels and laundry washed in accordance with local authority guidelines paid wifi,46.4706|8.94302,,6716,https://www.booking.com/hotel/ch/vignaccia.html
CH,Switzerland,100342,Adelboden,1051635,Alpenrose Adelboden Guest House,ThreeStar,"Dorfstrasse, 37 ADELBODEN ",,"This charming hotel is located in Adelboden. The total number of accommodation units is 25. Customers will not be bothered during their stay, as this is not a pet-friendly establishment.",+41317556486,Hotel,46.49177|7.55798,82635112534,3715,http://www.alpenrose-adelboden.ch/
CH,Switzerland,100342,Adelboden,1052650,Budgethotel Bernahof,ThreeStar,Dorfstrasse 68 3715 Adelboden ,,"Only 50 metres from the ski lifts to Adelboden-Lenk, the Budgethotel Bernahof offers a rooftop terrace with spectacular mountain views, a trendy bar and a lounge room. Free WiFi is provided.

In summer all guests enjoy free access to a local outdoor pool with panoramic mountain views, which is just 200 metres away.

You can choose from rooms with private bathroom facilities and a dormitory. Some rooms also have access to a balcony. Breakfast is served at the 120 metres away Kiosk Treff in buffet style and includes regional products.

Buses to Kandersteg stop just 550 metres away from Budegthotel Bernerhof. Please inform Budgethotel Bernahof in advance of your expected arrival time. You can use the Special Requests box when booking, or contact the property directly with the contact details provided in your confirmation.
This property will not accommodate hen, stag or similar parties.
Please note that the check-in and key-collection take place at: Hotel Bären, Dorfstrasse 22, 3715 Adelboden.",+41336734110,wifi Ski storage Free WiFi Non-smoking throughout Parking Pets allowed Bar Tennis Court Garden Terrace Non-smoking rooms Skiing internet services lift Karaoke Bicycle rental (additional charge) Library Hiking Cycling Heating Luggage storage Sun terrace nightclub/dj shared lounge/TV area parking on site wifi available in all areas Walking tours Bike tours Live sport events (broadcast) Aerobics Smoke alarms Fire extinguishers invoice provided,46.49021|7.5555,+41336731431+41336734110,3715,https://www.booking.com/hotel/ch/b-adelboden.html
CH,Switzerland,100342,Adelboden,1153083,Beau Site,FourStar,Dorfstrasse 5 3715 Adelboden ,Distances are displayed to the nearest 0.1 mile and kilometer. <br /> <p>Adelboden Ski Resort - 0.1 km / 0.1 mi <br /> Adelboden - Tschentenalp Gondola Lift - 0.5 km / 0.3 mi <br /> Sillerenbahn - 1.1 km / 0.7 mi <br /> Adelboden - Eselmoos Ski Lift - 1.2 km / 0.7 mi <br /> Reharti Ski Lift - 1.9 km / 1.2 mi <br /> Choleren Gorge - 3.2 km / 2 mi <br /> TschentenAlp Ski Lift - 3.8 km / 2.3 mi <br /> Aebi-Sillerenbuhl Ski Lift - 4.1 km / 2.6 mi <br /> Aebi Ski Lift - 4.6 km / 2.8 mi <br /> Engstligenalp Gondola Lift - 5.6 km / 3.5 mi <br /> Lavey Ski Lift - 7.5 km / 4.7 mi <br /> Luegli Ski Lift - 7.6 km / 4.7 mi <br /> Elsigenalp - Metschalp Frutigen Ski Resort - 8 km / 5 mi <br /> Elsigbach-Elsigenalp Gondola - 8.1 km / 5 mi <br /> Tanzboden Ski Lift - 8.8 km / 5.4 mi <br /> </p><p>The nearest airports are:<br />Bern (BRN-Belp) - 62.1 km / 38.6 mi<br /> Sion (SIR) - 90 km / 55.9 mi<br /> </p><p>The preferred airport for Hotel Beau-Site Adelboden is Bern (BRN-Belp). </p>,"<p>HeadLine : Near Adelboden - Tschentenalp Gondola Lift</p><p>Location : With a stay at Hotel Beau-Site Adelboden in Adelboden, you ll be in the mountains, just a 1-minute walk from Adelboden Ski Resort and 6 minutes by foot from Adelboden - Tschentenalp Gondola Lift.  This 4-star hotel is 17.7 mi (28.6 km) from Oeschinen Lake and 1.3 mi (2.1 km) from Reharti Ski Lift.</p><p>Rooms : Make yourself at home in one of the 36 guestrooms featuring minibars and flat-screen televisions. Complimentary wireless Internet access keeps you connected, and cable programming is available for your entertainment. Private bathrooms with showers feature complimentary toiletries and bidets. Conveniences include phones, as well as safes and desks.</p><p>Dining : Satisfy your appetite for lunch or dinner at the hotel s restaurant, or stay in and take advantage of the room service. Quench your thirst with your favorite drink at the bar/lounge.</p><p>CheckIn Instructions : <ul>  <li>Extra-person charges may apply and vary depending on property policy</li><li>Government-issued photo identification and a credit card, debit card, or cash deposit may be required at check-in for incidental charges</li><li>Special requests are subject to availability upon check-in and may incur additional charges; special requests cannot be guaranteed</li><li>This property accepts credit cards, debit cards, and cash</li><li>Safety features at this property include a carbon monoxide detector, a fire extinguisher, a smoke detector, a security system, a first aid kit, and window guards</li>  </ul></p><p>Special Instructions : The front desk is open daily from 7:30 AM - 11:00 PM. To make arrangements for check-in please contact the property ahead of time using the information on the booking confirmation. If you are planning to arrive after 9:30 PM please contact the property in advance using the information on the booking confirmation. Guests must contact the property in advance for check-in instructions. Front desk staff will greet guests on arrival.</p>",41-33-6733333,Proposal/romance packages available Parking (limited spaces) Number of meeting rooms - 1 Sailing nearby Free WiFi Downhill skiing nearby Number of bars/lounges - 1 Cross-country skiing nearby Ski storage Bicycle rentals nearby Wheelchair accessible parking Snowboarding Nearby Tours/ticket assistance Wheelchair-accessible lounge Wheelchair-accessible on-site restaurant Multilingual staff Handrails in stairways Wheelchairs available on site Wheelchair-accessible meeting spaces/business center Coffee/tea in common areas Laundry facilities elevator Fitness facilities Snowshoeing Nearby Tasting room Private winery tours Wheelchair accessible (may have limitations) Food and water bowls Wheelchair-accessible van parking Wheelchair-accessible path to elevator Wheelchair-accessible spa Wheelchair-accessible registration desk Skydiving Nearby Wheelchair-accessible public washroom Health club Spa treatment room(s) Free newspapers in lobby Full-service spa Ski passes available Couples/private dining Luggage storage Front desk (limited hours) Spa services on site Safe-deposit box at front desk Smoke-free property Hiking/biking trails nearby Sauna Steam room Conference space Self parking (surcharge) Terrace Wheelchair accessible path of travel Conference space size (feet) - 30 Concierge services,46.49449|7.56172,41-33-6738282,3715,http://www.hotelbeausite.ch
CH,Switzerland,100342,Adelboden,1191728,Hotel Steinmattli,FourStar,Risetenstraessli 10 3715 Adelboden ,,"Close to the centre of Adelboden and just 100 metres from the Sillerenbühl Cable Car, Hotel Steinmattli offers panoramic views of the Engstligen Waterfall and the Wildstrubel Mountain. It features an elegant restaurant serving Swiss cuisine.

The rooms come with a balcony, a safe, a flat-screen TV, and a marble bathroom with a bath. Free WiFi is available in the entire Steinmattli Hotel.

In summer guests can use the cable cars in Adelboden, Frutigen and Kandersteg for 15 CHF per person per day. Furthermore, the use of the bus in the region and the access to the indoor and outdoor pool in Frutigen is included in the rates. In response to Coronavirus (COVID-19), additional safety and sanitation measures are in effect at this property.
Due to Coronavirus (COVID-19), this property is taking steps to help protect the safety of guests and staff. Certain services and amenities may be reduced or unavailable as a result.",+41336733839,first aid kit available contactless check-in/check-out cashless payment available physical distancing rules followed property is cleaned by professional cleaning companies all plates  cutlery  glasses and other tableware have been sanitized guests have the option to cancel any cleaning services for their accommodation during their stay delivered food is securely covered face masks for guests available Parking Restaurant Pets allowed Room service Bar Tennis Court Sauna Fitness centre Terrace Non-smoking rooms Laundry Facilities for disabled guests Skiing Family rooms Games room breakfast in the room Ironing service internet services lift Solarium Safety Deposit Box Currency exchange Spa and wellness centre Massage children's playground Billiards Hot tub/jacuzzi Hiking Packed lunches Cycling Bowling hammam Heating Luggage storage wifi Ski storage Ski school Allergy-free room Free WiFi Non-smoking throughout Snack Bar Sun terrace Ski pass vendor Special diet menus (on request) vending machine (drinks) parking on site Private parking wifi available in all areas board games/puzzles Indoor play area Kid meals secured parking Parking garage electric vehicle charging station Public transport tickets Accessible parking Wheelchair accessible Wine/champagne Fruits Pet basket Pet bowls Spa/wellness packages Back massage Neck massage Foot massage Head massage Full body massage Massage chair Fitness Walking tours Bike tours Tour or class about local culture bicycle rental use of cleaning chemicals that are effective against coronavirus linens  towels and laundry washed in accordance with local authority guidelines guest accommodation is disinfected between stays food can be delivered to guest accommodation staff follow all safety protocols as directed by local authorities shared stationery such as printed menus  magazines  pens  and paper removed hand sanitizer in guest accommodation and key areas process in place to check health of guests,46.4892|7.55607,+41336733939,3715,https://www.booking.com/hotel/ch/swissqarenasteinmattli.html
CH,Switzerland,100342,Adelboden,1194485,The Cambrian,FourStar,Dorfstrasse 7 3715 Adelboden ,,"Offering panoramic views of the Swiss Alps, the Cambrian is located in the centre of Adelboden. It features a 700 m² spa area and a heated outdoor pool overlooking the mountains.

The spacious, elegantly furnished rooms offer free Wi-Fi. They feature a flat-screen smart-TV.

Spa facilities at The Cambrian include an indoor pool, 2 saunas, a hot tub, and a modern gym.

Guests can enjoy unique views of mountains and waterfalls from the sun terrace and the lounge, which features a fireplace and a billiard table.

The Bryn Williams at the Cambrian Restaurant offers various dishes including fresh fish, meat and fresh vegetables. Guests can relax in the well stocked Axe Bar.

Depending on availability you can use the hotels underground car park or the parking lot. Bicycles are offered at an additional charge to explore the surroundings. A shuttle service takes guests to the ski slopes, also at an additional charge. Guests are required to show a photo identification and credit card upon check-in. Please note that all Special Requests are subject to availability and additional charges may apply.
In response to Coronavirus (COVID-19), additional safety and sanitation measures are in effect at this property.
The credit card used for prepayment must be presented on check-in. Alternatively, a bank transfer can be arranged for making the prepayment.",41-33-6738380,Parking Restaurant Pets allowed Room service meeting/banquet facilities Bar 24-hour front desk Sauna Fitness centre Garden Terrace Non-smoking rooms Business centre babysitting/child services Laundry dry cleaning Facilities for disabled guests Skiing Family rooms breakfast in the room Ironing service internet services lift Safety Deposit Box Valet parking Currency exchange Spa and wellness centre Massage children's playground Billiards Hiking Packed lunches Cycling Bowling Heating Fax/photocopying Luggage storage wifi Ski storage Ski school Allergy-free room Indoor pool Outdoor pool Free WiFi Non-smoking throughout Snack Bar Sun terrace outdoor pool (all year) indoor pool (all year) concierge service shuttle service (additional charge) ski equipment hire on site Ski pass vendor Special diet menus (on request) shared lounge/TV area minimarket on site Daily housekeeping parking on site Private parking wifi available in all areas board games/puzzles Indoor play area Kid meals secured parking Parking garage electric vehicle charging station Accessible parking Wheelchair accessible Toilet with grab rails Wine/champagne Strollers Pet basket Pet bowls Sun umbrellas Outdoor furniture Beauty Services Facial treatments Waxing services Manicure Pedicure Body Treatments Body scrub Body wrap Spa Facilities Steam room Spa lounge/relaxation area Foot bath Spa/wellness packages Back massage Neck massage Foot massage Couples massage Head massage Full body massage Massage chair Fitness fitness/spa locker rooms Swimming pool Shuttle service Key card access Smoke alarms Fire extinguishers Swimming pool bicycle rental use of cleaning chemicals that are effective against coronavirus linens  towels and laundry washed in accordance with local authority guidelines guest accommodation is disinfected between stays guest accommodation sealed after cleaning physical distancing in dining areas food can be delivered to guest accommodation staff follow all safety protocols as directed by local authorities hand sanitizer in guest accommodation and key areas process in place to check health of guests first aid kit available cashless payment available physical distancing rules followed screens or physical barriers placed between staff and guests in appropriate areas all plates  cutlery  glasses and other tableware have been sanitized guests have the option to cancel any cleaning services for their accommodation during their stay,46.49368|7.56103,41-33-6738383,3715,https://www.booking.com/hotel/ch/solis-cambrian-spa.html
CH,Switzerland,100342,Adelboden,1195217,Relais du Silence Hotel Bristol,ThreeStar,Obere-Dorfstrasse 6 3715 Adelboden ,,"The 3-star superior Hotel Bristol Relais du Silence offers south-facing rooms in a quiet location in the heart of Adelboden, 100 metres from the Tschentenalp Ski Lift. A spa area and free WiFi are available.

The spa area includes a hot tub, steam bath, bio sauna, and direct access to the carefully tended garden.

Guests of the Bristol Hotel can enjoy a drink at the bar or in front of the fireplace in the stylish lobby. The restaurant offers a relaxed ambiance for dining.

Limited garage parking is available upon request and availability, and parking is also possible outdoors. Both come at an additional cost.

Positioned above the church, Hotel Bristol is located just 50 metres from the bus station and 4 minutes walk from the station of the main area, Sillerenbühl. Just around the corner is the main shopping road where you can find souvenirs, ski rental, pubs and restaurants. Please inform Hotel Bristol Relais du Silence Superior in advance of your expected arrival time. You can use the Special Requests box when booking, or contact the property directly with the contact details provided in your confirmation.
Please note that mountain railway passes are not included in the rates.",00 41 33 673 16 50,Massage Table tennis Hot tub/jacuzzi Soundproof rooms Hiking Packed lunches Cycling Bowling Tour desk hammam Heating Fax/photocopying Horse riding Luggage storage wifi Ski storage Ski school Allergy-free room Free WiFi Non-smoking throughout designated smoking area ATM/cash machine on site Sun terrace concierge service Private check-in/check-out Ski pass vendor Special diet menus (on request) water sport facilities on site shared lounge/TV area minimarket on site Daily housekeeping parking on site Private parking wifi available in all areas board games/puzzles kids' outdoor play equipment Kid meals Parking garage electric vehicle charging station Public transport tickets Wine/champagne Fruits Pet basket Pet bowls Outdoor furniture Outdoor fireplace Spa Facilities Steam room Spa lounge/relaxation area Spa/wellness packages Back massage Neck massage Full body massage Massage chair Parking Restaurant Pets allowed Room service Bar Tennis Court Sauna Golf course (within 3 km) Garden Terrace Non-smoking rooms Fishing babysitting/child services Laundry guest accommodation is disinfected between stays guest accommodation sealed after cleaning physical distancing in dining areas food can be delivered to guest accommodation staff follow all safety protocols as directed by local authorities shared stationery such as printed menus  magazines  pens  and paper removed hand sanitizer in guest accommodation and key areas process in place to check health of guests first aid kit available cashless payment available Walking tours Bike tours Happy hour Tour or class about local culture Key access Security alarm Smoke alarms Fire extinguishers bicycle rental use of cleaning chemicals that are effective against coronavirus linens  towels and laundry washed in accordance with local authority guidelines Skiing Barber/beauty shop Family rooms breakfast in the room Ironing service internet services lift express check-in/check-out Solarium Safety Deposit Box Currency exchange Spa and wellness centre physical distancing rules followed screens or physical barriers placed between staff and guests in appropriate areas property is cleaned by professional cleaning companies all plates  cutlery  glasses and other tableware have been sanitized guests have the option to cancel any cleaning services for their accommodation during their stay breakfast takeaway containers delivered food is securely covered thermometers for guests provided by property face masks for guests available,46.49329|7.55892,(41) 336731481,3715,https://www.booking.com/hotel/ch/bristol-adelboden.html
CH,Switzerland,100342,Adelboden,1239865,Hotel Waldhaus & Huldi,ThreeStar,Dorfstrasse 77/88 3715 Adelboden ,,"Hotel Huldi features a restaurant, bar, a shared lounge and garden in Adelboden. This property also features a terrace with panoramic valley and mountain views. The accommodation offers room service, a tour desk and currency exchange for guests.

At the hotel, the rooms are fitted with a wardrobe. At Hotel Huldi every room includes a desk, a TV and a private bathroom.

Guests at the accommodation can enjoy a continental or a buffet breakfast. Breakfast can be served on the terrace featuring panoramic views, weather permitting.

The wellness area at Hotel Huldi is comprised of a steam bath and a sauna. In summer, guests can access the public swimming pool directly from the hotels garden. The area is popular for hiking and skiing, and bike hire is available at the hotel.

Adelboden/?Lenk is 5 km from Hotel Huldi. The nearest airport is Belp Airport, 47 km from the accommodation. Please inform Hotel Huldi in advance of your expected arrival time. You can use the Special Requests box when booking, or contact the property directly with the contact details provided in your confirmation.
In response to Coronavirus (COVID-19), additional safety and sanitation measures are currently in effect at this property.
Please note that the number of free on-site parking spaces is limited. For this reason, the hotel can not guarantee parking spaces.",+41336732843,Games room use of cleaning chemicals that are effective against coronavirus screens or physical barriers placed between staff and guests in appropriate areas Room service Bar Free WiFi Heating Non-smoking rooms Ski school physical distancing rules followed shared stationery such as printed menus  magazines  pens  and paper removed Security alarm lift Fire extinguishers Ski storage Cycling books  dvds  music for children Laundry internet services first aid kit available Ironing service Billiards shared lounge/TV area Parking Mini-market on site Hiking Terrace hammam wifi Non-smoking throughout Tour desk staff follow all safety protocols as directed by local authorities physical distancing in dining areas guest accommodation is disinfected between stays wifi available in all areas Daily housekeeping Sauna Currency exchange linens  towels and laundry washed in accordance with local authority guidelines Library guests have the option to cancel any cleaning services for their accommodation during their stay Family rooms Luggage storage board games/puzzles Smoke alarms Sun terrace Restaurant cashless payment available Pets allowed gift shop hand sanitizer in guest accommodation and key areas Skiing Ski pass vendor Special diet menus (on request) Safety Deposit Box Garden shuttle service (additional charge),46.48852|7.55378,(41) 336738500,3715,https://www.booking.com/hotel/ch/waldhaus-huldi.html
CH,Switzerland,100342,Adelboden,1291873,Viktoria Eden,ThreeStar,Dorfstrasse 15 Adelboden 3715 ,,"The Viktoria Eden is a 3-star hotel in the centre of Adelboden in the Bernese Oberland. It features a spa area and a restaurant serving Asian and Swiss specialities.

The Bergquelle spa area features a sauna, bio sauna, steam bath, and foot bath. It can be used against a surcharge. Massages and spa treatments are available at an additional cost.

From June to October, the Adelboden Hiking Pass is available upon request at a reduced rate, offering free use of local cable cars and buses. Please inform Hotel Viktoria Eden in advance of your expected arrival time. You can use the Special Requests box when booking, or contact the property directly with the contact details provided in your confirmation.
Guests are required to show a photo identification and credit card upon check-in. Please note that all Special Requests are subject to availability and additional charges may apply.
If you arrive with children, please inform the property about their number and age. You can use the Special Requests box when booking or contact the property.",+41 33 673 88 89,Safety Deposit Box Spa and wellness centre Massage Hot tub/jacuzzi Hiking Car hire Bowling Tour desk hammam Heating Fax/photocopying Horse riding Luggage storage wifi Parking Restaurant Pets allowed Room service Bar Tennis Court Sauna Terrace Non-smoking rooms Laundry Facilities for disabled guests Skiing Barber/beauty shop Family rooms breakfast in the room Ironing service internet services lift express check-in/check-out Ski storage Ski school Allergy-free room Free WiFi Non-smoking throughout ATM/cash machine on site Sun terrace ski equipment hire on site Ski pass vendor Special diet menus (on request) Lockers shared lounge/TV area minimarket on site Daily housekeeping parking on site Private parking wifi available in all areas Kid meals Parking garage electric vehicle charging station Public transport tickets Accessible parking Wine/champagne Spa Facilities Steam room Spa lounge/relaxation area Foot bath Spa/wellness packages fitness/spa locker rooms Pub crawls Bike tours Tour or class about local culture Cooking class Key card access Smoke alarms,46.49345|7.56023,41336738888,3715,https://www.booking.com/hotel/ch/viktoria-eden.html
CH,Switzerland,100342,Adelboden,1292550,Adler Adelboden,ThreeStar,Dorfstrasse 19 3715 Adelboden ,,"This chalet-style hotel is located in the centre of Adelboden in the Bernese Oberland region, 100 metres from the gondola ski lifts. It offers fine Swiss cuisine, a spa area and an indoor and outdoor swimming pool.

Featuring a traditional Alpine exterior, the Adler Adelboden offers country-style rooms with wooden furnishings. All include a flat-screen TV, minibar and balcony.

Guests enjoy a freshly prepared breakfast buffet each morning in the restaurant. Seasonal dishes are also served here. An open fireplace can be found in the hotel lobby.

Spa facilities include a traditional sauna, Kneipp spa treatments, and fresh water hot tubs. Massages can also be booked. A billiards table, childrens playground and tennis court are on site.

The Adelboden, Post? bus stop is just 50 metres away. The surrounding Adelboden area is perfect for hiking, cycling and skiing.

Free use of local buses is included in the rate.",+41336734239,children's playground Billiards Table tennis Darts Hot tub/jacuzzi Hiking Packed lunches Cycling hammam Heating Luggage storage wifi Ski storage Ski school Indoor pool Outdoor pool Free WiFi Non-smoking throughout outdoor pool (all year) indoor pool (all year) concierge service Ski pass vendor Special diet menus (on request) parking on site Private parking wifi available in all areas electric vehicle charging station Swimming pool Swimming pool bicycle rental use of cleaning chemicals that are effective against coronavirus linens  towels and laundry washed in accordance with local authority guidelines Parking Restaurant Pets allowed Bar Tennis Court Sauna Terrace Non-smoking rooms Laundry Skiing Family rooms Games room internet services lift Solarium Safety Deposit Box Currency exchange Spa and wellness centre Massage screens or physical barriers placed between staff and guests in appropriate areas all plates  cutlery  glasses and other tableware have been sanitized guests have the option to cancel any cleaning services for their accommodation during their stay delivered food is securely covered thermometers for guests provided by property face masks for guests available guest accommodation is disinfected between stays physical distancing in dining areas food can be delivered to guest accommodation staff follow all safety protocols as directed by local authorities shared stationery such as printed menus  magazines  pens  and paper removed hand sanitizer in guest accommodation and key areas process in place to check health of guests first aid kit available contactless check-in/check-out cashless payment available physical distancing rules followed mobile app for room service,46.49291|7.55943,(41) 336734141,3715,https://www.booking.com/hotel/ch/adler-adelboden.html
CH,Switzerland,100342,Adelboden,1294228,Bären,ThreeStar,Dorfstrasse 22 3715 Adelboden ,,"The Hotel Bären is situated in the centre of Adelboden in the Bernese Oberland, 150 metres from the bus terminal. You can relax in the sauna for free and enjoy free WiFi access.

The rooms offer views of the mountains or the chalets along Adelbodens main shopping street. All rooms are equipped with a cable TV and a safe, and are accessible by lift. Most have a balcony.

The studios are located in the annex and feature a small but well equipped kitchen, a dining table a living room or living area with TV, and a modern bathroom with a rain shower.

Depending on the unit, guests of the rooms enjoy breakfast at the Bären Restaurant.

An underground garage is available. Please inform Hotel Bären in advance of your expected arrival time. You can use the Special Requests box when booking, or contact the property directly with the contact details provided in your confirmation.
Please note that the reception is unattended between 11:00 and 14:00.",+41(0)336732190,bicycle rental Parking Restaurant Pets allowed Tennis Court Sauna Non-smoking rooms Skiing Family rooms internet services lift Hiking Cycling Heating Luggage storage wifi Ski storage Ski school Free WiFi Non-smoking throughout ATM/cash machine on site Sun terrace ski equipment hire on site Ski pass vendor minimarket on site Daily housekeeping parking on site wifi available in all areas Baby safety gates secured parking Parking garage Public transport tickets Pet basket Pet bowls coffee house on site Bike tours Key access Security alarm Smoke alarms Fire extinguishers,46.49232|7.55825,+41336732151,3715,https://www.booking.com/hotel/ch/baren-adelboden.html
CH,Switzerland,100342,Adelboden,1294317,Parkhotel Bellevue & Spa,FourStar,Bellevuestrasse 15 3715 Adelboden ,Distances are displayed to the nearest 0.1 mile and kilometer. <br /> <p>Adelboden Ski Resort - 0.1 km / 0.1 mi <br /> Adelboden - Tschentenalp Gondola Lift - 0.2 km / 0.1 mi <br /> Sillerenbahn - 0.7 km / 0.4 mi <br /> Adelboden - Eselmoos Ski Lift - 0.8 km / 0.5 mi <br /> Reharti Ski Lift - 1.5 km / 0.9 mi <br /> TschentenAlp Ski Lift - 3.5 km / 2.2 mi <br /> Aebi-Sillerenbuhl Ski Lift - 3.7 km / 2.3 mi <br /> Choleren Gorge - 3.8 km / 2.4 mi <br /> Aebi Ski Lift - 4.1 km / 2.6 mi <br /> Engstligenalp Gondola Lift - 5.9 km / 3.6 mi <br /> Lavey Ski Lift - 7.2 km / 4.4 mi <br /> Luegli Ski Lift - 7.2 km / 4.5 mi <br /> Elsigenalp - Metschalp Frutigen Ski Resort - 8.3 km / 5.1 mi <br /> Tanzboden Ski Lift - 8.4 km / 5.2 mi <br /> Sillerenbuhl Ski Lift - 8.8 km / 5.5 mi <br /> </p><p>The nearest airports are:<br />Zurich Airport (ZRH) - 191.2 km / 118.8 mi<br /> Bern (BRN-Belp) - 62.5 km / 38.8 mi<br /> Sion (SIR) - 91.2 km / 56.7 mi<br /> </p><p></p>,"<p>HeadLine : Near Adelboden - Tschentenalp Gondola Lift</p><p>Location : When you a stay at Bellevue Parkhotel & Spa - Relais & Châteaux in Adelboden, you ll be near ski lifts, just steps from Adelboden Ski Resort and Adelboden - Tschentenalp Gondola Lift.  This 4.5-star hotel is 17.9 mi (28.8 km) from Oeschinen Lake and 1.1 mi (1.7 km) from Reharti Ski Lift.</p><p>Rooms : Make yourself at home in one of the 53 guestrooms featuring minibars. Complimentary wireless Internet access is available to keep you connected. Bathrooms have complimentary toiletries and hair dryers. Conveniences include phones and safes, and you can also request cribs/infant beds (surcharge).</p><p>Dining : Enjoy a meal at the restaurant, or stay in and take advantage of the hotel s room service (during limited hours). Wrap up your day with a drink at the bar/lounge. A complimentary buffet breakfast is served daily from 7:30 AM to 10:30 AM.</p><p>CheckIn Instructions : <ul>  <li>Extra-person charges may apply and vary depending on property policy</li><li>Government-issued photo identification and a credit card, debit card, or cash deposit may be required at check-in for incidental charges</li><li>Special requests are subject to availability upon check-in and may incur additional charges; special requests cannot be guaranteed</li><li>This property accepts major credit cards; cash is not accepted</li><li>Please note that cultural norms and guest policies may differ by country and by property; the policies listed are provided by the property</li>  </ul></p><p>Special Instructions : The front desk is open daily from 7:30 AM - 11:00 PM. Front desk staff will greet guests on arrival.</p>",41-33-6738001,Mountain biking nearby Wheelchair accessible Food and water bowls Free parking nearby Number of meeting rooms - 3 Free WiFi Number of bars/lounges - 1 Spa treatment room(s) Ski storage Number of outdoor pools - 1 Number of indoor pools - 1 Garden Bicycle rentals nearby Free newspapers in lobby Full-service spa Free Buffet Breakfast Wheelchair accessible  no Luggage storage Free breakfast Multilingual staff Front desk (limited hours) Daily Spa services on site Turkish bath/Hammam Safe-deposit box at front desk Smoke-free property Babysitting or childcare Laundry facilities Sauna Steam room elevator Free self parking Fitness facilities Conference space Computer station Terrace Conference space size (feet) - 150,46.492059|7.556426,41-33-6738000,3715,http://www.parkhotel-bellevue.ch
CH,Switzerland,100342,Adelboden,1299822,Hotel Crea,All,Ausserschwandstrasse 2 3715 Adelboden ,,"A 10-minute walk from the centre of Adelboden, Hotel Crea features  a sauna. Free private parking is available on site, and free WiFi is provided in public areas.

The bright rooms feature a flat-screen cable TV and a seating area. Some also have a balcony. Bathrooms are private or shared.

Breakfast or half board can be arranged upon request at a partner hotel, 500 metres away from Hotel Crea.

In the games room, guests can play billiards, table tennis, air hockey, and tabletop football. There is also an indoor playroom for children.

The garden includes a sun terrace and a childrens playground. The Altersheim Bus Stop is just 100 metres away, and a cable car can be found within a 5-minute drive. Please inform Hotel Crea in advance of your expected arrival time. You can use the Special Requests box when booking, or contact the property directly with the contact details provided in your confirmation.
Due to Coronavirus (COVID-19), this property has reduced reception and service operating hours.
Parking is subject to availability due to limited spaces.
Please note that the surcharge for bringing a pet is CHF 30 per stay.

Please note that the reception is staffed daily between 08:00 and 11:00 and also between 15:00 and 20:00.

Please note that when booking a special offer, daily cleaning and towel changes are not included. Fresh towels are always available for an additional charge.",+41336734855,linens  towels and laundry washed in accordance with local authority guidelines use of cleaning chemicals that are effective against coronavirus Fire extinguishers CCTV in common areas Smoke alarms Outdoor fireplace wifi available in all areas parking on site vending machine (snacks) vending machine (drinks) Sun terrace Non-smoking throughout Free WiFi Ski storage wifi Heating Tour desk Cycling Packed lunches BBQ facilities Hiking Table tennis lift internet services Free parking Games room Family rooms Skiing Non-smoking rooms Terrace Garden meeting/banquet facilities Pets allowed Parking delivered food is securely covered guests have the option to cancel any cleaning services for their accommodation during their stay invoice provided screens or physical barriers placed between staff and guests in appropriate areas physical distancing rules followed cashless payment available contactless check-in/check-out hand sanitizer in guest accommodation and key areas staff follow all safety protocols as directed by local authorities food can be delivered to guest accommodation physical distancing in dining areas,46.49815|7.56754,+41336737070,3715,https://www.booking.com/hotel/ch/crea-adelboden.html
CH,Switzerland,100342,Adelboden,1301995,Crystal,ThreeStar,Schlegelistrasse 2 3715 Adelboden ,,"Hotel Crystal is conveniently situated on a southern slope in the popular mountain village of Adelboden, and offers panoramic views and free on-site private parking.

From the south-facing rooms you enjoy views over the valley and towards the surrounding 3000 metre-high mountains. From the northern rooms you can see the impressive Schlachtfluh rock face and charming Bernese Oberland Chalets.

Guests can start day at the rich breakfast buffet, select from various menus or from the buffet. Please inform Hotel Crystal in advance of your expected arrival time. You can use the Special Requests box when booking, or contact the property directly with the contact details provided in your confirmation.
Due to Coronavirus (COVID-19), this property has reduced reception and service operating hours.
Please note that free private parking spaces are limited and subject to availability. Reservations are not possible.

Please note that we are offering contactless check-in/check-out. The reception is not attended.

Pets are allowed for a CHF 30 per pet per stay.",+41336739272,delivered food is securely covered guests have the option to cancel any cleaning services for their accommodation during their stay all plates  cutlery  glasses and other tableware have been sanitized screens or physical barriers placed between staff and guests in appropriate areas physical distancing rules followed cashless payment available contactless check-in/check-out first aid kit available hand sanitizer in guest accommodation and key areas shared stationery such as printed menus  magazines  pens  and paper removed staff follow all safety protocols as directed by local authorities physical distancing in dining areas guest accommodation is disinfected between stays linens  towels and laundry washed in accordance with local authority guidelines use of cleaning chemicals that are effective against coronavirus Fire extinguishers CCTV in common areas Smoke alarms Key access coffee house on site Accessible parking Public transport tickets Parking garage Private parking parking on site Daily housekeeping vending machine (snacks) vending machine (drinks) Special diet menus (on request) Sun terrace designated smoking area Non-smoking throughout Free WiFi Ski storage wifi Heating Tour desk Cycling Packed lunches Hiking lift internet services Free parking Family rooms Skiing Non-smoking rooms Terrace Pets allowed Parking,46.49486|7.56336,+41336739292,3715,https://www.booking.com/hotel/ch/crystal.html
CH,Switzerland,100342,Adelboden,1305208,Hotel Hari im Schlegeli,OneStar,Gartenweg 5 Postfach 2143715 Adelboden ,,"Pension Hari im Schlegeli enjoys a quiet location with panoramic views of the Wildstrubel mountain range, a 10-minute walk from the centre of Adelboden. It features a modern spa area, a panoramic terrace, and free private parking.

All rooms at the property are fitted with a wash basin. Shared bathroom facilities can be found on the corridor.

The spa area at the Hari im Schlegeli includes single-sex saunas, a steam bath, and a hot tub. Covered parking is available on request and at an additional cost.

The guest house belongs to the Verband christlicher Hotels - Association of Christian Hotels. The Swiss ""Postcard"" is accepted as a method of payment.",+41336732290,Facilities for disabled guests Safety Deposit Box Sauna board games/puzzles Games room Newspapers Library Family rooms Billiards internet services meeting/banquet facilities Packed lunches Hiking Ironing service Spa and wellness centre Laundry hammam Shoeshine On-site parking Sun terrace Pets allowed Free WiFi Room service Allergy-free room Ski storage Ski pass vendor Business centre Special diet menus (on request) Terrace Heating Free parking children's playground vending machine (snacks) Table tennis kids' outdoor play equipment Non-smoking throughout lift Snack Bar Cycling Massage Non-smoking rooms Fax/photocopying Indoor play area Restaurant Hot tub/jacuzzi wifi Bicycle rental (additional charge) Fitness centre wifi available in all areas Currency exchange Skiing Garden vending machine (drinks) pool/beach towels Parking,46.49623|7.5649,+41336736060,3715,https://www.booking.com/hotel/ch/hari-im-schlegeli-adelboden.html
CH,Switzerland,100342,Adelboden,1317962,Des Alpes,ThreeStar,Hahnenmoosstrasse 34 3715 Adelboden ,,"Dating from 1905, the traditional Hotel Des Alpes offers a very quiet location 2 km away from the village centre of Adelboden, right in the centre of the hiking and skiing area, and will be renovated until August 2015. Free WiFi is provided in the entire property.

The à la carte restaurant serves traditional Swiss cuisine and homemade ice cream in many different flavours. Guests of Des Alpes can relax on the sunbathing terrace and enjoy the view of the surrounding mountains.

Guests staying during the summer season, may also benefit from free cable car tickets to Elsige, Kandersteg, Engetlingen and for the Sillerer and Hahnenmoos cable cars. Also the public bus from Adelboden to Kandersteg is available for free.",,internet services children's playground Hiking Cycling Heating wifi Ski storage Ski school Free WiFi Non-smoking throughout Ski-to-door access Special diet menus (on request) Daily housekeeping parking on site wifi available in all areas Kid meals Street parking Wine/champagne coffee house on site Parking Restaurant Tennis Court Terrace Non-smoking rooms Skiing Free parking Outdoor furniture Walking tours Bike tours Key access Smoke alarms use of cleaning chemicals that are effective against coronavirus linens  towels and laundry washed in accordance with local authority guidelines guest accommodation is disinfected between stays physical distancing in dining areas staff follow all safety protocols as directed by local authorities hand sanitizer in guest accommodation and key areas cashless payment available invoice provided all plates  cutlery  glasses and other tableware have been sanitized guests have the option to cancel any cleaning services for their accommodation during their stay,46.47936|7.53891,+41336731224,3715,https://www.booking.com/hotel/ch/des-alpes-adelboden.html
CH,Switzerland,100342,Adelboden,1319821,Hotel Alpina Adelboden,ThreeStar,Flecklistrasse 40 3715 Adelboden ,,"Featuring 2 saunas, a petting zoo with goats and a playroom and a playground for children, Hotel Alpina Adelboden can be found only 1 km from the Kuonisbergli Ski Lift. All rooms have a private bathroom, cable TV and free WiFi.

A buffet breakfast is available every morning, there is a self-service snack bar and a restaurant serving daily set menus for lunch and dinner at a fixed time. Lunch packs are available as well. Another restaurant and a grocery store can be reached on foot in 10 minutes.

There are several lounges, a library, a games room with a ping-pong table and billiards, as well as a spa area with 2 saunas. During summer, kids can have fun on the playground with a trampoline and a minigolf course.

You can also rent bicycles and e-bikes, as well as toboggans in winter. You have direct access to a cross-country skiing track from Hotel Alpina. A bus stop is located in front of the building. The centre of Adelboden is 3 km away. In response to Coronavirus (COVID-19), additional safety and sanitation measures are in effect at this property.
Due to Coronavirus (COVID-19), this property is taking steps to help protect the safety of guests and staff. Certain services and amenities may be reduced or unavailable as a result.
Due to Coronavirus (COVID-19), this property adheres to strict physical distancing measures.
Due to Coronavirus (COVID-19), wearing a face mask is mandatory in all indoor common areas.",+41336733060,guests have the option to cancel any cleaning services for their accommodation during their stay thermometers for guests provided by property face masks for guests available Parking Restaurant Pets allowed Room service meeting/banquet facilities Tennis Court Sauna Garden Terrace Non-smoking rooms babysitting/child services Laundry Facilities for disabled guests Skiing Family rooms Games room Ironing service Free parking internet services lift Safety Deposit Box children's playground Billiards Table tennis Hiking BBQ facilities Packed lunches Cycling Bowling Tour desk Heating Luggage storage wifi Mini golf Ski storage Allergy-free room Free WiFi Non-smoking throughout designated smoking area Snack Bar Sun terrace Ski pass vendor Special diet menus (on request) vending machine (drinks) vending machine (snacks) water sport facilities on site kids' club Daily housekeeping parking on site Private parking wifi available in all areas board games/puzzles Indoor play area kids' outdoor play equipment Baby safety gates Kid meals Kid-friendly buffet secured parking Street parking electric vehicle charging station Public transport tickets Accessible parking Wheelchair accessible Toilet with grab rails Wine/champagne Fruits coffee house on site Sun umbrellas Outdoor furniture Picnic area Key access Smoke alarms Fire extinguishers bicycle rental use of cleaning chemicals that are effective against coronavirus linens  towels and laundry washed in accordance with local authority guidelines guest accommodation is disinfected between stays physical distancing in dining areas staff follow all safety protocols as directed by local authorities shared stationery such as printed menus  magazines  pens  and paper removed hand sanitizer in guest accommodation and key areas first aid kit available cashless payment available physical distancing rules followed screens or physical barriers placed between staff and guests in appropriate areas invoice provided all plates  cutlery  glasses and other tableware have been sanitized,46.48448|7.56698,+41336737575,3715,https://www.booking.com/hotel/ch/alpina-adelboden.html
CH,Switzerland,100342,Adelboden,1537577,Ferienchalet Monika OG,All,Stiegelschwandstrasse 10 3715 Adelboden ,,"All Suite  2 Bedrooms  0 Bathrooms  Sleeps 5    Chalet Monika is in a quiet location, 10 minutes on foot from the centre of Adelboden. The three-room apartment is on the 1st floor of a chalet divided into two separate apartments. Two sleeping rooms provide accommodation for 4-5 persons. The li...",,,46.4855862065927|7.54822432994843,,3715,
CH,Switzerland,100342,Adelboden,1537578,Chalet Silky,All,Risetensträssli 14 Adelboden ,,"Situated in the mountain village of Adelboden and the Silleren skilift reachable within 550 metres, Chalet Silky offers a self-catered accommodation, a garden, luggage storage, ski storage and free private parking possible on site.

This apartment comes with a private entrance, a balcony, a mountain view, a seating area, a flat-screen TV with cable channels, a radio, a fully equipped kitchen and a private bathroom with a shower.

An array of activities can be enjoyed in the surroundings, including skiing, cycling and hiking. A public poolö can be found 300 metres away and the Adelboden - Eselmoos Ski Lift is located within 400 metres. The Chuenisbergli Ski Lift can be reached within 2 km from the Chalet Silky. Please inform Chalet Silky in advance of your expected arrival time. You can use the Special Requests box when booking, or contact the property directly with the contact details provided in your confirmation.
This property will not accommodate hen, stag or similar parties.
A deposit via bank transfer is required to secure your reservation. The property will contact you with instructions after booking.

Please let the property know your expected arrival time in advance. Contact details are stated in the booking confirmation.
Managed by a private host",,Parking Non-smoking rooms Skiing Free parking internet services Hiking Cycling Heating Luggage storage wifi Ski storage Free WiFi Non-smoking throughout Private check-in/check-out parking on site Private parking,46.48862|7.55585,031 931 68 30,3715,https://www.booking.com/hotel/ch/silky.html
