countyCode,countyName,cityCode,cityName,HotelCode,HotelName,HotelRating,Address,Attractions,Description,FaxNumber,HotelFacilities,Map,PhoneNumber,PinCode,HotelWebsiteUrl
TN,Tunisia,100244,Aghir,1016060,Les Sirenes Thalasso & Spa,FourStar,Zone Touristique Sidi Zekri MidounPO Box 387Djerba ,golf1 : 3000mts,"HotelDescription#The hotel is located on Sidi Zekri beach in Djerba, 3 km from Djerba Golf Club. Djerba Zarzis International Airport is 23 km away.

This beach hotel offers 176 fully equipped rooms in a typical Tunisian style as well as a number of restaurants and bars. Guests are welcomed into a lobby with 24-hour reception and check-out service. Facilities include air conditioning, a hotel safe, lift access, a newspaper stand, kids' club, disco and car park.

The hotel offers air-conditioned rooms with a private en suite bathroom with shower, bath and hairdryer. Each comes with a balcony overlooking the garden or Mediterranean Sea. The rooms are equipped with a satellite TV, double bed, direct dial telephone, safe and minibar.

Guests are invited to take advantage of the hotel's activities including horse riding, bocce, table tennis, tennis and volleyball. Guests can relax in one of four swimming pools including an open-air thermal pool, an outdoor freshwater pool with children's paddling pool, an indoor freshwater pool and a saltwater pool. There is also a children's swimming area and poolside snack bar. The resort features a private beach and guests have access to the hotel's thalassotherapy spa centre with hot tub, steam room, massages and spa treatments (all for a fee). Guests can also use the gym or go waterskiing, windsurfing, banana boating and catamaran boating. There are also sun loungers with parasols laid out on the sandy beach.

Guests have several dining options including the main restaurant, a terrace café and a pizzeria on the edge of the sea.",,Double rooms : 165 Junior suites : 11 NO Connecting rooms Hotel MasterCard Visa Bathroom Shower Bathtub Hairdryer Direct dial telephone Minibar Individually adjustable air conditioning   Safe Balcony Terrace NO Small pets allowed (under 5 kg) NO Large pets allowed (over 5 kg) NO Wheelchair-accessible NO Car park NO Garage 24-hour reception Air conditioning in public areas   Hotel safe(Additional Fee) Lift access Newspaper stand Shop Gym Bar Restaurant Poolside snack bar Air conditioning in Restaurant   Childrens swimming area   Kids club Nightclub Steam bath(Additional Fee) Hot tub(Additional Fee) Massage(Additional Fee) Spa treatments(Additional Fee) Banana boating Waterskiing Windsurfing Catamaran sailing Horse riding Volleyball Bocce Tennis,33.818278|11.053276,,,
TN,Tunisia,100244,Aghir,1017278,Club Med Djerba La Douce,ThreeStar,"P.O. Box 160; 4116 Midoun; Djerba , DJERBA ISLAND ",,"This charming hotel is in Djerba. This property offers a total of 671 units. Travellers will not be bothered during their stay, as this is not a pet-friendly hotel.",+21675750488,Hotel,33.78082|11.0486,43351500989,4116,http://www.clubmed.com http://www.clubmed.com/cgi-bin/clubmed55/SP/villagesHeading.do?PAYS=196&amp;L
TN,Tunisia,100244,Aghir,1021093,Club Med Djerba La Fidele,ThreeStar,"P.O. Box 168; 4116 Midoun; Djerba , DJERBA ISLAND ",,"This charming hotel is set in Djerba. Travellers will not be bothered during their stay, as this is not a pet-friendly property.",+21675750717,Hotel,33.78652|11.05671,43351501437,4116,http://www.clubmed.de/cm/urlaub-djerba-la-fidele-tunesien_p-5-l-DE-v-DFIC-ac-vh.html
TN,Tunisia,100244,Aghir,1110443,Robinson Club Djerba Bahiya,FourStar,Zone Touristique Ennadhour 4116 DjerbaMednine ,Distances are displayed to the nearest 0.1 mile and kilometer. <br /> <p>Djerba Explore Park - 2.2 km / 1.3 mi <br /> Playa Sidi Mehrez - 3.2 km / 2 mi <br /> Borj El K bir Fort - 20.9 km / 13 mi <br /> Houmt Souq Harbour - 21.7 km / 13.5 mi <br /> Islamic Monuments - 21.8 km / 13.5 mi <br /> Museum of Popular Arts & Traditions - 21.8 km / 13.5 mi <br /> Libyan market - 21.8 km / 13.5 mi <br /> El Ghriba Synagogue - 22.4 km / 13.9 mi <br /> Djerbahood - 22.7 km / 14.1 mi <br /> Guellala Museum - 24.2 km / 15 mi <br /> Aboumessouer Mosque - 25.6 km / 15.9 mi <br /> Oamarit Fishing Marina - 44.3 km / 27.5 mi <br /> Oamarit Beach - 45.6 km / 28.3 mi <br /> </p><p>The nearest major airport is Houmt Souk (DJE-Djerba - Zaris) - 29.8 km / 18.5 mi</p>,"<p>HeadLine : Near Djerba Explore Park</p><p>Location : Located in Aghir, ROBINSON DJERBA BAHIYA - All inclusive is by the sea, a 3-minute drive from Djerba Explore Park and 6 minutes from Playa Sidi Mehrez.  This 4-star property is 13 mi (20.9 km) from Borj El K bir Fort and 13.5 mi (21.7 km) from Houmt Souq Harbour.</p><p>Rooms : Make yourself at home in one of the 396 guestrooms featuring refrigerators and flat-screen televisions. Rooms have private balconies. Satellite television is provided for your entertainment. Bathrooms have showers and hair dryers.</p><p>Dining : This property is all inclusive. Rates include meals and beverages at onsite dining establishments. Charges may be applied for dining at some restaurants, special dinners and dishes, some beverages, and other amenities. <p>Grab a bite to eat at Beach, one of the property s many dining establishments, which include 2 restaurants and a coffee shop/cafe. Relax with a refreshing drink from the poolside bar or one of the 3 bars/lounges. A complimentary buffet breakfast is served daily from 7:30 AM to 10 AM. </p></p><p>Renovations : The property is closed between September 2 and April 8.</p><p>CheckIn Instructions : <ul>  <li>Extra-person charges may apply and vary depending on property policy</li><li>Government-issued photo identification and a credit card, debit card, or cash deposit may be required at check-in for incidental charges</li><li>Special requests are subject to availability upon check-in and may incur additional charges; special requests cannot be guaranteed</li><li>This property accepts credit cards, debit cards, and cash</li><li>Safety features at this property include a carbon monoxide detector, a fire extinguisher, a smoke detector, a security system, a first aid kit, and window guards</li>  </ul></p><p>Special Instructions : This property doesn t offer after-hours check-in. Front desk staff will greet guests on arrival.</p>",1,Lifeguard on site Library Playground on site Spa services on site Safe-deposit box at front desk Smoke-free property Snack bar/deli Children's pool Sauna Beach volleyball on site Free self parking Pool umbrellas Tennis on site Free WiFi Terrace Number of bars/lounges - 3 Number of poolside bars - 1 Number of outdoor pools - 1 In-room accessibility (in select rooms) Tours/ticket assistance Golf course on site Pool sun loungers Pilates classes on site Sailing on site Fitness classes on site Free Buffet Breakfast Free breakfast Outdoor tennis courts - 7 Multilingual staff Daily Turkish bath/Hammam Number of coffee shops/cafes - 1 Laundry facilities elevator Fitness facilities Surfing/bodyboarding on site Wheelchair accessible (may have limitations) Beach umbrellas Wheelchair-accessible registration desk Garden Free newspapers in lobby Tennis lessons on site Beach towels Supervised childcare/activities (surcharge) Golf driving range on site Yoga classes/instruction on site Golf lessons on site Luggage storage 24-hour front desk,33.82305|11.053217,216-74-623336,2524116,https://www.robinson.com/de/de/cluburlaub/tunesien
TN,Tunisia,100244,Aghir,1116842,Palma Djerba,ThreeStar,"ZONE TOURISTIQUE AGHIR, BP 157 MIDOUN-DJERBA ",,"Located within 13 hectares of gardens, with direct access to the beautiful Seguia beach, at 6 kms away from Midoun, this hotel with exotic style offers a range of exciting activities. It is the ideal place for guests searching active and unforgettable holidays.

The hotel is distributed in a main building and 1-storey auxiliary buildings (bungalows), within a magnificent garden. The hotel has 291 rooms and offers various bars, outdoor swimming pool with separated pool for children and indoor pool with wellness center.

All rooms have bath or shower/WC, hair dryer, air-conditioning, satellite TV, telephone, balcony or terrace. Partly pool view, partly sea view and garden view available.

The wellness centre offers Turkish bath, hydromassage and massage. Also available are horse riding and water skiing. There is an organised programme of sports activities and games during the day and shows and entertainment in the evening.

The hotel offers various restaurants with varied thematic buffets, with Tunisian and international specialities.

From the international airport Djerba - Zarzis take direction south-east and take 2nd exit. Turn left into Rue Moncet Bey. On the roundabound take 1st exit direction Rue Ibn Charaf. Turn right into Rue 2 Mars 1934. Take the 1st at your left to Avenue Talob Mehirl. Take the 2nd right and you will find the hotel at your left hand side.",,Hotel American Express MasterCard Visa Bathroom Shower Bathtub Hairdryer TV Centrally regulated air conditioning Individually adjustable air conditioning Balcony Terrace Hotel safe Shop Garden Bar Kids club Nightclub Steam bath Hot tub Massage Hairdressing salon,33.76202|11.01414,,4116,http://www.caribbeanworld.com.tn/index_fr.aspx?
TN,Tunisia,100244,Aghir,1148923,El Mouradi Djerba Menzel,FourStar,B.P.163 Midoun 4116 MidounDjerba ,Distances are displayed to the nearest 0.1 mile and kilometer. <br /> <p>Djerba Explore Park - 4.9 km / 3.1 mi <br /> Playa Sidi Mehrez - 6.7 km / 4.2 mi <br /> El Ghriba Synagogue - 22.7 km / 14.1 mi <br /> Islamic Monuments - 22.9 km / 14.2 mi <br /> Museum of Popular Arts & Traditions - 22.9 km / 14.2 mi <br /> Libyan market - 22.9 km / 14.2 mi <br /> Djerbahood - 23 km / 14.3 mi <br /> Borj El K bir Fort - 23.8 km / 14.8 mi <br /> Guellala Museum - 24.4 km / 15.2 mi <br /> Houmt Souq Harbour - 24.5 km / 15.2 mi <br /> Aboumessouer Mosque - 26.7 km / 16.6 mi <br /> Oamarit Fishing Marina - 37.2 km / 23.1 mi <br /> Oamarit Beach - 38.3 km / 23.8 mi <br /> Amira Beach - 46.9 km / 29.2 mi <br /> </p><p>The preferred airport for El Mouradi Djerba Menzel is Houmt Souk (DJE-Djerba - Zaris) - 33.4 km / 20.7 mi </p>,"<p>HeadLine : Near Djerba Explore Park</p><p>Location : Located in Aghir, El Mouradi Djerba Menzel is by the sea, within a 10-minute drive of Djerba Explore Park and Playa Sidi Mehrez.  This 4-star resort is 14.1 mi (22.7 km) from El Ghriba Synagogue and 14.2 mi (22.9 km) from Islamic Monuments.</p><p>Rooms : Make yourself at home in one of the 634 guestrooms featuring minibars. Rooms have private balconies. Satellite television is provided for your entertainment. Private bathrooms have deep soaking bathtubs and complimentary toiletries.</p><p>Dining : All-inclusive rates are available at this resort. Meals and beverages at onsite dining establishments are included in all-inclusive rates. Charges may be applied for dining at some restaurants, special dinners and dishes, some beverages, and other amenities. <p>Grab a bite at Les Fruits d Or, one of the resort s 4 restaurants, or stay in and take advantage of the 24-hour room service. Snacks are also available at the coffee shop/cafe. Relax with a refreshing drink at the bar/lounge, the beach bar, or one of 3 poolside bars. </p></p><p>CheckIn Instructions : <ul>  <li>Extra-person charges may apply and vary depending on property policy</li><li>Government-issued photo identification and a credit card, debit card, or cash deposit may be required at check-in for incidental charges</li><li>Special requests are subject to availability upon check-in and may incur additional charges; special requests cannot be guaranteed</li><li>The name on the credit card used at check-in to pay for incidentals must be the primary name on the guestroom reservation</li><li>This property accepts credit cards and cash</li><li>Safety features at this property include a carbon monoxide detector, a fire extinguisher, a smoke detector, a security system, a first aid kit, and window guards</li><li>Please note that cultural norms and guest policies may differ by country and by property; the policies listed are provided by the property</li>  </ul></p><p>Special Instructions : If you are planning to arrive after midnight please contact the property in advance using the information on the booking confirmation. Front desk staff will greet guests on arrival. For more details, please contact the property using the information on the booking confirmation.  Local laws may restrict unmarried guests from sharing rooms. Guests are responsible for providing proof of marriage, if requested by the property. This only applies to local guests (Tunisian nationality).</p>",216-75-750490,Children's club (free) Fitness facilities Basketball on site Bicycle rentals on site Surfing/bodyboarding on site Wheelchair accessible (may have limitations) Beach umbrellas Nightclub Meeting rooms Wheelchair-accessible path to elevator Wheelchair-accessible registration desk Arcade/game room Health club Marina on site Well-lit path to entrance Garden Internet access in public areas - high speed Stair-free path to entrance Full-service spa Volleyball on site Beach towels Water skiing on site Supervised childcare/activities (surcharge) Windsurfing on site Miniature golf on site Luggage storage Porter/bellhop Billiards or pool table Business center Children's club Personal motorized watercraft on site 24-hour front desk elevator Laundry facilities Number of coffee shops/cafes - 1 Turkish bath/Hammam Barbecue grill(s) Conference center Multilingual staff No accessible shuttle Wheelchair-accessible on-site restaurant On private beach Airport transportation (surcharge) Rooftop terrace Scooter/moped rentals on site Fitness classes on site Airport transportation - drop-off (surcharge) Sailing on site Tours/ticket assistance Roll-in shower (in select rooms) In-room accessibility (in select rooms) Number of indoor pools - 1 Number of beach bars - 1 Number of outdoor pools - 3 Number of poolside bars - 3 Number of bars/lounges - 1 Free WiFi Scuba diving nearby Conference space size (meters) - 500 Babysitting or childcare (surcharge) Shopping on site Dry cleaning/laundry service Gift shops or newsstand Playground on site Golfing nearby Spa services on site Safe-deposit box at front desk Smoke-free property Sauna Steam room Free self parking Conference space Waterslide Kayaking on site Hair salon Tennis on site Motor boating on site Beach sun loungers Terrace ATM/banking Wheelchair accessible path of travel Pool sun loungers Conference space size (feet) - 5382 Parasailing on site Rowing or canoeing on site Children's pool,33.782525|11.055173,216-75-750300,4116,http://www.elmouradi.com/cr2.resa/ui/aba/hotel_det
TN,Tunisia,100244,Aghir,1148925,Hotel Club Palm Azur,FourStar,Zona Touristique Djerba Na 4116 MidounDjerba ,Distances are displayed to the nearest 0.1 mile and kilometer. <br /> <p>Djerba Explore Park - 10 km / 6.2 mi <br /> Playa Sidi Mehrez - 11.8 km / 7.3 mi <br /> Guellala Museum - 18.2 km / 11.3 mi <br /> El Ghriba Synagogue - 20 km / 12.4 mi <br /> Djerbahood - 20.3 km / 12.6 mi <br /> Islamic Monuments - 21.6 km / 13.4 mi <br /> Museum of Popular Arts & Traditions - 21.6 km / 13.4 mi <br /> Libyan market - 21.6 km / 13.4 mi <br /> Borj El K bir Fort - 22.7 km / 14.1 mi <br /> Houmt Souq Harbour - 23.2 km / 14.4 mi <br /> Aboumessouer Mosque - 25.3 km / 15.7 mi <br /> Oamarit Fishing Marina - 32.1 km / 19.9 mi <br /> Oamarit Beach - 33.1 km / 20.6 mi <br /> Amira Beach - 41.7 km / 25.9 mi <br /> </p><p>The nearest major airport is Houmt Souk (DJE-Djerba - Zaris) - 29.4 km / 18.3 mi</p>,"<p>HeadLine : On the beach</p><p>Location : When you stay at Club Palm Azur - Families and Couples in Aghir, you ll be on the beach and 14 minutes by car from Playa Sidi Mehrez.  This 4-star hotel is 6.2 mi (10 km) from Djerba Explore Park and 11.3 mi (18.2 km) from Guellala Museum.</p><p>Rooms : Make yourself at home in one of the 391 guestrooms featuring minibars and flat-screen televisions. Rooms have private balconies. Complimentary wireless Internet access keeps you connected, and satellite programming is available for your entertainment. Private bathrooms with shower/tub combinations feature complimentary toiletries and hair dryers.</p><p>Dining : All-inclusive rates are available at this hotel. Meals and beverages at onsite dining establishments are included in all-inclusive rates. Charges may be applied for dining at some restaurants, special dinners and dishes, some beverages, and other amenities. <p>Grab a bite at Wasabi, one of the hotel s 3 restaurants, or stay in and take advantage of the 24-hour room service. Snacks are also available at the coffee shop/cafe. Relax with your favorite drink at the bar/lounge or the poolside bar. </p></p><p>Renovations : The following facilities will be closed during the winter: <ul><li>One of the dining venues</li></ul></p><p>CheckIn Instructions : <ul>  <li>Extra-person charges may apply and vary depending on property policy</li><li>Government-issued photo identification and a credit card, debit card, or cash deposit may be required at check-in for incidental charges</li><li>Special requests are subject to availability upon check-in and may incur additional charges; special requests cannot be guaranteed</li><li>This property accepts credit cards; cash is not accepted</li><li>Safety features at this property include a carbon monoxide detector, a fire extinguisher, a smoke detector, a security system, a first aid kit, and window guards</li>  </ul></p><p>Special Instructions : To make arrangements for check-in please contact the property ahead of time using the information on the booking confirmation. If you are planning to arrive after midnight please contact the property in advance using the information on the booking confirmation. Guests must contact the property in advance for check-in instructions. Front desk staff will greet guests on arrival.</p>",216-7-5.750.710,Free self parking Dry cleaning/laundry service Hair salon Shopping on site Tennis on site Pool umbrellas Terrace Free WiFi ATM/banking Pool sun loungers Concierge services Number of bars/lounges - 1 Designated smoking areas Number of spa tubs - 1 Number of poolside bars - 1 Number of outdoor pools - 2 Number of indoor pools - 1 In-room accessibility (in select rooms) Bicycle rentals nearby Wheelchair accessible parking Tours/ticket assistance Accessible bathroom (in select rooms) Fitness classes on site Scuba diving on site Wheelchair-accessible lounge Outdoor tennis courts - 3 Barbecue grill(s) Turkish bath/Hammam Number of coffee shops/cafes - 1 Laundry facilities elevator Fitness facilities Wheelchair accessible (may have limitations) Vending machine Foosball Wheelchair-accessible registration desk Television in common areas Arcade/game room Health club Spa treatment room(s) Garden Full-service spa Tennis lessons on site Volleyball on site Windsurfing on site Miniature golf on site Luggage storage Children's club 24-hour front desk Archery on site Library Playground on site Golfing nearby Safe-deposit box at front desk Designated smoking areas (fines apply) Snack bar/deli Hiking/biking trails nearby Children's pool Sauna Steam room,33.75842|11.01173,216-7-5.750.700,4116,
TN,Tunisia,100244,Aghir,1148936,Hari Club Beach Resort,FourStar,Zone Touristique Aghir 4116 AghirDjerba ,Distances are displayed to the nearest 0.1 mile and kilometer. <br /> <p>Djerba Explore Park - 7.7 km / 4.8 mi <br /> Playa Sidi Mehrez - 9.5 km / 5.9 mi <br /> Guellala Museum - 20.5 km / 12.7 mi <br /> El Ghriba Synagogue - 23.1 km / 14.4 mi <br /> Islamic Monuments - 23.1 km / 14.4 mi <br /> Museum of Popular Arts & Traditions - 23.1 km / 14.4 mi <br /> Libyan market - 23.1 km / 14.4 mi <br /> Djerbahood - 23.4 km / 14.6 mi <br /> Borj El K bir Fort - 24.3 km / 15.1 mi <br /> Houmt Souq Harbour - 24.6 km / 15.3 mi <br /> Aboumessouer Mosque - 27.1 km / 16.8 mi <br /> Oamarit Fishing Marina - 33.9 km / 21.1 mi <br /> Oamarit Beach - 35.5 km / 22.1 mi <br /> Amira Beach - 44.3 km / 27.5 mi <br /> </p><p>The nearest major airport is Houmt Souk (DJE-Djerba - Zaris) - 31.3 km / 19.4 mi</p>,"<p>HeadLine : On the beach</p><p>Location : When you stay at Hari Club Beach Resort  in Aghir, you ll be on the beach and 11 minutes by car from Djerba Explore Park.  This 4-star hotel is 5.9 mi (9.5 km) from Playa Sidi Mehrez and 12.7 mi (20.5 km) from Guellala Museum.</p><p>Rooms : Make yourself at home in one of the 217 air-conditioned rooms featuring minibars and flat-screen televisions. Rooms have private furnished balconies or patios. Complimentary wireless Internet access keeps you connected, and cable programming is available for your entertainment. Private bathrooms with bathtubs or showers feature complimentary toiletries and hair dryers.</p><p>Dining : This hotel is all inclusive. Rates include meals and beverages at onsite dining establishments. Charges may be applied for dining at some restaurants, special dinners and dishes, some beverages, and other amenities. <p>Grab a bite to eat at one of the hotel s many dining establishments, which include 4 restaurants and a coffee shop/cafe. Relax with a refreshing drink at the beach bar, the poolside bar, or one of 4 bars/lounges. </p></p><p>CheckIn Instructions : <ul>  <li>Extra-person charges may apply and vary depending on property policy</li><li>Government-issued photo identification and a credit card, debit card, or cash deposit may be required at check-in for incidental charges</li><li>Special requests are subject to availability upon check-in and may incur additional charges; special requests cannot be guaranteed</li><li>This property accepts credit cards and cash</li><li>Please note that cultural norms and guest policies may differ by country and by property; the policies listed are provided by the property</li>  </ul></p><p>Special Instructions : To make arrangements for check-in please contact the property ahead of time using the information on the booking confirmation. If you are planning to arrive after 10:00 PM please contact the property in advance using the information on the booking confirmation. Guests must contact the property in advance for check-in instructions. Front desk staff will greet guests on arrival. For more details, please contact the property using the information on the booking confirmation.  Please note that the hotel policy is that appropriate swimwear must be worn in the swimming pools. Any other clothing, including pants, t-shirts, long dresses, and burkinis, are not allowed. A deposit is charged to the guest s credit card by E-rev UK LTD on the hotel s behalf for any bookings where payment for the stay will be made on site instead of at the time of booking. This property caters to couples and families. Reservations for single men or groups of men are not accepted.</p>",216-70-014144,Gift shops or newsstand Miniature golf on site Off-street parking Luggage storage Outdoor tennis courts - 7 Multilingual staff 24-hour front desk Playground on site Barbecue grill(s) Spa services on site Turkish bath/Hammam Safe-deposit box at front desk Smoke-free property Snack bar/deli Number of coffee shops/cafes - 1 Laundry facilities Dry cleaning/laundry service Children's pool Sauna Free self parking Beach volleyball on site Wheelchair accessible (may have limitations) Beach umbrellas Pool umbrellas Free WiFi Number of bars/lounges - 4 Health club Number of poolside bars - 1 Number of outdoor pools - 1 Number of beach bars - 1 Number of indoor pools - 1 Garden Roll-in shower (in select rooms) Beach towels Children's club (free) Fitness facilities Hair salon Tennis on site Beach sun loungers Terrace ATM/banking Basketball on site Pool sun loungers Concierge services,33.771825|11.029678,216-27-066692,4016,http://www.hari-club.com/
TN,Tunisia,100244,Aghir,1148938,Sidi Slim,ThreeStar,"Zone Touristique; 4116 Aghir; Djerba , AGHIR ",,"This lovely hotel can be found in Djerba. The accommodation comprises a total of 326 snug accommodation units. Those who dislike animals may enjoy their stay, as this accommodation does not allow pets.",+21675657002,Hotel,33.77178|11.03149,+43351314023,4116,
TN,Tunisia,100244,Aghir,1148939,Homere Hotel,ThreeStar,Zone Touristique PO Box 1624116 AghirDjerba Island ,Distances are calculated in a straight line from the property&apos;s location to the point of interest or attraction  and may not reflect actual travel distance. &lt;br /&gt;&lt;br /&gt; Distances are displayed to the nearest 0.1 mile and kilometer. &lt;p&gt;Djerba Explore - 7.5 km / 4.6 mi &lt;br /&gt;Djerba Golf Club - 7.6 km / 4.7 mi &lt;br /&gt;Sentido Djerba Beach - 9 km / 5.6 mi &lt;br /&gt;El-Ghriba - 9.3 km / 5.8 mi &lt;br /&gt;Houmt Souq Old Town - 9.3 km / 5.8 mi &lt;br /&gt;Guellala Museum - 14.1 km / 8.8 mi &lt;br /&gt;El Ghriba Synagogue - 15.7 km / 9.7 mi &lt;br /&gt;Oamarit Fishing Marina - 17.5 km / 10.9 mi &lt;br /&gt;Oamarit Beach - 18.4 km / 11.4 mi &lt;br /&gt;Islamic Monuments - 19.4 km / 12 mi &lt;br /&gt;Libyan market - 19.4 km / 12 mi &lt;br /&gt;Museum of Popular Arts &amp; Traditions - 19.4 km / 12 mi &lt;br /&gt;Borj Ghazi Mustapha - 19.8 km / 12.3 mi &lt;br /&gt;Borj El K&apos;bir Fort - 19.9 km / 12.3 mi &lt;br /&gt;Houmt Souq Harbour - 20.3 km / 12.6 mi &lt;br /&gt;&lt;/p&gt;&lt;p&gt;The preferred airport for Hôtel Homère is Houmt Souk (DJE-Djerba - Zaris) - 25.3 km / 15.8 mi. &lt;/p&gt;,"<p><b>Property Location</b> <br />Located in Aghir, Hôtel Homère is within the region of Guellala Museum and El Ghriba Synagogue.  This hotel is within the region of Oamarit Fishing Marina and Oamarit Beach.</p><p><b>Rooms</b> <br />Make yourself at home in one of the 180 air-conditioned rooms featuring minibars. Rooms have private balconies or patios. Satellite television is provided for your entertainment. Bathrooms with bathtubs or showers are provided.</p><p><b>Amenities</b> <br />Treat yourself with massages, body treatments, and facials. You can soak up the sun at the private beach or enjoy other recreational amenities including an outdoor pool and an indoor pool.</p><p><b>Dining</b> <br />Enjoy a satisfying meal at a restaurant serving guests of Hôtel Homère. Thirsty? Quench your thirst at a bar/lounge, a beach bar, or a poolside bar. A complimentary buffet breakfast is served daily.</p><p><b>Business, Other Amenities</b> <br />Self parking (subject to charges) is available onsite.</p>",,Pets Not Allowed Television MasterCard Outdoor tennis court designated smoking area Free kids club Writing Desk Breakfast included 24 Hour Front Desk Free cribs/infant beds TV Channels Turkish Bath Connecting rooms Free Wireless Internet access Pay Parking Visa Beach bar Bar / Lounge Beach umbrellas Children's pool Poolside bar Beach/pool umbrellas Minibar Steam bath Indoor pool Outdoor Swimming Pool Bathtub or shower Sunloungers Restaurant Private balcony / terrace Private Beach Air Condition in rooms Private bathrooms Meeting rooms,33.7600881555595|11.0136786103249,,4116,
TN,Tunisia,100244,Aghir,1187427,Seabel Aladin Hotel,ThreeStar,Bp 247 Zone Hoteliere Aghir AghirDjerba ,Distances are displayed to the nearest 0.1 mile and kilometer. <br /> <p>Djerba Explore Park - 8.8 km / 5.5 mi <br /> Playa Sidi Mehrez - 10.6 km / 6.6 mi <br /> Guellala Museum - 19.5 km / 12.1 mi <br /> El Ghriba Synagogue - 22 km / 13.7 mi <br /> Islamic Monuments - 22.2 km / 13.8 mi <br /> Museum of Popular Arts & Traditions - 22.2 km / 13.8 mi <br /> Libyan market - 22.2 km / 13.8 mi <br /> Djerbahood - 22.3 km / 13.9 mi <br /> Borj El K bir Fort - 23.4 km / 14.5 mi <br /> Houmt Souq Harbour - 23.8 km / 14.8 mi <br /> Aboumessouer Mosque - 26 km / 16.2 mi <br /> Oamarit Fishing Marina - 33.4 km / 20.7 mi <br /> Oamarit Beach - 34.4 km / 21.4 mi <br /> Amira Beach - 43.2 km / 26.8 mi <br /> </p><p>The preferred airport for Seabel Aladin is Houmt Souk (DJE-Djerba - Zaris) - 30.1 km / 18.7 mi </p>,"<p>HeadLine : On the waterfront</p><p>Location : Located in Aghir, Seabel Aladin is by the sea, within a 15-minute drive of Djerba Explore Park and Playa Sidi Mehrez.  This all-inclusive hotel is 12.1 mi (19.5 km) from Guellala Museum and 13.7 mi (22 km) from El Ghriba Synagogue.</p><p>Rooms : Make yourself at home in one of the 318 guestrooms featuring refrigerators. Rooms have private furnished balconies. Complimentary wireless Internet access keeps you connected, and satellite programming is available for your entertainment. Private bathrooms with bathtubs or showers feature complimentary toiletries and hair dryers.</p><p>Dining : This hotel is all inclusive. Rates include meals and beverages at onsite dining establishments. Charges may be applied for dining at some restaurants, special dinners and dishes, some beverages, and other amenities. <p>Grab a bite to eat at Main buffet, a buffet restaurant which features a bar/lounge, or stay in and take advantage of the room service. Relax with your favorite drink at the beach bar or the poolside bar. A complimentary buffet breakfast is included. </p></p><p>CheckIn Instructions : <ul>  <li>Extra-person charges may apply and vary depending on property policy</li><li>Government-issued photo identification and a credit card, debit card, or cash deposit may be required at check-in for incidental charges</li><li>Special requests are subject to availability upon check-in and may incur additional charges; special requests cannot be guaranteed</li><li>This property accepts credit cards, debit cards, and cash</li><li>Safety features at this property include a fire extinguisher and a first aid kit</li><li>Please note that cultural norms and guest policies may differ by country and by property; the policies listed are provided by the property</li>  </ul></p><p>Special Instructions : This property offers transfers from the airport (surcharges may apply). To arrange pick-up, guests must contact the property 24 hours prior to arrival, using the contact information on the booking confirmation. Front desk staff will greet guests on arrival.</p>",216-75-758184,Turkish bath/Hammam Number of coffee shops/cafes - 1 Laundry facilities Children's club (free) Supervised childcare/activities (free) Wheelchair accessible (may have limitations) Beach umbrellas Wheelchair-accessible registration desk Arcade/game room Spa treatment room(s) Horse riding/rental on site Garden Picnic area Full-service spa Tennis lessons on site Boat tours nearby Windsurfing on site Miniature golf on site Luggage storage Porter/bellhop 24-hour front desk Scooter/moped rentals nearby Lifeguard on site Playground on site Golfing nearby Outdoor seasonal pool Snorkeling nearby Rowing or canoeing on site Snack bar/deli Hiking/biking trails nearby Children's pool Steam room Use of nearby fitness center (discount) Free self parking Hair salon Tennis on site Beach sun loungers Terrace ATM/banking Pool sun loungers Parasailing on site Concierge services Accessible bathroom (in select rooms) Free Buffet Breakfast Airport transportation (surcharge) On private beach Wheelchair-accessible on-site restaurant Free breakfast Golf lessons available nearby Outdoor tennis courts - 2 Multilingual staff Concerts/live shows Evening entertainment Barbecue grill(s) Gift shops or newsstand Dry cleaning/laundry service Beach volleyball on site Shopping on site Gated community Babysitting or childcare (surcharge) Airport transportation Pool umbrellas Wired Internet access - surcharge Sailing nearby Free WiFi Number of bars/lounges - 1 Designated smoking areas Number of poolside bars - 1 Number of beach bars - 1 Number of indoor pools - 1 Number of swim-up bars - 1 Water skiing nearby In-room accessibility (in select rooms) Bicycle rentals nearby Wheelchair accessible parking Tours/ticket assistance,33.764868|11.021235,216-75-758180,4116,http://www.seabelhotels.com/aladin/default-en.html
TN,Tunisia,100244,Aghir,1200387,Royal Karthago(Ex.Laico Djerba),FourStar,Zone Touristique Aghir Midoun AGHIR ,,"When you stay at Royal Karthago Resort & Thalasso in Aghir, you'll be on the beach and 7 minutes by car from Djerba Explore Park.  This 4-star hotel is 13.5 mi (21.7 km) from Guellala Museum and 16.2 mi (26 km) from Borj El K'bir Fort.
Relax at the full-service spa, where you can enjoy massages. You're sure to appreciate the recreational amenities, including an indoor pool and a seasonal outdoor pool. Additional amenities at this hotel include complimentary wireless Internet access, a television in a common area, and a reception hall.
Featured amenities include complimentary newspapers in the lobby, dry cleaning/laundry services, and a 24-hour front desk. This hotel has 3 meeting rooms available for events. Free self parking is available onsite.
Satisfy your appetite for lunch or dinner at the hotel's restaurant, or stay in and take advantage of the room service (during limited hours). Quench your thirst with your favorite drink at the bar/lounge. A complimentary buffet breakfast is served daily from 6:00 AM to 10:00 AM.
Make yourself at home in one of the 433 individually decorated guestrooms, featuring minibars and LED televisions. Complimentary wireless Internet access keeps you connected, and satellite programming is available for your entertainment. Bathrooms have bathtubs or showers and complimentary toiletries. Conveniences include phones, as well as safes and desks.",,Hotel Laundry service Multilingual staff Bellboy service Air conditioning in public areas Currency exchange facilities Garden Terrace Newspapers Luggage room Clothes dryer Private beach area Bar Restaurant Air conditioning in Restaurant Meeting room Sun loungers Parasols TV lounge Nightclub Sauna Massage Spa centre Breakfast All inclusive Non-smoking establishment,33.778603|11.040884,,4116,http://www.laicohotels.com/en/hotel/tunisia/djerba/laico-djerba.html
TN,Tunisia,100244,Aghir,1200788,Hotel Bravo Djerba,FourStar,AGHIR DJERBA ,,"The hotel  is situated in a rural surrounding on the Tunisian island Djerba. The architecture of the hotel is based on the appearance of a boat and you can find this maritime character in each detail of the hotel interior. The rooms are predominantly with a boundless sea view with  balcony or terrace. In the restaurant be offer international food as well as  Tunisian specialties. The hotel has a direct access to an extensive sand-pebble beach. Deck chair and sunshades can be used free of charge. For  active tourists be also offer various water sports activities. The generous wellness and spa area has an indoor pool, sauna and hammam with offer various massages and beauty treatments for a fee.",,Hotel Mobile phone coverage Secure parking Medical service Multilingual staff Bellboy service Air conditioning in public areas Currency exchange facilities Cloakroom Lift access Newspaper stand Garden Terrace Sun terrace Gym Café Bar Restaurant Smoking area Poolside snack bar Show cooking Conference room Meeting room Projector Conference hostess Secretarial service Photocopier Business centre Sun loungers Parasols Kids club Entertainment programme for adults Entertainment programme for children Sauna Steam bath Hot tub Turkish bath (hamam) Massage Spa treatments Hairdressing salon Beauty salon Spa centre Breakfast Breakfast buffet Continental Breakfast Hot breakfast Early bird breakfast Late riser breakfast Buffet lunch Brunch Buffet dinner À la carte dinner Breakfast and dinner Breakfast and lunch All inclusive with non-alcoholic drinks,33.758242|11.008609,,8050,http://www.bravo-hotels.com/djerba/de/
TN,Tunisia,100244,Aghir,1201017,Djerba Castille,FourStar,Zone Touristique Midoun ,Distances are displayed to the nearest 0.1 mile and kilometer. <br /> <p>Djerba Explore Park - 8.7 km / 5.4 mi <br /> Playa Sidi Mehrez - 10.4 km / 6.5 mi <br /> Guellala Museum - 19.7 km / 12.2 mi <br /> El Ghriba Synagogue - 22.2 km / 13.8 mi <br /> Islamic Monuments - 22.4 km / 13.9 mi <br /> Museum of Popular Arts & Traditions - 22.4 km / 13.9 mi <br /> Libyan market - 22.4 km / 13.9 mi <br /> Djerbahood - 22.5 km / 14 mi <br /> Borj El K bir Fort - 23.6 km / 14.7 mi <br /> Houmt Souq Harbour - 24 km / 14.9 mi <br /> Aboumessouer Mosque - 26.2 km / 16.3 mi <br /> Oamarit Fishing Marina - 33.6 km / 20.9 mi <br /> Oamarit Beach - 34.6 km / 21.5 mi <br /> Amira Beach - 43.4 km / 27 mi <br /> </p><p>The nearest major airport is Houmt Souk (DJE-Djerba - Zaris) - 30.3 km / 18.8 mi</p>,"<p>HeadLine : On the beach</p><p>Location : When you stay at Hôtel Djerba Castille in Aghir, you ll be on the beach and 12 minutes by car from Djerba Explore Park.  This 4-star hotel is 6.5 mi (10.4 km) from Playa Sidi Mehrez and 12.2 mi (19.7 km) from Guellala Museum.</p><p>Rooms : Make yourself at home in one of the 280 air-conditioned guestrooms. Satellite television is provided for your entertainment. Bathrooms have shower/tub combinations and hair dryers. Conveniences include phones and desks, and housekeeping is provided daily.</p><p>Dining : All-inclusive rates are available at this hotel. Meals and beverages at onsite dining establishments are included in all-inclusive rates. Charges may be applied for dining at some restaurants, special dinners and dishes, some beverages, and other amenities. <p>Stop by the hotel s restaurant, Restaurant, for lunch or dinner. Dining is also available at the coffee shop/cafe, and room service is provided. Relax with a refreshing drink from the poolside bar or one of the 2 bars/lounges. </p></p><p>CheckIn Instructions : <ul>  <li>Extra-person charges may apply and vary depending on property policy</li><li>Government-issued photo identification and a credit card, debit card, or cash deposit may be required at check-in for incidental charges</li><li>Special requests are subject to availability upon check-in and may incur additional charges; special requests cannot be guaranteed</li><li>Guests must contact this property in advance to reserve cribs/infant beds</li><li>This property accepts credit cards; cash is not accepted</li><li>Please note that cultural norms and guest policies may differ by country and by property; the policies listed are provided by the property</li>  </ul> <ul>  <li>A deposit is charged to the guest s credit card by E-rev UK LTD on the hotel s behalf for any bookings where payment for the stay will be made on site instead of at the time of booking.</li>  </ul></p><p>Special Instructions : Front desk staff will greet guests on arrival. For more details, please contact the property using the information on the booking confirmation.</p>",216-70-014174,Designated smoking areas (fines apply) Snack bar/deli Number of coffee shops/cafes - 1 Children's pool Sauna elevator Free self parking Hair salon Computer station Beach sun loungers Terrace Pool sun loungers Gift shops or newsstand Beach umbrellas Pool umbrellas Television in common areas Free WiFi Number of bars/lounges - 2 Designated smoking areas Number of poolside bars - 1 Number of outdoor pools - 1 Number of indoor pools - 1 Garden Tours/ticket assistance Supervised childcare/activities Luggage storage Grocery/convenience store Multilingual staff 24-hour front desk Library Playground on site Safe-deposit box at front desk,33.765997|11.022849,216-73-325334,4116,http://www.djerbacastille.com/
TN,Tunisia,100244,Aghir,1212893,Cap Djerba Resort,ThreeStar,Zone Touristique Aghir 4116 MidounDjerba ,Distances are calculated in a straight line from the property&apos;s location to the point of interest or attraction  and may not reflect actual travel distance. &lt;br /&gt;&lt;br /&gt; Distances are displayed to the nearest 0.1 mile and kilometer. &lt;p&gt;Guellala Museum - 16 km / 9.9 mi &lt;br /&gt;El Ghriba Synagogue - 16.6 km / 10.3 mi &lt;br /&gt;Oamarit Fishing Marina - 18.7 km / 11.6 mi &lt;br /&gt;Oamarit Beach - 19.5 km / 12.1 mi &lt;br /&gt;Borj El K&apos;bir Fort - 20 km / 12.4 mi &lt;br /&gt;Houmt Souq Harbour - 20.5 km / 12.7 mi &lt;br /&gt;&lt;/p&gt;&lt;p&gt;The preferred airport for Minotel Djerba Resort is Houmt Souk (DJE-Djerba - Zaris) - 26 km / 16.2 mi. &lt;/p&gt;,"Dream Park Hotel and Spa is located in Djerba, a short walk to the beaches. It offers air-conditioned rooms with private bathrooms and some with a view of the sea.Unlimited Wi-Fi internet access is available in the hotelÂ?s public areas and is free of charge.Guests will find a bar in the lobby as well as a traditional, oriental cafÃ©. International cuisine and local specialties are served in the restaurant and at lunch time, enjoy food from the barbecue.Dream Park Hotel and SpaÂ?s leisure facilities include an indoor and outdoor swimming pool. For children, the hotel provides a mini club and a childrenÂ?s playground.",,Outdoor seasonal pool Billiards or pool table Beach bar Poolside bar Garden Swim-up bar Free self parking Number of buildings/towers - 6 Terrace Breakfast available (surcharge) Tours/ticket assistance Beach umbrellas Bar/lounge Nightclub Children&apos;s club (free) Number of restaurants - 3 Indoor pool Children&apos;s pool Steam room Private beach nearby Coffee shop or café Spa tub Fireplace in lobby Free Wi-Fi Total number of rooms - 375 Picnic area,33.77317|11.03128,,4116,https://www.tunisiemeteo.com/hotel/Hotel-Djerba/ho
TN,Tunisia,100244,Aghir,1313152,Vincci Helios Beach,FourStar,Midoun Djerba Zone Touristique Midoun4116 MidounDjerba ,Distances are displayed to the nearest 0.1 mile and kilometer. <br /> <p>Djerba Explore Park - 2.5 km / 1.6 mi <br /> Playa Sidi Mehrez - 3.6 km / 2.2 mi <br /> Borj El K bir Fort - 21.6 km / 13.4 mi <br /> Islamic Monuments - 22.2 km / 13.8 mi <br /> Museum of Popular Arts & Traditions - 22.2 km / 13.8 mi <br /> Libyan market - 22.2 km / 13.8 mi <br /> Houmt Souq Harbour - 22.4 km / 13.9 mi <br /> El Ghriba Synagogue - 22.8 km / 14.2 mi <br /> Djerbahood - 23.2 km / 14.4 mi <br /> Guellala Museum - 24.6 km / 15.3 mi <br /> Aboumessouer Mosque - 26 km / 16.2 mi <br /> Oamarit Fishing Marina - 45 km / 28 mi <br /> Oamarit Beach - 46 km / 28.6 mi <br /> </p><p>The preferred airport for Vincci Helios Beach is Houmt Souk (DJE-Djerba - Zaris) - 30.3 km / 18.8 mi </p>,"<p>HeadLine : Near Djerba Explore Park</p><p>Location : When you stay at Vincci Helios Beach in Aghir, you ll be next to a golf course and within a 5-minute drive of Djerba Explore Park.  This 4-star resort is 2.2 mi (3.6 km) from Playa Sidi Mehrez and 13.4 mi (21.6 km) from Borj El K bir Fort.</p><p>Rooms : Make yourself at home in one of the 354 guestrooms featuring minibars and flat-screen televisions. Rooms have private balconies. Complimentary wireless Internet access keeps you connected, and satellite programming is available for your entertainment. Private bathrooms with bathtubs feature complimentary toiletries and hair dryers.</p><p>Dining : All-inclusive rates are available at this resort. Meals and beverages at onsite dining establishments are included in all-inclusive rates. Charges may be applied for dining at some restaurants, special dinners and dishes, some beverages, and other amenities. <p>Grab a bite to eat at one of the resort s 4 restaurants, or stay in and take advantage of the room service (during limited hours). Snacks are also available at the coffee shop/cafe. Meet other guests and eat at the complimentary reception. Relax with your favorite drink at the bar/lounge or the poolside bar. </p></p><p>CheckIn Instructions : <ul>  <li>Extra-person charges may apply and vary depending on property policy</li><li>Government-issued photo identification and a credit card, debit card, or cash deposit may be required at check-in for incidental charges</li><li>Special requests are subject to availability upon check-in and may incur additional charges; special requests cannot be guaranteed</li><li>This property accepts credit cards and cash</li><li>Safety features at this property include a carbon monoxide detector, a fire extinguisher, a first aid kit, and window guards</li>  </ul></p><p>Special Instructions : Front desk staff will greet guests on arrival.</p>",216-7-5745711,Gift shops or newsstand Dry cleaning/laundry service Beach volleyball on site Shopping on site Parking (limited spaces) Babysitting or childcare (surcharge) Free reception Conference space size (meters) - 900 Scuba diving nearby Free WiFi Number of bars/lounges - 1 Designated smoking areas Number of poolside bars - 1 Number of outdoor pools - 1 Number of indoor pools - 1 Water skiing nearby In-room accessibility (in select rooms) Wheelchair accessible parking Roll-in shower (in select rooms) Tours/ticket assistance Accessible bathroom (in select rooms) Fitness classes on site On private beach Outdoor tennis courts - 2 Multilingual staff Parasailing nearby Daily Barbecue grill(s) Long-term parking Turkish bath/Hammam Ecotours nearby Coffee/tea in common areas Number of coffee shops/cafes - 1 Laundry facilities elevator Children's club (free) Fitness facilities Wheelchair accessible (may have limitations) Wheelchair accessible Beach umbrellas Reception hall Express check-in Nightclub Meeting rooms Wheelchair-accessible registration desk Television in common areas Windsurfing nearby Spa treatment room(s) Garden Free newspapers in lobby Full-service spa Beach towels Supervised childcare/activities (surcharge) Miniature golf on site Luggage storage Express check-out Billiards or pool table 24-hour front desk Archery on site Playground on site Golfing nearby Spa services on site Safe-deposit box at front desk Snack bar/deli Children's pool Sauna Surfing/bodyboarding nearby Steam room Free self parking Conference space Kayaking on site Hair salon Tennis on site Beach sun loungers Terrace ATM/banking Pool sun loungers Conference space size (feet) - 9688 24-hour business center,33.817899|11.051881,216-75-745110,4116,http://www.vinccihoteles.com/es/Hoteles/Tunez/Djerba/Vincci-Helios-Beach/Localizacion
TN,Tunisia,100244,Aghir,1360693,Yadis Imperial Beach & Spa Resort,FiveStar,"ROUTE TOURISTIQUE AGHIR, BP75 DJERBA ",,"This hotel is located near the sea. It is 22 km from Djerba Airport.

This is a modern and elegant 475-room hotel in front of the beach. It offers the best facilities, including a conference room, theatre and restaurant. Further facilities available to guests at this air-conditioned establishment include lift access to the upper floors, a café, 7 bars and a disco, as well as wireless Internet access. Furthermore, guests can take advantage of room service, a bike hire service and the playground.

In-room amenities include a satellite/cable TV, centrally regulated air conditioning, individually regulated heating and Internet access. Further standard features of accommodation units include a shower, bathtub and hairdryer, as well as a direct dial telephone, minibar, tea and coffee making facilities, a king-size bed and a safety deposit box.

The hotel offers an outdoor swimming pool in the hotel grounds with sun loungers and parasols laid out for use by the water's edge. Furthermore, they can take advantage of a sauna, tanning studio and special spa packages. Guests are also free to practise several sports, such as windsurfing, canoeing, minigolf, paddle tennis and tennis. Those looking to stay in shape can head to the hotel gym for a workout. Meanwhile, fans of the fairway can head to Djerba Golf Club, which is some 15 minutes away from the establishment.

A continental breakfast is served each morning at the hotel. Lunch and dinner can be taken à la carte.",,Hotel Shower Bathtub Hairdryer Direct dial telephone Minibar Centrally regulated air conditioning Safe Room service Bicycle hire service Air conditioning in public areas Lift access Sun terrace Gym Café Bar Smoking area Conference room Sun loungers Parasols Children playground Theatre / auditorium Nightclub Sauna Spa treatments Continental Breakfast Buffet lunch À la carte lunch À la carte dinner Windsurfing Canoeing Mini golf Tennis Paddle tennis,33.76155853|11.01817226,,4116,http://www.yadis.com/en.834.yadis-imperial-beach-spa-resort.html
TN,Tunisia,100244,Aghir,1650061,Menzel Marhaba,ThreeStar,Tezdaine 4116 Midoun ,Distances are displayed to the nearest 0.1 mile and kilometer. <br /> <p>Djerba Explore Park - 3.3 km / 2.1 mi <br /> Playa Sidi Mehrez - 3.6 km / 2.3 mi <br /> El Ghriba Synagogue - 20.1 km / 12.5 mi <br /> Islamic Monuments - 20.4 km / 12.7 mi <br /> Museum of Popular Arts & Traditions - 20.4 km / 12.7 mi <br /> Libyan market - 20.4 km / 12.7 mi <br /> Djerbahood - 20.5 km / 12.7 mi <br /> Borj El K bir Fort - 21.5 km / 13.4 mi <br /> Guellala Museum - 21.9 km / 13.6 mi <br /> Houmt Souq Harbour - 21.9 km / 13.6 mi <br /> Aboumessouer Mosque - 24.1 km / 15 mi <br /> Oamarit Fishing Marina - 37.9 km / 23.5 mi <br /> Oamarit Beach - 39.6 km / 24.6 mi <br /> Amira Beach - 46.4 km / 28.8 mi <br /> </p><p>The nearest major airport is Houmt Souk (DJE-Djerba - Zaris) - 27.9 km / 17.3 mi</p>,"<p>HeadLine : Near Djerba Explore Park</p><p>Location : When you stay at Menzel Marhaba in Aghir, you ll be next to a golf course and 7 minutes by car from Djerba Explore Park.  This golf guesthouse is 2.4 mi (3.8 km) from Playa Sidi Mehrez and 12.5 mi (20.1 km) from El Ghriba Synagogue.</p><p>Rooms : Make yourself at home in one of the 5 guestrooms featuring espresso makers. Complimentary wireless Internet access is available to keep you connected. Private bathrooms with bathtubs or showers feature complimentary toiletries and hair dryers. Conveniences include electric kettles and a turndown service, and you can also request rollaway/extra beds (surcharge).</p><p>Dining : At Menzel Marhaba, enjoy a satisfying meal at the restaurant.</p><p>CheckIn Instructions : <ul>  <li>Extra-person charges may apply and vary depending on property policy</li><li>Government-issued photo identification and a credit card, debit card, or cash deposit may be required at check-in for incidental charges</li><li>Special requests are subject to availability upon check-in and may incur additional charges; special requests cannot be guaranteed</li><li>Guests must contact this property in advance to reserve cribs/infant beds</li><li>This property accepts credit cards</li>  </ul></p><p>Special Instructions : This property offers transfers from the airport (surcharges may apply). To arrange pick-up, guests must contact the property 72 hours prior to arrival, using the contact information on the booking confirmation. There is no front desk at this property.</p>",,Barbecue grill(s) Spa services on site Snorkeling nearby Free self parking Beach sun loungers Golf course on site Pool sun loungers Concierge services Beach umbrellas Pool umbrellas Sailing nearby Television in common areas Windsurfing nearby Scuba diving nearby Free WiFi Spa treatment room(s) Designated smoking areas Number of outdoor pools - 1 Horse riding/rental on site Water skiing nearby Garden Tours/ticket assistance Fireplace in lobby Beach towels Boat tours nearby Rooftop terrace Airport transportation (surcharge) Parasailing nearby Library,33.803309|11.034029,216-56060800,4116,http://menzel-marhaba.com/
TN,Tunisia,100244,Aghir,1650126,Dar Jasmin Djerba,ThreeStar,Tezdaine Djerba Island 4116 Tezdaine4116 MidounDjerba Island ,Distances are displayed to the nearest 0.1 mile and kilometer. <br /> <p>Djerba Explore Park - 4 km / 2.5 mi <br /> Playa Sidi Mehrez - 5.8 km / 3.6 mi <br /> El Ghriba Synagogue - 21.5 km / 13.4 mi <br /> Islamic Monuments - 21.7 km / 13.5 mi <br /> Museum of Popular Arts & Traditions - 21.7 km / 13.5 mi <br /> Libyan market - 21.7 km / 13.5 mi <br /> Djerbahood - 21.8 km / 13.5 mi <br /> Borj El K bir Fort - 22.9 km / 14.2 mi <br /> Guellala Museum - 23.3 km / 14.5 mi <br /> Houmt Souq Harbour - 23.3 km / 14.5 mi <br /> Aboumessouer Mosque - 25.5 km / 15.8 mi <br /> Oamarit Fishing Marina - 38.1 km / 23.7 mi <br /> Oamarit Beach - 39.7 km / 24.7 mi <br /> Amira Beach - 48.3 km / 30 mi <br /> </p><p>The preferred airport for Dar Jasmin Djerba is Houmt Souk (DJE-Djerba - Zaris) - 32.5 km / 20.2 mi </p>,"<p>HeadLine : Next to a golf course</p><p>Location : Located in Aghir, Dar Jasmin Djerba is by the sea, within a 10-minute drive of Djerba Explore Park and Playa Sidi Mehrez.  This beach guesthouse is 13.4 mi (21.5 km) from El Ghriba Synagogue and 13.5 mi (21.7 km) from Islamic Monuments.</p><p>Rooms : Make yourself at home in one of the 4 air-conditioned guestrooms. Rooms have private furnished balconies. Complimentary wireless Internet access is available to keep you connected. Private bathrooms have complimentary toiletries and hair dryers.</p><p>Dining : Enjoy a meal at the restaurant, or stay in and take advantage of the guesthouse s room service (during limited hours). Unwind at the end of the day with a drink at the bar/lounge or the poolside bar. A complimentary cooked-to-order breakfast is served daily from 8:00 AM to 10 AM.</p><p>CheckIn Instructions : <ul>  <li>Extra-person charges may apply and vary depending on property policy</li><li>Government-issued photo identification and a cash deposit may be required at check-in for incidental charges</li><li>Special requests are subject to availability upon check-in and may incur additional charges; special requests cannot be guaranteed</li><li>Guests must contact this property in advance to reserve rollaway/extra beds</li><li>This property accepts cash</li>  </ul></p><p>Special Instructions : Front desk staff will greet guests on arrival.</p>",216-216-93822733,Express check-in Swimming pool Sailing nearby Television in common areas Scuba diving nearby Skydiving Nearby Free WiFi Number of bars/lounges - 1 Designated smoking areas Number of poolside bars - 1 Number of outdoor pools - 1 Concierge services Horse riding/rental on site Garden In-room accessibility (in select rooms) Bicycle rentals nearby Free newspapers in lobby Tours/ticket assistance Accessible bathroom (in select rooms) Fireplace in lobby Boat tours nearby Fishing on site Free Cooked-to-Order Breakfast Rooftop terrace Luggage storage Free breakfast Express check-out Multilingual staff Parasailing nearby Personal motorized watercraft on site 24-hour front desk Library Daily Barbecue grill(s) Bowling alley on site Snorkeling nearby Safe-deposit box at front desk Free self parking Terrace,33.79269|11.04709,216-93-822733,4116,https://www.darjasmindjerba.com/
TN,Tunisia,100244,Aghir,1650154,La Palmeraie,ThreeStar,Djerba Tezdaine Midoun 4116 MidounDjerba Island ,Distances are displayed to the nearest 0.1 mile and kilometer. <br /> <p>Djerba Explore Park - 3 km / 1.8 mi <br /> El Ghriba Synagogue - 20.9 km / 13 mi <br /> Djerbahood - 21.1 km / 13.1 mi <br /> Borj El K bir Fort - 22.6 km / 14.1 mi <br /> Houmt Souq Harbour - 23.4 km / 14.6 mi <br /> Guellala Museum - 30.1 km / 18.7 mi <br /> Oamarit Fishing Marina - 39.3 km / 24.4 mi <br /> Oamarit Beach - 39.5 km / 24.5 mi <br /> Amira Beach - 46.9 km / 29.2 mi <br /> </p><p>The nearest major airport is Houmt Souk (DJE-Djerba - Zaris) - 29 km / 18 mi</p>,"<p>HeadLine : Near Djerba Explore Park</p><p>Location : When you stay at La Palmeraie in Aghir, you ll be next to a golf course and within a 5-minute drive of Djerba Explore Park.  This beach guesthouse is 13 mi (20.9 km) from El Ghriba Synagogue and 13.1 mi (21.1 km) from Djerbahood.</p><p>Rooms : Make yourself at home in one of the 3 individually decorated guestrooms. Complimentary wireless Internet access keeps you connected, and satellite programming is available for your entertainment. Conveniences include complimentary bottled water and blackout drapes/curtains, and housekeeping is provided on a limited basis.</p><p>Dining : Satisfy your appetite at the guesthouse s poolside restaurant, which features a garden view. Wrap up your day with a drink at the poolside bar. A complimentary continental breakfast is served daily from 7:30 AM to 10 AM.</p><p>CheckIn Instructions : Extra-person charges may apply and vary depending on property policy. <br />Government-issued photo identification and a credit card, debit card, or cash deposit are required at check-in for incidental charges. <br />Special requests are subject to availability upon check-in and may incur additional charges. Special requests cannot be guaranteed. <ul> Guests must contact this property in advance to reserve cribs/infant beds and rollaway/extra beds. This property only accepts cash for all bookings and onsite payments.  </ul></p>",216-0-0000,Barbecue grill(s) Rooftop terrace Free airport transportation Full-service spa 24-hour front desk Poolside bar Beach umbrellas Free breakfast Restaurant Tours/ticket assistance Free self parking Beach sun loungers Free WiFi Pool sun loungers Private beach nearby Outdoor pool Smoke-free property Luggage storage Designated smoking areas Pool umbrellas Laundry facilities Spa tub Television in common areas Garden Multilingual staff,33.798668|11.043369,216-04-6379204,4116,https://www.lapalmeraiedjerba.com/
TN,Tunisia,100244,Aghir,1827562,Villa dhiefa,ThreeStar,Midoun 4116 Midoun ,Distances are displayed to the nearest 0.1 mile and kilometer. <br /> <p>Djerba Explore Park - 4.4 km / 2.7 mi <br /> Playa Sidi Mehrez - 4.6 km / 2.8 mi <br /> El Ghriba Synagogue - 18.7 km / 11.6 mi <br /> Islamic Monuments - 18.7 km / 11.6 mi <br /> Museum of Popular Arts & Traditions - 18.7 km / 11.6 mi <br /> Libyan market - 18.7 km / 11.6 mi <br /> Djerbahood - 19 km / 11.8 mi <br /> Borj El K bir Fort - 19.9 km / 12.3 mi <br /> Houmt Souq Harbour - 20.2 km / 12.6 mi <br /> Guellala Museum - 20.5 km / 12.7 mi <br /> Aboumessouer Mosque - 22.7 km / 14.1 mi <br /> Oamarit Fishing Marina - 37.5 km / 23.3 mi <br /> Oamarit Beach - 38.4 km / 23.9 mi <br /> Amira Beach - 45.2 km / 28.1 mi <br /> </p><p>The nearest major airport is Houmt Souk (DJE-Djerba - Zaris) - 26.9 km / 16.7 mi</p>,"<p>HeadLine : In Aghir</p><p>Location : With a stay at this villa in Aghir, you ll be within a 10-minute drive of Playa Sidi Mehrez and Djerba Explore Park.  This villa is 11.6 mi (18.7 km) from El Ghriba Synagogue and 11.6 mi (18.7 km) from Islamic Monuments.</p><p>Rooms : Make yourself comfortable in this air-conditioned villa, featuring a kitchen with a refrigerator and an oven. There s a private balcony or patio. A 32-inch flat-screen television with satellite programming provides entertainment, while complimentary wireless Internet access keeps you connected. A private bathroom with a shower/tub combination features a deep soaking tub and complimentary toiletries.</p><p>CheckIn Instructions : <ul>  <li>Extra-person charges may apply and vary depending on property policy</li><li>Government-issued photo identification and a credit card, debit card, or cash deposit may be required at check-in for incidental charges</li><li>Special requests are subject to availability upon check-in and may incur additional charges; special requests cannot be guaranteed</li><li>Guests must contact this property in advance to reserve cribs/infant beds</li><li>This property accepts cash</li>  </ul></p><p>Special Instructions : There is no front desk at this property. To make arrangements for check-in please contact the property at least 48 hours before arrival using the information on the booking confirmation. Guests must contact the property for check-in instructions.</p>",216-0-75751950,Designated smoking areas Barbecue grill(s) Number of outdoor pools - 1 Garden In-room accessibility (in select rooms) Designated smoking areas (fines apply) Food and water bowls Free self parking Multilingual staff Terrace,33.796796|11.023318,216-0-75751950,4116,
TN,Tunisia,100244,Aghir,1856735,Résidence Lagune,TwoStar,Midoun Tazdayine La Lagune 4116 MidounDjerba ,Distances are displayed to the nearest 0.1 mile and kilometer. <br /> <p>Djerba Explore Park - 2.4 km / 1.5 mi <br /> Playa Sidi Mehrez - 4.1 km / 2.5 mi <br /> Borj El K bir Fort - 21.9 km / 13.6 mi <br /> Islamic Monuments - 22 km / 13.7 mi <br /> Museum of Popular Arts & Traditions - 22 km / 13.7 mi <br /> Libyan market - 22 km / 13.7 mi <br /> Houmt Souq Harbour - 22.7 km / 14.1 mi <br /> El Ghriba Synagogue - 22.9 km / 14.2 mi <br /> Djerbahood - 23.1 km / 14.4 mi <br /> Guellala Museum - 24.6 km / 15.3 mi <br /> Aboumessouer Mosque - 26 km / 16.1 mi <br /> Oamarit Fishing Marina - 39.4 km / 24.5 mi <br /> Oamarit Beach - 41 km / 25.5 mi <br /> Amira Beach - 49.6 km / 30.8 mi <br /> </p><p>The nearest major airport is Houmt Souk (DJE-Djerba - Zaris) - 30.9 km / 19.2 mi</p>,"<p>HeadLine : Near Djerba Explore Park</p><p>Location : When you stay at this residence in Aghir, you ll be near the beach and within a 5-minute drive of Djerba Explore Park.  This beach residence is 2.6 mi (4.2 km) from Playa Sidi Mehrez and 13.6 mi (21.9 km) from Borj El K bir Fort.</p><p>Rooms : There s a private balcony or patio. A kitchen is outfitted with a refrigerator, an oven, and a stovetop. A flat-screen television with satellite programming provides entertainment, while complimentary wireless Internet access keeps you connected. A private bathroom with a shower/tub combination features a jetted bathtub. Conveniences include a safe and a separate sitting area, and you can also request a microwave.</p><p>CheckIn Instructions : <ul>  <li>Extra-person charges may apply and vary depending on property policy</li><li>Government-issued photo identification and a cash deposit may be required at check-in for incidental charges</li><li>Special requests are subject to availability upon check-in and may incur additional charges; special requests cannot be guaranteed</li><li>This property accepts cash</li>  </ul></p><p>Special Instructions : This property offers transfers from the airport (surcharges may apply). Guests must contact the property with arrival details before travel, using the contact information on the booking confirmation. Front desk staff will greet guests on arrival.</p>",,Airport transportation (surcharge) Barbecue grill(s) Number of outdoor pools - 1 Garden Free self parking 24-hour front desk Terrace Concierge services Free WiFi,33.80459|11.04358,216-21546046,4116,
TN,Tunisia,100244,Aghir,5128703,House With in Djerba Midoun With Terrace and Wifi 800 m,ThreeStar,Route De Midoun Le Phare Taguermes  ,Distances are displayed to the nearest 0.1 mile and kilometer. <br /> <p>Djerba Explore Park - 0.1 km / 0.1 mi <br /> Borj El K bir Fort - 20.1 km / 12.5 mi <br /> Djerbahood - 20.1 km / 12.5 mi <br /> El Ghriba Synagogue - 20.6 km / 12.8 mi <br /> Houmt Souq Harbour - 20.9 km / 13 mi <br /> Guellala Museum - 23.2 km / 14.4 mi <br /> Oamarit Fishing Marina - 42.8 km / 26.6 mi <br /> Oamarit Beach - 43.3 km / 26.9 mi <br /> Amira Beach - 50.2 km / 31.2 mi <br /> </p><p>The nearest major airport is Houmt Souk (DJE-Djerba - Zaris) - 28.3 km / 17.6 mi</p>,"<p>HeadLine : Near Djerba Explore Park</p><p>Location : When you stay at this vacation home in Aghir, you ll be next to a golf course and steps from Djerba Explore Park.  This golf vacation home is 12.5 mi (20.1 km) from Borj El K bir Fort and 12.5 mi (20.1 km) from Djerbahood.</p><p>Rooms : Make yourself comfortable in this vacation home, featuring a kitchen with a refrigerator and a stovetop. There s a private balcony or patio. Complimentary wireless Internet access keeps you connected, and satellite programming is available for your entertainment. Conveniences include a desk and a microwave.</p><p>CheckIn Instructions : <ul>  <li>Extra-person charges may apply and vary depending on property policy</li><li>Government-issued photo identification and a cash deposit may be required at check-in for incidental charges</li><li>Special requests are subject to availability upon check-in and may incur additional charges; special requests cannot be guaranteed</li><li>This property accepts debit or credit cards and credit cards</li>  </ul></p><p>Special Instructions : There is no front desk at this property. Guests will receive an email with special check-in instructions.</p>",,Laundry facilities Terrace Free self parking Free WiFi Smoke-free property Swimming pool Internet access Outdoor tennis court,33.819944|11.042436,33175435488,4116,
TN,Tunisia,100244,Aghir,5203520,Villa With in Aghir With Private Pool Furnished Terrace a,ThreeStar,Route Midoun  ,Distances are displayed to the nearest 0.1 mile and kilometer. <br /> <p>Djerba Explore Park - 7.1 km / 4.4 mi <br /> Guellala Museum - 20.1 km / 12.5 mi <br /> Djerbahood - 21.5 km / 13.4 mi <br /> El Ghriba Synagogue - 21.9 km / 13.6 mi <br /> Borj El K bir Fort - 24.1 km / 15 mi <br /> Houmt Souq Harbour - 25 km / 15.5 mi <br /> Oamarit Beach - 34.2 km / 21.2 mi <br /> Oamarit Fishing Marina - 34.3 km / 21.3 mi <br /> Amira Beach - 42.3 km / 26.3 mi <br /> </p><p>The nearest major airport is Houmt Souk (DJE-Djerba - Zaris) - 31.2 km / 19.4 mi</p>,"<p>HeadLine : Next to a golf course</p><p>Location : When you stay at this villa in Aghir, you ll be next to a golf course and 8 minutes by car from Djerba Explore Park.  This golf villa is 12.5 mi (20.1 km) from Guellala Museum and 13.4 mi (21.5 km) from Djerbahood.</p><p>Rooms : Make yourself comfortable in this villa, which features a fireplace. A kitchen is outfitted with a refrigerator, a stovetop, and a microwave. Complimentary wireless Internet access keeps you connected, and cable programming is available for your entertainment. Conveniences include a coffee/tea maker and a washer/dryer.</p><p>CheckIn Instructions : Extra-person charges may apply and vary depending on property policy. <br />Government-issued photo identification and a credit card, debit card, or cash deposit are required at check-in for incidental charges. <br />Special requests are subject to availability upon check-in and may incur additional charges. Special requests cannot be guaranteed. <ul>  </ul></p>",,Barbecue grill(s) Laundry facilities Free self parking Free WiFi Outdoor pool Smoke-free property,33.774223|11.027673,33175435488,4116,
TN,Tunisia,100244,Aghir,5220068,Villa Villa Ulysse,ThreeStar,Villa Ulysse  ,Distances are displayed to the nearest 0.1 mile and kilometer. <br /> <p>Djerba Explore Park - 6.2 km / 3.8 mi <br /> Djerbahood - 15.6 km / 9.7 mi <br /> El Ghriba Synagogue - 16 km / 10 mi <br /> Borj El K bir Fort - 17.1 km / 10.6 mi <br /> Guellala Museum - 17.5 km / 10.9 mi <br /> Houmt Souq Harbour - 17.8 km / 11.1 mi <br /> Oamarit Fishing Marina - 36.8 km / 22.9 mi <br /> Oamarit Beach - 37.8 km / 23.5 mi <br /> Amira Beach - 44.7 km / 27.8 mi <br /> </p><p>The nearest major airport is Houmt Souk (DJE-Djerba - Zaris) - 23.8 km / 14.8 mi</p>,"<p>HeadLine : Next to a golf course</p><p>Location : When you stay at this villa in Aghir, you ll be next to a golf course and 6 minutes by car from Djerba Explore Park.  This golf villa is 9.7 mi (15.6 km) from Djerbahood and 10 mi (16 km) from El Ghriba Synagogue.</p><p>Rooms : Make yourself comfortable in this villa, which features a private pool. There s a private balcony or patio. A kitchen is outfitted with a refrigerator, a microwave, and a dishwasher. Complimentary wireless Internet access keeps you connected, and cable programming is available for your entertainment.</p><p>CheckIn Instructions : <ul>  <li>Extra-person charges may apply and vary depending on property policy</li><li>Government-issued photo identification and a cash deposit may be required at check-in for incidental charges</li><li>Special requests are subject to availability upon check-in and may incur additional charges; special requests cannot be guaranteed</li><li>This property accepts debit or credit cards and credit cards</li>  </ul></p><p>Special Instructions : There is no front desk at this property. Guests will receive an email with special check-in instructions.</p>",,Outdoor pool Smoke-free property Garden Swimming pool Internet access Barbecue grill(s) Terrace Outdoor tennis court Laundry facilities Free self parking Free WiFi In-room accessibility,33.803382|10.992753,33175435488,4116,
TN,Tunisia,100244,Aghir,5226739,House With in Djerba Midoun Tézdaine With Private Pool En,ThreeStar,Route Vers Sidi Mansour  ,Distances are displayed to the nearest 0.1 mile and kilometer. <br /> <p>Djerba Explore Park - 2.6 km / 1.6 mi <br /> Djerbahood - 20.4 km / 12.7 mi <br /> El Ghriba Synagogue - 20.6 km / 12.8 mi <br /> Borj El K bir Fort - 21 km / 13.1 mi <br /> Houmt Souq Harbour - 21.9 km / 13.6 mi <br /> Guellala Museum - 22.9 km / 14.2 mi <br /> Oamarit Beach - 41.1 km / 25.5 mi <br /> Oamarit Fishing Marina - 41.1 km / 25.6 mi <br /> Amira Beach - 49.2 km / 30.6 mi <br /> </p><p>The nearest major airport is Houmt Souk (DJE-Djerba - Zaris) - 28.7 km / 17.9 mi</p>,"<p>HeadLine : Near Djerba Explore Park</p><p>Location : When you stay at this vacation home in Aghir, you ll be next to a golf course and within a 5-minute drive of Djerba Explore Park.  This golf vacation home is 12.7 mi (20.4 km) from Djerbahood and 12.8 mi (20.6 km) from El Ghriba Synagogue.</p><p>Rooms : Make yourself comfortable in this vacation home, featuring a kitchen with a refrigerator and a stovetop. Complimentary wireless Internet access keeps you connected, and cable programming is available for your entertainment. Conveniences include a microwave and a coffee/tea maker.</p><p>CheckIn Instructions : Extra-person charges may apply and vary depending on property policy. <br />Government-issued photo identification and a credit card, debit card, or cash deposit are required at check-in for incidental charges. <br />Special requests are subject to availability upon check-in and may incur additional charges. Special requests cannot be guaranteed. <ul>  </ul></p>",,Barbecue grill(s) Laundry facilities Free self parking Free WiFi Outdoor pool Garden,33.804069|11.03181,33175435488,4116,
TN,Tunisia,100244,Aghir,5342255,Dar Bint Il Bey,ThreeStar,Residence Sweet Home Villa 5  ,Distances are displayed to the nearest 0.1 mile and kilometer. <br /> <p>Djerba Explore Park - 8.3 km / 5.1 mi <br /> Guellala Museum - 19.1 km / 11.9 mi <br /> El Ghriba Synagogue - 21 km / 13 mi <br /> Djerbahood - 21.3 km / 13.2 mi <br /> Borj El K bir Fort - 23 km / 14.3 mi <br /> Houmt Souq Harbour - 23.4 km / 14.6 mi <br /> Oamarit Fishing Marina - 32.5 km / 20.2 mi <br /> Oamarit Beach - 32.9 km / 20.5 mi <br /> Amira Beach - 41.1 km / 25.5 mi <br /> </p><p>The nearest major airport is Houmt Souk (DJE-Djerba - Zaris) - 29.7 km / 18.4 mi</p>,"<p>HeadLine : Near the boardwalk</p><p>Location : When you stay at this villa in Aghir, you ll be by the sea and 8 minutes by car from Djerba Explore Park.  This villa is 11.9 mi (19.1 km) from Guellala Museum and 13 mi (21 km) from El Ghriba Synagogue.</p><p>Rooms : Treat yourself to a stay in this individually decorated villa, which features a fireplace and a private pool. There s a private balcony. A kitchen is outfitted with a full-sized refrigerator/freezer, an oven, and a microwave. A 32-inch flat-screen television with satellite programming provides entertainment, while complimentary wireless Internet access keeps you connected. A private bathroom with a separate bathtub and shower features a deep soaking tub and a rainfall showerhead.</p><p>CheckIn Instructions : Extra-person charges may apply and vary depending on property policy. <br />Government-issued photo identification and a cash deposit are required at check-in for incidental charges. <br />Special requests are subject to availability upon check-in and may incur additional charges. Special requests cannot be guaranteed. <ul>  </ul></p>",,Barbecue grill(s) Laundry facilities Free self parking Free WiFi Outdoor pool Rooftop terrace Smoke-free property Garden Multilingual staff,33.766229|11.018569,33-0652489900,4116,
TN,Tunisia,100244,Aghir,5418893,Holiday Home Route De Midoun Le Phare Taguermes,All,Route De Midoun Le Phare Taguermes  ,,"3 bedrooms house at Djerba Midoun 800 m away from the beach with terrace and wifi is situated in Taguermess, 1.2 km from Club Calimera Yati Beach, 1.2 km from Seabel Rym Beach, and 1.4 km from Meridiana Beach. This property offers access to a balcony, free private parking and free WiFi.

This air-conditioned holiday home features 3 bedrooms, a satellite TV, and a kitchen with a fridge and an oven.

Popular points of interest near the holiday home include Lalla Hadria Museum, Djerba Explore Park and Crocodile Farm. The nearest airport is DjerbaZarzis International Airport, 27 km from 3 bedrooms house at Djerba Midoun 800 m away from the beach with terrace and wifi. A damage deposit of EUR 200 is required on arrival. This will be collected as a cash payment. You should be reimbursed on check-out. Your deposit will be refunded in full in cash, subject to an inspection of the property.",,Parking Pets allowed Free parking internet services wifi Free WiFi Non-smoking throughout Air conditioning parking on site Private parking wifi available in all areas,33.8199|11.04211,,4116,https://www.booking.com/hotel/tn/holiday-home-route-de-midoun-le-phare-taguermes.html
TN,Tunisia,100244,Aghir,5458034,Villa With in Tezdaine With Wonderful sea View Private Po,ThreeStar,Tezdaine  ,Distances are displayed to the nearest 0.1 mile and kilometer. <br /> <p>Djerba Explore Park - 2.2 km / 1.4 mi <br /> El Ghriba Synagogue - 20.9 km / 13 mi <br /> Djerbahood - 21.2 km / 13.2 mi <br /> Borj El K bir Fort - 22.3 km / 13.8 mi <br /> Houmt Souq Harbour - 23.1 km / 14.4 mi <br /> Guellala Museum - 26.2 km / 16.3 mi <br /> Oamarit Beach - 40.3 km / 25 mi <br /> Oamarit Fishing Marina - 40.3 km / 25.1 mi <br /> Amira Beach - 48.4 km / 30.1 mi <br /> </p><p>The nearest major airport is Houmt Souk (DJE-Djerba - Zaris) - 29.3 km / 18.2 mi</p>,"<p>HeadLine : Near Djerba Explore Park</p><p>Location : When you stay at this vacation home in Aghir, you ll be next to a golf course and within a 5-minute drive of Djerba Explore Park.  This golf vacation home is 13 mi (20.9 km) from El Ghriba Synagogue and 13.2 mi (21.2 km) from Djerbahood.</p><p>Rooms : Make yourself comfortable in this vacation home, which has a kitchen. Complimentary wireless Internet access is available to keep you connected. Conveniences include a washer/dryer and an iron/ironing board.</p><p>CheckIn Instructions : Extra-person charges may apply and vary depending on property policy. <br />Government-issued photo identification and a cash deposit are required at check-in for incidental charges. <br />Special requests are subject to availability upon check-in and may incur additional charges. Special requests cannot be guaranteed. <ul>  </ul></p>",,Barbecue grill(s) Laundry facilities Free WiFi Outdoor pool Smoke-free property Garden,33.804044|11.040203,33175435488,4116,
