countyCode,countyName,cityCode,cityName,HotelCode,HotelName,HotelRating,Address,Attractions,Description,FaxNumber,HotelFacilities,Map,PhoneNumber,PinCode,HotelWebsiteUrl
TR,Turkey,101328,Abant,1252699,Büyük Abant Hotel,FiveStar,Abant Gol Kenari 14030 BoluAbant ,Distances are displayed to the nearest 0.1 mile and kilometer. <br /> <p>Abant Nature Park - 0.2 km / 0.1 mi <br /> Tokad-i Hayreddin Mausoleum - 25.4 km / 15.8 mi <br /> Akkaya Travertine - 27.2 km / 16.9 mi <br /> Becikoglu Shopping Center - 33.8 km / 21 mi <br /> Bolu Belediyesi Ressam Mehmet Yuceturk Sanat Merkezi - 34.4 km / 21.3 mi <br /> Tabaklar Turkish Bath - 34.5 km / 21.4 mi <br /> Bolu Museum - 34.6 km / 21.5 mi <br /> Orta Turkish Bath - 34.7 km / 21.6 mi <br /> Bolu Yildirim Beyazit Mosque - 35 km / 21.8 mi <br /> Sarachane Museum - 35.1 km / 21.8 mi <br /> Imaret Mosque - 35.1 km / 21.8 mi <br /> Abant Izzet Baysal University - 35.6 km / 22.1 mi <br /> Ataturk Orman Park - 35.8 km / 22.3 mi <br /> Kadi Mosque - 36.2 km / 22.5 mi <br /> Gölcük Natural Park - 48.6 km / 30.2 mi <br /> </p><p>The preferred airport for Büyük Abant Oteli is Istanbul (IST) - 313.3 km / 194.7 mi </p>,"<p>HeadLine : Near Abant Nature Park</p><p>Location : With a stay at Büyük Abant Oteli in Mudurnu, you ll be on a lake and 3 minutes by foot from Abant Nature Park.  This 5-star hotel is 15.8 mi (25.4 km) from Tokad-i Hayreddin Mausoleum and 16.9 mi (27.2 km) from Akkaya Travertine.</p><p>Rooms : Make yourself at home in one of the 197 guestrooms featuring minibars and LCD televisions. Complimentary wireless Internet access keeps you connected, and satellite programming is available for your entertainment. Private bathrooms have complimentary toiletries and hair dryers. Conveniences include phones, as well as safes and complimentary bottled water.</p><p>Dining : Grab a bite at Geyikli Bar, one of the hotel s 3 restaurants, or stay in and take advantage of the 24-hour room service. Mingle with other guests at the complimentary reception, held daily. Quench your thirst with your favorite drink at the bar/lounge. A complimentary buffet breakfast is served daily from 7 AM to 10:30 AM.</p><p>CheckIn Instructions : Extra-person charges may apply and vary depending on property policy Government-issued photo identification and a credit card, debit card, or cash deposit may be required at check-in for incidental charges Special requests are subject to availability upon check-in and may incur additional charges; special requests cannot be guaranteed No onsite parking is available Safety features at this property include a fire extinguisher, a smoke detector, a security system, and a first aid kit</p><p>Special Instructions : Front desk staff will greet guests on arrival.</p>",90-0374-2245031,Barbecue grill(s) Picnic area Bar/lounge Coffee/tea in common areas Number of indoor pools - 2 elevator Fitness facilities 24-hour front desk Free breakfast Business center Billiards or pool table Porter/bellhop Meeting rooms - 5 Dry cleaning/laundry service Steam room Free WiFi Sauna Babysitting or childcare (surcharge) Bicycle rentals on site Nightclub Children's club (surcharge) Hiking/biking trails nearby Supervised childcare/activities (surcharge) Children's pool Conference space size (meters) - 700 Free reception Luggage storage Hair salon Mountain biking nearby Conference space size (feet) - 7532 Gift shops or newsstand Designated smoking areas Ballroom Wheelchair accessible (may have limitations) Outdoor tennis court Banquet hall Laundry facilities Television in common areas Accessible bathroom Arcade/game room In-room accessibility Garden Tennis on site Fireplace in lobby,40.612098|31.280425,90-0374-2245033,14030,http://www.buyukabantoteli.com
TR,Turkey,101331,Adalar,1352291,Büyükada Comfort Hotel,All,23 Nisan Cd No 28 Buyukada Buyukada34970 Adalar ,,"Located on the island of Buyukada, the Panorama Boutique Hotel is a small property featuring beautiful views of the Marmara Sea.

The hotel features just 15 guest rooms, all of which are neatly designed and offer clean and comfortable accommodation.  Guests can enjoy the pretty sea views from the majority of the rooms.

The hotels Cafe Panorama is the perfect place to relax and enjoy a drink and light snack.  The Panorama Lounge overlooks the Marmara Sea.

The Panorama Boutique Hotel is opposite the sea-bus landing site and just 100-metres from the ferry and motorboat port. Please inform Buyukada Comfort in advance of your expected arrival time. You can use the Special Requests box when booking, or contact the property directly with the contact details provided in your confirmation.
Guests are required to show a photo identification and credit card upon check-in. Please note that all Special Requests are subject to availability and additional charges may apply.
Payment before arrival via bank transfer is required. The property will contact you after you book to provide instructions.
In accordance with government guidelines to minimise transmission of the Coronavirus (COVID-19), this property currently isnt accepting guests from certain countries, during dates where such guidelines exist.
In response to Coronavirus (COVID-19), additional safety and sanitation measures are in effect at this property.
Food & beverage services at this property may be limited or unavailable due to Coronavirus (COVID-19).
As a result of Coronavirus (COVID-19), this property has temporarily suspended its shuttle services.
Due to Coronavirus (COVID-19), this property is taking steps to help protect the safety of guests and staff. Certain services and amenities may be reduced or unavailable as a result.
Due to Coronavirus (COVID-19), this property has reduced reception and service operating hours.
In accordance with government guidelines to minimise transmission of the Coronavirus (COVID-19), this property may request additional documentation from guests to validate identity, travel itinerary and other relevant information, during dates where such guidelines exist.
Spa and gym facilities at this property are unavailable due to Coronavirus (COVID-19).",+902163825050,Restaurant Cycling Heating Fax/photocopying Luggage storage Room service meeting/banquet facilities Bar 24-hour front desk Garden Terrace Non-smoking rooms internet services lift express check-in/check-out Safety Deposit Box Currency exchange Chapel/shrine Packed lunches Themed dinner nights Live music/performance 24-hour security Key card access Security alarm Smoke alarms CCTV in common areas CCTV outside property bicycle rental use of cleaning chemicals that are effective against coronavirus wifi Allergy-free room Free WiFi Non-smoking throughout Air conditioning designated smoking area Snack Bar Sun terrace concierge service Private check-in/check-out Trouser press shared lounge/TV area Evening entertainment Adult only Daily housekeeping grocery deliveries wifi available in all areas Indoor play area Kid meals Kid-friendly buffet Wine/champagne Fruits coffee house on site Outdoor furniture Bike tours guests have the option to cancel any cleaning services for their accommodation during their stay delivered food is securely covered thermometers for guests provided by property face masks for guests available linens  towels and laundry washed in accordance with local authority guidelines guest accommodation is disinfected between stays guest accommodation sealed after cleaning physical distancing in dining areas food can be delivered to guest accommodation staff follow all safety protocols as directed by local authorities shared stationery such as printed menus  magazines  pens  and paper removed hand sanitizer in guest accommodation and key areas process in place to check health of guests contactless check-in/check-out cashless payment available physical distancing rules followed mobile app for room service screens or physical barriers placed between staff and guests in appropriate areas property is cleaned by professional cleaning companies all plates  cutlery  glasses and other tableware have been sanitized,40.87329|29.12682,(90) (0)2163823030,34970,https://www.booking.com/hotel/tr/buyukada-panorama-butik.html
TR,Turkey,101331,Adalar,1471062,Buyukada Apart Hotel Yeni Apart,All,Yeni Sok. No:10 Buyukada Buyukada34970 AdalarIstanbul ,,"Situated in Buyukada, 600 metres from Blue Beach Buyukada and 1.3 km from Naki Bey Beach, Yeni Apart Hotel features accommodation with free WiFi, air conditioning, a shared lounge and a terrace.

Each unit comes with a fully equipped kitchen with a dining table, a flat-screen TV with satellite channels and a private bathroom with shower, free toiletries and a hairdryer. Some units have a balcony and/or a patio with city or sea views.

The aparthotel provides an ironing service, as well as business facilities like fax and photocopying.

A bicycle rental service is available at Yeni Apart Hotel.

Nizam Beach is 1.9 km from the accommodation, while St. George Monastery is 8.5 km from the property. This property will not accommodate hen, stag or similar parties.",+902163822184,Terrace Non-smoking rooms Family rooms Ironing service internet services express check-in/check-out Currency exchange Soundproof rooms Heating Fax/photocopying Luggage storage wifi Allergy-free room Free WiFi Air conditioning designated smoking area Private check-in/check-out Shared kitchen shared lounge/TV area Daily housekeeping wifi available in all areas 24-hour security Key access Security alarm Smoke alarms CCTV in common areas CCTV outside property Fire extinguishers bicycle rental use of cleaning chemicals that are effective against coronavirus linens  towels and laundry washed in accordance with local authority guidelines guest accommodation is disinfected between stays physical distancing in dining areas staff follow all safety protocols as directed by local authorities shared stationery such as printed menus  magazines  pens  and paper removed hand sanitizer in guest accommodation and key areas process in place to check health of guests first aid kit available cashless payment available physical distancing rules followed screens or physical barriers placed between staff and guests in appropriate areas invoice provided property is cleaned by professional cleaning companies all plates  cutlery  glasses and other tableware have been sanitized guests have the option to cancel any cleaning services for their accommodation during their stay face masks for guests available,40.87278|29.12793,+902163822029,34970,https://www.booking.com/hotel/tr/buyukada-apart-otel-yeni-apart.html
TR,Turkey,101331,Adalar,1553345,More Guesthouse,All,Malul Gazi Cd Büyükada-Maden MhAdalar ,Distances are calculated in a straight line from the property&apos;s location to the point of interest or attraction  and may not reflect actual travel distance. &lt;br /&gt;&lt;br /&gt; Distances are displayed to the nearest 0.1 mile and kilometer. &lt;p&gt;Dock Square - 0.4 km / 0.3 mi &lt;br /&gt;Adalar Museum - 0.4 km / 0.3 mi &lt;br /&gt;Prinkipo Greek Orphanage - 1.4 km / 0.9 mi &lt;br /&gt;Yorukali Plaji - 1.9 km / 1.2 mi &lt;br /&gt;Yorukali Beach - 2.2 km / 1.4 mi &lt;br /&gt;Ayia Yorgi Church and Monastery - 2.8 km / 1.8 mi &lt;br /&gt;St. George Monastery - 2.9 km / 1.8 mi &lt;br /&gt;Eskibag plaji - 4 km / 2.5 mi &lt;br /&gt;Kartal Art Playhouse - 5 km / 3.1 mi &lt;br /&gt;Pendik Marina - 5.1 km / 3.2 mi &lt;br /&gt;Sultans Trail - 5.3 km / 3.3 mi &lt;br /&gt;Aya Yorgi Church - 6.3 km / 3.9 mi &lt;br /&gt;Karma Karting - 6.4 km / 4 mi &lt;br /&gt;Cartland Carting - 7.2 km / 4.5 mi &lt;br /&gt;Yunus Emre Kultur Ve Sanat Merkezi - 7.6 km / 4.7 mi &lt;br /&gt;&lt;/p&gt;&lt;p&gt;The nearest airports are:&lt;br /&gt;Istanbul (SAW-Sabiha Gokcen Intl.) - 15.3 km / 9.5 mi&lt;br /&gt;Istanbul (IST-Ataturk Intl.) - 28.8 km / 17.9 mi&lt;br /&gt;&lt;/p&gt;&lt;p&gt;&lt;/p&gt;,"&lt;p&gt;&lt;b&gt;Property Location&lt;/b&gt; &lt;br /&gt;With a stay at More Guesthouse in Adalar (Buyukada), you&apos;ll be minutes from Dock Square and Adalar Museum.  This guesthouse is within close proximity of Prinkipo Greek Orphanage and Yorukali Plaji.&lt;/p&gt;&lt;p&gt;&lt;b&gt;Rooms&lt;/b&gt; &lt;br /&gt;Make yourself at home in one of the 6 air-conditioned rooms featuring flat-screen televisions. Rooms have private balconies or patios. Complimentary wireless Internet access keeps you connected, and satellite programming is available for your entertainment. Partially open bathrooms with showers feature complimentary toiletries and hair dryers.&lt;/p&gt;&lt;p&gt;&lt;b&gt;Amenities&lt;/b&gt; &lt;br /&gt;Enjoy recreation amenities such as bicycles to rent or take in the view from a garden. This guesthouse also features complimentary wireless Internet access and concierge services.&lt;/p&gt;&lt;p&gt;&lt;b&gt;Dining&lt;/b&gt; &lt;br /&gt;Grab a bite to eat at the guesthouse&apos;s restaurant, which features a bar, or stay in and take advantage of room service (during limited hours). A complimentary buffet breakfast is served daily.&lt;/p&gt;&lt;p&gt;&lt;b&gt;Business, Other Amenities&lt;/b&gt; &lt;br /&gt;Featured amenities include complimentary newspapers in the lobby, dry cleaning/laundry services, and a 24-hour front desk.&lt;/p&gt;",,24-hour front desk Coffee shop or café Coffee/tea in common areas Concierge services Designated smoking areas Dry cleaning/laundry service Free WiFi Free breakfast Free newspapers in lobby Garden Laundry facilities Library Luggage storage Pets allowed Restaurant Total number of rooms - 6,40.870587948475|29.133887761902,,,
TR,Turkey,101331,Adalar,1554028,Cicekli Yali Pansiyon,All,Cicekli Yali Sok 5 Buyukada Maden Mahallesi34970 Adalar ,Distances are calculated in a straight line from the property&apos;s location to the point of interest or attraction  and may not reflect actual travel distance. &lt;br /&gt;&lt;br /&gt; Distances are displayed to the nearest 0.1 mile and kilometer. &lt;p&gt;Dock Square - 0.1 km / 0.1 mi &lt;br /&gt;Adalar Museum - 0.2 km / 0.1 mi &lt;br /&gt;Prinkipo Greek Orphanage - 1.5 km / 0.9 mi &lt;br /&gt;Yorukali Plaji - 2 km / 1.2 mi &lt;br /&gt;Yorukali Beach - 2.2 km / 1.4 mi &lt;br /&gt;Ayia Yorgi Church and Monastery - 3 km / 1.8 mi &lt;br /&gt;St. George Monastery - 3 km / 1.9 mi &lt;br /&gt;Eskibag plaji - 4.1 km / 2.6 mi &lt;br /&gt;Kartal Art Playhouse - 5.2 km / 3.2 mi &lt;br /&gt;Pendik Marina - 5.3 km / 3.3 mi &lt;br /&gt;Sultans Trail - 5.3 km / 3.3 mi &lt;br /&gt;Aya Yorgi Church - 6 km / 3.7 mi &lt;br /&gt;Karma Karting - 6.6 km / 4.1 mi &lt;br /&gt;Cartland Carting - 7 km / 4.3 mi &lt;br /&gt;Zihni Pasa Cami - 7.3 km / 4.6 mi &lt;br /&gt;&lt;/p&gt;&lt;p&gt;The nearest airports are:&lt;br /&gt;Istanbul (SAW-Sabiha Gokcen Intl.) - 15.5 km / 9.6 mi&lt;br /&gt;Istanbul (IST-Ataturk Intl.) - 28.5 km / 17.7 mi&lt;br /&gt;&lt;/p&gt;&lt;p&gt;&lt;/p&gt;,"&lt;p&gt;&lt;b&gt;Property Location&lt;/b&gt; &lt;br /&gt;With a stay at Cicekli Yali Pansiyon in Adalar (Buyukada), you&apos;ll be minutes from Dock Square and Adalar Museum.  This pension is within close proximity of Prinkipo Greek Orphanage and Yorukali Plaji.&lt;/p&gt;&lt;p&gt;&lt;b&gt;Rooms&lt;/b&gt; &lt;br /&gt;Make yourself at home in one of the 4 air-conditioned rooms featuring LCD televisions. Complimentary wireless Internet access keeps you connected, and satellite programming is available for your entertainment. Bathrooms feature showers, complimentary toiletries, and hair dryers. Conveniences include desks and complimentary bottled water, and housekeeping is provided on a limited basis.&lt;/p&gt;&lt;p&gt;&lt;b&gt;Business, Other Amenities&lt;/b&gt; &lt;br /&gt;Featured amenities include a 24-hour front desk and luggage storage.&lt;/p&gt;",,24-hour front desk Designated smoking areas Free WiFi Luggage storage Total number of rooms - 4,40.8716|29.1293,+905370177060,34970,http://www.cicekliyalipansiyon.com
TR,Turkey,101331,Adalar,1557054,Tiara Buyukada,All,23 Nisan Caddesi 22 BuyukadaAdalar 34970 ,,"Boasting a shared lounge, terrace, bar and free WiFi, Tiara Buyukada is situated in Buyukada, 400 metres from Blue Beach Buyukada and 1.4 km from Naki Bey Beach. The accommodation features room service, a 24-hour front desk and currency exchange for guests.

The rooms are fitted with air conditioning, a flat-screen TV with satellite channels, a minibar, a coffee machine, a shower, free toiletries and a desk. Rooms have a private bathroom with a hairdryer, while certain rooms are fitted with a balcony and others also boast city views. At the hotel every room is equipped with bed linen and towels.

Nizam Beach is 1.9 km from Tiara Buyukada, while St. George Monastery is 8.5 km from the property. Guests are required to show a photo identification and credit card upon check-in. Please note that all Special Requests are subject to availability and additional charges may apply.
Please inform Tiara Buyukada in advance of your expected arrival time. You can use the Special Requests box when booking, or contact the property directly with the contact details provided in your confirmation.",,Room service meeting/banquet facilities Bar 24-hour front desk Terrace Non-smoking rooms Laundry dry cleaning Family rooms Ironing service internet services lift express check-in/check-out Currency exchange Soundproof rooms Chapel/shrine Packed lunches Tour desk Heating Fax/photocopying Luggage storage wifi Allergy-free room Free WiFi Non-smoking throughout Air conditioning designated smoking area Snack Bar Private check-in/check-out shuttle service (additional charge) Trouser press shared lounge/TV area Daily housekeeping grocery deliveries Wine/champagne Fruits coffee house on site Outdoor furniture Shuttle service,40.87345|29.12709,+902163825555,34970,https://www.booking.com/hotel/tr/tiara-buyukada.html
TR,Turkey,101331,Adalar,1583245,Nizam Butik Otel Buyukada,OneStar,Nizam Cd Büyükada Nizam Mahallesi Büyükada-Nizam Mahallesi34970 Adalar ,Distances are displayed to the nearest 0.1 mile and kilometer. <br /> <p>Sea of Marmara - 0.1 km / 0.1 mi <br /> Dilburnu Recreation Area - 0.2 km / 0.2 mi <br /> Troçki Evi Büyükada - 0.9 km / 0.5 mi <br /> Buyukada National Park - 1 km / 0.6 mi <br /> Yorukali Beach - 1.1 km / 0.7 mi <br /> Mizzi Mansion - 1.2 km / 0.7 mi <br /> Prinkipo Greek Orphanage - 1.5 km / 0.9 mi <br /> St. Nikola Monastery - 1.7 km / 1 mi <br /> Aya Nikola Halk Plaji - 1.7 km / 1 mi <br /> Yorukali Plaji - 1.7 km / 1.1 mi <br /> Ayia Yorgi Church and Monastery - 1.8 km / 1.1 mi <br /> Museum of the Princes  Islands - 1.8 km / 1.1 mi <br /> Adalar Museum - 1.9 km / 1.2 mi <br /> Dock Square - 1.9 km / 1.2 mi <br /> Eskibag plaji - 3.3 km / 2 mi <br /> </p><p>The nearest major airport is Istanbul Sabiha Gokcen Intl. Airport (SAW) - 24.3 km / 15.1 mi</p>,"<p>HeadLine : Near Yorukali Beach</p><p>Location : Located in Adalar, Nizam Butik Otel Buyukada is near the beach, a 3-minute walk from Dilburnu Recreation Area and 10 minutes by foot from Troçki Evi Büyükada.  This hotel is 0.7 mi (1.2 km) from Mizzi Mansion and 0.9 mi (1.5 km) from Prinkipo Greek Orphanage.</p><p>Rooms : Make yourself at home in one of the 9 air-conditioned rooms featuring LCD televisions. Complimentary wireless Internet access keeps you connected, and satellite programming is available for your entertainment. Private bathrooms with showers feature complimentary toiletries and hair dryers. Conveniences include phones, as well as complimentary bottled water and blackout drapes/curtains.</p><p>Dining : Enjoy a meal at the restaurant or snacks in the coffee shop/cafe. The hotel also offers 24-hour room service. Quench your thirst with your favorite drink at the bar/lounge. A complimentary continental breakfast is served daily from 8 AM to 11 AM.</p><p>CheckIn Instructions : <ul>  <li>Extra-person charges may apply and vary depending on property policy</li><li>Government-issued photo identification and a credit card, debit card, or cash deposit may be required at check-in for incidental charges</li><li>Special requests are subject to availability upon check-in and may incur additional charges; special requests cannot be guaranteed</li><li>Guests must contact this property in advance to reserve cribs/infant beds, rollaway/extra beds, and high chair</li><li>This property accepts credit cards; cash is not accepted</li>  </ul></p><p>Special Instructions : Front desk staff will greet guests on arrival.</p>",90-216-3821012,Number of coffee shops/cafes - 1 Laundry facilities Terrace Bicycle rentals on site Concierge services Barbecue grill(s) Safe-deposit box at front desk Snack bar/deli Dry cleaning/laundry service Distance from property (meters) - 5 Free parking nearby Street parking Change of bed sheets (on request) Free WiFi Number of bars/lounges - 1 Designated smoking areas Change of towels (on request) Garden Picnic area Free newspapers in lobby Tours/ticket assistance Free continental breakfast Airport transportation (surcharge) Wheelchair accessible  no Luggage storage Distance from property (ft) - 16 Free breakfast Express check-out 24-hour front desk Daily,40.863444|29.116406,+90 216 3821012,34970,http://nizambutikotel.com/
TR,Turkey,100237,Adana,1022980,Sheraton Grand Adana,FiveStar,Haci Sabanci Boulevard No. 7 01220 Adana ,Distances are displayed to the nearest 0.1 mile and kilometer. <br /> <p>Merkez Park - 1 km / 0.6 mi <br /> Adana Merkez Camii - 1 km / 0.6 mi <br /> Mavi Su Aqualand - 1.2 km / 0.7 mi <br /> Stone Bridge - 1.3 km / 0.8 mi <br /> Adana State Theatre - 1.3 km / 0.8 mi <br /> Sabanci Central Mosque - 1.4 km / 0.9 mi <br /> Ataturk Scientific & Cultural Museum - 1.5 km / 0.9 mi <br /> Saint Paul Church - 2.1 km / 1.3 mi <br /> Adana Ethnography Museum - 2.1 km / 1.3 mi <br /> Grand Mosque - 2.2 km / 1.4 mi <br /> Great Clock Tower - 2.3 km / 1.4 mi <br /> Yeni Camii - 2.3 km / 1.4 mi <br /> Yag Camii - 2.4 km / 1.5 mi <br /> Oil Mosque - 2.5 km / 1.5 mi <br /> Sokun Karting - 2.6 km / 1.6 mi <br /> </p><p>The preferred airport for Sheraton Grand Adana is Adana (ADA-Sakirpasa) - 5.5 km / 3.4 mi </p>,"<p>HeadLine : In Adana (Yüregir)</p><p>Location : You ll be centrally located in Adana with a stay at Sheraton Grand Adana, within a 15-minute walk of Merkez Park and Adana Merkez Camii.  This 5-star hotel is 0.9 mi (1.4 km) from Sabanci Central Mosque and 1 mi (1.6 km) from Ataturk Scientific & Cultural Museum.</p><p>Rooms : Make yourself at home in one of the 240 guestrooms featuring minibars and LED televisions. Your bed comes with down comforters and Egyptian cotton sheets. Complimentary wireless Internet access keeps you connected, and satellite programming is available for your entertainment. Private bathrooms have complimentary toiletries and bidets.</p><p>Dining : Grab a bite at Brooks Pool Bar & Cafe, one of the hotel s 2 restaurants, or stay in and take advantage of the 24-hour room service. Snacks are also available at the coffee shop/cafe. Relax with a refreshing drink from the poolside bar or one of the 2 bars/lounges. Buffet breakfasts are available daily from 6:00 AM to 10:30 AM for a fee.</p><p>CheckIn Instructions : <ul>  <li>Extra-person charges may apply and vary depending on property policy</li><li>Government-issued photo identification and a credit card, debit card, or cash deposit may be required at check-in for incidental charges</li><li>Special requests are subject to availability upon check-in and may incur additional charges; special requests cannot be guaranteed</li><li>This property accepts credit cards, debit cards, and cash</li><li>Safety features at this property include a carbon monoxide detector, a fire extinguisher, a smoke detector, a security system, a first aid kit, and window guards</li>  </ul></p><p>Special Instructions : Front desk staff will greet guests on arrival.</p>",90-322-2371818,Spa treatment room(s) Garden Internet access in public areas - high speed Full-service spa Wedding services Shopping mall on site Luggage storage Grocery/convenience store Porter/bellhop Business center 24-hour front desk Spa services on site Outdoor seasonal pool Safe-deposit box at front desk Snack bar/deli Children's pool Sauna Steam room Free self parking Conference space Valet parking (surcharge) Hair salon Tennis on site Computer station Terrace ATM/banking Wheelchair accessible path of travel Pool sun loungers Conference space size (feet) - 21703 Concierge services 24-hour business center Gift shops or newsstand Dry cleaning/laundry service Shopping on site Proposal/romance packages available Outdoor furniture Number of meeting rooms - 13 Conference space size (meters) - 2016 Swimming pool Limo or Town Car service available Number of bars/lounges - 2 Designated smoking areas Number of poolside bars - 1 Number of indoor pools - 1 In-room accessibility (in select rooms) Wheelchair accessible parking Roll-in shower (in select rooms) Accessible bathroom (in select rooms) Wheelchair-accessible on-site restaurant Outdoor tennis courts - 1 Visual alarms in hallways Multilingual staff Conference center Electric car charging station Breakfast available (surcharge) Wheelchair-accessible meeting spaces/business center Turkish bath/Hammam Coffee/tea in common areas Number of coffee shops/cafes - 1 Laundry facilities elevator Fitness facilities Basketball on site Bicycle rentals on site Wheelchair accessible (may have limitations) Ballroom Wheelchair-accessible concierge desk Food and water bowls Wheelchair-accessible van parking Wheelchair-accessible spa Wheelchair-accessible registration desk Television in common areas Wheelchair-accessible fitness center Wheelchair-accessible pool Arcade/game room Health club,36.995144|35.341053,+903222371717,01220,http://www.sheratonadanahotel.com/
TR,Turkey,100237,Adana,1033565,Anemon Adana Hotel,FiveStar,Yeni Mh 87072 Sk No 50 87072. Sokak No: 50SeyhanAdana ,Distances are displayed to the nearest 0.1 mile and kilometer. <br /> <p>Adana Archaeology Museum - 9.1 km / 5.7 mi <br /> Adana Ethnography Museum - 9.9 km / 6.1 mi <br /> Yeni Camii - 9.9 km / 6.2 mi <br /> Saint Paul Church - 10.2 km / 6.4 mi <br /> Sabanci Central Mosque - 10.5 km / 6.5 mi <br /> Adana Devlet Tiyatrosu - 10.5 km / 6.5 mi <br /> Yag Camii - 10.5 km / 6.6 mi <br /> Oil Mosque - 10.6 km / 6.6 mi <br /> Ataturk Scientific & Cultural Museum - 10.6 km / 6.6 mi <br /> Adana State Theatre - 10.7 km / 6.7 mi <br /> Grand Mosque - 10.7 km / 6.7 mi <br /> Great Clock Tower - 10.8 km / 6.7 mi <br /> Merkez Park - 10.9 km / 6.8 mi <br /> Stone Bridge - 11.4 km / 7.1 mi <br /> Adana Merkez Camii - 11.6 km / 7.2 mi <br /> </p><p>The preferred airport for Anemon Adana Hotel is Adana (ADA-Sakirpasa) - 9 km / 5.6 mi </p>,"<p>HeadLine : In Adana (Seyhan)</p><p>Location : With a stay at Anemon Adana Hotel, you ll be centrally located in Adana, within a 10-minute drive of Adana Devlet Tiyatrosu and Adana Ethnography Museum.  This 5-star hotel is 5.7 mi (9.1 km) from Adana Archaeology Museum and 6.2 mi (9.9 km) from Yeni Camii.</p><p>Rooms : Make yourself at home in one of the 140 air-conditioned rooms featuring minibars and plasma televisions. Complimentary wireless Internet access keeps you connected, and satellite programming is available for your entertainment. Bathrooms have complimentary toiletries and hair dryers. Conveniences include safes and desks, and housekeeping is provided daily.</p><p>Dining : Enjoy a meal at Cluban Restaurant or snacks in the coffee shop/cafe. The hotel also offers 24-hour room service. Wrap up your day with a drink at the bar/lounge. A complimentary on-the-go breakfast is served daily from 6:30 AM to 10:30 AM.</p><p>CheckIn Instructions : <ul>  <li>Extra-person charges may apply and vary depending on property policy</li><li>Government-issued photo identification and a credit card, debit card, or cash deposit may be required at check-in for incidental charges</li><li>Special requests are subject to availability upon check-in and may incur additional charges; special requests cannot be guaranteed</li><li>This property accepts credit cards; cash is not accepted</li>  </ul></p><p>Special Instructions : Front desk staff will greet guests on arrival. At check-in, guests must provide either a negative COVID-19 test result or a record of full COVID-19 vaccination.</p>",90-322-710 288,Dry cleaning/laundry service Shopping on site Banquet hall Express check-in Meeting rooms Conference space size (meters) - 1423 Free WiFi Number of bars/lounges - 1 Health club Spa treatment room(s) Designated smoking areas Garden Internet access in public areas - high speed Free newspapers in lobby Full-service spa Tours/ticket assistance Accessible bathroom (in select rooms) Free breakfast to go Wheelchair accessible  no Luggage storage Free breakfast Porter/bellhop Business center 24-hour front desk Daily Spa services on site Safe-deposit box at front desk Number of coffee shops/cafes - 1 Laundry facilities Sauna Steam room elevator Free self parking Fitness facilities Conference space Hair salon Terrace Conference space size (feet) - 15311,37.015764|35.241184,90-322-710 280,01200,http://www.anemonhotels.com
TR,Turkey,100339,Adapazari,1012037,Sakarya Grand Hotel,ThreeStar,Adnan Menderes Caddesi AdapazariSakarya ,Distances are displayed to the nearest 0.1 mile and kilometer. <br /> <p>Sait Faik Abasiyanik Park - 0.5 km / 0.3 mi <br /> Sakarya BKM Cultural Center - 0.7 km / 0.4 mi <br /> Sakarya Museum - 1.6 km / 1 mi <br /> Earthquake Cultural Museum - 1.9 km / 1.2 mi <br /> Arka Plan Sanat Galerisi - 2 km / 1.2 mi <br /> Ataturk Stadium - 2.1 km / 1.3 mi <br /> Ada Karting - 2.4 km / 1.5 mi <br /> ADA Shopping Centre - 3.4 km / 2.1 mi <br /> Serdivan Park Mall - 3.7 km / 2.3 mi <br /> Serdivan Planetarium - 3.9 km / 2.4 mi <br /> Sangarius Bridge - 4.1 km / 2.5 mi <br /> Sakarya University - 7.7 km / 4.8 mi <br /> Sakarya Provincial Forest Nature Park - 8.8 km / 5.5 mi <br /> Sapanca Municipality Bicycle and Walking Path - 12.3 km / 7.6 mi <br /> Sapanca Lake - 13.2 km / 8.2 mi <br /> </p><p>The nearest major airport is Izmit (KCO-Cengiz Topel) - 44.5 km / 27.6 mi</p>,"<p>HeadLine : Near Sait Faik Abasiyanik Park</p><p>Location : With a stay at Sakarya Grand Hotel in Adapazari, you ll be within a 10-minute walk of Sait Faik Abasiyanik Park and Sakarya BKM Cultural Center.  This hotel is 8.2 mi (13.2 km) from Sapanca Lake and 10.2 mi (16.5 km) from Sapanca Lake Park.</p><p>Rooms : Make yourself at home in one of the 70 air-conditioned rooms featuring flat-screen televisions. Complimentary wireless Internet access keeps you connected, and cable programming is available for your entertainment. Private bathrooms have jetted bathtubs. Conveniences include safes and desks, and housekeeping is provided daily.</p><p>Dining : Enjoy a meal at the restaurant or snacks in the coffee shop/cafe. The hotel also offers room service (during limited hours). Wrap up your day with a drink at the bar/lounge. A complimentary buffet breakfast is served daily from 7 AM to 10:30 AM.</p><p>CheckIn Instructions : <ul>  <li>Extra-person charges may apply and vary depending on property policy</li><li>Government-issued photo identification and a credit card, debit card, or cash deposit may be required at check-in for incidental charges</li><li>Special requests are subject to availability upon check-in and may incur additional charges; special requests cannot be guaranteed</li><li>This property accepts credit cards</li><li>Safety features at this property include a fire extinguisher, a smoke detector, a security system, and a first aid kit</li>  </ul></p><p>Special Instructions : Front desk staff will greet guests on arrival.</p>",90-264-2764540,Dry cleaning/laundry service Banquet hall Luggage storage Free breakfast Number of meeting rooms - 1 24-hour front desk Free WiFi Number of bars/lounges - 1 Daily Safe-deposit box at front desk Smoke-free property Number of coffee shops/cafes - 1 Laundry facilities Free newspapers in lobby Sauna Steam room elevator Free self parking Fitness facilities Free Buffet Breakfast Concierge services,40.763424|30.393713,90-264-2764540,54000,http://www.sakaryagrandhotel.com/otel/english/iletisim.php
TR,Turkey,100339,Adapazari,1075435,Balturk Hotel Sakarya,FourStar,Ankara Cad. No:53 NO 39 AdapazariSakarya ,Distances are displayed to the nearest 0.1 mile and kilometer. <br /> <p>Earthquake Cultural Museum - 0.4 km / 0.2 mi <br /> Sakarya Museum - 1 km / 0.6 mi <br /> Arka Plan Sanat Galerisi - 1 km / 0.6 mi <br /> Sakarya BKM Cultural Center - 2 km / 1.2 mi <br /> Ataturk Stadium - 2.3 km / 1.4 mi <br /> Sait Faik Abasiyanik Park - 2.3 km / 1.4 mi <br /> Ada Karting - 3.1 km / 1.9 mi <br /> Serdivan Park Mall - 3.6 km / 2.2 mi <br /> Serdivan Planetarium - 4 km / 2.5 mi <br /> ADA Shopping Centre - 4.6 km / 2.9 mi <br /> Sakarya University - 8.1 km / 5.1 mi <br /> Sangarius Bridge - 9.7 km / 6 mi <br /> Sakarya Provincial Forest Nature Park - 11.1 km / 6.9 mi <br /> Sapanca Municipality Bicycle and Walking Path - 14.2 km / 8.8 mi <br /> Sapanca Lake - 14.8 km / 9.2 mi <br /> </p><p>The nearest major airport is Izmit (KCO-Cengiz Topel) - 46.8 km / 29.1 mi</p>,"<p>HeadLine : Near Earthquake Cultural Museum</p><p>Location : With a stay at Balturk Otel Sakarya in Adapazari, you ll be a 4-minute walk from Earthquake Cultural Museum and 12 minutes by foot from Sakarya Museum.  This 4-star hotel is 9.2 mi (14.8 km) from Sapanca Lake and 11.4 mi (18.4 km) from Sapanca Lake Park.</p><p>Rooms : Make yourself at home in one of the 52 air-conditioned rooms featuring minibars and LCD televisions. Complimentary wireless Internet access keeps you connected, and satellite programming is available for your entertainment. Private bathrooms with showers feature complimentary toiletries and hair dryers. Conveniences include phones, as well as safes and desks.</p><p>Dining : Satisfy your appetite for lunch or dinner at the hotel s restaurant, or stay in and take advantage of the 24-hour room service. Quench your thirst with your favorite drink at the bar/lounge. A complimentary buffet breakfast is served daily from 7 AM to 10 AM.</p><p>CheckIn Instructions : <ul>  <li>Extra-person charges may apply and vary depending on property policy</li><li>Government-issued photo identification and a credit card, debit card, or cash deposit may be required at check-in for incidental charges</li><li>Special requests are subject to availability upon check-in and may incur additional charges; special requests cannot be guaranteed</li><li>This property accepts credit cards; cash is not accepted</li><li>Safety features at this property include a carbon monoxide detector, a fire extinguisher, and a first aid kit</li>  </ul></p><p>Special Instructions : Front desk staff will greet guests on arrival.</p>",90-262-3116565,Dry cleaning/laundry service Newspapers in lobby (surcharge) Luggage storage Free breakfast Business center Number of meeting rooms - 1 24-hour front desk Free WiFi Number of bars/lounges - 1 Daily Safe-deposit box at front desk Laundry facilities elevator Free self parking Free valet parking 24-hour fitness facilities Terrace Concierge services Free Buffet Breakfast Area shuttle (surcharge),40.77904|30.40376,90-262-3112311,54100,http://www.balturkotel.com/balturkhotel-sakarya-adapazari/
TR,Turkey,100034,Adiyaman,1097169,Antiochos Hotel,FourStar,Ataturk Bulv. No:141 02200 Adiyaman ,Distances are displayed to the nearest 0.1 mile and kilometer. <br /> <p>Adiyaman Museum - 2 km / 1.3 mi <br /> Adiyaman Fortress - 2.6 km / 1.6 mi <br /> Pirin Caves - 4.3 km / 2.7 mi <br /> Severan Bridge - 41.2 km / 25.6 mi <br /> </p><p>The nearest major airport is Adiyaman (ADF) - 18.8 km / 11.7 mi</p>,"<p><b>Property Location</b> <br />When you stay at Antiochos Hotel in Adiyaman, you'll be within a 10-minute drive of Adiyaman Museum and Pirin Caves.  This 4-star hotel is 2.1 mi (3.4 km) from Adiyaman Fortress and 25.6 mi (41.2 km) from Severan Bridge.</p><p><b>Rooms</b> <br />Make yourself at home in one of the 63 air-conditioned rooms featuring minibars and LCD televisions. Complimentary wireless Internet access keeps you connected, and cable programming is available for your entertainment. Bathrooms have complimentary toiletries and hair dryers. Conveniences include laptop-compatible safes and desks, and housekeeping is provided daily.</p><p><b>Amenities</b> <br />Pamper yourself with a visit to the spa, which offers massages, body treatments, and facials. You can take advantage of recreational amenities such as an outdoor pool and a fitness center. This hotel also features complimentary wireless Internet access, concierge services, and a hair salon.</p><p><b>Dining</b> <br />Grab a bite to eat at one of the hotel's 2 restaurants, or stay in and take advantage of the 24-hour room service. Snacks are also available at the coffee shop/café. Quench your thirst with your favorite drink at the bar/lounge. A complimentary buffet breakfast is served daily from 6 AM to 10 AM.</p><p><b>Business, Other Amenities</b> <br />Featured amenities include a business center, complimentary newspapers in the lobby, and dry cleaning/laundry services. A roundtrip airport shuttle is provided for a surcharge (available 24 hours), and free valet parking is available onsite.</p>",04162250243,24-hour front desk Airport transportation (surcharge) Bar/lounge Billiards or pool table Business center Coffee shop or café Concierge services Designated smoking areas Dry cleaning/laundry service Elevator/lift Fitness facilities Free WiFi Free breakfast Free newspapers in lobby Free self parking Free valet parking Full-service spa Garden Hair salon Library Luggage storage Meeting rooms - 2 Number of restaurants - 2 Outdoor pool Safe-deposit box at front desk Shopping on site Television in common areas Terrace Total number of rooms - 63 Turkish bath/Hammam,37.76366|38.30099,+904162250282,2200,http://www.otelantiochos.com/
TR,Turkey,100034,Adiyaman,1120283,Bozdogan Hotel,FourStar,Ataturk Bulvari No:108 Merkez No 108 02030 Adiyaman ,Distances are displayed to the nearest 0.1 mile and kilometer. <br /> <p>Adiyaman Museum - 2.1 km / 1.3 mi <br /> Adiyaman Fortress - 2.2 km / 1.4 mi <br /> Severan Bridge - 2.5 km / 1.6 mi <br /> Pirin Caves - 6.3 km / 3.9 mi <br /> Karakus Tümülüs - 44.4 km / 27.6 mi <br /> </p><p>The nearest major airport is Adiyaman (ADF) - 23.1 km / 14.3 mi</p>,"<p>HeadLine : Near Adiyaman Fortress</p><p>Location : With a stay at Bozdogan Hotel in Adiyaman, you ll be within a 5-minute drive of Adiyaman Museum and Severan Bridge.  This 4-star hotel is 1.2 mi (1.9 km) from Adiyaman Fortress and 3.9 mi (6.3 km) from Pirin Caves.</p><p>Rooms : Make yourself at home in one of the 78 guestrooms featuring minibars and LCD televisions. Complimentary wireless Internet access keeps you connected, and satellite programming is available for your entertainment. Private bathrooms with showers feature complimentary toiletries and hair dryers. Conveniences include safes and desks, and housekeeping is provided daily.</p><p>Dining : Satisfy your appetite for lunch or dinner at the hotel s restaurant, or stay in and take advantage of the room service (during limited hours). Relax with your favorite drink at the bar/lounge or the poolside bar. A complimentary buffet breakfast is served on weekdays from 7 AM to 10 AM and on weekends from 7 AM to 10:30 AM.</p><p>CheckIn Instructions : <ul>  <li>Extra-person charges may apply and vary depending on property policy</li><li>Government-issued photo identification and a credit card, debit card, or cash deposit may be required at check-in for incidental charges</li><li>Special requests are subject to availability upon check-in and may incur additional charges; special requests cannot be guaranteed</li><li>This property accepts credit cards</li>  </ul></p><p>Special Instructions : Front desk staff will greet guests on arrival.</p>",90-416-2163999,Gift shops or newsstand Dry cleaning/laundry service Pool umbrellas Meeting rooms Television in common areas Free WiFi Number of bars/lounges - 1 Designated smoking areas Number of poolside bars - 1 Number of outdoor pools - 1 Garden Free newspapers in lobby Free Buffet Breakfast Luggage storage Free breakfast 24-hour front desk Daily Spa services on site Turkish bath/Hammam Safe-deposit box at front desk Laundry facilities Sauna elevator Free self parking Free valet parking Hair salon Pool sun loungers,37.758432|38.256938,+904162163999,02030,http://www.bozdoganotel.com/
TR,Turkey,100034,Adiyaman,1120284,Hotel Euphrat Nemrut,ThreeStar,Koyu Nemrut Dagi Kahta Adiyaman Nemrut DagiKahta02446 Karadut ,Distances are displayed to the nearest 0.1 mile and kilometer. <br /> <p>Yeni Kale - 18.9 km / 11.7 mi <br /> Severan Bridge - 23.2 km / 14.4 mi <br /> Cendere Bridge - 23.7 km / 14.8 mi <br /> Karakus Tümülüs - 33.6 km / 20.8 mi <br /> Mount Nemrut - 39.3 km / 24.4 mi <br /> Nemrut Mountain National Park - 49.1 km / 30.5 mi <br /> Summit - 49.1 km / 30.5 mi <br /> </p><p>The preferred airport for Nemrut Euphrat Hotel is Adiyaman (ADF) - 57.2 km / 35.5 mi </p>,"<p>HeadLine : In a national park</p><p>Location : With a stay at Nemrut Euphrat Hotel in Kahta, you ll be 14.8 mi (23.7 km) from Cendere Bridge and 20.8 mi (33.6 km) from Karakus Tümülüs.  This hotel is 24.4 mi (39.3 km) from Mount Nemrut and 30.5 mi (49.1 km) from Nemrut Mountain National Park.</p><p>Rooms : Make yourself at home in one of the 46 air-conditioned rooms featuring refrigerators and LCD televisions. Complimentary wireless Internet access keeps you connected, and satellite programming is available for your entertainment. Private bathrooms with showers feature complimentary toiletries and hair dryers. Conveniences include desks and separate sitting areas, and housekeeping is provided daily.</p><p>Dining : Enjoy Turkish cuisine at Mesopotamia, a restaurant where you can enjoy drinks at the bar/lounge and dine alfresco. Or stay in and take advantage of the 24-hour room service. Quench your thirst with your favorite drink at the poolside bar.</p><p>CheckIn Instructions : <ul>  <li>Extra-person charges may apply and vary depending on property policy</li><li>Government-issued photo identification and a credit card, debit card, or cash deposit may be required at check-in for incidental charges</li><li>Special requests are subject to availability upon check-in and may incur additional charges; special requests cannot be guaranteed</li><li>This property accepts credit cards and cash</li><li>Long-term renters welcome</li><li>Noise-free guestrooms cannot be guaranteed</li>  </ul></p><p>Special Instructions : Guests must transfer via Shuttle to the property. Guests must contact the property at least 24 hours before travel, using the contact information on the confirmation received after booking. This property offers transfers from the airport (surcharges may apply). Guests must contact the property with arrival details before travel, using the contact information on the booking confirmation. The front desk is open daily from 7:00 AM - 1:00 AM. Front desk staff will greet guests on arrival.</p>",90-416-7372179,Picnic area Snack bar/deli Laundry facilities Tours/ticket assistance Free self parking Free valet parking Terrace Concierge services Dry cleaning/laundry service Airport transportation (surcharge) Food and water bowls Luggage storage Front desk (limited hours) Television in common areas Free WiFi Number of bars/lounges - 1 Designated smoking areas Number of poolside bars - 1 Barbecue grill(s) Garden Safe-deposit box at front desk,37.939649|38.762172,90-416-7372175,2400,http://www.nemruteuphrathotel.com
TR,Turkey,100034,Adiyaman,1174684,Ulasan Hotel Caravan Camping,FourStar,Konya Yolu Cikisi Golbasi 3 Km Golbasi Cikisi 3 km06581 Golbasi ,,"Located in Ankara, 25 km from TBMM - Türkiye Büyük Millet Meclisi, Ulasan Hotel Caravan Camping provides accommodation with a seasonal outdoor swimming pool, free private parking, a garden and a shared lounge. With free WiFi, this 4-star hotel offers room service and a 24-hour front desk. The hotel has a terrace and city views, and guests can enjoy a meal at the restaurant or a drink at the bar.

Guest rooms at the hotel come with air conditioning, a seating area, a flat-screen TV with satellite channels, a safety deposit box and a private bathroom with a shower, free toiletries and a hairdryer. At Ulasan Hotel Caravan Camping each room comes with bed linen and towels.

Anitkabir is 27 km from the accommodation, while Ankara Castle is 31 km away. The nearest airport is Ankara Esenboga Airport, 53 km from Ulasan Hotel Caravan Camping.",(90) 3124844101,Parking Restaurant Room service meeting/banquet facilities Bar 24-hour front desk Sauna Garden Terrace Non-smoking rooms Laundry dry cleaning Facilities for disabled guests Ironing service Free parking internet services Safety Deposit Box Billiards Soundproof rooms Bowling Heating Fax/photocopying wifi Free WiFi Air conditioning designated smoking area Sun terrace outdoor pool (seasonal) shared lounge/TV area minimarket on site Daily housekeeping parking on site Private parking wifi available in all areas Wine/champagne Swimming pool Swimming pool,39.7558|32.8035,(90) 3124845858,06830,https://www.booking.com/hotel/tr/ulasan-caravan-camping.html
TR,Turkey,100034,Adiyaman,1351398,Grand Isias Hotel,FourStar,Ataturk Bulvari No:220 MerkezAdiyaman ,,"Located in Adiyaman, 3.8 km from Türmüz, Isias HOTEL provides accommodation with a restaurant, free private parking and a garden. This 4-star hotel offers a concierge service and a tour desk. The accommodation features a 24-hour front desk, room service and currency exchange for guests.

At the hotel every room is fitted with air conditioning, a seating area, a flat-screen TV with satellite channels, a safety deposit box and a private bathroom with a shower, slippers and a hairdryer. All units will provide guests with a wardrobe and a kettle.

Guests at Isias HOTEL can enjoy a continental breakfast.

Pirim is 5.4 km from the accommodation, while Zek is 7 km away. The nearest airport is Adiyaman Airport, 22 km from Isias HOTEL.",904162149733,Parking Restaurant Room service meeting/banquet facilities 24-hour front desk Sauna Fitness centre Garden Non-smoking rooms Laundry dry cleaning Facilities for disabled guests Barber/beauty shop Family rooms breakfast in the room Ironing service Free parking lift express check-in/check-out Safety Deposit Box Valet parking Currency exchange Soundproof rooms Chapel/shrine Car hire Tour desk hammam Heating Fax/photocopying Luggage storage Allergy-free room Non-smoking throughout Air conditioning designated smoking area concierge service Private check-in/check-out Trouser press Lockers Daily housekeeping parking on site Private parking Baby safety gates Kid meals Kid-friendly buffet Parking garage Accessible parking Wheelchair accessible Toilet with grab rails Higher level toilet Lower bathroom sink Emergency cord in bathroom Wine/champagne Fruits Visual aids: Braille Visual aids: Tactile signs coffee house on site Outdoor furniture Spa Facilities Spa lounge/relaxation area Spa/wellness packages Fitness 24-hour security Security alarm Smoke alarms CCTV in common areas CCTV outside property Fire extinguishers use of cleaning chemicals that are effective against coronavirus linens  towels and laundry washed in accordance with local authority guidelines guest accommodation is disinfected between stays guest accommodation sealed after cleaning food can be delivered to guest accommodation staff follow all safety protocols as directed by local authorities shared stationery such as printed menus  magazines  pens  and paper removed hand sanitizer in guest accommodation and key areas process in place to check health of guests first aid kit available contactless check-in/check-out cashless payment available physical distancing rules followed mobile app for room service screens or physical barriers placed between staff and guests in appropriate areas invoice provided all plates  cutlery  glasses and other tableware have been sanitized guests have the option to cancel any cleaning services for their accommodation during their stay breakfast takeaway containers delivered food is securely covered thermometers for guests provided by property face masks for guests available,37.76331|38.27646,90 (416) 214 88 00,02100,https://www.booking.com/hotel/tr/grand-isias.html
TR,Turkey,100034,Adiyaman,1367089,Nemrut Kervansaray Hotel,ThreeStar,Nemrut Dagi Yolu Ustu Karadut Koyu Karadut02400 Kahta ,"                                                        
                        
                        ","<p>Located on the slopes of Mount Nemrut, Nemrut Kervansaray Hotel has a stone building and an outdoor pool. The hotel offers rooms with nature views.

All rooms include a wardrobe and a balcony. They also have a private bathroom with 24-hour hot water.

The restaurant has both indoor and outdoor dining area. There is also a bar serving alcoholic and non-alcoholic drinks.

Nemrut Kervansaray Hotel is the closest hotel to the top of Mount Nemrut. Adiyaman city centre is 70 km away</p>",+904167372190,,37.93992|38.76045,+904167372190,02400,https://www.booking.com/hotel/tr/nemrut-kervansaray.html
TR,Turkey,100034,Adiyaman,1424280,Samos Hotel,ThreeStar,Bahcelievler Mah. Ataturk Bulvari No:328 A Ataturk Bulvari 328 A02290 Adiyaman ,Distances are displayed to the nearest 0.1 mile and kilometer. <br /> <p>Adiyaman Museum - 1.3 km / 0.8 mi <br /> Severan Bridge - 1.6 km / 1 mi <br /> Adiyaman Fortress - 1.7 km / 1.1 mi <br /> Pirin Caves - 6.1 km / 3.8 mi <br /> Karakus Tümülüs - 41.3 km / 25.6 mi <br /> Severan Bridge - 50.3 km / 31.3 mi <br /> Cendere Bridge - 51 km / 31.7 mi <br /> </p><p>The nearest major airport is Adiyaman (ADF) - 19.9 km / 12.4 mi</p>,"<p>HeadLine : Near Adiyaman Museum</p><p>Location : Located in Adiyaman, Samos Hotel is within a 5-minute drive of Severan Bridge and Adiyaman Museum.  This hotel is 1.3 mi (2.2 km) from Adiyaman Fortress and 3.8 mi (6.1 km) from Pirin Caves.</p><p>Rooms : Make yourself at home in one of the 63 guestrooms featuring minibars and LCD televisions. Complimentary wireless Internet access keeps you connected, and satellite programming is available for your entertainment. Private bathrooms with showers feature complimentary toiletries and slippers. Conveniences include safes and desks, and housekeeping is provided daily.</p><p>Dining : At Samos Hotel, enjoy a satisfying meal at the restaurant. Quench your thirst with your favorite drink at the bar/lounge. A complimentary buffet breakfast is served daily from 7 AM to 10 AM.</p><p>CheckIn Instructions : <ul>  <li>Extra-person charges may apply and vary depending on property policy</li><li>Government-issued photo identification and a credit card, debit card, or cash deposit may be required at check-in for incidental charges</li><li>Special requests are subject to availability upon check-in and may incur additional charges; special requests cannot be guaranteed</li><li>This property accepts credit cards and cash</li><li>Safety features at this property include a fire extinguisher, a smoke detector, a security system, a first aid kit, and window guards</li>  </ul></p><p>Special Instructions : This property doesn t offer after-hours check-in. Front desk staff will greet guests on arrival.</p>",90-416-2149000,Dry cleaning/laundry service Number of meeting rooms - 1 Free WiFi Number of bars/lounges - 1 Designated smoking areas Number of outdoor pools - 1 Garden In-room accessibility (in select rooms) Tours/ticket assistance Free Buffet Breakfast Airport transportation (surcharge) Wheelchair accessible  no Luggage storage Free breakfast 24-hour front desk Daily Outdoor seasonal pool Safe-deposit box at front desk Coffee/tea in common areas Laundry facilities Free self parking Terrace Concierge services,37.763029|38.29148,+904162147373,02290,http://hotelsamos.com.tr/
TR,Turkey,100034,Adiyaman,1434968,Unal Hotel,ThreeStar,Harikci Cad. No14 Merkez02100 Adiyaman ,Distances are displayed to the nearest 0.1 mile and kilometer. <br /> <p>Adiyaman Fortress - 0.5 km / 0.3 mi <br /> Adiyaman Museum - 0.5 km / 0.3 mi <br /> Pirin Caves - 4.8 km / 3 mi <br /> Severan Bridge - 43.8 km / 27.2 mi <br /> </p><p>The nearest major airport is Adiyaman (ADF) - 21.4 km / 13.3 mi</p>,"<p><b>Property Location</b> <br />With a stay at Unal Hotel in Adiyaman, you'll be within a 10-minute walk of Adiyaman Fortress and Adiyaman Museum.  This hotel is 3 mi (4.8 km) from Pirin Caves and 27.2 mi (43.8 km) from Severan Bridge.</p><p><b>Rooms</b> <br />Make yourself at home in one of the 30 air-conditioned rooms featuring refrigerators and LCD televisions. Complimentary wireless Internet access keeps you connected, and satellite programming is available for your entertainment. Private bathrooms with showers feature complimentary toiletries and hair dryers. Conveniences include safes and desks, and housekeeping is provided daily.</p><p><b>Dining</b> <br />Take advantage of the hotel's room service (during limited hours). A complimentary buffet breakfast is served on weekdays from 7 AM to 10 AM and on weekends from 7 AM to 10:30 AM.</p><p><b>Business, Other Amenities</b> <br />Featured amenities include a 24-hour front desk and a safe deposit box at the front desk. Free self parking is available onsite.</p>",,24-hour front desk Designated smoking areas Free WiFi Free breakfast Free self parking Number of buildings/towers - 1 One meeting room Safe-deposit box at front desk Total number of rooms - 30,37.76018|38.27855,,02100,
TR,Turkey,100034,Adiyaman,1435628,Arsames Hotel,ThreeStar,Mehmet Akif Mah. ATATÜRK BULV.NO.327 AdiyamanTurkey ,Distances are displayed to the nearest 0.1 mile and kilometer. <br /> <p>Adiyaman Museum - 1 km / 0.6 mi <br /> Adiyaman Fortress - 1.3 km / 0.8 mi <br /> Pirin Caves - 4.5 km / 2.8 mi <br /> </p><p>The nearest major airport is Adiyaman (ADF) - 20.9 km / 13 mi</p>,"<p>HeadLine : Near Adiyaman Museum</p><p>Location : Located in Adiyaman, Arsames Hotel is a 1-minute drive from Adiyaman Museum and 5 minutes from Adiyaman Fortress.  This hotel is 3.1 mi (4.9 km) from Pirin Caves.</p><p>Rooms : Make yourself at home in one of the 50 air-conditioned rooms featuring refrigerators and LCD televisions. Rooms have private balconies. Complimentary wired and wireless Internet access keeps you connected, and satellite programming provides entertainment. Private bathrooms with showers feature complimentary toiletries and hair dryers.</p><p>Dining : Satisfy your appetite for lunch or dinner at the hotel s restaurant, or stay in and take advantage of the 24-hour room service. Quench your thirst with your favorite drink at the poolside bar. A complimentary buffet breakfast is served daily from 7 AM to 10 AM.</p><p>CheckIn Instructions : Extra-person charges may apply and vary depending on property policy. <br />Government-issued photo identification and a credit card, debit card, or cash deposit may be required at check-in for incidental charges. <br />Special requests are subject to availability upon check-in and may incur additional charges. Special requests cannot be guaranteed. <ul> </ul></p><p>Special Instructions : Front desk staff will greet guests on arrival.</p>",90-416-2139597,24-hour front desk Poolside bar Free breakfast Restaurant Meeting rooms Tours/ticket assistance Free self parking Dry cleaning/laundry service Free WiFi Free valet parking Outdoor pool Free wired Internet Babysitting or childcare (surcharge) Safe-deposit box at front desk Luggage storage Concierge services Designated smoking areas Laundry facilities Wheelchair accessible path of travel Accessible bathroom Wheelchair accessible parking In-room accessibility Braille or raised signage Garden Free newspapers in lobby,37.76349|38.287832,+904162139596,02000,http://www.hotelarsames.com
TR,Turkey,100034,Adiyaman,1438976,Vadi i Leman Hotel,ThreeStar,Hoca Omer Mah Golbasi Cad 02100 Adiyaman ,Distances are displayed to the nearest 0.1 mile and kilometer. <br /> <p>Adiyaman Fortress - 0.3 km / 0.2 mi <br /> Adiyaman Museum - 0.5 km / 0.3 mi <br /> Pirin Caves - 4.7 km / 2.9 mi <br /> Severan Bridge - 43.7 km / 27.2 mi <br /> Sofraz Ruins - 51.8 km / 32.2 mi <br /> </p><p>The nearest major airport is Adiyaman (ADF) - 21.6 km / 13.4 mi</p>,"<p>HeadLine : Near Adiyaman Fortress</p><p>Location : With a stay at Vadi-i Leman Hotel, you ll be centrally located in Adiyaman, just a 4-minute walk from Adiyaman Fortress and 6 minutes by foot from Adiyaman Museum.  This hotel is 3 mi (4.8 km) from Pirin Caves and 27.2 mi (43.7 km) from Severan Bridge.</p><p>Rooms : Make yourself at home in one of the 36 air-conditioned rooms featuring refrigerators and LCD televisions. Complimentary wireless Internet access keeps you connected, and satellite programming is available for your entertainment. Private bathrooms with showers feature complimentary toiletries and hair dryers. Conveniences include safes and desks, and housekeeping is provided daily.</p><p>Dining : Enjoy a meal at the restaurant, or stay in and take advantage of the hotel s 24-hour room service. A complimentary buffet breakfast is served daily from 7 AM to 10:30 AM.</p><p>CheckIn Instructions : Extra-person charges may apply and vary depending on property policy. <br />Government-issued photo identification and a credit card, debit card, or cash deposit are required at check-in for incidental charges. <br />Special requests are subject to availability upon check-in and may incur additional charges. Special requests cannot be guaranteed. <ul>  </ul></p>",90-416-2168000,Free breakfast Laundry facilities Luggage storage Restaurant Coffee/tea in common areas Free WiFi Airport transportation (surcharge) Rooftop terrace Designated smoking areas 24-hour front desk,37.760395|38.276783,90-416-2168000,02100,http://vadiileman.com/tr/index.php
TR,Turkey,100037,Adrasan-Cavus,1012225,Buhana Hotel,ThreeStar,Adrasan Beldesi Deniz Mh. 130 Sk. No 25 130 Sokak 2507370 AdrasanAntalya ,Distances are displayed to the nearest 0.1 mile and kilometer. <br /> <p>Adrasan Beach - 0.4 km / 0.3 mi <br /> Sazak koyu - 8.7 km / 5.4 mi <br /> Olimpos Ruins - 16.4 km / 10.2 mi <br /> Olympos Beach - 16.6 km / 10.3 mi <br /> Korsan Beach - 17.2 km / 10.7 mi <br /> Papaz Iskelesi - 19.1 km / 11.9 mi <br /> Gelidonia Lighthouse - 24.3 km / 15.1 mi <br /> Ulupinar Park - 25.7 km / 16 mi <br /> Yanartas - 27.8 km / 17.3 mi <br /> Chimaera - 27.9 km / 17.3 mi <br /> Ancient Olympos - 31.4 km / 19.5 mi <br /> Çirali Beach - 31.8 km / 19.8 mi <br /> Rhodiapolis - 36.4 km / 22.6 mi <br /> Phaselis Museum - 41.2 km / 25.6 mi <br /> Kleopatra Beach - 41.3 km / 25.7 mi <br /> </p>,"<p>HeadLine : Near Adrasan Beach</p><p>Location : When you stay at Buhana Hotel in Kumluca, you ll be by the sea and 5 minutes by foot from Adrasan Beach.  This beach hotel is 10.3 mi (16.6 km) from Olympos Beach and 19.5 mi (31.4 km) from Ancient Olympos.</p><p>Rooms : Make yourself at home in one of the 39 air-conditioned rooms featuring refrigerators and LCD televisions. Complimentary wireless Internet access keeps you connected, and satellite programming is available for your entertainment. Bathrooms have showers and hair dryers. Conveniences include safes and desks, and housekeeping is provided daily.</p><p>Dining : At Buhana Hotel, enjoy a satisfying meal at the restaurant. Quench your thirst with your favorite drink at the bar/lounge. A complimentary full breakfast is served daily from 8 AM to 10 AM.</p><p>CheckIn Instructions : <ul>  <li>Extra-person charges may apply and vary depending on property policy</li><li>Government-issued photo identification and a credit card, debit card, or cash deposit may be required at check-in for incidental charges</li><li>Special requests are subject to availability upon check-in and may incur additional charges; special requests cannot be guaranteed</li><li>This property accepts credit cards</li>  </ul></p><p>Special Instructions : This property offers transfers from the airport (surcharges may apply). Guests must contact the property with arrival details before travel, using the contact information on the booking confirmation. The front desk is open daily from 7 AM - midnight. Front desk staff will greet guests on arrival.</p>",90-242-8831324,Airport transportation (surcharge) Free full breakfast Free breakfast Front desk (limited hours) Free WiFi Number of bars/lounges - 1 Designated smoking areas Daily Number of outdoor pools - 1 Garden Coffee/tea in common areas Free self parking,36.294515|30.467329,90-543-8836323,07370,http://www.buhanahotel.com
TR,Turkey,100351,Afyon,1015975,NG Afyon Wellness and Convention,FiveStar,Izmir Karayolu 7 Km 03000 Afyon ,Distances are displayed to the nearest 0.1 mile and kilometer. <br /> <p>Afium Outlet Shopping Center - 1.8 km / 1.1 mi <br /> Afyon Mansion - 3.9 km / 2.4 mi <br /> Ikbal Cami - 6.5 km / 4 mi <br /> Ottoman Houses - 6.9 km / 4.3 mi <br /> Ulu Cami - 6.9 km / 4.3 mi <br /> Archaeological Museum - 6.9 km / 4.3 mi <br /> Afyon Stadium - 7.6 km / 4.7 mi <br /> Anit Park - 10.4 km / 6.5 mi <br /> Castle of Afyon - 10.9 km / 6.7 mi <br /> Imaret Mosque - 10.9 km / 6.8 mi <br /> Zafer Museum - 11 km / 6.9 mi <br /> Mevlevi Mosque - 11.3 km / 7 mi <br /> Afyonkarahisar Archeological Museum - 12 km / 7.5 mi <br /> Ayazini Metropolis Caves - 39.2 km / 24.4 mi <br /> Mechul Asker Aniti - 48 km / 29.8 mi <br /> </p><p>The preferred airport for NG Afyon is Kutahya (KZR-Zafer) - 54 km / 33.6 mi </p>,"<p>HeadLine : Near Afium Outlet Shopping Center</p><p>Location : Located in Afyonkarahisar, NG Afyon is a 2-minute drive from Afium Outlet Shopping Center and 7 minutes from Ikbal Cami.  This 5-star hotel is 4.3 mi (6.9 km) from Ottoman Houses and 4.3 mi (6.9 km) from Ulu Cami.</p><p>Rooms : Make yourself at home in one of the 428 individually decorated guestrooms, featuring minibars and plasma televisions. Rooms have private balconies. Complimentary wireless Internet access keeps you connected, and satellite programming is available for your entertainment. Private bathrooms with showers feature complimentary toiletries and hair dryers.</p><p>Dining : Grab a bite to eat at one of the hotel s 2 restaurants, or stay in and take advantage of the 24-hour room service. Snacks are also available at the coffee shop/cafe. Need to unwind? Take a break with a tasty beverage at one of the 3 bars/lounges. A complimentary buffet breakfast is served daily from 7 AM to 10 AM.</p><p>CheckIn Instructions : <ul>  <li>Extra-person charges may apply and vary depending on property policy</li><li>Government-issued photo identification and a credit card, debit card, or cash deposit may be required at check-in for incidental charges</li><li>Special requests are subject to availability upon check-in and may incur additional charges; special requests cannot be guaranteed</li><li>This property accepts credit cards; cash is not accepted</li>  </ul></p><p>Special Instructions : Front desk staff will greet guests on arrival.</p>",90-272-2463399,Grocery/convenience store Porter/bellhop Billiards or pool table Business center 24-hour front desk Playground on site Spa services on site Safe-deposit box at front desk Snack bar/deli Children's pool Sauna Steam room Free self parking Conference space Waterslide Free valet parking Hair salon Tennis on site Computer station Terrace Wheelchair accessible path of travel Pool sun loungers Conference space size (feet) - 15371 Concierge services 24-hour business center Basketball on site Banquet hall Hot springs on site Reception hall Nightclub Meeting rooms Television in common areas Arcade/game room Spa treatment room(s) Garden Free newspapers in lobby Full-service spa Wedding services Volleyball on site Luggage storage Turkish bath/Hammam Coffee/tea in common areas Number of coffee shops/cafes - 1 Laundry facilities elevator Children's club (free) Fitness facilities Supervised childcare/activities (free) Pool umbrellas Conference space size (meters) - 1428 Free WiFi Number of bars/lounges - 3 Designated smoking areas Number of outdoor pools - 3 Number of indoor pools - 13 In-room accessibility (in select rooms) Wheelchair accessible parking Roll-in shower (in select rooms) Tours/ticket assistance Accessible bathroom (in select rooms) Shopping center shuttle (surcharge) Free Buffet Breakfast Airport transportation (surcharge) Free breakfast Outdoor tennis courts - 1 Multilingual staff Conference center Daily Barbecue grill(s) Gift shops or newsstand Dry cleaning/laundry service,38.78342|30.478068,90-272-2202222,03000,http://www.nghotels.com.tr
TR,Turkey,100351,Afyon,1093250,Cakmak Marble Hotel,FourStar,Suleyman Goncer Caddesi No:2 SÜLEYMAN GÖNÇER CADDESI NO 2 Süleyman Göncer Caddesi 23200 Afyonkarahisar ,Distances are displayed to the nearest 0.1 mile and kilometer. <br /> <p>Anit Park - 0.2 km / 0.1 mi <br /> Zafer Museum - 0.3 km / 0.2 mi <br /> Imaret Mosque - 0.5 km / 0.3 mi <br /> Mevlevi Mosque - 0.9 km / 0.5 mi <br /> Ottoman Houses - 1 km / 0.6 mi <br /> Ulu Cami - 1 km / 0.6 mi <br /> Archaeological Museum - 1 km / 0.6 mi <br /> Afyon Stadium - 1 km / 0.6 mi <br /> Castle of Afyon - 1.4 km / 0.9 mi <br /> Afyonkarahisar Archeological Museum - 1.7 km / 1.1 mi <br /> Ikbal Cami - 1.8 km / 1.1 mi <br /> Afyon Mansion - 4.3 km / 2.7 mi <br /> Afium Outlet Shopping Center - 9.2 km / 5.7 mi <br /> Ayazini Metropolis Caves - 32.8 km / 20.4 mi <br /> </p><p>The nearest major airport is Kutahya (KZR-Zafer) - 61.6 km / 38.3 mi</p>,"<p>HeadLine : Near Zafer Museum</p><p>Location : A stay at MCG Marble Hotel places you in the heart of Afyonkarahisar, steps from Anit Park and 3 minutes by foot from Zafer Museum.  This hotel is 0.4 mi (0.6 km) from Imaret Mosque and 0.6 mi (0.9 km) from Castle of Afyon.</p><p>Rooms : Make yourself at home in one of the 114 air-conditioned rooms featuring minibars. Complimentary wireless Internet access keeps you connected, and cable programming is available for your entertainment. Private bathrooms with showers feature complimentary toiletries and hair dryers. Conveniences include safes and complimentary newspapers, and housekeeping is provided daily.</p><p>Dining : Enjoy a meal at the restaurant, or stay in and take advantage of the hotel s room service (during limited hours). Quench your thirst with your favorite drink at the bar/lounge. A complimentary buffet breakfast is served daily from 7 AM to 10 AM.</p><p>CheckIn Instructions : <ul>  <li>Extra-person charges may apply and vary depending on property policy</li><li>Government-issued photo identification and a credit card, debit card, or cash deposit may be required at check-in for incidental charges</li><li>Special requests are subject to availability upon check-in and may incur additional charges; special requests cannot be guaranteed</li><li>This property accepts credit cards</li>  </ul></p><p>Special Instructions : Front desk staff will greet guests on arrival.</p>",90-272-2143309,Dry cleaning/laundry service Games Wheelchair accessible (may have limitations) Table tennis Number of meeting rooms - 1 Wheelchair-accessible path to elevator Free wired Internet Wheelchair-accessible registration desk Free WiFi Number of bars/lounges - 1 Number of indoor pools - 1 Garden In-room accessibility (in select rooms) Wheelchair accessible parking Free newspapers in lobby Roll-in shower (in select rooms) Accessible bathroom (in select rooms) Free Buffet Breakfast Rooftop terrace Luggage storage Wheelchair-accessible on-site restaurant Free breakfast Billiards or pool table 24-hour front desk Library Daily Safe-deposit box at front desk Laundry facilities Children's pool Sauna elevator Free self parking Fitness facilities Free valet parking Terrace Concierge services,38.75711|30.53992,90-272-2143300,03100,http://www.cakmakmarblehotel.com
TR,Turkey,100351,Afyon,1120288,Safran Thermal Resort,FiveStar,Kume Evleri No 265 Hudai Kaplicalari Girisi Cakir Mah. Küme Evleri 26503400 SandikliAfyonkarahisar ,Distances are displayed to the nearest 0.1 mile and kilometer. <br /> <p>Sandikli Devlet Hospital - 8.3 km / 5.2 mi <br /> Hidden Prayer Society Memorial Forest - 9.2 km / 5.7 mi <br /> </p><p>The nearest major airport is Kutahya (KZR-Zafer) - 111.3 km / 69.2 mi</p>,"<p>HeadLine : In Sandikli</p><p>Location : When you stay at Safran Thermal Resort in Sandikli, you ll be within a 10-minute drive of Sandikli Devlet Hospital and Hidden Prayer Society Memorial Forest.</p><p>Rooms : Make yourself at home in one of the 351 air-conditioned rooms featuring minibars and LCD televisions. Rooms have private balconies. Complimentary wireless Internet access is available to keep you connected. Private bathrooms have deep soaking bathtubs and complimentary toiletries.</p><p>Dining : Grab a bite at one of the resort s 2 restaurants, or stay in and take advantage of the 24-hour room service. Need to unwind? Take a break with a tasty beverage at one of the 2 bars/lounges. A complimentary buffet breakfast is served daily from 7 AM to 10 AM.</p><p>CheckIn Instructions : <ul>  <li>Extra-person charges may apply and vary depending on property policy</li><li>Government-issued photo identification and a credit card, debit card, or cash deposit may be required at check-in for incidental charges</li><li>Special requests are subject to availability upon check-in and may incur additional charges; special requests cannot be guaranteed</li><li>This property accepts credit cards; cash is not accepted</li><li>Please note that cultural norms and guest policies may differ by country and by property; the policies listed are provided by the property</li>  </ul> <ul>  <li>This property offers only separate men s and women s swimming pools and wet areas.</li>  </ul></p><p>Special Instructions : Front desk staff will greet guests on arrival. For more details, please contact the property using the information on the booking confirmation.</p>",90-272-5357575,Gift shops or newsstand Dry cleaning/laundry service Free water park access Pool umbrellas Meeting rooms Television in common areas Free WiFi Number of bars/lounges - 2 Arcade/game room Spa treatment room(s) Designated smoking areas Number of spa tubs - 1 Number of outdoor pools - 1 Number of indoor pools - 1 Garden In-room accessibility (in select rooms) Full-service spa Wedding services Accessible bathroom (in select rooms) Free Buffet Breakfast Luggage storage Free breakfast Grocery/convenience store Billiards or pool table Business center 24-hour front desk Playground on site Daily Turkish bath/Hammam Safe-deposit box at front desk Children's pool Sauna Free self parking Fitness facilities Waterslide Free valet parking Hair salon Terrace Wheelchair accessible path of travel Pool sun loungers Concierge services,38.433406|30.192491,90-272-5357575,03500,http://safrantermal.com/
TR,Turkey,100351,Afyon,1141433,Orucoglu Thermal Resort,FiveStar,Kütahya Karayolu 14 Km AfyonAfyonkarahisar ,Distances are displayed to the nearest 0.1 mile and kilometer. <br /> <p>Afium Outlet Shopping Center - 5.7 km / 3.6 mi <br /> Afyon Mansion - 11.5 km / 7.2 mi <br /> Ikbal Cami - 13.4 km / 8.4 mi <br /> Ottoman Houses - 13.9 km / 8.6 mi <br /> Ulu Cami - 13.9 km / 8.6 mi <br /> Archaeological Museum - 13.9 km / 8.6 mi <br /> Anit Park - 14 km / 8.7 mi <br /> Castle of Afyon - 14.4 km / 9 mi <br /> Imaret Mosque - 14.5 km / 9 mi <br /> Afyon Stadium - 14.6 km / 9.1 mi <br /> Zafer Museum - 14.6 km / 9.1 mi <br /> Mevlevi Mosque - 14.8 km / 9.2 mi <br /> Afyonkarahisar Archeological Museum - 15.6 km / 9.7 mi <br /> Ayazini Metropolis Caves - 31.8 km / 19.8 mi <br /> Seydisul Tomb - 40.5 km / 25.2 mi <br /> </p><p>The nearest airports are:<br />Antalya Intl. Airport (AYT) - 278 km / 172.7 mi<br /> Kutahya (KZR-Zafer) - 46.3 km / 28.8 mi<br /> </p><p>The preferred airport for Orucoglu Thermal Resort is Antalya Intl. Airport (AYT). </p>,"<p>HeadLine : In Afyonkarahisar</p><p>Location : Located in Afyonkarahisar, Orucoglu Thermal Resort is within a 15-minute drive of Afium Outlet Shopping Center and Afyon Mansion.  This 5-star hotel is 8.4 mi (13.4 km) from Ikbal Cami and 8.6 mi (13.9 km) from Ottoman Houses.</p><p>Rooms : Treat yourself to a stay in one of the 293 guestrooms, featuring heated floors and flat-screen televisions. Complimentary wireless Internet access keeps you connected, and satellite programming is available for your entertainment. Conveniences include phones, as well as safes and separate sitting areas.</p><p>Dining : Grab a bite at Amorium Bistro, one of the hotel s 2 restaurants, or stay in and take advantage of the 24-hour room service. Snacks are also available at the coffee shop/cafe. Wrap up your day with a drink at the bar/lounge. A complimentary buffet breakfast is served daily from 7 AM to 10 AM.</p><p>CheckIn Instructions : <ul>  <li>Extra-person charges may apply and vary depending on property policy</li><li>Government-issued photo identification and a credit card, debit card, or cash deposit may be required at check-in for incidental charges</li><li>Special requests are subject to availability upon check-in and may incur additional charges; special requests cannot be guaranteed</li><li>This property accepts credit cards; cash is not accepted</li>  </ul></p><p>Special Instructions : Front desk staff will greet guests on arrival.</p>",90-272-2515060,Gift shops or newsstand Dry cleaning/laundry service Newspapers in lobby (surcharge) Reception hall Number of meeting rooms - 5 Free WiFi Number of bars/lounges - 1 Arcade/game room Designated smoking areas Garden In-room accessibility (in select rooms) Roll-in shower (in select rooms) Tours/ticket assistance Accessible bathroom (in select rooms) Free Buffet Breakfast Free area shuttle Airport transportation (surcharge) Luggage storage Free breakfast Grocery/convenience store Porter/bellhop Billiards or pool table Multilingual staff 24-hour front desk Library Playground on site Daily Safe-deposit box at front desk Coffee/tea in common areas Snack bar/deli Number of coffee shops/cafes - 1 Laundry facilities Sauna Fitness facilities Hair salon Terrace Wheelchair accessible path of travel Concierge services Steam room elevator Free self parking,38.838327|30.431516,90 272 2515050,03000,https://orucoglu.com/de/
TR,Turkey,100351,Afyon,1141435,The Omer Thermal Hotel & Holiday Village,ThreeStar,Afyon-Kutahya Karayolu 14km Afyon ,City centre : 15000mts Bus/Train station : 11000mts Nearest Bus / Metro Stop : 1000mts,"HotelDescription#Offering both hotel rooms and villas, this thermal holiday village offers a wide range of thermal treatments making use of the natural spring waters the Afyon region is famous for. Additionally, the complex has meeting and conference facilities and is suitable for those interested in health treatments or wishing to combine both. Located in a picturesque, pastoral area, the complex is 15 km from the centre of Afyon in north west Turkey. The main road is a 10-15 minute walk away. Excellent for a relaxing and therapeutic break, guests can also benefit from a range of facilities such as table tennis, a fitness centrjogging track.",+902722515014,24-hour reception NO Smoking rooms TV lounge 220V power supply Laundry service(Additional Fee) NO Disability-friendly bathroom Turkish bath (hamam) YES Car park Steam bath YES Wheelchair-accessible Breakfast and dinner Garden Bellboy service TV WaterSlides Balcony Childrens play area MasterCard Mini fridge Restaurant Carpeted floors Gym Pool / snooker NO Garage Medical service(Additional Fee) Bar Direct dial telephone 24-hour security NO Wheelchair-accessible NO Large pets allowed (over 5 kg) NO Connecting rooms Sauna Spa treatments(Additional Fee) Table tennis Non-smoking area Wi-fi Bathroom Double bed Meeting room Holiday complex Hairdryer Hydro-massage bath Projector Massage(Additional Fee) Childrens swimming area Visa Café Outdoor freshwater pool Conference room(Additional Fee) NO Small pets allowed (under 5 kg) Shop Games room,38.817566867567|30.442084393848,+902722515010,,http://www.omerthermal.com.tr/
TR,Turkey,100351,Afyon,1223369,Korel Thermal Resort,FiveStar,Kütahya Karayolu Afyonkarahisar ,,"The luxurious Korel Thermal Resort offers 5 swimming pools and a large spa with vegetable baths, mud baths and slimming cures. There is also a separate outdoor pool for women in the summer season. The guest rooms come with free WiFi.

The hotel rooms are spacious and equipped with air conditioning, satellite TVs and private bathrooms with hairdryers.

Guests can enjoy their meals at the 2 restaurants or sit down for a healthy drink at the Vitamin Bar. There are 3 other bars as well as an Orient Café. The cottage in the garden offers a cosy atmosphere and guests can have grilled chestnut and potatoes in winter, Turkish pancakes in summer season, in the cottage. All vegetables are organic and grown on-site while the meat is supplied from propertys own farm.

Guests of the Koral Thermal Resort can enjoy the thermal baths and pools or get professional advice from the hotels specialists and physiotherapists.

The Korel Thermal is situated 47.5 km from Zafer Airport. Please note that alcoholic beverages are not served in the property.",+902722522222,Restaurant Room service meeting/banquet facilities Bar 24-hour front desk Sauna Fitness centre Garden Terrace Non-smoking rooms Airport shuttle Laundry dry cleaning Facilities for disabled guests Barber/beauty shop Family rooms Games room Parking secured parking Street parking Public transport tickets Accessible parking Wheelchair accessible Toilet with grab rails Lower bathroom sink Emergency cord in bathroom Fruits coffee house on site sun loungers or beach chairs Sun umbrellas Outdoor furniture Picnic area Outdoor fireplace Beauty Services Facial treatments Waxing services Make up services hair treatments Manicure Pedicure breakfast in the room Ironing service Free parking internet services lift express check-in/check-out Safety Deposit Box Valet parking Currency exchange Spa and wellness centre Massage children's playground Billiards Table tennis Karaoke Darts Hot tub/jacuzzi Car hire Bowling Tour desk hammam Heating Fax/photocopying Luggage storage wifi Free WiFi Non-smoking throughout Air conditioning designated smoking area Snack Bar outdoor pool (all year) outdoor pool (seasonal) indoor pool (all year) Indoor pool (seasonal) concierge service Entertainment staff Private check-in/check-out shuttle service (additional charge) Special diet menus (on request) Trouser press Hot spring bath airport shuttle (additional charge) Lockers shared lounge/TV area kids' club minimarket on site Evening entertainment Water park Daily housekeeping parking on site Private parking wifi available in all areas Public Bath board games/puzzles Indoor play area kids' outdoor play equipment 24-hour security Key card access Security alarm CCTV in common areas CCTV outside property Fire extinguishers Swimming pool hair cut hair colouring hair styling Body Treatments Body scrub Body wrap Light therapy Spa Facilities Steam room Spa lounge/relaxation area Foot bath Spa/wellness packages Massage chair Fitness fitness classes Personal trainer fitness/spa locker rooms kids' pool Swimming pool Shuttle service Movie nights Walking tours Tour or class about local culture Live music/performance Archery Aerobics,38.82002|30.44037,+902722522222+902722522222,03200,https://www.booking.com/hotel/tr/korel-thermal-resort.html
TR,Turkey,100351,Afyon,1223562,Ikbal Thermal Hotel and Spa,FiveStar,Izmir Karayolu km 9 Afyonkarahisar ,Distances are displayed to the nearest 0.1 mile and kilometer. <br /> <p>Afium Outlet Shopping Center - 0.1 km / 0.1 mi <br /> Afyon Mansion - 6.2 km / 3.9 mi <br /> Ikbal Cami - 8.1 km / 5.1 mi <br /> Ottoman Houses - 8.6 km / 5.3 mi <br /> Ulu Cami - 8.6 km / 5.3 mi <br /> Archaeological Museum - 8.6 km / 5.3 mi <br /> Anit Park - 8.7 km / 5.4 mi <br /> Castle of Afyon - 9.1 km / 5.7 mi <br /> Imaret Mosque - 9.1 km / 5.7 mi <br /> Afyon Stadium - 9.3 km / 5.8 mi <br /> Zafer Museum - 9.3 km / 5.8 mi <br /> Mevlevi Mosque - 9.5 km / 5.9 mi <br /> Afyonkarahisar Archeological Museum - 10.3 km / 6.4 mi <br /> Ayazini Metropolis Caves - 37.5 km / 23.3 mi <br /> Seydisul Tomb - 46 km / 28.6 mi <br /> </p><p>The preferred airport for Ikbal Thermal Hotel & Spa is Kutahya (KZR-Zafer) - 51.8 km / 32.2 mi </p>,"<p>HeadLine : Near Afium Outlet Shopping Center</p><p>Location : A stay at Ikbal Thermal Hotel & Spa places you in the heart of Afyonkarahisar, a 1-minute drive from Afium Outlet Shopping Center and 10 minutes from Imaret Mosque.  This 5-star hotel is 5.7 mi (9.1 km) from Castle of Afyon and 5.8 mi (9.3 km) from Zafer Museum.</p><p>Rooms : Treat yourself to a stay in one of the 286 individually decorated guestrooms, featuring fireplaces and heated floors. 32-inch LCD televisions with satellite programming provide entertainment, while complimentary wireless Internet access keeps you connected. Conveniences include phones, as well as safes and desks.</p><p>Dining : Stop by the hotel s restaurant, Kadayif Restaurant, for lunch or dinner. Dining is also available at the 2 coffee shops/cafes, and 24-hour room service is provided. Unwind at the end of the day with a drink at the bar/lounge or the poolside bar.</p><p>CheckIn Instructions : <ul>  <li>Extra-person charges may apply and vary depending on property policy</li><li>Government-issued photo identification and a credit card, debit card, or cash deposit may be required at check-in for incidental charges</li><li>Special requests are subject to availability upon check-in and may incur additional charges; special requests cannot be guaranteed</li><li>The name on the credit card used at check-in to pay for incidentals must be the primary name on the guestroom reservation</li><li>This property accepts credit cards; cash is not accepted</li><li>Safety features at this property include a carbon monoxide detector, a fire extinguisher, a smoke detector, a security system, a first aid kit, and window guards</li>  </ul></p><p>Special Instructions : Front desk staff will greet guests on arrival.</p>",90-272-2525614,Free valet parking Hair salon Computer station ATM/banking Pool sun loungers Conference space size (feet) - 15662 Concierge services 24-hour business center Porter/bellhop Billiards or pool table Business center 24-hour front desk Library Playground on site Racquetball/squash on site Safe-deposit box at front desk Snack bar/deli Children's pool Sauna Steam room Free self parking Conference space Gift shops or newsstand Dry cleaning/laundry service RV  bus  truck parking (surcharge) Babysitting or childcare (free) Pool umbrellas Conference space size (meters) - 1455 Free wired Internet Free WiFi Number of bars/lounges - 1 Designated smoking areas Number of spa tubs - 1 Number of poolside bars - 1 Number of outdoor pools - 1 Number of indoor pools - 1 In-room accessibility (in select rooms) Wheelchair accessible parking Tours/ticket assistance Accessible bathroom (in select rooms) Airport transportation (surcharge) Wheelchair-accessible lounge Wheelchair-accessible on-site restaurant Multilingual staff Handrails in stairways Electric car charging station Wheelchairs available on site Wheelchair-accessible meeting spaces/business center Turkish bath/Hammam Coffee/tea in common areas Number of coffee shops/cafes - 2 Laundry facilities elevator Children's club (free) Fitness facilities Infant/toddler toys Banquet hall Wheelchair accessible (may have limitations) Wheelchair-accessible concierge desk Hot springs on site Nightclub Meeting rooms Valet for wheelchair-equipped vehicle Wheelchair-accessible spa Wheelchair-accessible registration desk Television in common areas Arcade/game room Health club Spa treatment room(s) Garden Free newspapers in lobby Full-service spa Wedding services Shopping mall on site Luggage storage Grocery/convenience store,38.793104|30.455853,90--272-2525600,03009,http://ikbal.com.tr/
TR,Turkey,100351,Afyon,1238198,Sandikli Thermal Park Hotel,FiveStar,HUDAI KAPLICALARI MEVKII SANDIKLI AFYONKARAHISAR ,,"This elegant hotel in the small city of Sandikli opened in 2010 and offers a luxurious spa holiday with state-of-the-art treatment methods and a fully equipped wellness centre. Here, guests can indulge in a wide range of massages and beauty treatments such as masks, peeling, and anti-aging treatments, and other facilities include a fitness centre, salt room, women-only indoor pool and children's pool with water slides. The hotel's rooms are spacious and bright with air-conditioning, carpeted floors, sitting area and minibar. Guests can enjoy wholesome and varied dishes at the hotel's three chic restaurants, and business professionals will appreciate the ample conference facilities available for meetings and seminars as well as the possibility of staying connected during their stay. This is the ideal place for a relaxing spa retreat.",,Hot tub Massage Spa treatments Hairdressing salon Breakfast buffet Continental Breakfast À la carte lunch À la carte dinner Special dietary options Table tennis Basketball Volleyball Billiards Darts Hotel MasterCard Visa Room service Medical service Bicycle hire service Air conditioning in public areas Hotel safe Cloakroom Lift access Shop Garden Sun terrace Gym Café Bar Restaurant Non-smoking area Highchairs Poolside snack bar Air conditioning in Restaurant Conference room Sun loungers Parasols Children playground Kids club Sauna Steam bath,38.43648|30.196198,,03030,www.sandiklipark.com
