countyCode,countyName,cityCode,cityName,HotelCode,HotelName,HotelRating,Address,Attractions,Description,FaxNumber,HotelFacilities,Map,PhoneNumber,PinCode,HotelWebsiteUrl
UA,Ukraine,109542,Alupka,1069487,Zeleny Mis,ThreeStar,First of May Street 3G 98600 Alupka ,City centre : 2000mts Bus/Train station : 200mts Airport : 10100mts Beach : 50mts,"All one-and-two storey cottages are spacious and elegant with individual entrances and terraces, overlooking the sea, mountains, and park. The units come with double beds, shower rooms and kitchenettes en suite. The kitchens are furnished with fridges/freezes, 2-burner hobs and cooking utensils. The rooms are equipped with satellite TVs, air conditioning, safes and Wi-Fi hot spots. Closed secured premises, free parking space, and complimentary accommodation with add-on bed are available. 
<br>
<br>Guests can enjoy long park walks and mountain hikes, play tennis, and choose from numerous tours around Great Yalta and beyond it. For outdoor dining, there is an induvidual barbeque area in every cottage. 
<br>
<br>",,Visa Free self parking,44.42394|34.05067,+380502218914,98600,http://www.zmys.ru/
UA,Ukraine,109542,Alupka,1069489,Respect Hall Resort Hotel,FourStar,Sevastopol Highway 45 Yalta 98670 98670 KoreizJalta ,Nearest Bus / Metro Stop : 100mts,"HotelDescription#The hotel complex is located at the feet of Ai-Petri Mountain in the Bolshaya Yalta region, Koreiz area. It is placed 100 metres from the Black Sea.

This resort in Yalta features a private beach and 6 restaurants and bars. Guests can enjoy free use of the 2 pools, well-equipped gym and Wi-Fi access. Fresh seafood and gourmet cuisine is served to spoil guests' taste buds. Spa facilities include 9 saunas, Jacuzzis and a massage and beauty centre. Parking is available too.

This hotel offers a wide range of amenities and facilities, including a wellness centre and its own cable cars to and from the beach.",+380654205008,Year of construction : 2008 Annexe (s) : 2 Number of floors (annexe) : 19 NO Connecting rooms Hotel American Express MasterCard Visa Bathroom Shower Hairdryer Direct dial telephone TV Hi-fi Minibar Mini fridge Carpeted floors Centrally regulated air conditioning   Safe Terrace NO Small pets allowed (under 5 kg) NO Large pets allowed (over 5 kg) NO Wheelchair-accessible NO Car park NO Garage 24-hour reception Wi-fi Room service Laundry service Air conditioning in public areas   Hotel safe Lift access Shop Sun terrace Gym Bar Restaurant Poolside snack bar Conference room Childrens swimming area   Parasols Children playground Kids club Nightclub Sauna Steam bath Hot tub Massage Spa treatments Hairdressing salon Banana boating Motor board ride Table tennis Billiards Tennis,44.4319|34.0796,0038 654 205111,98670,http://respecthm.com/
UA,Ukraine,109542,Alupka,1092667,4-Sezona,TwoStar,Rozy Luxemburg Street 3 Alupka 98676 ,Distances are calculated in a straight line from the property&apos;s location to the point of interest or attraction  and may not reflect actual travel distance. &lt;br /&gt;&lt;br /&gt; Distances are displayed to the nearest 0.1 mile and kilometer. &lt;p&gt;Swallow&apos;s Nest - 6.3 km / 3.9 mi &lt;br /&gt;Livadia Palace - 9.1 km / 5.6 mi &lt;br /&gt;Livadia Beach - 10.4 km / 6.4 mi &lt;br /&gt;Alexander Nevsky Cathedral - 12.3 km / 7.6 mi &lt;br /&gt;Yalta Lighthouse - 12.3 km / 7.6 mi &lt;br /&gt;Yalta Cable Car - 12.4 km / 7.7 mi &lt;br /&gt;Massandra Palace - 16.1 km / 10 mi &lt;br /&gt;Nikita Botanical Garden - 17.6 km / 11 mi &lt;br /&gt;Anton Chekhov House-Museum - 58.3 km / 36.2 mi &lt;br /&gt;&lt;/p&gt;&lt;p&gt;The preferred airport for 4-sezona Hotel is Simferopol (SIP-Simferopol Intl.) - 66.8 km / 41.5 mi. &lt;/p&gt;,"Property Location Located in Yalta Alupka, 4-sezona Hotel is within the vicinity of Swallow''s Nest and Livadia Palace. This hotel is within the region of Livadia Beach and Alexander Nevsky Cathedral.Rooms Make yourself at home in one of the 6 individually decorated guestrooms, featuring refrigerators and LED televisions. Your room comes with a pillowtop bed, and all rooms are furnished with single sofa beds. Rooms have private balconies or patios. Prepare your meals in the shared/communal kitchen. Complimentary wireless Internet access keeps you connected, and cable programming is available for your entertainment. Private bathrooms with showers feature complimentary toiletries and hair dryers.Rec, Spa, Premium Amenities Be sure to enjoy recreational amenities including an outdoor pool and a seasonal outdoor pool. Additional features include complimentary wireless Internet access, wedding services, and a television in the lobby.Dining Satisfy your appetite at a coffee shop/caf",,Visa Rooftop terrace Television in lobby Garden Free parking nearby,44.4210228335914|34.0497744083405,,98676,
UA,Ukraine,109542,Alupka,5002665,Alupka,All,Frunze Street 8 98676 Alupka ,"                            
                        ","<p>This bed and breakfast is located in Alupka. Vorontsov park is a 2-minute walk away from the property, and free Wi-Fi is available throughout.

All of the rooms at Alupka are heated, and most come with a private bathroom. Some have extra features like a separate living, a balcony, or a flat screen TV.</p>",,,,,,
UA,Ukraine,109305,Aluschta,1114907,Morje Resort & Spa,ThreeStar,Professorski ugolock Naberezhnaya 25Alyshta 98500Krym ,Distances are calculated in a straight line from the property&apos;s location to the point of interest or attraction  and may not reflect actual travel distance. &lt;br /&gt;&lt;br /&gt; Distances are displayed to the nearest 0.1 mile and kilometer. &lt;p&gt;Nikita Botanical Garden - 19.2 km / 11.9 mi &lt;br /&gt;Massandra Palace - 20.5 km / 12.7 mi &lt;br /&gt;Yalta Cable Car - 24.3 km / 15.1 mi &lt;br /&gt;Yalta Lighthouse - 24.4 km / 15.1 mi &lt;br /&gt;Alexander Nevsky Cathedral - 24.4 km / 15.1 mi &lt;br /&gt;Livadia Beach - 26.3 km / 16.4 mi &lt;br /&gt;Livadia Palace - 27.6 km / 17.2 mi &lt;br /&gt;Swallow&apos;s Nest - 31.4 km / 19.5 mi &lt;br /&gt;Anton Chekhov House-Museum - 39.2 km / 24.4 mi &lt;br /&gt;&lt;/p&gt;&lt;p&gt;The preferred airport for More Resort &amp; Spa is Simferopol (SIP-Simferopol Intl.) - 52.9 km / 32.8 mi. &lt;/p&gt;,"<p><b>Property Location</b> <br />With a stay at More Resort & Spa in Alushta, you''ll be near the beach and within the region of Nikita Botanical Garden.</p><p><b>Rooms</b> <br />Make yourself at home in one of the 232 guestrooms featuring minibars and LCD televisions. Complimentary wireless Internet access keeps you connected, and satellite programming is available for your entertainment. Bathrooms have complimentary toiletries and hair dryers. Conveniences include safes and desks, and you can also request cribs/infant beds.</p><p><b>Rec, Spa, Premium Amenities</b> <br />Pamper yourself with a visit to the spa, which offers massages and facials. You''re sure to appreciate the recreational amenities, which include 5 outdoor swimming pools and a fitness center. Additional features include complimentary wireless Internet access, concierge services, and supervised childcare/activities.</p><p><b>Dining</b> <br />Grab a bite to eat at one of the hotel''s dining establishments, which include 2 restaurants and a coffee shop/café. Quench your thirst with your favorite drink at a bar/lounge. Buffet breakfasts are available daily for a fee.</p><p><b>Business, Other Amenities</b> <br />Featured amenities include a business center, complimentary newspapers in the lobby, and dry cleaning/laundry services. This hotel has 3 meeting rooms available for events.</p>",,American Express Beach umbrellas Spa tub Visa Beach/pool umbrellas Garden,44.63858|34.39684,+380656029003,98500,http://www.more-ua.com/site/all/102525515
UA,Ukraine,109305,Aluschta,1128408,Porto Mare Park Hotel,FourStar,ulica Perekopskaya 20/2 Alushta 298510 ,,"HotelDescription#This charming Hotel is situated in Alushta. Those who dislike animals may enjoy their stay, as this property does not allow pets.",,,44.6801580396917|34.4155257940292,+38078002223867,,http://new.hotel-portomare.com/
UA,Ukraine,109305,Aluschta,1128410,Aquapark,ThreeStar,Naberezhnaya 4a Aluschta 98500Krym ,,HotelDescription#Further information about this hotel will be available shortly,+380656025980,NO Garage NO Wheelchair-accessible NO Large pets allowed (over 5 kg) NO Smoking rooms NO Small pets allowed (under 5 kg) NO Disability-friendly bathroom NO Connecting rooms NO Car park,44.660674971468|34.407961964607,+380656025971,98500,http://www.mindal.com.ua/hotel/
UA,Ukraine,109305,Aluschta,1271850,Riviera Sunrise Resort & SPA Alushta,FourStar,Lenin Street 2 Alushta 98500 ,City centre Nearest Bus / Metro Stop : 3000mts Beach Livadia Palace1 : 40000mts Swallow's Nest2 : 40000mts Massandra Palace & Wineries3 : 25000mts Nikita Botanical Gardens4 : 20000mts Red & Marble Caves5 : 30000mts,"HotelDescription#The 63-room hotel welcomes guests into a lobby with 24-hour reception and check-out service, lift access and cloakroom. Guests may also use the hairdressing salon, the café or the bar/restaurant. Conference facilities and Internet access, also children's playground is available. The hotel offers room and laundry services and car parking. All 63 rooms come with excellent amenities, such as free high-speed Internet access and coffee making facilities. All rooms have a fully equipped bathroom with bath, shower and hairdryer. There are executive rooms, junior suites and suites to choose from and non-smoking rooms are available upon request. Each guestroom features a TV, a minibar, and individually regulated air conditioning and heating.",+380656026222,Darts(Additional Fee) Tennis(Additional Fee) Surfing(Additional Fee) Billiards(Additional Fee) Cycling / mountain biking(Additional Fee) Horse riding(Additional Fee) Aerobics(Additional Fee) Pedal boating(Additional Fee) Catamaran sailing(Additional Fee) Sailing(Additional Fee) Windsurfing(Additional Fee) Diving(Additional Fee) Motor board ride(Additional Fee) Jet ski(Additional Fee) Waterskiing(Additional Fee) Banana boating(Additional Fee) Special dietary options Set menu dinner À la carte dinner Set menu lunch À la carte lunch Breakfast   Hairdressing salon Massage Children playground Parasols Sun loungers Childrens swimming area    : 1 Conference room : 2 Air conditioning in Restaurant   Poolside snack bar Restaurant : 1 Bar Café Bicycle storage Garden Shop Lift access Cloakroom Currency exchange facilities Hotel safe Air conditioning in public areas   Medical service Laundry service Room service Wi-fi Wired Internet Mobile phone coverage 24-hour reception NO Garage NO Car park NO Wheelchair-accessible NO Large pets allowed (over 5 kg) NO Small pets allowed (under 5 kg) Balcony Safe Individually adjustable heating Individually adjustable air conditioning   Carpeted floors Tea and coffee making facilities Minibar Radio TV Direct dial telephone Internet access Hairdryer Bathtub Shower Bathroom Visa Electrón Maestro Visa MasterCard EC American Express Hotel NO Connecting rooms Disability-friendly rooms : 1 Suites : 7 Junior suites : 15 Double rooms : 40 Single rooms : 0 Year of construction : 1913,44.66868|34.41218,+380656026226,98500,http://www.radissonblu.com/resort-alushta
UA,Ukraine,110159,Bakhchisaray,1075285,Meraba Hotel,ThreeStar,Rechnaya Str 125b 98400 Bakhchisaray ,Distances are calculated in a straight line from the property&apos;s location to the point of interest or attraction  and may not reflect actual travel distance. &lt;br /&gt;&lt;br /&gt; Distances are displayed to the nearest 0.1 mile and kilometer. &lt;p&gt;Orta Juma Jami - 0.9 km / 0.6 mi &lt;br /&gt;Bakhchisaray Palace - 1.3 km / 0.8 mi &lt;br /&gt;Zincirli Madrasa - 3.3 km / 2.1 mi &lt;br /&gt;Bakhchisaray Cave Monastery - 3.6 km / 2.2 mi &lt;br /&gt;Chufut-Kale National Monument - 4.7 km / 2.9 mi &lt;br /&gt;&lt;/p&gt;&lt;p&gt;The preferred airport for Meraba is Simferopol (SIP-Simferopol Intl.) - 31.6 km / 19.6 mi. &lt;/p&gt;,"<p><b>Property Location</b> <br />Located in Bakhchisaray, Meraba is in the historical district and convenient to Orta Juma Jami and Bakhchisaray Palace. This guesthouse is within close proximity of Zincirli Madrasa and Bakhchisaray Cave Monastery.</p><p><b>Rooms</b> <br />Make yourself at home in one of the 9 individually decorated guestrooms, featuring kitchens with full-sized refrigerators/freezers and stovetops. Rooms have private furnished balconies. Complimentary wireless Internet access is available to keep you connected. Conveniences include desks and coffee/tea makers, and housekeeping is provided on a limited basis.</p><p><b>Rec, Spa, Premium Amenities</b> <br />Make use of convenient amenities, which include complimentary wireless Internet access and tour/ticket assistance.</p><p><b>Dining</b> <br />Breakfast is available for a fee.</p><p><b>Business, Other Amenities</b> <br />Featured amenities include a 24-hour front desk and laundry facilities. A roundtrip airport shuttle is provided for a surcharge (available on request).</p>",,Limited housekeeping Visa Yard,44.7477542969053|33.8801166415215,+380677315235,98400,http://www.meraba.crimea.ua/en
UA,Ukraine,150706,Berdyansk,1372781,Griboff Hotel,ThreeStar,Mazina Street 16 Berdyansk 71112 ,,"Griboff Hotel is located a 5-minute walk from sandy beach in Berdyansk. The hotel offers an outdoor childrens pool, garden and terrace. Free Wi-Fi is available throughout.

The hotel features air-conditioned rooms, decorated in classic style. All rooms come with a TV, fridge and minibar.

Local meals can be ordered upon request, and some rooms feature private kitchen. Guests can also play billiards and sing karaoke.

The distance to a water park and dolphinarium is 5 km from the property. Berdyansk Train Station and Bus Station are located a 15-minute drive from Griboff Hotel. Swimming pool is closed from Tue 01 Oct 2019 until Wed 01 Jan 2020",+380615345511,Free self parking Restaurant Meeting rooms Bar/lounge 24-hour front desk Sauna Garden Terrace Non-smoking rooms Laundry facilities Family rooms Ironing service Bridal suite Internet access Children s playground Darts BBQ facilities Bowling Heating Fax/photocopying Luggage storage Free WiFi Outdoor pool Free WiFi Air conditioning Designated smoking areas Snack bar/deli Terrace Outdoor seasonal pool Area shuttle (surcharge) Television in common areas Daily housekeeping Parking onsite Private parking Swimming pool toys Games Kids  outdoor play equipment,46.74945|36.79253,+38 06153 4 55 11+38 066 07 96 800,71112,https://www.booking.com/hotel/ua/griboff.html
UA,Ukraine,150706,Berdyansk,1431414,Arle Hotel,All,Liyepaiskaya Street 69 71100 BerdyanskSaporischschja ,,"Just 200 metres from the Sea of Azov, this hotel in Berdyansk offers an indoor pool and air-conditioned rooms with free Wi-Fi. International cuisine is served in the elegant restaurant.

Floor-to-ceiling windows, flat-screen TVs and minibars are features of all rooms at the Arle Hotel. Bathrooom comforts include bathrobes, toiletries and a hairdryer.

French, Italian, and Ukrainian specialities are served in the 1st-floor restaurant. A breakfast is provided each morning, and guests can eat on Arles large terrace in warm weather.

Relaxation is offered by Arles sauna. There is also a terrace where guests can sunbathe.

A 5-minute walk takes you to Berdyansk Train Station and Primorskaya Square in the city centre. Free private parking is provided on site.",,Parking Restaurant Room service meeting/banquet facilities Bar 24-hour front desk Terrace Laundry Family rooms Ironing service Free parking internet services Packed lunches Heating Fax/photocopying wifi Free WiFi Air conditioning designated smoking area parking on site wifi available in all areas Kid meals,46.74463|36.80059,+380615345015,71100,https://www.booking.com/hotel/ua/hotel-arle-berdyansk.html
UA,Ukraine,150706,Berdyansk,1431419,Strelets Hotel,All,Pionerskaya Street 71/1 71100  BerdyanskSaporischschja ,,"With an indoor pool, free Wi-Fi and free parking, this hotel is just a 6-minute drive from the beach in Berdyansk. Its air-conditioned rooms include a flat-screen TV and refrigerator.

Elegant, individually furnished rooms with wooden floors are offered at the Strelets Hotel. Bathrobes, slippers and toiletries are provided.

Japanese and European cuisine is served in the Strelets Restaurant, and a continental breakfast is provided each day. After dinner, guests can relax in the bar or billiards room.

Further relaxation is offered by the Strelets sauna and hot tub. There is also a cosy TV lounge and an outdoor terrace.

The 24-hour reception staff can provide advice on local attractions. Berdyansk city centre is just a 15-minute walk away. Children will enjoy the water park at Berdyanskaya Kosa, a 15-minute drive away.",,Parking Restaurant Pets allowed Room service meeting/banquet facilities Bar 24-hour front desk Sauna Terrace Non-smoking rooms Business centre Family rooms Free parking internet services Safety Deposit Box Billiards Hot tub/jacuzzi Heating wifi Indoor pool Free WiFi Non-smoking throughout Air conditioning designated smoking area indoor pool (all year) Daily housekeeping parking on site Private parking wifi available in all areas secured parking Street parking Swimming pool Walking tours Live music/performance Swimming pool,46.77378|36.79388,,71100,https://www.booking.com/hotel/ua/strelec-lux-hotel-berdyansk.html
UA,Ukraine,150706,Berdyansk,1432622,Maxim,All,Naberezhnaya Street 3 71100 Berdyansk ,,"Just 20 metres from the sandy beach, this newly renovated hotel features a sauna, barbecue facilities and free Wi-Fi in public areas. A 24-hour front desk and a terrace are included.

The bright rooms and suites at the Maksim include a TV, seating area and a refrigerator.  Parquet floors feature throughout, and some rooms offers views of the Sea of Asov.

Ukranian and Uzbek cuisine is served in the Maksims bright restaurant, and drinks are available at the well-stocked bar. Guests are also free to prepare home-cooked meals in the hotels shared fully equipped kitchen.

The Maksim is 1 km from Berdyansk Water Park and 700 metres from a food market. Berdyansk Train Station is 2.5 km away. Please note that the hotel may contact you regarding prepayment of your booking.",,Parking Restaurant Room service Bar 24-hour front desk Sauna Non-smoking rooms Laundry Family rooms breakfast in the room Ironing service Free parking internet services BBQ facilities Heating Fax/photocopying wifi Free WiFi Non-smoking throughout Air conditioning designated smoking area Shared kitchen minimarket on site Beachfront Daily housekeeping Beach,46.73958|36.80254,067 945 3205,71100,https://www.booking.com/hotel/ua/maksim-hotel-berdyansk.html
UA,Ukraine,150706,Berdyansk,1432756,Nika Hotel,ThreeStar,Makarova street 17 71100 Berdyansk ,,"Located directly on the Azov Sea beach on the Berdyansk Spit, this hotel features an outdoor swimming pool and a sauna. It offers air-conditioned rooms with a fridge.

Each room at Nike Hotel is decorated in neutral colours with a seating area and a kettle. Bathrooms come with a hairdryer.

Ukrainian and European cuisine are served in the Nikas restaurant, and meals can also be enjoyed on the terrace.

Guests of Nika can relax in the sauna with a plunge pool or on the sun terrace by the swimming pool, while free sun loungers and umbrellas are provided on the beach. Billiards and table tennis can be found on site.

Vulytsa Makarova bus stop is 20 metres from Nika Hotel, providing a direct link to Berdyansk Train Station. A shuttle service to Mariupol Airport (85 km) is available on request.",,Free self parking Restaurant Pets allowed Room service Meeting rooms Bar/lounge 24-hour front desk Sauna Non-smoking rooms Airport shuttle Laundry facilities Family rooms Breakfast service Ironing service Internet access Safe-deposit box at front desk Massage Children s playground Billiards or pool table Table tennis Fax/photocopying Free WiFi Free WiFi Air conditioning Designated smoking areas Terrace Outdoor seasonal pool Entertainment staff Area shuttle (surcharge) Airport transportation (surcharge) Daily housekeeping Parking onsite Private parking Games Kids  outdoor play equipment Street parking,46.67048|36.80881,,71100,https://www.booking.com/hotel/ua/berdyansk-hotel-nika.html
UA,Ukraine,150706,Berdyansk,1434700,Bristol Hotel,All,Naberezhnaya Street 15B 71111 Berdyansk ,,"This hotel is located on the beach of the Sea of Azov in Berdyansk. Free Wi-Fi, free parking, a sauna and a 24-hour reception are featured at Bristol Hotel.

The bright, air-conditioned rooms offer warm-coloured interiors and classic-style décor. Each room includes a TV, and most rooms come with a private bathroom and a balcony.

Guests can also cook their meals in the shared fully equipped kitchen, complete with a dining area. A variety of cafés and restaurants can be found within a 5-minute walk of the hotel. Barbecue facilities are also on site.

A childrens playground is available for young guests.

Delfin bus stop is only 50 metres away, and Berdyansk Train Station is 2.5 km from Bristol Hotel. Payment before arrival via bank transfer is required. The property will contact you after you book to provide instructions.
In response to Coronavirus (COVID-19), additional safety and sanitation measures are in effect at this property.
It is not possible to stay at this property for Coronavirus (COVID-19) quarantine purposes.
Please note that the hotel will contact you directly regarding the prepayment of your reservation. Prepayment should be made within 24 hours after booking. The hotel reserves the right to cancel your reservation in case the deposit has not been transferred.",,Parking Pets allowed 24-hour front desk Sauna Garden Terrace Non-smoking rooms babysitting/child services Laundry Family rooms Ironing service Bridal suite Free parking internet services express check-in/check-out Safety Deposit Box children's playground Bicycle rental (additional charge) BBQ facilities Heating Fax/photocopying Luggage storage wifi Free WiFi Air conditioning designated smoking area Shared kitchen shared lounge/TV area minimarket on site Beachfront Daily housekeeping parking on site Private parking wifi available in all areas bicycle rental use of cleaning chemicals that are effective against coronavirus linens  towels and laundry washed in accordance with local authority guidelines guest accommodation is disinfected between stays staff follow all safety protocols as directed by local authorities shared stationery such as printed menus  magazines  pens  and paper removed hand sanitizer in guest accommodation and key areas process in place to check health of guests physical distancing rules followed guests have the option to cancel any cleaning services for their accommodation during their stay thermometers for guests provided by property,46.73632|36.80612,098 500 0225,71111,https://www.booking.com/hotel/ua/bristol-berdyansk.html
UA,Ukraine,150706,Berdyansk,1434721,Chili Hotel,All,Dyumina Street 49 A 71110 Berdyansk ,,"Located 15 minutes walk from the Azov Sea beach in Berdyansk Town, Chili Hotel features free Wi-Fi and a cafe. Rooms comoe with air conditioair conditioning and a fridge.

All the classic-style rooms at Chili include simple layout with a kettle. Bathrooms are fitted with a shower.

Local dishes, as well as breakfast, can be enjoyed in the cafe with a terrace.

Berdyansk Train Station is 1.5 km from Chili Hotel, offering a link to Zaporizhzhya City. Please note that the hotel will contact you directly regarding the prepayment of your reservation. Prepayment should be made within 5 days after booking. The hotel reserves the right to cancel your reservation in case the deposit has not been transferred.",,Meeting rooms 24-hour front desk Non-smoking rooms Family rooms Internet access Heating Free WiFi Free WiFi Air conditioning Designated smoking areas Street parking,46.756|36.79237,,71110,https://www.booking.com/hotel/ua/chili.html
UA,Ukraine,105727,Berehove,1431682,Zolota Pava,All,Rakoczi Ferenc 1 Beregovo 90202 ,,"Free Wi-Fi and a snooker lounge at offered at this hotel in Berehove town centre. Zolota Pava is situated in a historic building, just 500 metres from Berehoves hot springs.

Rooms at Zolota Pava Berehove are simply furnished with traditional wooden furniture. All rooms are air-conditioned and include cable TV and a private bathroom.

Breakfast and a selection of Hungarian and Ukrainian dishes are served in the restaurant. Drinks can be enjoyed in the traditional pub or on the terrace.

Guests are welcome to relax in the gym and sauna. A games room is also available.

Private parking is free at Zolota Pava, and Berehove Train Station is 2 km away. The border with Hungary is 7 km away. Please inform Zolota Pava in advance of your expected arrival time. You can use the Special Requests box when booking, or contact the property directly with the contact details provided in your confirmation.",+380(0)314142679,Restaurant meeting/banquet facilities Bar 24-hour front desk Terrace Non-smoking rooms Barber/beauty shop Family rooms Free parking internet services lift express check-in/check-out Billiards Karaoke Darts Heating Fax/photocopying wifi Free WiFi Non-smoking throughout Air conditioning designated smoking area Private check-in/check-out shared lounge/TV area minimarket on site Evening entertainment parking on site wifi available in all areas Live music/performance Security alarm Smoke alarms CCTV in common areas CCTV outside property Fire extinguishers use of cleaning chemicals that are effective against coronavirus linens  towels and laundry washed in accordance with local authority guidelines guest accommodation is disinfected between stays guest accommodation sealed after cleaning physical distancing in dining areas food can be delivered to guest accommodation Parking first aid kit available cashless payment available physical distancing rules followed screens or physical barriers placed between staff and guests in appropriate areas invoice provided all plates  cutlery  glasses and other tableware have been sanitized guests have the option to cancel any cleaning services for their accommodation during their stay delivered food is securely covered thermometers for guests provided by property staff follow all safety protocols as directed by local authorities hand sanitizer in guest accommodation and key areas process in place to check health of guests,48.20611|22.64679,066 888 2444,90202,https://www.booking.com/hotel/ua/zolota-pava.html
UA,Ukraine,105727,Berehove,1433711,Family House Lambert,ThreeStar,Mukachivskiy Provulok 3a Berehove 90200Transkarpatien ,Distances are displayed to the nearest 0.1 mile and kilometer. <br /> <p>Thermal waters Kosino - 17.2 km / 10.7 mi <br /> Palanok Castle - 28.6 km / 17.8 mi <br /> Pochaiv Icon Cathedral - 28.8 km / 17.9 mi <br /> St. Cyril and Methodius Monument - 28.9 km / 18 mi <br /> Komsomol s kyi Park - 30.5 km / 19 mi <br /> Saint Nicholas Monastery - 31.2 km / 19.4 mi <br /> </p>,"<p>HeadLine : In Berehove</p><p>Location : With a stay at Family House Lambert in Berehove, you ll be 10.7 mi (17.2 km) from Thermal waters Kosino and 17.8 mi (28.6 km) from Palanok Castle.  This hotel is 17.9 mi (28.8 km) from Pochaiv Icon Cathedral and 18 mi (28.9 km) from St. Cyril and Methodius Monument.</p><p>Rooms : Make yourself at home in one of the 16 air-conditioned rooms featuring flat-screen televisions. Complimentary wireless Internet access keeps you connected, and cable programming is available for your entertainment. Private bathrooms with showers feature complimentary toiletries and hair dryers. Housekeeping is provided daily, and irons/ironing boards can be requested.</p><p>Dining : Enjoy a satisfying meal at Lambert serving guests of Family House Lambert. Cooked-to-order breakfasts are available daily from 8:30 AM to noon for a fee.</p><p>CheckIn Instructions : Extra-person charges may apply and vary depending on property policy. <br />Government-issued photo identification and a credit card, debit card, or cash deposit are required at check-in for incidental charges. <br />Special requests are subject to availability upon check-in and may incur additional charges. Special requests cannot be guaranteed. <ul>  Please note that cultural norms and guest policies may differ by country and by property. The policies listed are provided by the property. </ul> Guests who may encounter issues with stairs should contact this property in advance. Elevators are not available. Contact the property using the information on the reservation confirmation received after booking.</p>",,Safe-deposit box at front desk Laundry facilities Terrace Tours/ticket assistance Luggage storage Restaurant Free self parking Free WiFi Breakfast available (surcharge) Smoke-free property 24-hour front desk,48.207987|22.645161,380-504370223,90200,http://lambert.com.ua
UA,Ukraine,105727,Berehove,1436027,Magnum,All,Bogdana Khmelnickogo Street 112 Berehove 90202 ,,"Featuring a bowling alley, fitness centre and restaurant, Magnum offers rooms with air conditioning and heating. Free Wi-Fi access is available in all areas of the hotel.

The rooms come with classic decor and satellite TV. The suites have a separate lounge area with a minibar. Each private bathroom includes free toiletries.

Guests can go bowling in the bowling alley, enjoy a game of billiards, or relax in the sauna. There is also a childrens playground on site. The restaurant serves a la carte meals, and drinks are available at the bar.

Magnum is conveniently located just 1.6 km from the historical city centre of Berehove and Berehove Train Station. The thermal water sources in Kosino are 12 km from the hotel.",,children's playground Billiards Bowling Parking Restaurant meeting/banquet facilities Bar 24-hour front desk Sauna Fitness centre Terrace Non-smoking rooms Family rooms Free parking internet services lift Spa and wellness centre hammam Heating Fax/photocopying wifi Free WiFi Air conditioning designated smoking area nightclub/dj parking on site Private parking wifi available in all areas Kid meals secured parking Street parking electric vehicle charging station fitness/spa locker rooms 24-hour security Key card access Security alarm Smoke alarms CCTV in common areas CCTV outside property Fire extinguishers,48.19207|22.61797,+380989766788,90202,https://www.booking.com/hotel/ua/magnum.html
UA,Ukraine,105727,Berehove,1439109,Mirage Hotel,All,Lysenko Street 35 Berehove 90202Transkarpatien ,,"Located in Berehove, 27 km from Mukacheve, Mirage Hotel features free WiFi access and free private parking.

Rooms are air-conditioned and feature a private bathroom. Some units offer a kitchen and balcony.

Guests are invited to the on-site restaurant.

There is a 24-hour front desk at the property.",,Private parking Shuttle service Parking Pets allowed 24-hour front desk Garden parking on site Terrace Non-smoking rooms Family rooms Free parking internet services Currency exchange Tour desk Heating wifi Free WiFi Air conditioning shuttle service (additional charge),48.20263|22.65344,,90202,https://www.booking.com/hotel/ua/mirage-berehove.html
UA,Ukraine,105727,Berehove,1752166,Hotel Praktik Beregovo,All,Street Bogdana Khmelnitsky 101 Beregovo 90202Zakarpattia ,,"Praktik Hotel & Restaurant features a garden, terrace, a restaurant and bar in Berehove. Featuring family rooms, this property also provides guests with a childrens playground. The accommodation provides room service, a 24-hour front desk and currency exchange for guests.

At the hotel, every room has a wardrobe, a TV, a private bathroom, bed linen and towels.

Breakfast is available daily, and includes continental, Full English/Irish and American options.

Praktik Hotel & Restaurant offers a barbecue.

The nearest airport is Uzhorod International Airport, 71 km from the accommodation.",,Parking Restaurant Pets allowed Room service Bar 24-hour front desk Garden Terrace Non-smoking rooms Family rooms breakfast in the room Free parking internet services Currency exchange children's playground BBQ facilities Packed lunches Heating wifi Free WiFi Non-smoking throughout Air conditioning Kid-friendly buffet Wine/champagne Fruits coffee house on site Pub crawls Live sport events (broadcast) 24-hour security Security alarm Smoke alarms CCTV in common areas CCTV outside property Fire extinguishers use of cleaning chemicals that are effective against coronavirus linens  towels and laundry washed in accordance with local authority guidelines guest accommodation is disinfected between stays guest accommodation sealed after cleaning physical distancing in dining areas food can be delivered to guest accommodation staff follow all safety protocols as directed by local authorities hand sanitizer in guest accommodation and key areas process in place to check health of guests first aid kit available invoice provided property is cleaned by professional cleaning companies all plates  cutlery  glasses and other tableware have been sanitized guests have the option to cancel any cleaning services for their accommodation during their stay breakfast takeaway containers delivered food is securely covered thermometers for guests provided by property face masks for guests available designated smoking area Snack Bar Private check-in/check-out vending machine (drinks) grocery deliveries parking on site Private parking Kid meals,48.19999|22.62953,+38038314142650,90201,https://www.booking.com/hotel/ua/praktik.html
UA,Ukraine,105727,Berehove,1762776,Hotel Helikon,ThreeStar,Shevchenko Street 45 YanoshiBerehove 90233 ,,"Hotel Helikon features a garden, shared lounge, a terrace and restaurant in Yanoshi. This 3-star hotel offers a bar. The accommodation offers a 24-hour front desk, airport transfers, room service and free WiFi.

The area is popular for hiking and cycling, and bike hire is available at this 3-star hotel.

The nearest airport is Uzhorod International Airport, 65 km from the hotel. Guests are required to show a photo identification and credit card upon check-in. Please note that all Special Requests are subject to availability and additional charges may apply.
In response to Coronavirus (COVID-19), additional safety and sanitation measures are in effect at this property.",,Swimming pool Shuttle service Walking tours Bike tours Tour or class about local culture 24-hour security Key access Smoke alarms CCTV in common areas CCTV outside property Fire extinguishers Swimming pool bicycle rental use of cleaning chemicals that are effective against coronavirus linens  towels and laundry washed in accordance with local authority guidelines guest accommodation is disinfected between stays food can be delivered to guest accommodation cashless payment available all plates  cutlery  glasses and other tableware have been sanitized Free WiFi Air conditioning designated smoking area Sun terrace outdoor pool (seasonal) Private check-in/check-out shuttle service (additional charge) Special diet menus (on request) airport shuttle (additional charge) Lockers shared lounge/TV area Daily housekeeping grocery deliveries parking on site Private parking Open-air bath kids' outdoor play equipment Kid meals Kid-friendly buffet secured parking Street parking electric vehicle charging station Accessible parking Wheelchair accessible Wine/champagne Fruits airport pick up airport drop off Visual aids: Braille coffee house on site sun loungers or beach chairs Sun umbrellas Fence around pool Picnic area Parking Restaurant Pets allowed Room service meeting/banquet facilities Bar 24-hour front desk Sauna Garden Terrace Non-smoking rooms Airport shuttle Fishing Business centre Laundry Facilities for disabled guests Family rooms breakfast in the room Ironing service Free parking internet services lift express check-in/check-out Safety Deposit Box Currency exchange Massage Billiards Outdoor pool Table tennis Soundproof rooms Hiking Chapel/shrine BBQ facilities Packed lunches Cycling Tour desk Heating Fax/photocopying Horse riding Luggage storage wifi Allergy-free room,48.25044|22.61913,+380314178651,90233,https://www.booking.com/hotel/ua/otiel-gielikon.html
UA,Ukraine,105727,Berehove,1782793,FKoka,All,Muzhayskaya Street 61 Berehove 90202 ,,"Offering a restaurant and a tennis court and free Wi-Fi, FKoka is located in Berehove.

Each room here will provide you with air conditioning. There is also a kitchenette in in the apartment.

Featuring a shower, private bathroom also comes with a hairdryer.

At FKoka you will find a garden, a terrace and a bar. Other facilities offered at the property include shops (on site). The property offers free parking. Payment before arrival via bank transfer is required. The property will contact you after you book to provide instructions.
Managed by a private host",,Parking Restaurant Pets allowed Room service wifi Free WiFi Air conditioning designated smoking area Sun terrace shuttle service (additional charge) Hot spring bath airport shuttle (additional charge) shared lounge/TV area meeting/banquet facilities Bar Tennis Court Garden Terrace Non-smoking rooms Airport shuttle Laundry Family rooms breakfast in the room Free parking internet services Table tennis BBQ facilities Tour desk Heating Fax/photocopying minimarket on site Evening entertainment Daily housekeeping parking on site Private parking kids' outdoor play equipment tennis equipment Outdoor furniture Shuttle service invoice provided,48.19973|22.65341,+380505870583,90202,https://www.booking.com/hotel/ua/fkoka.html
UA,Ukraine,105727,Berehove,1863836,Gracia +,All,Vulytsya Stefanyka 4 Berehove 90201 ,,"Set in Berehove, Gracia + offers free WiFi. All rooms feature a TV with cable channels and a private bathroom. There is a restaurant.

At the hotel, all rooms are fitted with a terrace. All rooms at Gracia + include air conditioning and a wardrobe.

The accommodation offers a barbecue.

Mukacheve is 30 km from Gracia +.",,Free self parking Restaurant Meeting rooms Bar/lounge Terrace Non-smoking rooms Barber/beauty shop Family rooms Bridal suite Internet access Hot tub/jacuzzi BBQ facilities Heating Free WiFi Free WiFi Air conditioning Designated smoking areas Parking onsite Private parking,48.20206|22.64682,,90201,https://www.booking.com/hotel/ua/gratsiia.html
UA,Ukraine,105727,Berehove,1864070,Hotel Viktoria,All,Vulytsya Mikesha 3a Berehove 90202 ,,"Hotel ""Viktoria"" is situated in Berehove and has a terrace and a shared lounge. All rooms feature a kitchenette and a private bathroom. Free WiFi is available.

At the hotel, every room has a wardrobe. Hotel ""Viktoria"" offers some units that feature a balcony, and all rooms come with a kettle. At the accommodation, the rooms have a TV with satellite channels.

Mukacheve is 30 km from Hotel ""Viktoria"".",,Free self parking Pets allowed Terrace Non-smoking rooms Laundry facilities Family rooms Internet access BBQ facilities Packed lunches Free WiFi Free WiFi Designated smoking areas Shared kitchen Television in common areas Parking onsite Private parking Children television networks Street parking,48.1989|22.6486,,90202,https://www.booking.com/hotel/ua/quot-viktoria-quot.html
UA,Ukraine,111172,Berezivka,1260718,Hotel Chateau Royal,All,Berezovka 1BTismenetskyIvano-Frankivsk ,,"Located in Berezivka city centre, this hotel is 80 km from Bukovel Ski Resort. It comes with a 24-hour reception, sauna and free Wi-Fi. A shuttle to the airport is provided on request.

Decorated with elegant furniture, rooms at Chateau Royal Hotel are air-conditioned. They come with a flat-screen TV and minibar. Private bathrooms are fitted with free toiletries.

The nearest bus stop, providing access around the city, is a 5-minute walk from the hotel. Ivano-Frankivsk Train Station is 20 minutes drive from Chateau Royal Hotel. Ivano-Frankivsk International Airport is 5 minutes drive away. Payment before arrival via bank transfer is required. The property will contact you after you book to provide instructions.
Please inform Chateau Royal Hotel in advance of your expected arrival time. You can use the Special Requests box when booking, or contact the property directly with the contact details provided in your confirmation.
Food & beverage services at this property may be limited or unavailable due to Coronavirus (COVID-19).
Due to Coronavirus (COVID-19), wearing a face mask is mandatory in all indoor common areas.
Please note that for group bookings (3 rooms and more) different policies apply.",,Parking meeting/banquet facilities 24-hour front desk Ironing service Free parking internet services Heating wifi Free WiFi Air conditioning Daily housekeeping parking on site Private parking wifi available in all areas Street parking 24-hour security Key access,48.82462|24.69555,+380342544744,76018,http://chateauroyal.if.ua/en/the-hotel-chateau-roy
UA,Ukraine,111766,Bila Tserkva,1047278,City Park Hotel Bila Tserkva,FourStar,Yaroslava Mudroho 14 Bila Tserkva 09100 ,Distances are displayed to the nearest 0.1 mile and kilometer. <br /> <p>The preferred airport for City Park Hotel - Bila Tserkva is Boryspil Intl. Airport (KBP) - 111.1 km / 69 mi </p>,"<p>HeadLine : In the historical district</p><p>Location : You ll be in the historical district with a stay at City Park Hotel - Bila Tserkva in Bila Tserkva.</p><p>Rooms : Make yourself at home in one of the 31 air-conditioned rooms featuring minibars and plasma televisions. Complimentary wireless Internet access keeps you connected, and satellite programming is available for your entertainment. Bathrooms have complimentary toiletries and hair dryers. Conveniences include phones, as well as safes and desks.</p><p>Dining : Enjoy a meal at the restaurant or snacks in the hotel s coffee shop/cafe. Quench your thirst with your favorite drink at the bar/lounge. Continental breakfasts are served on weekdays from 7:00 AM to 10:00 AM for a fee.</p><p>Renovations : This property is closed from January 31 2023 to December 31 2023 (dates subject to change).</p><p>CheckIn Instructions : <ul>  <li>Extra-person charges may apply and vary depending on property policy</li><li>Government-issued photo identification and a credit card, debit card, or cash deposit may be required at check-in for incidental charges</li><li>Special requests are subject to availability upon check-in and may incur additional charges; special requests cannot be guaranteed</li><li>This property accepts credit cards; cash is not accepted</li><li>Safety features at this property include a fire extinguisher, a smoke detector, a security system, and a first aid kit</li>  </ul></p><p>Special Instructions : This property offers transfers from the airport (surcharges may apply). Guests must contact the property with arrival details before travel, using the contact information on the booking confirmation. This property doesn t offer after-hours check-in. Front desk staff will greet guests on arrival.</p>",38-044-4518727,Dry cleaning/laundry service Number of meeting rooms - 1 Conference space size (meters) - 155 Television in common areas Limo or Town Car service available Free WiFi Number of bars/lounges - 1 In-room accessibility (in select rooms) Tours/ticket assistance Accessible bathroom (in select rooms) Airport transportation (surcharge) Wheelchair accessible  no Luggage storage Business center 24-hour front desk Conference center Breakfast available (surcharge) Safe-deposit box at front desk Smoke-free property Number of coffee shops/cafes - 1 Laundry facilities elevator Conference space Computer station Terrace Conference space size (feet) - 1668 Concierge services,49.79479|30.11553,38-044-4518701,09100,http://www.citypark-hotels.com/
