countyCode,countyName,cityCode,cityName,HotelCode,HotelName,HotelRating,Address,Attractions,Description,FaxNumber,HotelFacilities,Map,PhoneNumber,PinCode,HotelWebsiteUrl
US,United States,100328,"Abbeville,   Louisiana",1094195,Sunbelt Lodge Motel,TwoStar,1903 Veterans Memorial Drive AbbevilleLouisiana 70510 ,,"Sunbelt Lodge Motel is a 2-star property situated in Abbeville. Featuring a shared lounge, the 2-star motel has air-conditioned rooms with free WiFi, each with a private bathroom. The motel has family rooms.

At the motel rooms have a desk and a flat-screen TV.

Guests at Sunbelt Lodge Motel can enjoy a continental breakfast.

The reception at the accommodation can provide tips on the area.

Lafayette is 35 km from Sunbelt Lodge Motel. The nearest airport is Lafayette Airport, 38 km from the motel. Guests are required to show a photo identification and credit card upon check-in. Please note that all Special Requests are subject to availability and additional charges may apply.
Swimming pool #1 is closed from Tue 01 Dec 2020 until Sat 01 May 2021",+13378981463,shared lounge/TV area meeting/banquet facilities wifi Swimming pool Smoke alarms Outdoor pool vending machine (drinks) On-site parking Business centre Fax/photocopying outdoor pool (seasonal) Daily housekeeping pool/beach towels Facilities for disabled guests Parking Shallow end Non-smoking rooms Fire extinguishers Fence around pool Free WiFi Air conditioning Family rooms Laundry Heating Pets allowed internet services 24-hour front desk,29.9806|-92.11452,+13378981453,LA 70510,https://www.booking.com/hotel/us/sunbelt-lodge-motel.html
US,United States,100328,"Abbeville,   Louisiana",1125999,Budget Inn & Suites,TwoStar,2115 Charity Street AbbevilleLouisiana 70510 ,,"Offering a free continental breakfast and an outdoor pool, Budget Inn & Suites is located in Abbeville. Free WiFi access is available. Each room here will provide you with a TV and air conditioning. Complete with a microwave, the dining area also has a refrigerator. Featuring a shower, private bathroom also comes with a bath and free toiletries. You can enjoy pool view from the room. Extras include a desk and bed linen.

At Budget Inn & Suites you will find a hot tub, a 24-hour front desk and barbecue facilities. Other facilities offered at the property include laundry facilities and a vending machine. The property offers free parking. Guests are required to show a photo identification and credit card upon check-in. Please note that all Special Requests are subject to availability and additional charges may apply.
A damage deposit of USD 10 is required on arrival. This will be collected as a cash payment. You should be reimbursed on check-out. Your deposit will be refunded in full in cash, subject to an inspection of the property.",+1(0)3374224699,24-hour front desk Non-smoking rooms Laundry Free parking internet services Hot tub/jacuzzi BBQ facilities Heating Fax/photocopying wifi Outdoor pool Free WiFi Air conditioning outdoor pool (seasonal) vending machine (drinks) Daily housekeeping parking on site Swimming pool Parking,29.97315|-92.11281,1-337-8989770,LA 70510,https://www.booking.com/hotel/us/budget-inn-amp-suites-abbeville.html
US,United States,100328,"Abbeville,   Louisiana",1179258,Best Western Abbeville Inn & Suites,TwoStar,3515 Veterans Memorial Dr Abbeville AbbevilleLouisiana 70510 ,Distances are displayed to the nearest 0.1 mile and kilometer. <br /> <p>Abbeville General Hospital - 2.8 km / 1.8 mi <br /> Rip s Rookery - 13.1 km / 8.1 mi <br /> Vivian Alexander Gallery and Museum - 22 km / 13.7 mi <br /> Youngsville Sports Complex - 23.9 km / 14.9 mi <br /> Bird City - 24.2 km / 15 mi <br /> Acadiana Promenade Shopping Center - 28.3 km / 17.6 mi <br /> Books Along The Teche - 28.9 km / 17.9 mi <br /> Acadiana Mall - 29.1 km / 18.1 mi <br /> Les Vieux Chenes Municipal Golf Course - 29.8 km / 18.5 mi <br /> Acadian Village - 30 km / 18.7 mi <br /> Spanish Lake - 30.1 km / 18.7 mi <br /> Kart Ranch Family Fun Center - 31 km / 19.3 mi <br /> Broadmoor Park - 31 km / 19.3 mi <br /> Southside Regional Park - 31.3 km / 19.4 mi <br /> Zoo of Acadiana - 31.5 km / 19.6 mi <br /> </p><p>The preferred airport for Best Western Abbeville Inn & Suites is Lafayette Regional Airport (LFT) - 39.7 km / 24.7 mi </p>,"<p>HeadLine : Near Abbeville General Hospital</p><p>Location : When you stay at Best Western Abbeville Inn & Suites in Abbeville, you ll be near the airport and within a 5-minute drive of Abbeville General Hospital.  This hotel is 22.2 mi (35.7 km) from Cajundome and 22.9 mi (36.8 km) from University of Louisiana at Lafayette.</p><p>Rooms : Make yourself at home in one of the 58 air-conditioned rooms featuring refrigerators and flat-screen televisions. Your room comes with a pillowtop bed. Complimentary wired and wireless Internet access keeps you connected, and cable programming provides entertainment. Private bathrooms have hair dryers and toothbrushes and toothpaste.</p><p>Dining : A complimentary buffet breakfast is served on weekdays from 6:00 AM to 9:00 AM and on weekends from 7:00 AM to 10:00 AM.</p><p>CheckIn Instructions : <ul>  <li>Extra-person charges may apply and vary depending on property policy</li><li>Government-issued photo identification and a credit card, debit card, or cash deposit may be required at check-in for incidental charges</li><li>Special requests are subject to availability upon check-in and may incur additional charges; special requests cannot be guaranteed</li><li>This property accepts credit cards, debit cards, and cash</li>  </ul></p><p>Special Instructions : Front desk staff will greet guests on arrival.</p>",1-337-740-4101,Wheelchair accessible (may have limitations) Vending machine Luggage storage Free breakfast Multilingual staff Business center Number of meeting rooms - 1 24-hour front desk Free wired Internet Free WiFi Daily Number of outdoor pools - 1 Assistive listening devices available Safe-deposit box at front desk Smoke-free property In-room accessibility (in select rooms) Laundry facilities Accessible bathroom (in select rooms) elevator Free self parking Fitness facilities Computer station Free Buffet Breakfast,29.967878|-92.08536,1-337-740-4100,70510,http://bestwesternlouisiana.com/hotels/best-western-abbeville-inn-and-suites
US,United States,100328,"Abbeville,   Louisiana",1250024,Motel 6 Abbeville LA,TwoStar,3523 Veterans Memorial Drive AbbevilleLouisiana 70510 ,Distances are displayed to the nearest 0.1 mile and kilometer. <br /> <p>Abbeville General Hospital - 2.9 km / 1.8 mi <br /> Rip s Rookery - 13 km / 8.1 mi <br /> Vivian Alexander Gallery and Museum - 18 km / 11.2 mi <br /> Youngsville Sports Complex - 23.9 km / 14.8 mi <br /> Bird City - 24.1 km / 15 mi <br /> Acadiana Promenade Shopping Center - 28.4 km / 17.7 mi <br /> Books Along The Teche - 28.8 km / 17.9 mi <br /> Acadiana Mall - 29.1 km / 18.1 mi <br /> Les Vieux Chenes Municipal Golf Course - 29.7 km / 18.5 mi <br /> Spanish Lake - 30 km / 18.6 mi <br /> Acadian Village - 30.1 km / 18.7 mi <br /> Kart Ranch Family Fun Center - 30.9 km / 19.2 mi <br /> Broadmoor Park - 31.1 km / 19.3 mi <br /> Southside Regional Park - 31.2 km / 19.4 mi <br /> Zoo of Acadiana - 31.4 km / 19.5 mi <br /> </p><p>The preferred airport for Motel 6 Abbeville  LA is Lafayette Regional Airport (LFT) - 39.8 km / 24.7 mi </p>,"<p>HeadLine : Near Abbeville General Hospital</p><p>Location : Located in Abbeville, Motel 6 Abbeville, LA is in the historical district, within a 15-minute drive of Abbeville General Hospital and Rip s Rookery.  This motel is 22.3 mi (35.8 km) from Cajundome and 22.9 mi (36.9 km) from University of Louisiana at Lafayette.</p><p>Rooms : Make yourself at home in one of the 53 guestrooms featuring refrigerators and microwaves. 32-inch flat-screen televisions with cable programming provide entertainment, while complimentary wireless Internet access keeps you connected. Bathrooms have shower/tub combinations and hair dryers. Conveniences include desks and blackout drapes/curtains, as well as phones with free local calls.</p><p>Dining : Grab a bite from the snack bar/deli serving guests of Motel 6 Abbeville, LA.</p><p>Renovations : The following facilities or services will be unavailable from May 22 2023 to May 1 2024 (dates subject to change): <ul><li>Swimming pool</li></ul></p><p>CheckIn Instructions : <ul>  <li>Extra-person charges may apply and vary depending on property policy</li><li>Government-issued photo identification and a credit card may be required at check-in for incidental charges</li><li>Special requests are subject to availability upon check-in and may incur additional charges; special requests cannot be guaranteed</li><li>The name on the credit card used at check-in to pay for incidentals must be the primary name on the guestroom reservation</li><li>This property accepts credit cards, debit cards, and cash</li>  </ul></p><p>Special Instructions : Front desk staff will greet guests on arrival.</p>",1-337-898-2399,Wheelchair accessible (may have limitations) Wheelchair accessible Free RV  bus  truck parking Express check-in Wheelchair-accessible van parking Wheelchair-accessible registration desk Pool hoist on site Television in common areas Free WiFi Wheelchair-accessible pool Wheelchair-accessible public washroom Designated smoking areas Braille or raised signage Assistive listening devices available Garden In-room accessibility (in select rooms) Wheelchair accessible parking Stair-free path to entrance Accessible bathroom (in select rooms) Express check-out Business center 24-hour front desk Wheelchair-accessible meeting spaces/business center Golfing nearby Snack bar/deli Laundry facilities Free self parking Wheelchair accessible path of travel,29.968056|-92.08443,+1 337 898 3180,70510,https://www.motel6.com/content/g6/motel6/motel6-co
US,United States,100328,"Abbeville,   Louisiana",1366117,Days Inn by Wyndham Abbeville,TwoStar,730 Veterans Memorial Dr AbbevilleLouisiana 70510 ,Distances are displayed to the nearest 0.1 mile and kilometer. <br /> <p>Abbeville General Hospital - 2.8 km / 1.7 mi <br /> Vivian Alexander Gallery and Museum - 17.8 km / 11.1 mi <br /> Rip s Rookery - 18.3 km / 11.4 mi <br /> Youngsville Sports Complex - 23.4 km / 14.5 mi <br /> Acadiana Promenade Shopping Center - 24.2 km / 15 mi <br /> Acadiana Mall - 24.9 km / 15.5 mi <br /> Acadian Village - 25.9 km / 16.1 mi <br /> Broadmoor Park - 26.9 km / 16.7 mi <br /> Thomas Park - 27.5 km / 17.1 mi <br /> Fiesta Village Shopping Center - 27.6 km / 17.2 mi <br /> Grand Marche Shopping Center - 27.7 km / 17.2 mi <br /> Chargois Park - 27.7 km / 17.2 mi <br /> Southwest Medical Center Emr - 27.9 km / 17.3 mi <br /> Louisiana Extended Care Hospital - 27.9 km / 17.3 mi <br /> The Boulevard Shopping Center - 28.6 km / 17.8 mi <br /> </p><p>The preferred airport for Days Inn by Wyndham Abbeville is Lafayette Regional Airport (LFT) - 35.7 km / 22.2 mi </p>,"<p>HeadLine : Near Abbeville General Hospital</p><p>Location : A stay at Days Inn by Wyndham Abbeville places you in the heart of Abbeville, and within a 5-minute drive of Abbeville General Hospital.  This hotel is 19.1 mi (30.7 km) from University of Louisiana at Lafayette and 19.6 mi (31.6 km) from Cajundome.</p><p>Rooms : Make yourself at home in one of the 40 guestrooms featuring refrigerators and LED televisions. Rooms have private balconies. Complimentary wired and wireless Internet access keeps you connected, and cable programming provides entertainment. Private bathrooms with shower/tub combinations feature deep soaking bathtubs and complimentary toiletries.</p><p>Dining : Take advantage of the hotel s 24-hour room service. A complimentary on-the-go breakfast is served daily from 6 AM to 9 AM.</p><p>CheckIn Instructions : <ul>  <li>Extra-person charges may apply and vary depending on property policy</li><li>Government-issued photo identification and a credit card, debit card, or cash deposit may be required at check-in for incidental charges</li><li>Special requests are subject to availability upon check-in and may incur additional charges; special requests cannot be guaranteed</li><li>This property accepts credit cards; cash is not accepted</li>  </ul></p><p>Special Instructions : This property doesn t offer after-hours check-in. Front desk staff will greet guests on arrival.</p>",1-337-7404667,Express check-out Multilingual staff 24-hour front desk Daily Safe-deposit box at front desk Coffee/tea in common areas Laundry facilities Free self parking Wheelchair accessible path of travel Concierge services 24-hour business center Wheelchair accessible Free RV  bus  truck parking Express check-in Wired Internet access - surcharge Television in common areas Free WiFi Garden In-room accessibility (in select rooms) Wheelchair accessible parking Free newspapers in lobby Roll-in shower (in select rooms) Accessible bathroom (in select rooms) Free breakfast to go Luggage storage Free breakfast,29.981226|-92.12469,1-337-7404666,70510,http://www.executiveinnexpress.com/
US,United States,100328,"Abbeville,   Louisiana",1621537,The Guest Room,ThreeStar,501 South State Street AbbevilleLouisiana 70510 ,Distances are displayed to the nearest 0.1 mile and kilometer. <br /> <p>Abbeville General Hospital - 3.6 km / 2.2 mi <br /> Rip s Rookery - 18.6 km / 11.6 mi <br /> The Mall of Acadiana - 25.4 km / 15.8 mi <br /> Acadian Village - 25.9 km / 16.1 mi <br /> Southwest Medical Center Emr - 28.5 km / 17.7 mi <br /> Louisiana Extended Care Hospital - 28.5 km / 17.7 mi <br /> Our Lady of Lourdes Heart Hospital - 31 km / 19.2 mi <br /> Blackham Coliseum - 31.4 km / 19.5 mi <br /> Cajundome - 32.2 km / 20 mi <br /> Kart Ranch Family Fun Center - 32.2 km / 20 mi <br /> University of Louisiana at Lafayette - 33 km / 20.5 mi <br /> Alexandre Mouton House - 33.6 km / 20.9 mi <br /> Cathedral of St John - 33.6 km / 20.9 mi <br /> Zoo of Acadiana - 34.1 km / 21.2 mi <br /> Children s Museum of Acadiana - 34.1 km / 21.2 mi <br /> </p><p>The nearest airports are:<br />Newport News - Williamsburg Intl. Airport (PHF) - 1 912.9 km / 1 188.6 mi<br /> Lafayette Regional Airport (LFT) - 37.2 km / 23.1 mi<br /> </p><p>The preferred airport for The Guest Room is Newport News - Williamsburg Intl. Airport (PHF). </p>,"<p>HeadLine : Near Abbeville General Hospital</p><p>Location : When you stay at The Guest Room in Abbeville, you ll be within a 5-minute drive of Abbeville General Hospital.  This bed & breakfast is 20 mi (32.2 km) from Cajundome and 20.5 mi (33 km) from University of Louisiana at Lafayette.</p><p>Rooms : Make yourself at home in of the guestrooms featuring fireplaces and flat-screen televisions. Complimentary wired and wireless Internet access keeps you connected, and satellite programming provides entertainment. Conveniences include desks and microwaves, and housekeeping is provided daily.</p><p>Dining : A complimentary continental breakfast is included.</p><p>CheckIn Instructions : <ul>  <li>Extra-person charges may apply and vary depending on property policy</li><li>Government-issued photo identification and a credit card, debit card, or cash deposit may be required at check-in for incidental charges</li><li>Special requests are subject to availability upon check-in and may incur additional charges; special requests cannot be guaranteed</li><li>This property accepts credit cards</li>  </ul></p><p>Special Instructions : There is no front desk at this property. To make arrangements for check-in please contact the property at least 48 hours before arrival using the information on the booking confirmation. If you are planning to arrive after 6 PM please contact the property in advance using the information on the booking confirmation. Guests must contact the property for check-in instructions.</p>",,Laundry facilities Free breakfast Picnic area Meeting rooms Free self parking Dry cleaning/laundry service Free WiFi Free wired Internet Smoke-free property Garden,29.969401|-92.136742,+1 804 453 5209,70510,
US,United States,100328,"Abbeville,   Louisiana",1672336,Apartment A,ThreeStar,110 N St. Charles Street AbbevilleLouisiana 70510 ,Distances are displayed to the nearest 0.1 mile and kilometer. <br /> <p>The Mall of Acadiana - 25.1 km / 15.6 mi <br /> Acadian Village - 25.2 km / 15.7 mi <br /> Blackham Coliseum - 31.1 km / 19.3 mi <br /> Cajundome - 31.9 km / 19.8 mi <br /> Kart Ranch Family Fun Center - 32.4 km / 20.1 mi <br /> University of Louisiana at Lafayette - 32.7 km / 20.3 mi <br /> Alexandre Mouton House - 33.3 km / 20.7 mi <br /> Cathedral of St John - 33.6 km / 20.9 mi <br /> Children's Museum of Acadiana - 33.8 km / 21 mi <br /> Zoo of Acadiana - 34.4 km / 21.4 mi <br /> Arceneaux Park - 35.9 km / 22.3 mi <br /> Vermilionville - 38.2 km / 23.8 mi <br /> Vermilionville Historic Village - 38.5 km / 23.9 mi <br /> Moore Park - 38.6 km / 24 mi <br /> Parish Brewing Company - 38.9 km / 24.2 mi <br /> </p><p>The preferred airport for Apartment A is Lafayette  LA (LFT-Lafayette Regional) - 36.5 km / 22.7 mi </p>,"<p><b>Property Location</b> <br />With a stay at Apartment A, you'll be centrally located in Abbeville, 15.6 mi (25.1 km) from The Mall of Acadiana and 15.7 mi (25.2 km) from Acadian Village.  This bed & breakfast is 19.3 mi (31.1 km) from Blackham Coliseum and 19.8 mi (31.9 km) from Cajundome.</p><p><b>Rooms</b> <br />Make yourself at home in one of the 2 air-conditioned rooms featuring kitchens with full-sized refrigerators/freezers and microwaves. Cable programming and DVD players are provided for your entertainment, while complimentary wireless Internet access keeps you connected. Conveniences include separate sitting areas and coffee/tea makers.</p><p><b>Amenities</b> <br />Take in the views from a terrace and a garden and make use of amenities such as complimentary wireless Internet access.</p><p><b>Dining</b> <br />A complimentary continental breakfast is served daily.</p><p><b>Business, Other Amenities</b> <br />Free self parking is available onsite.</p>",,Barbecue grill(s) Designated smoking areas Free WiFi Free breakfast Free self parking Garden Pets allowed Terrace Total number of rooms - 2 Year Built - 1940,29.97424|-92.13422,13378931619,70510,http://www.abbevilleapt-a.com
US,United States,100328,"Abbeville,   Louisiana",1784913,Ducote Williams House,ThreeStar,401 North Saint Charles Avenue AbbevilleLouisiana 70510 ,,"Set in Abbeville, 30 km from Lafayette, Ducote-Williams House features air-conditioned rooms with free WiFi. Free private parking is available on site.

Each room has a TV with cable channels.

The property offers a wraparound patio, pond and gazebo. Guests are required to show a photo identification and credit card upon check-in. Please note that all Special Requests are subject to availability and additional charges may apply.
Please inform Ducote-Williams House in advance of your expected arrival time. You can use the Special Requests box when booking, or contact the property directly with the contact details provided in your confirmation.
Managed by a private host",+13378982660,Parking Pets allowed Garden Non-smoking rooms Family rooms Free parking internet services Heating Fax/photocopying wifi Free WiFi Air conditioning designated smoking area Private check-in/check-out Special diet menus (on request) shared lounge/TV area parking on site Private parking Kid meals Smoke alarms CCTV in common areas Fire extinguishers use of cleaning chemicals that are effective against coronavirus linens  towels and laundry washed in accordance with local authority guidelines guest accommodation is disinfected between stays guest accommodation sealed after cleaning physical distancing in dining areas food can be delivered to guest accommodation staff follow all safety protocols as directed by local authorities shared stationery such as printed menus  magazines  pens  and paper removed hand sanitizer in guest accommodation and key areas process in place to check health of guests first aid kit available contactless check-in/check-out cashless payment available physical distancing rules followed all plates  cutlery  glasses and other tableware have been sanitized guests have the option to cancel any cleaning services for their accommodation during their stay breakfast takeaway containers delivered food is securely covered thermometers for guests provided by property face masks for guests available,29.97754|-92.1337,+13378980048,LA 70510,https://www.booking.com/hotel/us/ducote-williams-house.html
US,United States,100329,"Abbotsford,   Wisconsin",1169743,Home Motel,TwoStar,412 N 4Th St AbbotsfordWisconsin 54405 ,Distances are displayed to the nearest 0.1 mile and kilometer. <br /> <p>Red Arrow Park - 1.3 km / 0.8 mi <br /> Shortner Park - 3 km / 1.9 mi <br /> Dorchester Park - 7.3 km / 4.5 mi <br /> Black River Golf Club - 20.7 km / 12.9 mi <br /> Tee Hi Golf Club - 20.7 km / 12.9 mi <br /> Grahl Park - 22.8 km / 14.2 mi <br /> Aspirus Medford Hospital - 23.7 km / 14.7 mi <br /> Medford City Park - 24.2 km / 15.1 mi <br /> Posy Patch Greenhouse & Gift Shop - 33.4 km / 20.8 mi <br /> Marshfield Medical Center - 35.2 km / 21.9 mi <br /> JuRustic Park - 35.6 km / 22.1 mi <br /> Braem Park - 37.2 km / 23.1 mi <br /> Wildwood Park and Zoo - 37.7 km / 23.4 mi <br /> World s Largest Round Barn - 38.3 km / 23.8 mi <br /> Thorp Public Library - 40.1 km / 24.9 mi <br /> </p><p>The preferred airport for Home Motel is Vancouver Intl. Airport (YVR) - 3 119.3 km / 1 938.2 mi </p>,"<p>HeadLine : Near Shortner Park</p><p>Location : A stay at Home Motel places you in the heart of Abbotsford, within a 5-minute drive of Red Arrow Park and Shortner Park.  This motel is 4.5 mi (7.3 km) from Dorchester Park and 12.9 mi (20.7 km) from Black River Golf Club.</p><p>Rooms : Make yourself at home in one of the 2 air-conditioned rooms featuring refrigerators and microwaves. LED televisions with cable programming provide entertainment, while complimentary wireless Internet access keeps you connected. Private bathrooms with bathtubs or showers feature complimentary toiletries and hair dryers. Conveniences include coffee/tea makers, as well as phones with free local calls.</p><p>CheckIn Instructions : Extra-person charges may apply and vary depending on property policy Government-issued photo identification and a credit card, debit card, or cash deposit may be required at check-in for incidental charges Special requests are subject to availability upon check-in and may incur additional charges; special requests cannot be guaranteed</p><p>Special Instructions : Front desk staff will greet guests on arrival.</p>",1-715-316-0224,24-hour front desk Wheelchair accessible path of travel Coffee/tea in common areas Free RV  bus  truck parking Free self parking Free WiFi Wheelchair accessible parking In-room accessibility,44.95111|-90.3166,1-715-223-6343,54405,http://www.homemotelabbotsfordwi.com/
US,United States,100329,"Abbotsford,   Wisconsin",1340647,Rodeway Inn Abbotsford,TwoStar,300 E Elderberry Rd AbbotsfordWisconsin 54405 ,Distances are displayed to the nearest 0.1 mile and kilometer. <br /> <p>Red Arrow Park - 3.2 km / 2 mi <br /> Shortner Park - 4.5 km / 2.8 mi <br /> Dorchester Park - 10 km / 6.2 mi <br /> Outdoor Approach LLC - 12.4 km / 7.7 mi <br /> Black River Golf Club - 23.4 km / 14.6 mi <br /> Tee Hi Golf Club - 23.4 km / 14.6 mi <br /> Grahl Park - 25.3 km / 15.7 mi <br /> Medford City Park - 25.5 km / 15.8 mi <br /> Aspirus Medford Hospital - 26.4 km / 16.4 mi <br /> JuRustic Park - 33 km / 20.5 mi <br /> Marshfield Medical Center - 33.9 km / 21 mi <br /> Munson Bridge Winery - 34 km / 21.2 mi <br /> Posy Patch Greenhouse & Gift Shop - 34.8 km / 21.6 mi <br /> Braem Park - 35.1 km / 21.8 mi <br /> Wildwood Park and Zoo - 35.8 km / 22.2 mi <br /> </p><p>The preferred airport for Rodeway Inn Abbotsford is Mosinee  WI (CWA-Central Wisconsin) - 73.6 km / 45.7 mi </p>,"<p>HeadLine : Near Red Arrow Park</p><p>Location : Located in Colby, Rodeway Inn Abbotsford is a 3-minute drive from Red Arrow Park and 6 minutes from Shortner Park.  This hotel is 6.2 mi (10 km) from Dorchester Park and 7.7 mi (12.4 km) from Outdoor Approach LLC.</p><p>Rooms : Make yourself at home in one of the 60 air-conditioned rooms featuring microwaves and flat-screen televisions. Complimentary wireless Internet access keeps you connected, and cable programming is available for your entertainment. Bathrooms have showers and hair dryers. Conveniences include phones, as well as desks and coffee/tea makers.</p><p>Dining : Take advantage of the hotel s 24-hour room service. A complimentary continental breakfast is served on weekdays from 6:00 AM to 9:00 AM and on weekends from 7:00 AM to 10:00 AM.</p><p>CheckIn Instructions : <ul>  <li>Extra-person charges may apply and vary depending on property policy</li><li>Government-issued photo identification and a credit card, debit card, or cash deposit may be required at check-in for incidental charges</li><li>Special requests are subject to availability upon check-in and may incur additional charges; special requests cannot be guaranteed</li><li>This property accepts credit cards; cash is not accepted</li><li>Please note that cultural norms and guest policies may differ by country and by property; the policies listed are provided by the property</li>  </ul></p><p>Special Instructions : Front desk staff will greet guests on arrival.</p>",1-715-223-0508,Wheelchair accessible (may have limitations) RV  bus  truck parking (surcharge) Meeting rooms Swimming pool Free wired Internet Free WiFi Number of spa tubs - 1 Number of indoor pools - 1 In-room accessibility (in select rooms) Internet access in public areas - high speed Wheelchair accessible parking Free newspapers in lobby Roll-in shower (in select rooms) Accessible bathroom (in select rooms) Fireplace in lobby 24-hour fitness facilities Free continental breakfast Free breakfast 24-hour front desk Daily Safe-deposit box at front desk Smoke-free property Coffee/tea in common areas Laundry facilities elevator Free self parking Computer station,44.92942|-90.31196,1-715-223-3337,54405,http://www.rodewayinn.com/hotel-abbotsford-wisconsin-WI078
US,United States,100329,"Abbotsford,   Wisconsin",1435254,Abby Inn,TwoStar,1201 East Spruce Street 54405 Abbotsford ,Distances are displayed to the nearest 0.1 mile and kilometer. <br /> <p>Shortner Park - 1.5 km / 0.9 mi <br /> Red Arrow Park - 2 km / 1.3 mi <br /> Dorchester Park - 8.8 km / 5.5 mi <br /> Outdoor Approach LLC - 10.4 km / 6.5 mi <br /> Black River Golf Club - 22.2 km / 13.8 mi <br /> Tee Hi Golf Club - 22.3 km / 13.8 mi <br /> Grahl Park - 24.1 km / 15 mi <br /> Medford City Park - 24.3 km / 15.1 mi <br /> Aspirus Medford Hospital - 25.3 km / 15.7 mi <br /> Munson Bridge Winery - 33 km / 20.5 mi <br /> Posy Patch Greenhouse & Gift Shop - 33.8 km / 21 mi <br /> JuRustic Park - 35.5 km / 22.1 mi <br /> Marshfield Medical Center - 36.4 km / 22.6 mi <br /> Braem Park - 37.6 km / 23.4 mi <br /> World s Largest Round Barn - 38.4 km / 23.9 mi <br /> </p><p>The nearest major airport is Mosinee  WI (CWA-Central Wisconsin) - 71.6 km / 44.5 mi</p>,"<p>HeadLine : Near Shortner Park</p><p>Location : Located in Abbotsford, Abby Inn is in a rural location, within a 5-minute drive of Red Arrow Park and Shortner Park.  This hotel is 5.5 mi (8.8 km) from Dorchester Park and 6.5 mi (10.4 km) from Outdoor Approach LLC.</p><p>Rooms : Make yourself at home in one of the 24 air-conditioned rooms featuring flat-screen televisions. Complimentary wireless Internet access keeps you connected, and cable programming is available for your entertainment. Private bathrooms with shower/tub combinations feature deep soaking bathtubs and complimentary toiletries. Conveniences include desks and coffee/tea makers, as well as phones with free local calls.</p><p>CheckIn Instructions : <ul>  <li>Extra-person charges may apply and vary depending on property policy</li><li>Government-issued photo identification and a credit card, debit card, or cash deposit may be required at check-in for incidental charges</li><li>Special requests are subject to availability upon check-in and may incur additional charges; special requests cannot be guaranteed</li><li>This property accepts credit cards; cash is not accepted</li>  </ul></p><p>Special Instructions : Front desk staff will greet guests on arrival.</p>",1-7152232714,Wheelchair accessible (may have limitations) Free RV  bus  truck parking Business center Meeting rooms 24-hour front desk Electric car charging station Television in common areas Free WiFi Garden Smoke-free property In-room accessibility (in select rooms) Free use of nearby fitness center Wheelchair accessible parking Laundry facilities Free self parking Fireplace in lobby Access to nearby indoor pool Computer station 24-hour business center,44.945285|-90.305086,+17152233332,54405,http://www.abbyinn.net/
US,United States,100114,"Aberdeen,   Maryland",1120047,Home2 Suites by Hilton Baltimore Aberdeen,ThreeStar,20 Newton Road AberdeenMaryland 21001 ,Distances are displayed to the nearest 0.1 mile and kilometer. <br /> <p>Cal Ripken Museum - 2.6 km / 1.6 mi <br /> Belcamp Beach - 6.7 km / 4.2 mi <br /> Kirk U.S. Army Health Clinic - 6.9 km / 4.3 mi <br /> Ripken Stadium - 7.6 km / 4.7 mi <br /> Harford Memorial Hospital - 10 km / 6.2 mi <br /> Cedar Lane Regional Park - 10.3 km / 6.4 mi <br /> Havre de Grace Decoy Museum - 10.6 km / 6.6 mi <br /> Susquehanna Museum at the Lock House - 10.7 km / 6.6 mi <br /> Havre de Grace Maritime Museum - 10.7 km / 6.7 mi <br /> Havre de Grace Promenade - 10.7 km / 6.7 mi <br /> Concord Point Lighthouse - 10.7 km / 6.7 mi <br /> Millard Tydings Memorial Park - 11 km / 6.8 mi <br /> Susquehanna River - 11.2 km / 7 mi <br /> Bulle Rock Golf Course - 12.6 km / 7.8 mi <br /> Queen Alexandra Hospital Online - 12.9 km / 8 mi <br /> </p><p>The nearest airports are:<br />Baltimore Washington Intl. Airport (BWI) - 64.9 km / 40.4 mi<br /> Baltimore  MD (MTN-Martin State) - 39.1 km / 24.3 mi<br /> </p><p>The preferred airport for Home2 Suites by Hilton Baltimore / Aberdeen  MD is Baltimore Washington Intl. Airport (BWI). </p>,"<p>HeadLine : Near Cal Ripken Museum</p><p>Location : Located in Aberdeen, Home2 Suites by Hilton Baltimore / Aberdeen, MD is a 3-minute drive from Cal Ripken Museum and 7 minutes from Belcamp Beach.  This hotel is 4.7 mi (7.6 km) from Ripken Stadium and 4.3 mi (6.9 km) from Kirk U.S. Army Health Clinic.</p><p>Rooms : Make yourself at home in one of the 107 individually furnished guestrooms, featuring kitchens with refrigerators and microwaves. 42-inch flat-screen televisions with cable programming provide entertainment, while wireless Internet access (surcharge) keeps you connected. Conveniences include desks and separate sitting areas, and housekeeping is provided daily.</p><p>Dining : A complimentary buffet breakfast is served daily from 6:30 AM to 10:30 AM.</p><p>CheckIn Instructions : <ul>  <li>Extra-person charges may apply and vary depending on property policy</li><li>Government-issued photo identification and a credit card, debit card, or cash deposit may be required at check-in for incidental charges</li><li>Special requests are subject to availability upon check-in and may incur additional charges; special requests cannot be guaranteed</li><li>This property accepts credit cards, debit cards, and cash</li><li>Safety features at this property include a carbon monoxide detector, a fire extinguisher, a smoke detector, and window guards</li>  </ul></p><p>Special Instructions : To make arrangements for check-in please contact the property at least 24 hours before arrival using the information on the booking confirmation. Guests must contact the property in advance for check-in instructions. Front desk staff will greet guests on arrival.</p>",1-410-272-0279,Wheelchair-accessible meeting spaces/business center Barbecue grill(s) Golfing nearby Smoke-free property Laundry facilities elevator Free self parking Fitness facilities Computer station ATM/banking Wheelchair accessible (may have limitations) 24-hour business center Wheelchair-accessible path to elevator Swimming pool Wheelchair-accessible registration desk Television in common areas Free WiFi Wheelchair-accessible pool Well-lit path to entrance Number of indoor pools - 1 In-room accessibility (in select rooms) Wheelchair accessible parking Stair-free path to entrance Roll-in shower (in select rooms) Accessible bathroom (in select rooms) 24-hour fitness facilities Free Buffet Breakfast No accessible shuttle Free breakfast Business center 24-hour front desk Number of accessible parking spaces - 4 Daily,39.494144|-76.18152,+14102720203,21001,http://home2suites3.hilton.com/en/hotels/maryland/home2-suites-by-hilton-baltimore-aberdeen-md-BWIOPHT/index.html
US,United States,100114,"Aberdeen,   Maryland",1203490,Americas Best Value Inn Suites,ThreeStar,424 South Philadelphia Boulevard AberdeenMaryland 21001 ,,"This hotel is located 4 miles from the Aberdeen Proving Grounds and boasts free Wi-Fi access and rooms with fully equipped kitchens. Ripken Stadium is 10 minutes drive away.

Each room at the Studio 6 Aberdeen, MD features a flat-screen cable TV, microwave, and refrigerator. Select rooms have a kitchen with stove and oven. They are decorated in light colours, wood furnishings, and carpeted floors.

Guests can use the on-site laundry facilities at the Studio 6 Aberdeen, MD. The front desk is available 24-hours a day.

Havre de Grace town centre is 5 miles from the hotel.  Susquehanna State Park is 9 miles away. Guests are required to show a photo identification and credit card upon check-in. Please note that all Special Requests are subject to availability and additional charges may apply.",1-410-272-3350,process in place to check health of guests screens or physical barriers placed between staff and guests in appropriate areas On-site parking physical distancing in dining areas guest accommodation is disinfected between stays thermometers for guests provided by property guest accommodation sealed after cleaning contactless check-in/check-out Heating shared stationery such as printed menus  magazines  pens  and paper removed Free WiFi staff follow all safety protocols as directed by local authorities Laundry face masks for guests available linens  towels and laundry washed in accordance with local authority guidelines Facilities for disabled guests physical distancing rules followed Non-smoking rooms Air conditioning use of cleaning chemicals that are effective against coronavirus hand sanitizer in guest accommodation and key areas food can be delivered to guest accommodation access to health care professionals  wifi guests have the option to cancel any cleaning services for their accommodation during their stay Parking internet services Free parking cashless payment available 24-hour front desk first aid kit available,39.50333|-76.16816,14107993837,MD 21001,https://www.booking.com/hotel/us/america-s-best-value-inn-aberdeen.html
US,United States,100114,"Aberdeen,   Maryland",1239982,Courtyard Aberdeen at Ripken Stadium,ThreeStar,830 Long Drive AberdeenMaryland 21001 ,Distances are displayed to the nearest 0.1 mile and kilometer. <br /> <p>Ripken Stadium - 0.2 km / 0.1 mi <br /> Cal Ripken Museum - 5 km / 3.1 mi <br /> Kirk U.S. Army Health Clinic - 8.6 km / 5.3 mi <br /> Harford Community College - 9.9 km / 6.1 mi <br /> Mount Felix Vineyard & Winery - 10.1 km / 6.3 mi <br /> Bulle Rock Golf Course - 11.5 km / 7.1 mi <br /> Cedar Lane Regional Park - 11.6 km / 7.2 mi <br /> Harford Memorial Hospital - 12.1 km / 7.5 mi <br /> Susquehanna State Park - 12.3 km / 7.7 mi <br /> Havre de Grace Decoy Museum - 12.8 km / 7.9 mi <br /> Havre de Grace Maritime Museum - 12.8 km / 8 mi <br /> Havre de Grace Promenade - 12.8 km / 8 mi <br /> Concord Point Lighthouse - 12.9 km / 8 mi <br /> Belcamp Beach - 13 km / 8.1 mi <br /> Millard Tydings Memorial Park - 13.1 km / 8.2 mi <br /> </p><p>The nearest airports are:<br />Baltimore Washington Intl. Airport (BWI) - 65.9 km / 40.9 mi<br /> Baltimore  MD (MTN-Martin State) - 40 km / 24.8 mi<br /> </p><p>The preferred airport for Courtyard Aberdeen at Ripken Stadium is Baltimore Washington Intl. Airport (BWI). </p>,"<p>HeadLine : Near Ripken Stadium</p><p>Location : A stay at Courtyard Aberdeen at Ripken Stadium places you in the heart of Aberdeen, a 1-minute drive from Ripken Stadium and 6 minutes from Cal Ripken Museum.  This hotel is 5.3 mi (8.6 km) from Kirk U.S. Army Health Clinic and 6.1 mi (9.9 km) from Harford Community College.</p><p>Rooms : Make yourself at home in one of the 114 guestrooms featuring refrigerators and flat-screen televisions. Complimentary wired and wireless Internet access keeps you connected, and cable programming provides entertainment. Private bathrooms with shower/tub combinations feature complimentary toiletries and hair dryers. Conveniences include desks and separate sitting areas, and housekeeping is provided daily.</p><p>Dining : Enjoy a meal at the restaurant or snacks in the hotel s coffee shop/cafe. Quench your thirst with your favorite drink at the bar/lounge. Buffet breakfasts are served on weekdays from 6:00 AM to 9:30 AM and on weekends from 6:00 AM to 10:00 AM for a fee.</p><p>CheckIn Instructions : <ul>  <li>Extra-person charges may apply and vary depending on property policy</li><li>Government-issued photo identification and a credit card, debit card, or cash deposit may be required at check-in for incidental charges</li><li>Special requests are subject to availability upon check-in and may incur additional charges; special requests cannot be guaranteed</li><li>This property accepts credit cards and cash</li><li>Safety features at this property include a carbon monoxide detector, a fire extinguisher, a smoke detector, a first aid kit, and window guards</li>  </ul></p><p>Special Instructions : Front desk staff will greet guests on arrival.</p>",1-410-273-1168,Coffee/tea in common areas Snack bar/deli Number of coffee shops/cafes - 1 Laundry facilities elevator Free self parking Fitness facilities Conference space Wheelchair accessible path of travel Dry cleaning/laundry service Wheelchair accessible (may have limitations) Vending machine Wheelchair-accessible concierge desk No single-use plastic straws Meeting rooms Wheelchair-accessible path to elevator No single-use plastic stirrers Wheelchair-accessible registration desk Wheelchair-accessible fitness center Free WiFi Wheelchair-accessible pool Number of bars/lounges - 1 Number of indoor pools - 1 Change of towels (on request) In-room accessibility (in select rooms) Wheelchair accessible parking Roll-in shower (in select rooms) Accessible bathroom (in select rooms) Energy-saving features in guest rooms Luggage storage Wheelchair-accessible on-site restaurant Express check-out Porter/bellhop Visual alarms in hallways Business center 24-hour front desk Breakfast available (surcharge) Wheelchair-accessible meeting spaces/business center Housekeeping on request Safe-deposit box at front desk Smoke-free property,39.53209|-76.18586,+14102720440,21001,http://www.marriott.com/hotels/travel/bwibd-courtyard-aberdeen-at-ripken-stadium/
US,United States,100114,"Aberdeen,   Maryland",1241626,Days Inn By Wyndham Aberdeen,TwoStar,783 West Bel Air Ave. I-95 & Route 132 Interstate 95 Route 132AberdeenMaryland 21001 ,Distances are displayed to the nearest 0.1 mile and kilometer. <br /> <p>Cal Ripken Museum - 2.6 km / 1.6 mi <br /> Ripken Stadium - 2.6 km / 1.6 mi <br /> Kirk U.S. Army Health Clinic - 6.7 km / 4.2 mi <br /> Mount Felix Vineyard & Winery - 8.9 km / 5.5 mi <br /> Bulle Rock Golf Course - 9.6 km / 6 mi <br /> Harford Memorial Hospital - 10.3 km / 6.4 mi <br /> Harford Community College - 10.7 km / 6.6 mi <br /> Havre de Grace Decoy Museum - 10.9 km / 6.8 mi <br /> Susquehanna Museum at the Lock House - 11 km / 6.8 mi <br /> Havre de Grace Maritime Museum - 11 km / 6.8 mi <br /> Havre de Grace Promenade - 11 km / 6.8 mi <br /> Concord Point Lighthouse - 11 km / 6.8 mi <br /> Millard Tydings Memorial Park - 11.3 km / 7 mi <br /> Cedar Lane Regional Park - 11.9 km / 7.4 mi <br /> Susquehanna State Park - 11.9 km / 7.4 mi <br /> </p><p>The nearest airports are:<br />Baltimore Washington Intl. Airport (BWI) - 66.2 km / 41.1 mi<br /> Baltimore  MD (MTN-Martin State) - 40.3 km / 25 mi<br /> </p><p>The preferred airport for Days Inn by Wyndham Aberdeen is Baltimore Washington Intl. Airport (BWI). </p>,"<p>HeadLine : Near Ripken Stadium</p><p>Location : Located in Aberdeen, Days Inn by Wyndham Aberdeen is in the business district, a 4-minute drive from Ripken Stadium and 10 minutes from Harford Memorial Hospital.  This motel is 6.6 mi (10.7 km) from Harford Community College and 6.8 mi (10.9 km) from Havre de Grace Decoy Museum.</p><p>Rooms : Make yourself at home in one of the 49 air-conditioned rooms featuring microwaves. Complimentary wireless Internet access keeps you connected, and satellite programming is available for your entertainment. Private bathrooms with bathtubs feature complimentary toiletries and hair dryers. Conveniences include safes and desks, as well as phones with free local calls.</p><p>Dining : A complimentary on-the-go breakfast is served on weekdays from 6:00 AM to 9:00 AM and on weekends from 6:00 AM to 10:00 AM.</p><p>CheckIn Instructions : <ul>  <li>Extra-person charges may apply and vary depending on property policy</li><li>Government-issued photo identification and a credit card, debit card, or cash deposit may be required at check-in for incidental charges</li><li>Special requests are subject to availability upon check-in and may incur additional charges; special requests cannot be guaranteed</li><li>This property accepts credit cards; cash is not accepted</li><li>Safety features at this property include a fire extinguisher, a smoke detector, a security system, and a first aid kit</li><li>Please note that cultural norms and guest policies may differ by country and by property; the policies listed are provided by the property</li>  </ul></p><p>Special Instructions : Front desk staff will greet guests on arrival. For more details, please contact the property using the information on the booking confirmation.</p>",1-410-272-5782,Casino nearby Wheelchair accessible (may have limitations) Vending machine Express check-in Swimming pool Free wired Internet Wheelchair-accessible registration desk Free WiFi Braille or raised signage Well-lit path to entrance Wheelchair accessible parking Free newspapers in lobby Roll-in shower (in select rooms) Internet access - wireless Accessible bathroom (in select rooms) Recycling Free breakfast to go LED light bulbs Luggage storage Free breakfast Coin laundry on site Business center 24-hour front desk Water dispenser Daily Outdoor seasonal pool Safe-deposit box at front desk Smoke-free property Laundry facilities Free self parking Access to nearby outdoor pool,39.520775|-76.18696,1-410-2728500,21001,http://www.daysinn.com/hotels/maryland/aberdeen/days-inn-aberdeen/hotel-overview
US,United States,100114,"Aberdeen,   Maryland",1263966,La Quinta Inn & Suites Aberdeen apg,TwoStar,793 West Bel Air Avenue AberdeenMaryland 21001 ,Distances are displayed to the nearest 0.1 mile and kilometer. <br /> <p>Ripken Stadium - 2.4 km / 1.5 mi <br /> Cal Ripken Museum - 2.9 km / 1.8 mi <br /> Kirk U.S. Army Health Clinic - 7 km / 4.4 mi <br /> Mount Felix Vineyard & Winery - 9.2 km / 5.7 mi <br /> Bulle Rock Golf Course - 9.9 km / 6.2 mi <br /> Harford Memorial Hospital - 10.6 km / 6.6 mi <br /> Harford Community College - 11 km / 6.8 mi <br /> Havre de Grace Decoy Museum - 11.2 km / 7 mi <br /> Susquehanna Museum at the Lock House - 11.2 km / 7 mi <br /> Havre de Grace Maritime Museum - 11.3 km / 7 mi <br /> Havre de Grace Promenade - 11.3 km / 7 mi <br /> Concord Point Lighthouse - 11.3 km / 7 mi <br /> Millard Tydings Memorial Park - 11.6 km / 7.2 mi <br /> Cedar Lane Regional Park - 12.1 km / 7.5 mi <br /> Susquehanna State Park - 12.2 km / 7.6 mi <br /> </p><p>The nearest airports are:<br />Baltimore Washington Intl. Airport (BWI) - 66.5 km / 41.3 mi<br /> Baltimore  MD (MTN-Martin State) - 40.6 km / 25.2 mi<br /> </p><p>The preferred airport for La Quinta Inn & Suites by Wyndham Aberdeen-APG is Baltimore Washington Intl. Airport (BWI). </p>,"<p>HeadLine : Near Ripken Stadium</p><p>Location : A stay at La Quinta Inn & Suites by Wyndham Aberdeen-APG places you in the heart of Aberdeen, within a 5-minute drive of Cal Ripken Museum and Ripken Stadium.  This hotel is 4.4 mi (7 km) from Kirk U.S. Army Health Clinic and 5.7 mi (9.2 km) from Mount Felix Vineyard & Winery.</p><p>Rooms : Make yourself at home in one of the 85 air-conditioned rooms featuring refrigerators and microwaves. Your room comes with a pillowtop bed. Wired and wireless Internet access is complimentary, and LED televisions with cable programming provide entertainment. Bathrooms have complimentary toiletries and hair dryers.</p><p>Dining : A complimentary buffet breakfast is served on weekdays from 6 AM to 9 AM and on weekends from 7 AM to 10 AM.</p><p>CheckIn Instructions : <ul>  <li>Extra-person charges may apply and vary depending on property policy</li><li>Government-issued photo identification and a credit card, debit card, or cash deposit may be required at check-in for incidental charges</li><li>Special requests are subject to availability upon check-in and may incur additional charges; special requests cannot be guaranteed</li><li>This property accepts credit cards; cash is not accepted</li><li>Please note that cultural norms and guest policies may differ by country and by property; the policies listed are provided by the property</li>  </ul></p><p>Special Instructions : Front desk staff will greet guests on arrival.</p>",1-410-272-2287,Dry cleaning/laundry service Uncovered parking Wheelchair accessible (may have limitations) Free RV  bus  truck parking Parking (limited spaces) Wheelchair-accessible van parking Number of meeting rooms - 1 Wheelchair-accessible path to elevator Conference space size (meters) - 113 Free wired Internet Wheelchair-accessible registration desk Television in common areas Wheelchair-accessible fitness center Free WiFi Wheelchair-accessible pool Wheelchair-accessible public washroom Braille or raised signage Well-lit path to entrance In-room accessibility (in select rooms) Wheelchair accessible parking Stair-free path to entrance Accessible bathroom (in select rooms) Free Buffet Breakfast Luggage storage Free breakfast Express check-out 24-hour front desk Water dispenser Daily Wheelchair-accessible meeting spaces/business center Outdoor seasonal pool Smoke-free property Laundry facilities elevator Free self parking Fitness facilities Conference space Computer station Conference space size (feet) - 1256 24-hour business center,39.52289|-76.18873,1-410-273-2000,21001,http://laquintaaberdeen.com/
US,United States,100114,"Aberdeen,   Maryland",1271365,Super 8 By Wyndham Aberdeen Md,TwoStar,1008 Beards Hill Rd. I-95 Exit 85 Rt 22 East AberdeenMaryland 21001-2230 ,Distances are displayed to the nearest 0.1 mile and kilometer. <br /> <p>Cal Ripken Museum - 2.5 km / 1.6 mi <br /> Ripken Stadium - 2.6 km / 1.6 mi <br /> Kirk U.S. Army Health Clinic - 5.8 km / 3.6 mi <br /> Bulle Rock Golf Course - 8 km / 5 mi <br /> Mount Felix Vineyard & Winery - 8.4 km / 5.2 mi <br /> Harford Memorial Hospital - 9.8 km / 6.1 mi <br /> Harford Community College - 10.2 km / 6.3 mi <br /> Havre de Grace Decoy Museum - 10.4 km / 6.5 mi <br /> Susquehanna Museum at the Lock House - 10.5 km / 6.5 mi <br /> Havre de Grace Maritime Museum - 10.5 km / 6.5 mi <br /> Havre de Grace Promenade - 10.5 km / 6.5 mi <br /> Concord Point Lighthouse - 10.5 km / 6.5 mi <br /> Millard Tydings Memorial Park - 10.8 km / 6.7 mi <br /> Susquehanna State Park - 11.2 km / 6.9 mi <br /> Cedar Lane Regional Park - 11.4 km / 7.1 mi <br /> </p><p>The nearest major airport is Baltimore  MD (MTN-Martin State) - 39.8 km / 24.7 mi</p>,"<p>HeadLine : Near Ripken Stadium</p><p>Location : Located in Aberdeen, Super 8 by Wyndham Aberdeen MD is in a shopping district, within a 5-minute drive of Cal Ripken Museum and Ripken Stadium.  This motel is 3.6 mi (5.8 km) from Kirk U.S. Army Health Clinic and 5 mi (8 km) from Bulle Rock Golf Course.</p><p>Rooms : Make yourself at home in one of the 62 guestrooms featuring refrigerators and microwaves. Wired and wireless Internet access is complimentary, and LED televisions with cable programming provide entertainment. Private bathrooms with shower/tub combinations feature complimentary toiletries and hair dryers. Conveniences include safes and desks, and housekeeping is provided daily.</p><p>Dining : A complimentary on-the-go breakfast is served daily from 6:00 AM to 10:00 AM.</p><p>CheckIn Instructions : <ul>  <li>Extra-person charges may apply and vary depending on property policy</li><li>Government-issued photo identification and a credit card, debit card, or cash deposit may be required at check-in for incidental charges</li><li>Special requests are subject to availability upon check-in and may incur additional charges; special requests cannot be guaranteed</li><li>This property accepts credit cards, debit cards, and cash</li><li>Please note that cultural norms and guest policies may differ by country and by property; the policies listed are provided by the property</li>  </ul></p><p>Special Instructions : Front desk staff will greet guests on arrival.</p>",1-410-272-5420,Uncovered parking Wheelchair accessible (may have limitations) Free RV  bus  truck parking Free breakfast to go Vending machine Free breakfast 24-hour front desk Wheelchair-accessible registration desk Free WiFi Designated smoking areas Daily In-room accessibility (in select rooms) Wheelchair accessible parking Accessible bathroom (in select rooms) Free self parking,39.52201|-76.18448,1-410-272-5420,21001,https://www.wyndhamhotels.com/super-8/aberdeen-maryland/super-8-aberdeen-md/overview
US,United States,100114,"Aberdeen,   Maryland",1286774,Red Roof Inn Aberdeen,TwoStar,988 Hospitality Way Aberdeen 21001Maryland ,Distances are displayed to the nearest 0.1 mile and kilometer. <br /> <p>Ripken Stadium - 2.6 km / 1.6 mi <br /> Cal Ripken Museum - 3.3 km / 2 mi <br /> Kirk U.S. Army Health Clinic - 6.5 km / 4 mi <br /> Mount Felix Vineyard & Winery - 8.6 km / 5.4 mi <br /> Bulle Rock Golf Course - 8.9 km / 5.5 mi <br /> Harford Memorial Hospital - 10 km / 6.2 mi <br /> Harford Community College - 10.4 km / 6.4 mi <br /> Havre de Grace Decoy Museum - 10.7 km / 6.6 mi <br /> Susquehanna Museum at the Lock House - 10.7 km / 6.7 mi <br /> Havre de Grace Maritime Museum - 10.7 km / 6.7 mi <br /> Havre de Grace Promenade - 10.7 km / 6.7 mi <br /> Concord Point Lighthouse - 10.7 km / 6.7 mi <br /> Millard Tydings Memorial Park - 11 km / 6.9 mi <br /> Susquehanna State Park - 11.2 km / 7 mi <br /> Belcamp Beach - 11.5 km / 7.1 mi <br /> </p><p>The nearest airports are:<br />Baltimore Washington Intl. Airport (BWI) - 65.9 km / 41 mi<br /> Baltimore  MD (MTN-Martin State) - 40 km / 24.8 mi<br /> </p><p>The preferred airport for Red Roof Inn Aberdeen is Baltimore Washington Intl. Airport (BWI). </p>,"<p>HeadLine : Near Ripken Stadium</p><p>Location : A stay at Red Roof Inn Aberdeen places you in the heart of Aberdeen, within a 5-minute drive of Cal Ripken Museum and Ripken Stadium.  This hotel is 4 mi (6.5 km) from Kirk U.S. Army Health Clinic and 5.4 mi (8.6 km) from Mount Felix Vineyard & Winery.</p><p>Rooms : Make yourself at home in one of the 109 air-conditioned rooms featuring refrigerators and microwaves. 25-inch Smart televisions with cable programming provide entertainment, while complimentary wireless Internet access keeps you connected. Bathrooms have complimentary toiletries and hair dryers. Conveniences include safes and desks, as well as phones with free local calls.</p><p>CheckIn Instructions : <ul>  <li>Extra-person charges may apply and vary depending on property policy</li><li>Government-issued photo identification and a credit card, debit card, or cash deposit may be required at check-in for incidental charges</li><li>Special requests are subject to availability upon check-in and may incur additional charges; special requests cannot be guaranteed</li><li>The name on the credit card used at check-in to pay for incidentals must be the primary name on the guestroom reservation</li><li>This property accepts credit cards, debit cards, and cash</li><li>Please note that cultural norms and guest policies may differ by country and by property; the policies listed are provided by the property</li>  </ul> <ul>  <li>Daily housekeeping is included for stays of 6 nights or less. Limited housekeeping is provided for stays of 7 nights or more.</li>  </ul></p><p>Special Instructions : Front desk staff will greet guests on arrival. For more details, please contact the property using the information on the booking confirmation.  This property allows guests 18 or over to check in with valid military ID.</p>",1-410-273-1370,Casino nearby Wheelchair accessible (may have limitations) Coin laundry on site 24-hour front desk Free WiFi Designated smoking areas Braille or raised signage Assistive listening devices available Safe-deposit box at front desk In-room accessibility (in select rooms) Coffee/tea in common areas Accessible bathroom (in select rooms) ATM/banking,39.523914|-76.186386,+14102737800,21001,http://www.redroof.com/property/Aberdeen/MD/21001/Hotels-close-to-Ripken-Stadium-I-95/RRI136/
US,United States,100114,"Aberdeen,   Maryland",1287739,Residence Inn Aberdeen at Ripken Stadium,ThreeStar,830 Long Drive AberdeenMaryland 21001 ,Distances are displayed to the nearest 0.1 mile and kilometer. <br /> <p>Ripken Stadium - 0.2 km / 0.1 mi <br /> Cal Ripken Museum - 5 km / 3.1 mi <br /> Kirk U.S. Army Health Clinic - 8.6 km / 5.3 mi <br /> Harford Community College - 9.9 km / 6.1 mi <br /> Mount Felix Vineyard & Winery - 10.1 km / 6.3 mi <br /> Bulle Rock Golf Course - 11.5 km / 7.1 mi <br /> Cedar Lane Regional Park - 11.6 km / 7.2 mi <br /> Harford Memorial Hospital - 12.1 km / 7.5 mi <br /> Susquehanna State Park - 12.3 km / 7.7 mi <br /> Havre de Grace Decoy Museum - 12.8 km / 7.9 mi <br /> Havre de Grace Maritime Museum - 12.8 km / 8 mi <br /> Havre de Grace Promenade - 12.8 km / 8 mi <br /> Concord Point Lighthouse - 12.9 km / 8 mi <br /> Belcamp Beach - 13 km / 8.1 mi <br /> Millard Tydings Memorial Park - 13.1 km / 8.2 mi <br /> </p><p>The nearest airports are:<br />Baltimore Washington Intl. Airport (BWI) - 65.9 km / 41 mi<br /> Baltimore  MD (MTN-Martin State) - 40 km / 24.8 mi<br /> </p><p>The preferred airport for Residence Inn Aberdeen at Ripken Stadium is Baltimore Washington Intl. Airport (BWI). </p>,"<p>HeadLine : Near Ripken Stadium</p><p>Location : A stay at Residence Inn Aberdeen at Ripken Stadium places you in the heart of Aberdeen, a 1-minute drive from Ripken Stadium and 6 minutes from Cal Ripken Museum.  This hotel is 5.3 mi (8.6 km) from Kirk U.S. Army Health Clinic and 6.1 mi (9.9 km) from Harford Community College.</p><p>Rooms : Make yourself at home in one of the 78 guestrooms, featuring kitchens with refrigerators and stovetops. Wired and wireless Internet access is complimentary, and LCD televisions with cable programming provide entertainment. Conveniences include safes and desks, and housekeeping is provided on request.</p><p>Dining : You can enjoy a meal at the restaurant serving the guests of Residence Inn Aberdeen at Ripken Stadium, or stop in at the snack bar/deli. Quench your thirst with your favorite drink at the bar/lounge. Buffet breakfasts are served on weekdays from 6:00 AM to 9:30 AM and on weekends from 6:00 AM to 11:00 AM for a fee.</p><p>CheckIn Instructions : <ul>  <li>Extra-person charges may apply and vary depending on property policy</li><li>Government-issued photo identification and a credit card, debit card, or cash deposit may be required at check-in for incidental charges</li><li>Special requests are subject to availability upon check-in and may incur additional charges; special requests cannot be guaranteed</li><li>This property accepts credit cards and cash</li><li>Safety features at this property include a carbon monoxide detector, a fire extinguisher, a smoke detector, a first aid kit, and window guards</li>  </ul></p><p>Special Instructions : Front desk staff will greet guests on arrival.</p>",1-410-273-1167,Coffee/tea in common areas Snack bar/deli Laundry facilities elevator Free self parking Fitness facilities Conference space Wheelchair accessible path of travel Dry cleaning/laundry service Shopping on site Wheelchair-accessible van parking No single-use plastic straws No single-use plastic stirrers Wheelchair-accessible registration desk Wheelchair-accessible fitness center Free WiFi Wheelchair-accessible pool Number of bars/lounges - 1 Braille or raised signage Assistive listening devices available Number of indoor pools - 1 Change of towels (on request) In-room accessibility (in select rooms) Internet access in public areas - high speed Wheelchair accessible parking Roll-in shower (in select rooms) Accessible bathroom (in select rooms) Luggage storage Wheelchair-accessible on-site restaurant Express check-out Porter/bellhop Visual alarms in hallways Business center 24-hour front desk Breakfast available (surcharge) Barbecue grill(s) Housekeeping on request Safe-deposit box at front desk Smoke-free property,39.532135|-76.185776,+14102720444,21001,http://www.marriott.com/hotels/travel/bwide-residence-inn-aberdeen-at-ripken-stadium/
US,United States,100114,"Aberdeen,   Maryland",1306596,Budget Inn of Aberdeen,OneStar,1112 S. Philadelphia Blvd AberdeenMaryland 21001 ,Distances are displayed to the nearest 0.1 mile and kilometer. <br /> <p>Cal Ripken Museum - 3.5 km / 2.2 mi <br /> Aberdeen Proving Ground - 6.8 km / 4.2 mi <br /> Ripken Stadium - 9 km / 5.6 mi <br /> Bulle Rock Golf Course - 10.1 km / 6.3 mi <br /> Harford Memorial Hospital - 11.8 km / 7.3 mi <br /> Millard Tydings Memorial Park - 12.4 km / 7.7 mi <br /> Havre de Grace Decoy Museum - 12.5 km / 7.8 mi <br /> Susquehanna Museum at the Lock House - 12.5 km / 7.8 mi <br /> Havre de Grace Maritime Museum - 12.6 km / 7.8 mi <br /> Havre de Grace Promenade - 12.6 km / 7.8 mi <br /> Concord Point Lighthouse - 12.6 km / 7.8 mi <br /> Harford Community College - 15.4 km / 9.6 mi <br /> Steppingstone Museum - 16.8 km / 10.4 mi <br /> Mount Felix Vineyard & Winery - 16.8 km / 10.5 mi <br /> Susquehanna State Park - 17.4 km / 10.8 mi <br /> </p><p>The nearest airports are:<br />Baltimore  MD (MTN-Martin State) - 37.2 km / 23.1 mi<br /> Baltimore  MD (BWI-Baltimore Washington Intl. Thurgood Marshall) - 64.5 km / 40.1 mi<br /> </p><p>The preferred airport for Budget Inn of Aberdeen is Baltimore  MD (BWI-Baltimore Washington Intl. Thurgood Marshall). </p>,"<p>HeadLine : In Aberdeen</p><p>Location : With a stay at Budget Inn of Aberdeen in Aberdeen, you ll be within a 15-minute drive of Aberdeen Proving Ground and Ripken Stadium.  This hotel is 2.7 mi (4.4 km) from Cal Ripken Museum and 6.3 mi (10.1 km) from Bulle Rock Golf Course.</p><p>Rooms : Make yourself at home in one of the 24 air-conditioned rooms featuring kitchens with refrigerators and microwaves. Complimentary wireless Internet access keeps you connected, and cable programming is available for your entertainment. Conveniences include coffee/tea makers and irons/ironing boards, and housekeeping is provided daily.</p><p>CheckIn Instructions : Extra-person charges may apply and vary depending on property policy. <br />Government-issued photo identification and a credit card, debit card, or cash deposit are required at check-in for incidental charges. <br />Special requests are subject to availability upon check-in and may incur additional charges. Special requests cannot be guaranteed. <ul>  Please note that cultural norms and guest policies may differ by country and by property. The policies listed are provided by the property. </ul></p>",1-410-297-8906,Free train station pickup Laundry facilities Business center Express check-in Vending machine Free self parking Dry cleaning/laundry service Free WiFi Wired Internet access - surcharge 24-hour front desk,39.49043|-76.19355,1-410-272-2401,21001,http://www.budgetinnaberdeen.com/
US,United States,100114,"Aberdeen,   Maryland",1327388,Comfort Inn & Suites Aberdeen near APG,TwoStar,980 Hospitality Way 980 AberdeenMaryland 21001 ,Distances are displayed to the nearest 0.1 mile and kilometer. <br /> <p>Ripken Stadium - 2.7 km / 1.7 mi <br /> Cal Ripken Museum - 3.4 km / 2.1 mi <br /> Kirk U.S. Army Health Clinic - 6.1 km / 3.8 mi <br /> Mount Felix Vineyard & Winery - 8.7 km / 5.4 mi <br /> Bulle Rock Golf Course - 8.9 km / 5.5 mi <br /> Harford Memorial Hospital - 10.1 km / 6.3 mi <br /> Harford Community College - 10.5 km / 6.5 mi <br /> Havre de Grace Decoy Museum - 10.7 km / 6.7 mi <br /> Susquehanna Museum at the Lock House - 10.8 km / 6.7 mi <br /> Havre de Grace Maritime Museum - 10.8 km / 6.7 mi <br /> Havre de Grace Promenade - 10.8 km / 6.7 mi <br /> Concord Point Lighthouse - 10.8 km / 6.7 mi <br /> Millard Tydings Memorial Park - 11.1 km / 6.9 mi <br /> Susquehanna State Park - 11.3 km / 7 mi <br /> Belcamp Beach - 11.5 km / 7.2 mi <br /> </p><p>The nearest airports are:<br />Baltimore Washington Intl. Airport (BWI) - 66 km / 41 mi<br /> Baltimore  MD (MTN-Martin State) - 39.9 km / 24.8 mi<br /> </p><p>The preferred airport for Comfort Inn & Suites Aberdeen near APG is Baltimore Washington Intl. Airport (BWI). </p>,"<p>HeadLine : Near Ripken Stadium</p><p>Location : In the heart of Aberdeen, Comfort Inn & Suites Aberdeen near APG is within a 5-minute drive of Cal Ripken Museum and Ripken Stadium.  This hotel is 6.3 mi (10.1 km) from Harford Memorial Hospital and 6.5 mi (10.5 km) from Harford Community College.</p><p>Rooms : Make yourself at home in one of the 119 air-conditioned rooms featuring refrigerators and LCD televisions. Cable programming and video-game consoles are provided for your entertainment, while complimentary wireless Internet access keeps you connected. Private bathrooms with showers feature complimentary toiletries and hair dryers. Conveniences include desks and microwaves, and housekeeping is provided daily.</p><p>Dining : Stop by IHOP for lunch, dinner, or brunch, where this restaurant specializes in American cuisine, or grab snacks at the coffee shop/cafe. A complimentary full breakfast is served daily from 6:00 AM to 9:00 AM.</p><p>CheckIn Instructions : <ul>  <li>Extra-person charges may apply and vary depending on property policy</li><li>Government-issued photo identification and a credit card, debit card, or cash deposit may be required at check-in for incidental charges</li><li>Special requests are subject to availability upon check-in and may incur additional charges; special requests cannot be guaranteed</li><li>This property accepts credit cards and debit cards; cash is not accepted</li>  </ul></p><p>Special Instructions : This property doesn t offer after-hours check-in. Front desk staff will greet guests on arrival.</p>",1-410-273-6124,Wheelchair accessible (may have limitations) Free full breakfast Outdoor entertainment area Number of meeting rooms - 2 Television in common areas Free WiFi Designated smoking areas Braille or raised signage Assistive listening devices available Picnic area In-room accessibility (in select rooms) Accessible bathroom (in select rooms) RV  bus  truck parking Free breakfast Multilingual staff Business center 24-hour front desk Water dispenser Daily Barbecue grill(s) Outdoor seasonal pool Coffee/tea in common areas Designated smoking areas (fines apply) Snack bar/deli Number of coffee shops/cafes - 1 elevator Free self parking Fitness facilities Computer station ATM/banking,39.52434|-76.18729,1-410-273-6300,21001,http://merithotelaberdeen.net/
US,United States,100114,"Aberdeen,   Maryland",1334914,Holiday Inn Express Aberdeen chesapeake House,TwoStar,1007 Beards Hill Rd AberdeenMaryland 21001 ,Distances are displayed to the nearest 0.1 mile and kilometer. <br /> <p>Ripken Stadium - 2.5 km / 1.5 mi <br /> Cal Ripken Museum - 2.6 km / 1.6 mi <br /> Kirk U.S. Army Health Clinic - 6.1 km / 3.8 mi <br /> Mount Felix Vineyard & Winery - 8.7 km / 5.4 mi <br /> Bulle Rock Golf Course - 9.3 km / 5.8 mi <br /> Harford Memorial Hospital - 10.1 km / 6.3 mi <br /> Harford Community College - 10.5 km / 6.5 mi <br /> Havre de Grace Decoy Museum - 10.7 km / 6.6 mi <br /> Susquehanna Museum at the Lock House - 10.7 km / 6.7 mi <br /> Havre de Grace Maritime Museum - 10.8 km / 6.7 mi <br /> Havre de Grace Promenade - 10.8 km / 6.7 mi <br /> Concord Point Lighthouse - 10.8 km / 6.7 mi <br /> Millard Tydings Memorial Park - 11.1 km / 6.9 mi <br /> Cedar Lane Regional Park - 11.7 km / 7.2 mi <br /> Susquehanna State Park - 11.7 km / 7.3 mi <br /> </p><p>The nearest airports are:<br />Baltimore Washington Intl. Airport (BWI) - 66 km / 41 mi<br /> Baltimore  MD (MTN-Martin State) - 39.9 km / 24.8 mi<br /> </p><p>The preferred airport for Holiday Inn Express Aberdeen  an IHG Hotel is Baltimore Washington Intl. Airport (BWI). </p>,"<p>HeadLine : Near Ripken Stadium</p><p>Location : With a stay at Holiday Inn Express Aberdeen, an IHG Hotel in Aberdeen, you ll be within a 5-minute drive of Cal Ripken Museum and Ripken Stadium.  This hotel is 3.8 mi (6.1 km) from Kirk U.S. Army Health Clinic and 5.4 mi (8.7 km) from Mount Felix Vineyard & Winery.</p><p>Rooms : Make yourself at home in one of the 122 guestrooms featuring refrigerators and flat-screen televisions. Cable programming and iPod docking stations are provided for your entertainment, while complimentary wireless Internet access keeps you connected. Private bathrooms with shower/tub combinations feature complimentary toiletries and hair dryers. Conveniences include phones, as well as desks and complimentary newspapers.</p><p>Dining : A complimentary buffet breakfast is included.</p><p>CheckIn Instructions : <ul>  <li>Extra-person charges may apply and vary depending on property policy</li><li>Government-issued photo identification and a credit card, debit card, or cash deposit may be required at check-in for incidental charges</li><li>Special requests are subject to availability upon check-in and may incur additional charges; special requests cannot be guaranteed</li><li>This property accepts credit cards; cash is not accepted</li>  </ul></p><p>Special Instructions : Front desk staff will greet guests on arrival.</p>",1-410-272-1714,Dry cleaning/laundry service Banquet hall Wheelchair accessible (may have limitations) Ballroom Vending machine Meeting rooms Conference space size (meters) - 232 Free wired Internet Free WiFi Arcade/game room Braille or raised signage Assistive listening devices available Number of indoor pools - 1 In-room accessibility (in select rooms) Internet access in public areas - high speed Free newspapers in lobby Roll-in shower (in select rooms) Accessible bathroom (in select rooms) RV  bus  truck parking Free Buffet Breakfast Luggage storage Free breakfast Multilingual staff Business center 24-hour front desk Safe-deposit box at front desk Laundry facilities elevator Free self parking Fitness facilities Conference space Computer station Terrace ATM/banking Conference space size (feet) - 2500 24-hour business center,39.522245|-76.185195,1-410-2728100,21001,http://www.ihg.com/holidayinnexpress/hotels/us/en/aberdeen/abdch/hoteldetail
US,United States,100114,"Aberdeen,   Maryland",1344170,Travelodge by Wyndham Aberdeen,TwoStar,820 West Bel Air Ave I-95 Exit 85 Interstate 95 Exit 85AberdeenMaryland 21001 ,Distances are displayed to the nearest 0.1 mile and kilometer. <br /> <p>Ripken Stadium - 2.5 km / 1.5 mi <br /> Cal Ripken Museum - 3 km / 1.9 mi <br /> Kirk U.S. Army Health Clinic - 7.2 km / 4.4 mi <br /> Mount Felix Vineyard & Winery - 9.4 km / 5.8 mi <br /> Bulle Rock Golf Course - 10.1 km / 6.3 mi <br /> Harford Memorial Hospital - 10.7 km / 6.7 mi <br /> Harford Community College - 11.1 km / 6.9 mi <br /> Havre de Grace Decoy Museum - 11.3 km / 7 mi <br /> Belcamp Beach - 11.4 km / 7.1 mi <br /> Susquehanna Museum at the Lock House - 11.4 km / 7.1 mi <br /> Havre de Grace Maritime Museum - 11.4 km / 7.1 mi <br /> Havre de Grace Promenade - 11.4 km / 7.1 mi <br /> Concord Point Lighthouse - 11.4 km / 7.1 mi <br /> Millard Tydings Memorial Park - 11.7 km / 7.3 mi <br /> Cedar Lane Regional Park - 12.3 km / 7.6 mi <br /> </p><p>The nearest airports are:<br />Baltimore Washington Intl. Airport (BWI) - 66.6 km / 41.4 mi<br /> Baltimore  MD (MTN-Martin State) - 40.8 km / 25.3 mi<br /> </p><p>The preferred airport for Travelodge by Wyndham Aberdeen is Baltimore Washington Intl. Airport (BWI). </p>,"<p>HeadLine : Near Ripken Stadium</p><p>Location : When you stay at Travelodge by Wyndham Aberdeen in Aberdeen, you ll be in the business district, within a 5-minute drive of Cal Ripken Museum and Ripken Stadium.  This hotel is 4.4 mi (7.2 km) from Kirk U.S. Army Health Clinic and 5.8 mi (9.4 km) from Mount Felix Vineyard & Winery.</p><p>Rooms : Make yourself at home in one of the 61 guestrooms featuring refrigerators and LED televisions. Complimentary wireless Internet access keeps you connected, and satellite programming is available for your entertainment. Private bathrooms with bathtubs or showers feature complimentary toiletries and hair dryers. Conveniences include safes and desks, as well as phones with free local calls.</p><p>Dining : Enjoy American cuisine at Grumpy Bar and Grill, a restaurant which features a bar/lounge and a pool view. You can also stay in and take advantage of the room service.</p><p>CheckIn Instructions : <ul>  <li>Extra-person charges may apply and vary depending on property policy</li><li>Government-issued photo identification and a credit card, debit card, or cash deposit may be required at check-in for incidental charges</li><li>Special requests are subject to availability upon check-in and may incur additional charges; special requests cannot be guaranteed</li><li>This property accepts credit cards; cash is not accepted</li><li>Safety features at this property include a fire extinguisher, a smoke detector, a security system, and a first aid kit</li>  </ul></p><p>Special Instructions : This property offers transfers from the train station (surcharges may apply). Guests must contact the property with arrival details before travel, using the contact information on the booking confirmation. Front desk staff will greet guests on arrival.</p>",1-410-272-0034,Dry cleaning/laundry service Shopping on site Train station pickup (surcharge) Free long-term parking Uncovered parking Casino nearby Wheelchair accessible (may have limitations) Free RV  bus  truck parking Vending machine Express check-in Wheelchair-accessible van parking Nightclub Swimming pool Wheelchair-accessible registration desk Television in common areas Free WiFi Number of bars/lounges - 1 Designated smoking areas Braille or raised signage Well-lit path to entrance In-room accessibility (in select rooms) Wheelchair accessible parking Stair-free path to entrance Free newspapers in lobby Accessible bathroom (in select rooms) Boat tours nearby Luggage storage Wheelchair-accessible on-site restaurant Golf lessons available nearby Grocery/convenience store Coin laundry on site Multilingual staff Business center 24-hour front desk Water dispenser Golfing nearby Outdoor seasonal pool Safe-deposit box at front desk Coffee/tea in common areas Laundry facilities Children's pool Kayaking nearby Free self parking ATM/banking,39.523422|-76.19002,1-410-2725500,21001,https://www.wyndhamhotels.com/travelodge/aberdeen-maryland/travelodge-hotel-aberdeen/overview
US,United States,100114,"Aberdeen,   Maryland",1362212,Hilton Garden Inn Aberdeen,ThreeStar,1050 Beards Hill Rd AberdeenMaryland 21001 ,Distances are displayed to the nearest 0.1 mile and kilometer. <br /> <p>Cal Ripken Museum - 2.4 km / 1.5 mi <br /> Ripken Stadium - 2.8 km / 1.7 mi <br /> Kirk U.S. Army Health Clinic - 5.9 km / 3.7 mi <br /> Bulle Rock Golf Course - 8.1 km / 5.1 mi <br /> Mount Felix Vineyard & Winery - 8.6 km / 5.3 mi <br /> Harford Memorial Hospital - 9.9 km / 6.2 mi <br /> Harford Community College - 10.3 km / 6.4 mi <br /> Havre de Grace Decoy Museum - 10.6 km / 6.6 mi <br /> Susquehanna Museum at the Lock House - 10.6 km / 6.6 mi <br /> Havre de Grace Maritime Museum - 10.6 km / 6.6 mi <br /> Havre de Grace Promenade - 10.6 km / 6.6 mi <br /> Concord Point Lighthouse - 10.6 km / 6.6 mi <br /> Millard Tydings Memorial Park - 10.9 km / 6.8 mi <br /> Susquehanna State Park - 11.3 km / 7 mi <br /> Cedar Lane Regional Park - 11.5 km / 7.2 mi <br /> </p><p>The nearest airports are:<br />Baltimore Washington Intl. Airport (BWI) - 65.9 km / 40.9 mi<br /> Baltimore  MD (MTN-Martin State) - 39.9 km / 24.8 mi<br /> </p><p>The preferred airport for Hilton Garden Inn Aberdeen is Baltimore Washington Intl. Airport (BWI). </p>,"<p>HeadLine : Near Ripken Stadium</p><p>Location : When you stay at Hilton Garden Inn Aberdeen in Aberdeen, you ll be on the Strip, within a 5-minute drive of Cal Ripken Museum and Ripken Stadium.  This hotel is 3.7 mi (5.9 km) from Kirk U.S. Army Health Clinic and 5.1 mi (8.1 km) from Bulle Rock Golf Course.</p><p>Rooms : Make yourself at home in one of the 96 guestrooms featuring refrigerators and microwaves. Wired and wireless Internet access is complimentary, while 42-inch LCD televisions with satellite programming provide entertainment. Private bathrooms have complimentary toiletries and hair dryers. Conveniences include laptop-compatible safes and complimentary weekday newspapers, as well as phones with free local calls.</p><p>Dining : Satisfy your appetite for dinner at The Great American Grill, a restaurant which specializes in American cuisine, or stay in and take advantage of the room service (during limited hours). Quench your thirst with your favorite drink at the bar/lounge. To-go breakfasts are served on weekdays from 6:00 AM to 9:00 AM for a fee.</p><p>CheckIn Instructions : <ul>  <li>Extra-person charges may apply and vary depending on property policy</li><li>Government-issued photo identification and a credit card may be required at check-in for incidental charges</li><li>Special requests are subject to availability upon check-in and may incur additional charges; special requests cannot be guaranteed</li><li>This property accepts credit cards and debit cards; cash is not accepted</li>  </ul></p><p>Special Instructions : Front desk staff will greet guests on arrival.</p>",1-410-272-1077,Dry cleaning/laundry service Number of meeting rooms - 4 Conference space size (meters) - 144 Swimming pool Free wired Internet Free WiFi Number of bars/lounges - 1 Assistive listening devices available Number of indoor pools - 1 In-room accessibility (in select rooms) Wheelchair accessible parking Roll-in shower (in select rooms) Accessible bathroom (in select rooms) Fireplace in lobby Wheelchair-accessible lounge Wheelchair-accessible on-site restaurant Multilingual staff Breakfast available (surcharge) Wheelchair-accessible meeting spaces/business center Laundry facilities elevator Fitness facilities Banquet hall Wheelchair accessible (may have limitations) Wheelchair-accessible concierge desk Express check-in Wheelchair-accessible van parking Wheelchair-accessible path to elevator Wheelchair-accessible registration desk Stair-free path to entrance Free newspapers in lobby Luggage storage Express check-out Grocery/convenience store Business center 24-hour front desk Safe-deposit box at front desk Smoke-free property Snack bar/deli Free self parking Conference space Computer station Conference space size (feet) - 1600 Concierge services Wheelchair-accessible fitness center Wheelchair-accessible public washroom Well-lit path to entrance 24-hour business center,39.52091|-76.18513,+14102721777,21001,http://hiltongardeninn.hilton.com/en/gi/hotels/index.jhtml?ctyhocn=BWIABGI
US,United States,100114,"Aberdeen,   Maryland",1524614,Hampton Inn & Suites By Hilton Baltimore aberdeen Md,TwoStar,795 West Bel Air Avenue AberdeenMaryland 21001 ,Distances are displayed to the nearest 0.1 mile and kilometer. <br /> <p>Ripken Stadium - 2.4 km / 1.5 mi <br /> Cal Ripken Museum - 2.9 km / 1.8 mi <br /> Kirk U.S. Army Health Clinic - 7 km / 4.3 mi <br /> Mount Felix Vineyard & Winery - 9.2 km / 5.7 mi <br /> Bulle Rock Golf Course - 9.9 km / 6.2 mi <br /> Harford Memorial Hospital - 10.6 km / 6.6 mi <br /> Harford Community College - 11 km / 6.8 mi <br /> Havre de Grace Decoy Museum - 11.2 km / 6.9 mi <br /> Susquehanna Museum at the Lock House - 11.2 km / 7 mi <br /> Havre de Grace Maritime Museum - 11.3 km / 7 mi <br /> Havre de Grace Promenade - 11.3 km / 7 mi <br /> Concord Point Lighthouse - 11.3 km / 7 mi <br /> Millard Tydings Memorial Park - 11.6 km / 7.2 mi <br /> Cedar Lane Regional Park - 12.1 km / 7.5 mi <br /> Susquehanna State Park - 12.2 km / 7.6 mi <br /> </p><p>The nearest airports are:<br />Baltimore Washington Intl. Airport (BWI) - 66.5 km / 41.3 mi<br /> Baltimore  MD (MTN-Martin State) - 40.6 km / 25.2 mi<br /> </p><p>The preferred airport for Hampton Inn & Suites Baltimore/Aberdeen is Baltimore Washington Intl. Airport (BWI). </p>,"<p>HeadLine : Near Ripken Stadium</p><p>Location : With a stay at Hampton Inn & Suites Baltimore/Aberdeen in Aberdeen, you ll be within a 5-minute drive of Cal Ripken Museum and Ripken Stadium.  This hotel is 4.3 mi (7 km) from Kirk U.S. Army Health Clinic and 5.7 mi (9.2 km) from Mount Felix Vineyard & Winery.</p><p>Rooms : Make yourself at home in one of the 92 individually furnished guestrooms, featuring refrigerators and LCD televisions. Complimentary wired and wireless Internet access is available. Conveniences include laptop-compatible safes and desks, as well as phones with free local calls.</p><p>Dining : A complimentary buffet breakfast is served daily from 6:00 AM to 10:00 AM.</p><p>CheckIn Instructions : <ul>  <li>Extra-person charges may apply and vary depending on property policy</li><li>Government-issued photo identification and a credit card, debit card, or cash deposit may be required at check-in for incidental charges</li><li>Special requests are subject to availability upon check-in and may incur additional charges; special requests cannot be guaranteed</li><li>This property accepts credit cards and debit cards; cash is not accepted</li><li>Safety features at this property include a carbon monoxide detector and a smoke detector</li>  </ul></p><p>Special Instructions : Front desk staff will greet guests on arrival.</p>",1-410-273-0203,Stair-free path to entrance Roll-in shower (in select rooms) Accessible bathroom (in select rooms) Free Buffet Breakfast Luggage storage Free breakfast Business center 24-hour front desk Daily Wheelchair-accessible meeting spaces/business center Safe-deposit box at front desk Coffee/tea in common areas Designated smoking areas (fines apply) Laundry facilities elevator Free self parking Fitness facilities Conference space Tennis on site Conference space size (feet) - 912 Concierge services Dry cleaning/laundry service Wheelchair accessible (may have limitations) Wheelchair-accessible van parking Meeting rooms Wheelchair-accessible path to elevator Conference space size (meters) - 85 Swimming pool Wheelchair-accessible registration desk Wheelchair-accessible fitness center Free WiFi Wheelchair-accessible pool Golfing on site Designated smoking areas Well-lit path to entrance Number of indoor pools - 1 In-room accessibility (in select rooms) Wheelchair accessible parking,39.522846|-76.188705,+14102730202,21001,http://hamptoninn3.hilton.com/en/hotels/maryland/h
US,United States,100330,"Aberdeen,   Mississippi",1320375,Americas Best Value Inn And Suites Aberdeen,TwoStar,801 East Commerce Street AberdeenMississippi 39730United States ,Distances are displayed to the nearest 0.1 mile and kilometer. <br /> <p>Monroe Regional Hospital - 1.9 km / 1.2 mi <br /> Merit Health Medical Group Hamilton - 14.5 km / 9 mi <br /> Gilmore Hospital - 14.8 km / 9.2 mi <br /> Amory Regional Museum - 24.4 km / 15.2 mi <br /> River Birch Golf Club - 24.8 km / 15.4 mi <br /> Amory Golf Course - 28.4 km / 17.6 mi <br /> Columbus Air Force Base - 37.2 km / 23.1 mi <br /> Old Waverly - 39.4 km / 24.5 mi <br /> Baptist Memorial Hosptial-Golden Triangle - 40.7 km / 25.3 mi <br /> Leigh Mall Shopping Center - 41 km / 25.4 mi <br /> Tennessee Williams Welcome Center - 43.1 km / 26.8 mi <br /> Columbus Arts Council - Rosenzweig Arts Center - 43.3 km / 26.9 mi <br /> Waverly Mansion - 43.8 km / 27.2 mi <br /> Mississippi University for Women - 44.3 km / 27.5 mi <br /> Mississippi School for Mathematics and Science - 44.3 km / 27.5 mi <br /> </p><p>The preferred airport for Americas Best Value Inn and Suites Aberdeen is Columbus  MS (GTR-Golden Triangle Regional) - 60.9 km / 37.8 mi </p>,"<p>HeadLine : Near Monroe Regional Hospital</p><p>Location : Located in Aberdeen, Americas Best Value Inn and Suites Aberdeen is a 2-minute drive from Monroe Regional Hospital and 10 minutes from Merit Health Medical Group Hamilton.  This motel is 9.2 mi (14.8 km) from Gilmore Hospital and 15.2 mi (24.4 km) from Amory Regional Museum.</p><p>Rooms : Make yourself at home in one of the 45 air-conditioned rooms featuring refrigerators and microwaves. Complimentary wireless Internet access keeps you connected, and cable programming is available for your entertainment. Partially open bathrooms with shower/tub combinations feature complimentary toiletries and hair dryers. Conveniences include coffee/tea makers and fans, as well as phones with free local calls.</p><p>Dining : At Americas Best Value Inn and Suites Aberdeen, enjoy a satisfying meal at the restaurant. For your convenience, a complimentary breakfast is served daily.</p><p>CheckIn Instructions : <ul>  <li>Extra-person charges may apply and vary depending on property policy</li><li>Government-issued photo identification and a credit card, debit card, or cash deposit may be required at check-in for incidental charges</li><li>Special requests are subject to availability upon check-in and may incur additional charges; special requests cannot be guaranteed</li><li>This property accepts credit cards, debit cards, and cash</li>  </ul></p><p>Special Instructions : Front desk staff will greet guests on arrival.</p>",1-662-369-9222,elevator Free self parking Conference space Wheelchair accessible path of travel Conference space size (feet) - 2800 Vending machine Free breakfast Business center Number of meeting rooms - 2 Conference space size (meters) - 260 24-hour front desk Swimming pool Television in common areas Free WiFi Designated smoking areas Daily Outdoor seasonal pool Safe-deposit box at front desk Coffee/tea in common areas Laundry facilities,33.81807|-88.52895,1-662-3694343,39730,http://www.americasbestvalueinn.com/bestv.cfm?idp=1972
US,United States,100331,"Aberdeen,   North Carolina",1177085,Hampton Inn & Suites Southern Pines Pinehurst,TwoStar,200 Columbus Drive AberdeenNorth Carolina 28315 ,Distances are displayed to the nearest 0.1 mile and kilometer. <br /> <p>Pinecrest Plaza - 3.7 km / 2.3 mi <br /> Pinehurst No. 9 - 4.3 km / 2.7 mi <br /> Southern Pines Golf Club - 4.4 km / 2.7 mi <br /> Hyland Hills Golf Club - 4.8 km / 3 mi <br /> Malcolm Blue Farm - 5.3 km / 3.3 mi <br /> Pinehurst Harness Track - 6.8 km / 4.2 mi <br /> Pinehurst Resort - 7.2 km / 4.5 mi <br /> Pine Needles Golf Club - 7.2 km / 4.5 mi <br /> Mid Pines Golf Club - 7.7 km / 4.8 mi <br /> FirstHealth Moore Regional Hospital - 7.8 km / 4.9 mi <br /> Legacy Golf Links - 8.4 km / 5.2 mi <br /> Pinehurst Lake - 8.5 km / 5.3 mi <br /> Seagrove Pottery of the Sandhills - 8.7 km / 5.4 mi <br /> Talamore Golf Resort - 8.8 km / 5.5 mi <br /> The Carolina Golf Course - 8.8 km / 5.5 mi <br /> </p><p>The preferred airport for Hampton Inn & Suites Southern Pines-Pinehurst is Raleigh-Durham International Airport (RDU) - 115.4 km / 71.7 mi </p>,"<p>HeadLine : Near Southern Pines Golf Club</p><p>Location : A stay at Hampton Inn & Suites Southern Pines-Pinehurst places you in the heart of Aberdeen, within a 5-minute drive of Pinehurst No. 9 and Pinecrest Plaza.  This hotel is 4.5 mi (7.2 km) from Pinehurst Resort and 2.8 mi (4.4 km) from Southern Pines Golf Club.</p><p>Rooms : Stay in one of 103 guestrooms featuring flat-screen televisions. Your pillowtop bed comes with premium bedding. Premium TV channels and video-game consoles are provided for your entertainment, while complimentary wired Internet access keeps you connected. Private bathrooms have complimentary toiletries and hair dryers.</p><p>Dining : Take advantage of the hotel s room service (during limited hours). Mingle with other guests at the complimentary reception, held on select days. A complimentary full breakfast is served daily from 7:00 AM to 10:00 AM.</p><p>CheckIn Instructions : <ul>  <li>Extra-person charges may apply and vary depending on property policy</li><li>Government-issued photo identification and a credit card, debit card, or cash deposit may be required at check-in for incidental charges</li><li>Special requests are subject to availability upon check-in and may incur additional charges; special requests cannot be guaranteed</li><li>Minimum Spring Break check-in age is 18 years old</li><li>This property accepts credit cards, debit cards, and cash</li><li>Please note that cultural norms and guest policies may differ by country and by property; the policies listed are provided by the property</li>  </ul></p><p>Special Instructions : Front desk staff will greet guests on arrival.</p>",1-910-693-4329,Dry cleaning/laundry service Shopping on site Free full breakfast Free reception Number of meeting rooms - 5 Conference space size (meters) - 589 Free WiFi Braille or raised signage Number of indoor pools - 1 In-room accessibility (in select rooms) Wheelchair accessible parking Roll-in shower (in select rooms) Accessible bathroom (in select rooms) Fireplace in lobby Wheelchair-accessible on-site restaurant No accessible shuttle Free breakfast Golf lessons available nearby Daily Wheelchair-accessible meeting spaces/business center Coffee/tea in common areas Laundry facilities elevator Fitness facilities Wheelchair accessible (may have limitations) Wheelchair accessible Ballroom Wheelchair-accessible concierge desk Express check-in Wheelchair-accessible van parking Wheelchair-accessible path to elevator Wheelchair-accessible registration desk Television in common areas Wheelchair-accessible fitness center Wheelchair-accessible pool Well-lit path to entrance Stair-free path to entrance Free newspapers in lobby Luggage storage Express check-out Business center 24-hour front desk Golfing nearby Safe-deposit box at front desk Hiking/biking trails nearby Free self parking Conference space Conference space size (feet) - 6540 24-hour business center,35.156906|-79.42177,+19106934330,28315,http://hamptoninn3.hilton.com/en/hotels/location/S
US,United States,100331,"Aberdeen,   North Carolina",1306619,Super 8 By Wyndham Aberdeen Southern Pines,TwoStar,1408 N Sandhills Blvd AberdeenNorth Carolina 28315-2302 ,Distances are displayed to the nearest 0.1 mile and kilometer. <br /> <p>Pinecrest Plaza - 3.6 km / 2.2 mi <br /> Hyland Hills Golf Club - 4.1 km / 2.5 mi <br /> Malcolm Blue Farm - 4.1 km / 2.6 mi <br /> Pinehurst No. 9 - 4.3 km / 2.7 mi <br /> Southern Pines Golf Club - 3.7 km / 2.3 mi <br /> Pine Needles Golf Club - 6.3 km / 3.9 mi <br /> Mid Pines Golf Club - 7 km / 4.3 mi <br /> Legacy Golf Links - 7.2 km / 4.5 mi <br /> Pinehurst Harness Track - 7.4 km / 4.6 mi <br /> FirstHealth Moore Regional Hospital - 8.5 km / 5.3 mi <br /> Seagrove Pottery of the Sandhills - 8.6 km / 5.3 mi <br /> Pinehurst Lake - 8.9 km / 5.5 mi <br /> Pinehurst Resort - 9.1 km / 5.6 mi <br /> The Carolina Golf Course - 9.2 km / 5.7 mi <br /> Talamore Golf Resort - 9.7 km / 6.1 mi <br /> </p><p>The preferred airport for Super 8 by Wyndham Aberdeen Southern Pines is Raleigh-Durham International Airport (RDU) - 114.8 km / 71.3 mi </p>,"<p>HeadLine : Near Malcolm Blue Farm</p><p>Location : With a stay at Super 8 by Wyndham Aberdeen Southern Pines in Aberdeen, you ll be within a 5-minute drive of Pinehurst No. 9 and Pinecrest Plaza.  This motel is 2.3 mi (3.7 km) from Southern Pines Golf Club and 2.5 mi (4.1 km) from Malcolm Blue Farm.</p><p>Rooms : Stay in one of 80 guestrooms featuring flat-screen televisions. Complimentary wireless Internet access keeps you connected, and cable programming is available for your entertainment. Private bathrooms with shower/tub combinations feature complimentary toiletries and hair dryers. Conveniences include desks and coffee/tea makers, as well as phones with free local calls.</p><p>CheckIn Instructions : <ul>  <li>Extra-person charges may apply and vary depending on property policy</li><li>Government-issued photo identification and a credit card, debit card, or cash deposit may be required at check-in for incidental charges</li><li>Special requests are subject to availability upon check-in and may incur additional charges; special requests cannot be guaranteed</li><li>Safety features at this property include a smoke detector</li><li>Be prepared: check the latest COVID-19 travel requirements and measures in place for this destination before you travel.</li>  </ul></p><p>Special Instructions : Front desk staff will greet guests on arrival.</p>",1-910-944-1101,Picnic area Terrace Coffee/tea in common areas No elevator (single level property) Fitness facilities Designated smoking areas Wheelchair accessible (may have limitations) 24-hour front desk Laundry facilities Business center Uncovered parking Accessible bathroom Free self parking Free WiFi Wheelchair accessible parking In-room accessibility Wheelchair-accessible van parking Braille or raised signage Swimming pool Outdoor seasonal pool Wheelchair-accessible registration desk,35.151279|-79.41757,1-910-637-0128,28315,http://www.super8.com/hotels/north-carolina/aberdeen/super-8-aberdeen-southern-pines/hotel-overview
US,United States,100331,"Aberdeen,   North Carolina",1338536,Quality Inn Pinehurst Area,TwoStar,1405 North Sandhills Boulevard 28315 Aberdeen ,Distances are displayed to the nearest 0.1 mile and kilometer. <br /> <p>Southern Pines Golf Club - 3.8 km / 2.3 mi <br /> Hyland Hills Golf Club - 4.2 km / 2.6 mi <br /> Pinecrest Plaza - 4.3 km / 2.6 mi <br /> Malcolm Blue Farm - 4.4 km / 2.7 mi <br /> Pinehurst No. 9 - 4.9 km / 3 mi <br /> Pine Needles Golf Club - 6.4 km / 4 mi <br /> Mid Pines Golf Club - 6.9 km / 4.3 mi <br /> Pinehurst Harness Track - 7.2 km / 4.5 mi <br /> Legacy Golf Links - 7.3 km / 4.5 mi <br /> Pinehurst Resort - 7.6 km / 4.7 mi <br /> Talamore Golf Resort - 8 km / 5 mi <br /> Reservoir Park - 8.1 km / 5 mi <br /> FirstHealth Moore Regional Hospital - 8.2 km / 5.1 mi <br /> Seagrove Pottery of the Sandhills - 8.7 km / 5.4 mi <br /> Pinehurst Lake - 9 km / 5.6 mi <br /> </p><p>The preferred airport for Quality Inn Pinehurst Area is Fayetteville Regional Airport (FAY) - 64.6 km / 40.2 mi </p>,"<p>HeadLine : Near Malcolm Blue Farm</p><p>Location : Located in Aberdeen, Quality Inn Pinehurst Area is within a 5-minute drive of Pinehurst No. 9 and Pinecrest Plaza.  This hotel is 4.7 mi (7.6 km) from Pinehurst Resort and 2.3 mi (3.6 km) from Southern Pines Golf Club.</p><p>Rooms : Make yourself at home in one of the 90 air-conditioned rooms featuring refrigerators and microwaves. Your pillowtop bed comes with down comforters and premium bedding. Complimentary wireless Internet access keeps you connected, and cable programming is available for your entertainment. Private bathrooms with shower/tub combinations feature complimentary toiletries and hair dryers.</p><p>Dining : A complimentary continental breakfast is served on weekdays from 6:00 AM to 9:00 AM.</p><p>CheckIn Instructions : <ul>  <li>Extra-person charges may apply and vary depending on property policy</li><li>Government-issued photo identification and a credit card may be required at check-in for incidental charges</li><li>Special requests are subject to availability upon check-in and may incur additional charges; special requests cannot be guaranteed</li><li>This property accepts credit cards; cash is not accepted</li><li>Only bookings from non-local guests are accepted; guests whose residence is within 30 mi (48 km) of the property will not be allowed to check in</li>  </ul></p><p>Special Instructions : Front desk staff will greet guests on arrival.</p>",1-910-944-7155,Wheelchair accessible (may have limitations) Vending machine Pool umbrellas Swimming pool Free WiFi Pool sun loungers Wheelchair-accessible pool Braille or raised signage Well-lit path to entrance Picnic area In-room accessibility (in select rooms) Wheelchair accessible parking Roll-in shower (in select rooms) Accessible bathroom (in select rooms) Free continental breakfast Free breakfast Business center 24-hour front desk Barbecue grill(s) Outdoor seasonal pool Smoke-free property Laundry facilities Free self parking Fitness facilities,35.152233|-79.41738,+19107570321,28315,https://www.choicehotels.com/north-carolina/aberdeen/quality-inn-hotels/nc557?source=gyxt
US,United States,100331,"Aberdeen,   North Carolina",1561072,TownePlace Suites Southern Pines Aberdeen,TwoStar,205 Columbus Drive 28315 Aberdeen AberdeenNorth Carolina 28315 ,Distances are displayed to the nearest 0.1 mile and kilometer. <br /> <p>Pinecrest Plaza - 3.7 km / 2.3 mi <br /> Pinehurst No. 9 - 4.3 km / 2.7 mi <br /> Southern Pines Golf Club - 4.4 km / 2.7 mi <br /> Hyland Hills Golf Club - 4.8 km / 3 mi <br /> Malcolm Blue Farm - 5.3 km / 3.3 mi <br /> Pinehurst Harness Track - 6.8 km / 4.2 mi <br /> Pinehurst Resort - 7.2 km / 4.5 mi <br /> Pine Needles Golf Club - 7.2 km / 4.5 mi <br /> Mid Pines Golf Club - 7.7 km / 4.8 mi <br /> FirstHealth Moore Regional Hospital - 7.8 km / 4.8 mi <br /> Legacy Golf Links - 8.4 km / 5.2 mi <br /> Pinehurst Lake - 8.5 km / 5.3 mi <br /> Seagrove Pottery of the Sandhills - 8.7 km / 5.4 mi <br /> The Carolina Golf Course - 8.8 km / 5.4 mi <br /> Talamore Golf Resort - 8.8 km / 5.4 mi <br /> </p><p>The preferred airport for Towneplace Suites Southern Pines Aberdeen is Fayetteville Regional Airport (FAY) - 65.7 km / 40.8 mi </p>,"<p>HeadLine : Near Southern Pines Golf Club</p><p>Location : With a stay at Towneplace Suites Southern Pines Aberdeen in Aberdeen, you ll be within a 5-minute drive of Pinehurst No. 9 and Pinecrest Plaza.  This hotel is 4.5 mi (7.2 km) from Pinehurst Resort and 2.8 mi (4.4 km) from Southern Pines Golf Club.</p><p>Rooms : Make yourself at home in one of the 89 air-conditioned rooms featuring kitchenettes with full-sized refrigerators/freezers and stovetops. Wired and wireless Internet access is complimentary, while 32-inch Smart televisions with digital programming provide entertainment. Conveniences include phones, as well as microwaves and coffee/tea makers.</p><p>Dining : A complimentary buffet breakfast is served daily.</p><p>CheckIn Instructions : <ul>  <li>Extra-person charges may apply and vary depending on property policy</li><li>Government-issued photo identification and a credit card, debit card, or cash deposit may be required at check-in for incidental charges</li><li>Special requests are subject to availability upon check-in and may incur additional charges; special requests cannot be guaranteed</li><li>This property accepts credit cards; cash is not accepted</li>  </ul></p><p>Special Instructions : Front desk staff will greet guests on arrival.</p>",1-910-246-1744,Dry cleaning/laundry service Uncovered parking Wheelchair accessible (may have limitations) Comprehensive recycling policy No single-use plastic straws No single-use plastic stirrers Swimming pool Free wired Internet Wheelchair-accessible registration desk Wheelchair-accessible fitness center Free WiFi Wheelchair-accessible pool Braille or raised signage Number of outdoor pools - 1 Well-lit path to entrance Assistive listening devices available Change of towels (on request) Picnic area In-room accessibility (in select rooms) Internet access in public areas - high speed Wheelchair accessible parking Free newspapers in lobby Roll-in shower (in select rooms) Accessible bathroom (in select rooms) 24-hour fitness facilities Free Buffet Breakfast Comprehensive food waste policy Energy-saving features in guest rooms Water-efficient toilets only Free breakfast Visual alarms in hallways 24-hour front desk Daily Barbecue grill(s) Safe-deposit box at front desk Smoke-free property Coffee/tea in common areas Laundry facilities elevator Free self parking Fitness facilities Wheelchair accessible path of travel 24-hour business center,35.156464|-79.42178,+19102465080,28315,http://www.marriott.com/hotels/travel/faysp-towneplace-suites-southern-pines-aberdeen/
