countyCode,countyName,cityCode,cityName,HotelCode,HotelName,HotelRating,Address,Attractions,Description,FaxNumber,HotelFacilities,Map,PhoneNumber,PinCode,HotelWebsiteUrl
VI,Virgin Islands (USA),114615,Charlotte Amalie,1044281,Midtown Guest House,All,1B Commandant Gade  ,,"Located at Charlotte Amalie district, Midtown Guest House is a property that offers its guests comfortable accommodations with free Wi-Fi access throughout.

The rooms at Midtown Guest House are air conditioned and feature cable TV and a wardrobe. The bathrooms have showers.

Guests will be able to find a variety of restaurants within a 5-minute walk.

Saint Thomas city centre is 5 minutes walk from Midtown Guest House, as well as the ferry dock terminal. Cyril E. King Airport is 4.4 km away. Please inform Midtown Guest House in advance of your expected arrival time. You can use the Special Requests box when booking, or contact the property directly with the contact details provided in your confirmation.
Guests are required to show a photo identification and credit card upon check-in. Please note that all Special Requests are subject to availability and additional charges may apply.
This property will not accommodate hen, stag or similar parties.
In response to Coronavirus (COVID-19), additional safety and sanitation measures are in effect at this property.
Due to Coronavirus (COVID-19), this property is taking steps to help protect the safety of guests and staff. Certain services and amenities may be reduced or unavailable as a result.
In accordance with government guidelines to minimise transmission of the Coronavirus (COVID-19), this property may request additional documentation from guests to validate identity, travel itinerary and other relevant information, during dates where such guidelines exist.
Due to Coronavirus (COVID-19), this property adheres to strict physical distancing measures.
Due to Coronavirus (COVID-19), please ensure that you are only booking this property following the local government guidelines of the destination, including but not limited to the purpose of travel, and maximum allowed group size.
Due to Coronavirus (COVID-19), wearing a face mask is mandatory in all indoor common areas.
It is not possible to stay at this property for Coronavirus (COVID-19) quarantine purposes.",+1(0)3407769157,invoice provided thermometers for guests provided by property face masks for guests available Parking Bar Garden Terrace Non-smoking rooms Business centre Free parking internet services wifi Free WiFi Non-smoking throughout Air conditioning designated smoking area Snack Bar vending machine (drinks) shared lounge/TV area Daily housekeeping parking on site Private parking wifi available in all areas Street parking Outdoor furniture Key access Smoke alarms CCTV in common areas CCTV outside property Fire extinguishers use of cleaning chemicals that are effective against coronavirus linens  towels and laundry washed in accordance with local authority guidelines guest accommodation is disinfected between stays guest accommodation sealed after cleaning staff follow all safety protocols as directed by local authorities hand sanitizer in guest accommodation and key areas first aid kit available cashless payment available physical distancing rules followed screens or physical barriers placed between staff and guests in appropriate areas,18.34245|-64.93119,+1(0)3407769157,00802,https://www.booking.com/hotel/vi/midtown-guest-house.html
VI,Virgin Islands (USA),114615,Charlotte Amalie,1053377,Marriott Frenchmans Reef and Morning Star Beach Resort,FiveStar,ESTATE BAKKEROE PO Box 306864 ST. THOMAS ,,"This stylish and exclusive hotel enjoys a spectacular location right on Morningstar Beach in St. Thomas. Attractions such as Blackbeard's Castle and 99 Steps are just ten minutes away by car in Charlotte Amalie, and the Coral World Ocean Park is just 15 minutes from the hotel. Guests are sure to feel pampered in the bright and elegantly decorated rooms with a traditional Caribbean theme to match the island's ambiance. Each room features state-of-the-art technology, Bath and Body Works toiletries, plump, cosy beds and tropical island or sea views. Guests might choose to dine on regional dishes in the refined Havana Blue Restaurant or enjoy tapas and Mexican dishes in the oceanfront lounge. There are also four bars, a coffee house and a deli serving refreshing drinks and gourmet snacks, and for guest leisure the hotel boasts three outdoor pools, a splash zone for children, and a spa with sauna, plunge pools and massages.",001 340715 6191,Jet ski Motor board ride Diving Windsurfing Sailing Catamaran sailing Canoeing Table tennis Volleyball Beach volleyball Tennis Pub Sauna Hot tub Massage Spa treatments Hairdressing salon Beauty salon Spa centre Breakfast Breakfast buffet Continental Breakfast Set menu lunch Buffet dinner Special dietary options Aqua fit Waterskiing Hotel American Express JCB Diners Club MasterCard Visa Bathroom Shower Bathtub Hairdryer Bathrobes Direct dial telephone TV Cable TV Radio Pay movies Alarm clock Kitchen Minibar Fridge Microwave Ironing set Carpeted floors Centrally regulated air conditioning Individually adjustable air conditioning Central heating Safe Balcony Wake-up service Desk Transfer service Room service Laundry service Launderette Babysitting service Air conditioning in public areas Shop Garden Sun terrace Gym Newspapers Bar Restaurant Non-smoking area Highchairs Poolside snack bar Conference room Business centre Sun loungers Parasols Kids club Entertainment programme for children,18.320964|-64.921268,3407156191,00802,http://www.marriott.com/hotels/travel/sttfr-frenchmans-reef-and-morning-star-marriott-beach-resort/
VI,Virgin Islands (USA),114615,Charlotte Amalie,1053384,Emerald Beach Resort,ThreeStar,8070 Lindbergh Bay St. Thomas 00802 ,Distances are displayed to the nearest 0.1 mile and kilometer. <br /> <p>Lindbergh Bay - 0.1 km / 0.1 mi <br /> Lindberg Beach - 0.3 km / 0.2 mi <br /> University of Virgin Islands - 1.5 km / 0.9 mi <br /> Brewers Bay Beach - 2.6 km / 1.6 mi <br /> Estate Hassel Island - 2.8 km / 1.7 mi <br /> Magic Ice Gallery - 3.3 km / 2.1 mi <br /> Honeymoon Beach - 3.6 km / 2.2 mi <br /> Cathedral of St. Peter and St. Paul - 3.6 km / 2.2 mi <br /> Emancipation Garden - 3.7 km / 2.3 mi <br /> St. Thomas Synagogue - 3.7 km / 2.3 mi <br /> Beracha Veshalom Vegimulth Hasidim Synagogue - 3.7 km / 2.3 mi <br /> Virgin Islands Legislature Building - 3.7 km / 2.3 mi <br /> Weibel Museum - 3.7 km / 2.3 mi <br /> Fort Christian - 3.7 km / 2.3 mi <br /> Hassel Island - 3.8 km / 2.3 mi <br /> </p><p>The nearest airports are:<br />Cyril E. King Airport (STT) - 1.5 km / 0.9 mi<br /> St. Thomas (SPB-St. Thomas Seaplane Base) - 2.6 km / 1.6 mi<br /> </p><p>The preferred airport for Emerald Beach Resort is Cyril E. King Airport (STT). </p>,"<p>HeadLine : Near Lindberg Beach</p><p>Location : With a stay at Emerald Beach Resort in St. Thomas, you ll be on the beach, within a 10-minute drive of Magens Bay Beach and Lindbergh Bay.  This beach hotel is 9.5 mi (15.3 km) from Sapphire Beach and 15.1 mi (24.2 km) from Virgin Islands National Park.</p><p>Rooms : Make yourself at home in one of the 90 individually decorated guestrooms, featuring refrigerators and flat-screen televisions. Rooms have private balconies. Complimentary wireless Internet access keeps you connected, and digital programming is available for your entertainment. Private bathrooms with shower/tub combinations feature complimentary toiletries and hair dryers.</p><p>Dining : Satisfy your appetite with Caribbean cuisine at Caribbean Fusion, one of the hotel s 2 restaurants. Relax with your favorite drink at the bar/lounge or the beach bar. Continental breakfasts are available daily from 7:00 AM to 10:30 AM for a fee.</p><p>CheckIn Instructions : <ul>  <li>Extra-person charges may apply and vary depending on property policy</li><li>Government-issued photo identification and a credit card, debit card, or cash deposit may be required at check-in for incidental charges</li><li>Special requests are subject to availability upon check-in and may incur additional charges; special requests cannot be guaranteed</li><li>This property accepts credit cards; cash is not accepted</li><li>Please note that cultural norms and guest policies may differ by country and by property; the policies listed are provided by the property</li>  </ul></p><p>Special Instructions : Front desk staff will greet guests on arrival.</p>",1-340-776-3426,Smoke-free property Ecotours nearby Hiking/biking trails nearby Laundry facilities Kayaking nearby Free self parking Fitness facilities Conference space Snorkeling on site Computer station Concierge services Surfing/bodyboarding on site Dry cleaning/laundry service Wheelchair accessible (may have limitations) Newspapers in lobby (surcharge) Beach umbrellas Ziplining nearby Meeting rooms Sailing nearby Windsurfing nearby Scuba diving nearby Free WiFi Number of bars/lounges - 1 Number of outdoor pools - 1 Number of beach bars - 1 Upper floors accessible by stairs only Garden Picnic area In-room accessibility (in select rooms) Roll-in shower (in select rooms) Wedding services Accessible bathroom (in select rooms) 24-hour fitness facilities Boat tours nearby Luggage storage Business center Parasailing nearby 24-hour front desk Breakfast available (surcharge) Golfing nearby Safe-deposit box at front desk,18.336391|-64.963623,1-340-7778800,00802,http://www.emeraldbeach.com/
VI,Virgin Islands (USA),114615,Charlotte Amalie,1077343,Marriott's Frenchman's Cove,FourStar,7338 Estate Bakkeroe St. Thomas 00802 ,Distances are displayed to the nearest 0.1 mile and kilometer. <br /> <p>Frenchman s Bay - 0.1 km / 0.1 mi <br /> Pacquereau Bay - 0.1 km / 0.1 mi <br /> Morningstar Beach - 0.5 km / 0.3 mi <br /> Havensight Mall - 1.5 km / 0.9 mi <br /> Yacht Haven Grande Marina - 2.2 km / 1.4 mi <br /> Bluebeards Beach - 2.6 km / 1.6 mi <br /> Skyride to Paradise Point - 3 km / 1.9 mi <br /> Cathedral of St. Peter and St. Paul - 3.2 km / 2 mi <br /> Magic Ice Gallery - 3.2 km / 2 mi <br /> Emancipation Garden - 3.3 km / 2 mi <br /> St. Thomas Synagogue - 3.3 km / 2.1 mi <br /> Virgin Islands Legislature Building - 3.3 km / 2.1 mi <br /> Fort Christian - 3.3 km / 2.1 mi <br /> Hassel Island - 3.4 km / 2.1 mi <br /> Frederick Lutheran Church - 3.4 km / 2.1 mi <br /> </p><p>The nearest airports are:<br />Cyril E. King Airport (STT) - 8.7 km / 5.4 mi<br /> St. Thomas (SPB-St. Thomas Seaplane Base) - 4.9 km / 3.1 mi<br /> </p><p>The preferred airport for Marriott s Frenchman s Cove is Cyril E. King Airport (STT). </p>,"<p>HeadLine : Near Pacquereau Bay</p><p>Location : With a stay at Marriott s Frenchman s Cove in St. Thomas, you ll be on the beach, within a 10-minute drive of Magens Bay Beach and Frenchman s Bay.  This 4-star condominium resort is 7.3 mi (11.7 km) from Sapphire Beach and 10.5 mi (16.9 km) from Virgin Islands National Park.</p><p>Rooms : Make yourself at home in one of the 221 guestrooms, featuring kitchens with refrigerators and stovetops. Your pillowtop bed comes with down comforters and Egyptian cotton sheets. Rooms have private balconies. 43-inch flat-screen televisions with satellite programming provide entertainment, while complimentary wireless Internet access keeps you connected.</p><p>Dining : Enjoy American cuisine at Sunset Cove, a poolside restaurant which features a bar/lounge and an ocean view. Wrap up your day with a drink at the poolside bar. Full breakfasts are available daily from 8 AM to 11 AM for a fee.</p><p>CheckIn Instructions : <ul>  <li>Extra-person charges may apply and vary depending on property policy</li><li>Government-issued photo identification and a cash deposit may be required at check-in for incidental charges</li><li>Special requests are subject to availability upon check-in and may incur additional charges; special requests cannot be guaranteed</li><li>This property accepts credit cards, debit cards, and cash</li>  </ul></p><p>Special Instructions : Front desk staff will greet guests on arrival.</p>",340-693-4810,Gift shops or newsstand Dry cleaning/laundry service Wheelchair accessible (may have limitations) Wheelchair accessible Television in common areas Wheelchair-accessible fitness center Free WiFi Wheelchair-accessible pool Number of bars/lounges - 1 Health club Designated smoking areas Number of spa tubs - 1 Number of poolside bars - 1 Number of outdoor pools - 2 Picnic area In-room accessibility (in select rooms) Wheelchair accessible parking Free newspapers in lobby Roll-in shower (in select rooms) Accessible bathroom (in select rooms) Luggage storage Wheelchair-accessible on-site restaurant Express check-out Grocery/convenience store Visual alarms in hallways Multilingual staff Business center 24-hour front desk Breakfast available (surcharge) Barbecue grill(s) Safe-deposit box at front desk Snack bar/deli Laundry facilities Children's pool Sauna elevator Free self parking Fitness facilities Terrace ATM/banking Concierge services,18.323906|-64.92015,340-693-4800,00802-3011,
VI,Virgin Islands (USA),114615,Charlotte Amalie,1124761,The Island Beachcomber Hotel,ThreeStar,8071 Lindbergh Beach Road Saint Thomas 00802 ,Distances are displayed to the nearest 0.1 mile and kilometer. <br /> <p>Brewers Bay Beach - 2.5 km / 1.5 mi <br /> University of Virgin Islands - 2.7 km / 1.7 mi <br /> Magic Ice Gallery - 3.4 km / 2.1 mi <br /> Virgin Islands Legislature Building - 3.8 km / 2.3 mi <br /> Fort Christian - 3.8 km / 2.4 mi <br /> St. Thomas Synagogue - 3.8 km / 2.4 mi <br /> Beracha Veshalom Vegimulth Hasidim Synagogue - 3.8 km / 2.4 mi <br /> Emancipation Garden - 3.8 km / 2.4 mi <br /> Frederick Lutheran Church - 3.8 km / 2.4 mi <br /> 99 Steps - 4 km / 2.5 mi <br /> St. Thomas Historical Trust Museum - 4 km / 2.5 mi <br /> Seven Arches Museum - 4 km / 2.5 mi <br /> Haagensen House - 4.1 km / 2.6 mi <br /> Blackbeard's Castle - 4.2 km / 2.6 mi <br /> Lionel Roberts Stadium - 4.4 km / 2.7 mi <br /> </p><p>The nearest airports are:<br />St. Thomas (STT-Cyril E. King) - 1.4 km / 0.9 mi<br /> St. Thomas (SPB-St. Thomas Seaplane Base) - 2.7 km / 1.7 mi<br /> Tortola (EIS-Terrance B. Lettsome Intl.) - 57.1 km / 35.5 mi<br /> </p><p>The preferred airport for The Island Beachcomber Hotel is St. Thomas (STT-Cyril E. King). </p>,"<p><b>Property Location</b> <br />When you stay at The Island Beachcomber Hotel in St. Thomas, you'll be on the beach, within a 10-minute drive of Emancipation Garden and Fort Christian.  This beach hotel is 2.9 mi (4.7 km) from Blackbeard's Castle and 5.6 mi (9.1 km) from Magens Bay Park.</p><p><b>Rooms</b> <br />Make yourself at home in one of the 40 air-conditioned guestrooms. Rooms have private furnished balconies or patios. Cable television is provided for your entertainment. Bathrooms have showers and complimentary toiletries.</p><p><b>Amenities</b> <br />Take in the views from a garden and make use of amenities such as complimentary wireless Internet access and tour/ticket assistance.</p><p><b>Dining</b> <br />At The Island Beachcomber Hotel, enjoy a satisfying meal at the restaurant. Relax with your favorite drink at the bar/lounge or the beach bar. Cooked-to-order breakfasts are available daily from 7:30 AM to 10:30 AM for a fee.</p><p><b>Business, Other Amenities</b> <br />Featured amenities include luggage storage, a library, and a safe deposit box at the front desk. Free self parking is available onsite.</p>",1-340-7745615,Bar/lounge Beach bar Beach sun loungers Beach towels Breakfast available (surcharge) Designated smoking areas Free WiFi Free self parking Front desk (limited hours) Garden Library Luggage storage Number of buildings/towers - 3 Number of floors - 2 Restaurant Safe-deposit box at front desk Total number of rooms - 40 Tours/ticket assistance,18.336000443|-64.964508057,1-340-7745250,00802,http://www.islandbeachcomber.net/
VI,Virgin Islands (USA),114615,Charlotte Amalie,1172271,Sunset Gardens,TwoStar,11 4 Contant Crown Mountain Charlotte Amalie St. Thomas 00803US Virgin Islands ,Distances are displayed to the nearest 0.1 mile and kilometer. <br /> <p>Lindberg Beach - 2.5 km / 1.6 mi <br /> Lindbergh Bay - 2.5 km / 1.6 mi <br /> Crown Mountain - 2.8 km / 1.8 mi <br /> University of Virgin Islands - 2.9 km / 1.8 mi <br /> Estate Hassel Island - 2.9 km / 1.8 mi <br /> St. Thomas Synagogue - 3.2 km / 2 mi <br /> Beracha Veshalom Vegimulth Hasidim Synagogue - 3.3 km / 2 mi <br /> Cathedral of St. Peter and St. Paul - 3.3 km / 2 mi <br /> Magic Ice Gallery - 3.3 km / 2 mi <br /> St. Peter Greathouse Estate & Gardens - 3.5 km / 2.2 mi <br /> Emancipation Garden - 3.5 km / 2.2 mi <br /> Frederick Lutheran Church - 3.5 km / 2.2 mi <br /> 99 Steps - 3.5 km / 2.2 mi <br /> Brewers Bay Beach - 3.6 km / 2.2 mi <br /> Haagensen House - 3.6 km / 2.2 mi <br /> </p><p>The nearest airports are:<br />Cyril E. King Airport (STT) - 3.8 km / 2.4 mi<br /> St. Thomas (SPB-St. Thomas Seaplane Base) - 2.6 km / 1.6 mi<br /> </p><p>The preferred airport for Sunset Gardens Guesthouse is Cyril E. King Airport (STT). </p>,"<p>HeadLine : Near Lindberg Beach</p><p>Location : With a stay at Sunset Gardens Guesthouse in St. Thomas, you ll be near the airport, within a 10-minute drive of Magens Bay Beach and Lindbergh Bay.  This hotel is 10.2 mi (16.4 km) from Sapphire Beach and 15.1 mi (24.2 km) from Virgin Islands National Park.</p><p>Rooms : Make yourself at home in one of the 17 individually decorated guestrooms, featuring kitchenettes with full-sized refrigerators/freezers and stovetops. Complimentary wireless Internet access keeps you connected, and satellite programming is available for your entertainment. Conveniences include microwaves and coffee/tea makers, and housekeeping is provided weekly.</p><p>CheckIn Instructions : <ul>  <li>Extra-person charges may apply and vary depending on property policy</li><li>Government-issued photo identification and a credit card may be required at check-in for incidental charges</li><li>Special requests are subject to availability upon check-in and may incur additional charges; special requests cannot be guaranteed</li><li>Minimum Spring Break check-in age is 21 years old</li><li>This property accepts credit cards, debit cards, and cash</li><li>Safety features at this property include a carbon monoxide detector, a fire extinguisher, a smoke detector, and window guards</li>  </ul></p><p>Special Instructions : The front desk is open daily from 9 AM - 6 PM. To make arrangements for check-in please contact the property ahead of time using the information on the booking confirmation. If you are planning to arrive after 6:00 PM please contact the property in advance using the information on the booking confirmation. Guests must contact the property in advance for check-in instructions. Front desk staff will greet guests on arrival.</p>",1-340-7143478,Off-street parking Vending machine Wheelchair accessible  no Parking (limited spaces) Ziplining nearby Express check-out Parasailing nearby Front desk (limited hours) Sailing nearby Scooter/moped rentals nearby Windsurfing nearby Barbecue grill(s) Number of outdoor pools - 1 Golfing nearby Snorkeling nearby Water skiing nearby Smoke-free property Ecotours nearby Laundry facilities Surfing/bodyboarding nearby Tours/ticket assistance Kayaking nearby Free self parking,18.345096|-64.954547,1-340-7143755,00802,http://www.sunsetgardensvi.com
VI,Virgin Islands (USA),114615,Charlotte Amalie,1224285,Galleon House Bed Breakfast Inn,TwoStar,31 Kongen Gade Charlotte Amalie Charlotte AmalieSt. Thomas ,Distances are displayed to the nearest 0.1 mile and kilometer. <br /> <p>99 Steps - 0.1 km / 0.1 mi <br /> Emancipation Garden - 0.1 km / 0.1 mi <br /> Haagensen House - 0.2 km / 0.1 mi <br /> Beracha Veshalom Vegimulth Hasidim Synagogue - 0.2 km / 0.1 mi <br /> Frenchtown - 0.2 km / 0.1 mi <br /> St. Thomas Synagogue - 0.2 km / 0.1 mi <br /> Blackbeard s Castle - 0.3 km / 0.2 mi <br /> Fort Christian - 0.3 km / 0.2 mi <br /> St. Thomas Historical Trust Museum - 0.4 km / 0.2 mi <br /> Virgin Islands Legislature Building - 0.4 km / 0.2 mi <br /> Hassel Island - 0.4 km / 0.2 mi <br /> Magic Ice Gallery - 0.5 km / 0.3 mi <br /> Lionel Roberts Stadium - 0.5 km / 0.3 mi <br /> Yacht Haven Grande Marina - 2 km / 1.2 mi <br /> Drake Seat - 2 km / 1.2 mi <br /> </p><p>The nearest airports are:<br />Cyril E. King Airport (STT) - 5.7 km / 3.5 mi<br /> St. Thomas (SPB-St. Thomas Seaplane Base) - 1.5 km / 0.9 mi<br /> </p><p>The preferred airport for Galleon House Hotel is Cyril E. King Airport (STT). </p>,"<p>HeadLine : Near Magens Bay Beach</p><p>Location : With a stay at Galleon House Hotel, you ll be centrally located in St. Thomas, within a 15-minute drive of Magens Bay Beach and 99 Steps.  This bed & breakfast is 7.4 mi (11.9 km) from Sapphire Beach and 12.5 mi (20.1 km) from Virgin Islands National Park.</p><p>Rooms : Make yourself at home in one of the 14 individually furnished guestrooms. Cable television is provided for your entertainment. Conveniences include ceiling fans, housekeeping is provided daily, and irons/ironing boards can be requested.</p><p>Dining : At Galleon House Hotel, enjoy a satisfying meal at the restaurant. Wrap up your day with a drink at the bar/lounge.</p><p>CheckIn Instructions : <ul>  <li>Extra-person charges may apply and vary depending on property policy</li><li>Government-issued photo identification and a credit card may be required at check-in for incidental charges</li><li>Special requests are subject to availability upon check-in and may incur additional charges; special requests cannot be guaranteed</li><li>This property accepts credit cards; cash is not accepted</li><li>Safety features at this property include a smoke detector and a first aid kit</li>  </ul></p><p>Special Instructions : The front desk is open daily from 9:00 AM - 8:00 PM. If you are planning to arrive after 8:00 PM please contact the property in advance using the information on the booking confirmation. Front desk staff will greet guests on arrival.</p>",1-340-7746952,Number of stairs to reach property - 30 Free parking nearby Sailing nearby Windsurfing nearby Scuba diving nearby Free WiFi Number of bars/lounges - 1 Designated smoking areas Number of outdoor pools - 1 Well-lit path to entrance Upper floors accessible by stairs only Garden Picnic area Tours/ticket assistance Wheelchair accessible  no Luggage storage Express check-out Golf lessons available nearby Parasailing nearby Front desk (limited hours) Scooter/moped rentals nearby Golfing nearby Snorkeling nearby Safe-deposit box at front desk Ecotours nearby Coffee/tea in common areas Surfing/bodyboarding nearby Kayaking nearby Free self parking Terrace,18.342538|-64.930834,1-340-7746952,00804,http://www.galleonhouse.com
VI,Virgin Islands (USA),114615,Charlotte Amalie,1224313,Mafolie Hotel,ThreeStar,7091 Estate Mafolie Charlotte Amalie St Thomas ,Distances are displayed to the nearest 0.1 mile and kilometer. <br /> <p>Blackbeard s Castle - 0.7 km / 0.5 mi <br /> Haagensen House - 0.8 km / 0.5 mi <br /> Lionel Roberts Stadium - 0.9 km / 0.6 mi <br /> 99 Steps - 0.9 km / 0.6 mi <br /> Drake Seat - 1 km / 0.6 mi <br /> Beracha Veshalom Vegimulth Hasidim Synagogue - 1 km / 0.6 mi <br /> St. Thomas Synagogue - 1 km / 0.6 mi <br /> Frederick Lutheran Church - 1.1 km / 0.7 mi <br /> Emancipation Garden - 1.1 km / 0.7 mi <br /> St. Thomas Historical Trust Museum - 1.2 km / 0.7 mi <br /> Fort Christian - 1.2 km / 0.8 mi <br /> Virgin Islands Legislature Building - 1.3 km / 0.8 mi <br /> Magic Ice Gallery - 1.4 km / 0.9 mi <br /> Yacht Haven Grande Marina - 2.8 km / 1.7 mi <br /> St. Peter Greathouse Estate & Gardens - 2.8 km / 1.8 mi <br /> </p><p>The nearest airports are:<br />Cyril E. King Airport (STT) - 6.1 km / 3.8 mi<br /> St. Thomas (SPB-St. Thomas Seaplane Base) - 2.3 km / 1.4 mi<br /> </p><p>The preferred airport for Mafolie Hotel is Cyril E. King Airport (STT). </p>,"<p>HeadLine : Near Blackbeard s Castle</p><p>Location : When you stay at Mafolie Hotel in St. Thomas, you ll be near the bay, a 1-minute drive from Blackbeard s Castle and 8 minutes from Magens Bay Beach.  This hotel is 5.3 mi (8.6 km) from Coki Beach and 6.7 mi (10.8 km) from Sapphire Beach.</p><p>Rooms : Make yourself at home in one of the 22 air-conditioned rooms featuring microwaves and flat-screen televisions. Your pillowtop bed comes with premium bedding. Complimentary wireless Internet access keeps you connected, and cable programming is available for your entertainment. Bathrooms have showers and hair dryers.</p><p>Dining : At Mafolie Hotel, enjoy a satisfying meal at the restaurant. Relax with a refreshing drink from the poolside bar or one of the 2 bars/lounges. A complimentary cooked-to-order breakfast is served daily from 7:30 AM to 10:30 AM.</p><p>Renovations : The following facilities or services will be unavailable from June 1 2021 to October 1 2021 (dates subject to change): <ul><li>Dining venue(s)</li><li>Fitness facilities</li></ul></p><p>CheckIn Instructions : <ul>  <li>Extra-person charges may apply and vary depending on property policy</li><li>Government-issued photo identification and a credit card may be required at check-in for incidental charges</li><li>Special requests are subject to availability upon check-in and may incur additional charges; special requests cannot be guaranteed</li><li>No onsite parking is available</li><li>This property accepts credit cards; cash is not accepted</li><li>Please note that cultural norms and guest policies may differ by country and by property; the policies listed are provided by the property</li>  </ul></p><p>Special Instructions : The front desk is open daily from 8:00 AM - 8:00 PM. If you are planning to arrive after noon please contact the property in advance using the information on the booking confirmation. Front desk staff will greet guests on arrival.</p>",1-340-774-4091,Terrace Luggage storage Wheelchair accessible  no Number of bars/lounges - 2 Concierge services Poolside bar Front desk (limited hours) Free breakfast Restaurant Tours/ticket assistance Free WiFi Outdoor pool Smoke-free property,18.348392|-64.93158,+1 340 774 2790,00802,http://www.mafolie.com
VI,Virgin Islands (USA),114615,Charlotte Amalie,1224314,Bunker Hill Hotel,ThreeStar,2307 Commandant Gade St.Thomas 00802 ,Distances are displayed to the nearest 0.1 mile and kilometer. <br /> <p>Haagensen House - 0.1 km / 0.1 mi <br /> Frenchtown - 0.2 km / 0.1 mi <br /> St. Thomas Synagogue - 0.2 km / 0.1 mi <br /> 99 Steps - 0.2 km / 0.1 mi <br /> Emancipation Garden - 0.2 km / 0.1 mi <br /> Blackbeard s Castle - 0.2 km / 0.1 mi <br /> Frederick Lutheran Church - 0.2 km / 0.2 mi <br /> Cathedral of St. Peter and St. Paul - 0.3 km / 0.2 mi <br /> Fort Christian - 0.4 km / 0.2 mi <br /> Virgin Islands Legislature Building - 0.4 km / 0.3 mi <br /> St. Thomas Historical Trust Museum - 0.5 km / 0.3 mi <br /> Hassel Island - 0.5 km / 0.3 mi <br /> Lionel Roberts Stadium - 0.5 km / 0.3 mi <br /> Magic Ice Gallery - 0.6 km / 0.4 mi <br /> Drake Seat - 1.8 km / 1.1 mi <br /> </p><p>The nearest airports are:<br />Cyril E. King Airport (STT) - 5.6 km / 3.5 mi<br /> St. Thomas (SPB-St. Thomas Seaplane Base) - 1.5 km / 0.9 mi<br /> </p><p>The preferred airport for Bunker Hill Hotel is Cyril E. King Airport (STT). </p>,"<p>HeadLine : Near Magens Bay Beach</p><p>Location : With a stay at Bunker Hill Hotel in St. Thomas, you ll be in the historical district, within a 10-minute drive of Magens Bay Beach and Frederick Lutheran Church.  This hotel is 7.9 mi (12.7 km) from Sapphire Beach and 12.6 mi (20.3 km) from Virgin Islands National Park.</p><p>Rooms : Make yourself at home in one of the 15 air-conditioned guestrooms. Complimentary wireless Internet access keeps you connected, and cable programming is available for your entertainment. Private bathrooms with showers feature complimentary toiletries and hair dryers. Conveniences include phones, housekeeping is provided daily, and you can request rollaway/extra beds (surcharge).</p><p>Dining : Enjoy a satisfying meal at Sugarcane Grille serving guests of Bunker Hill Hotel. Quench your thirst with your favorite drink at the bar/lounge.</p><p>CheckIn Instructions : <ul>  <li>Extra-person charges may apply and vary depending on property policy</li><li>Government-issued photo identification and a credit card, debit card, or cash deposit may be required at check-in for incidental charges</li><li>Special requests are subject to availability upon check-in and may incur additional charges; special requests cannot be guaranteed</li><li>This property accepts credit cards, debit cards, and cash</li>  </ul></p><p>Special Instructions : The front desk is open daily from 9:00 AM - 8:00 PM. To make arrangements for check-in please contact the property at least 24 hours before arrival using the information on the booking confirmation. If you are planning to arrive after 8:00 PM please contact the property in advance using the information on the booking confirmation. Guests will receive an email 24 hours before arrival with check-in instructions. Front desk staff will greet guests on arrival.</p>",1-340-7743172,Pool sun loungers Free WiFi Number of bars/lounges - 1 Designated smoking areas Number of outdoor pools - 1 Wheelchair accessible  no Wedding services Parking (limited spaces) Front desk (limited hours),18.343235|-64.931097,1 340 7748 056,00802,http://www.bunkerhillhotel.com
VI,Virgin Islands (USA),114615,Charlotte Amalie,1248515,Bluebeard's Castle,ThreeStar,BLUEBEARDS HILLS ST. THOMAS ,Paradise Point: within 8851 metre  Mahogany Run Golf Course: within 10621 metre  Coral World Ocean Park: within 9495 metre  Interline Sail: within 12391 metre  Tutu Park Mall: within 8046 metre ,"This stunning resort boasts an idyllic setting in St. Thomas. The resort lies in close proximity to a number of the area's most prominent attractions, including St. Thomas Historical Trust Museum, Blackbeard's Castle, Fort Christian, Emancipation Garden and Magens Bay. The resort invites guests into an oasis of peace and serenity, in which to escape the bustle of daily life. The guest rooms are beautifully appointed, providing guests with a peaceful setting in which to enjoy restful slumber. The resort provides guests with access to a wide range of excellent facilities, ensuring that each and every visitor enjoys the ultimate in comfort and convenience, as well as a truly enjoyable stay.",,Hotel American Express MasterCard Visa Bathroom Shower Bathtub Hairdryer TV Kitchenette Fridge Microwave Ironing set Balcony Launderette Bar Restaurant Poolside snack bar Hot tub Tennis,18.339898|-64.924254,,801,http://extraholidays.com/st-thomas-us-virgin-islands/bluebeards-castle-
VI,Virgin Islands (USA),114615,Charlotte Amalie,1252546,Lindbergh Bay Hotel,ThreeStar,8075 Lindbergh Bay 00802 Saint Thomas ,Distances are displayed to the nearest 0.1 mile and kilometer. <br /> <p>Lindbergh Bay - 0.1 km / 0.1 mi <br /> Lindberg Beach - 0.9 km / 0.6 mi <br /> University of Virgin Islands - 3 km / 1.9 mi <br /> Brewers Bay Beach - 3.8 km / 2.4 mi <br /> Estate Hassel Island - 4 km / 2.5 mi <br /> Magic Ice Gallery - 4.5 km / 2.8 mi <br /> Honeymoon Beach - 4.8 km / 3 mi <br /> Cathedral of St. Peter and St. Paul - 4.8 km / 3 mi <br /> Emancipation Garden - 4.9 km / 3 mi <br /> St. Thomas Synagogue - 4.9 km / 3 mi <br /> Beracha Veshalom Vegimulth Hasidim Synagogue - 4.9 km / 3 mi <br /> Virgin Islands Legislature Building - 4.9 km / 3.1 mi <br /> Weibel Museum - 4.9 km / 3.1 mi <br /> Fort Christian - 4.9 km / 3.1 mi <br /> Hassel Island - 4.9 km / 3.1 mi <br /> </p><p>The nearest airports are:<br />Cyril E. King Airport (STT) - 1.3 km / 0.8 mi<br /> St. Thomas (SPB-St. Thomas Seaplane Base) - 3.8 km / 2.4 mi<br /> </p><p>The preferred airport for Lindbergh Bay Hotel and Villas is Cyril E. King Airport (STT). </p>,"<p>HeadLine : Near Lindbergh Bay</p><p>Location : With a stay at Lindbergh Bay Hotel and Villas in St. Thomas, you ll be near the airport, within a 15-minute drive of Magens Bay Beach and Lindbergh Bay.  This hotel is 10.3 mi (16.5 km) from Sapphire Beach and 14.2 mi (22.9 km) from Virgin Islands National Park.</p><p>Rooms : Make yourself at home in one of the 59 air-conditioned rooms featuring flat-screen televisions. Rooms have private balconies. Complimentary wireless Internet access keeps you connected, and satellite programming is available for your entertainment. Bathrooms have showers and hair dryers.</p><p>Dining : You can enjoy a meal at the restaurant serving the guests of Lindbergh Bay Hotel and Villas, or stop in at the snack bar/deli. Wrap up your day with a drink at the bar/lounge. Continental breakfasts are available daily from 7:00 AM to noon for a fee.</p><p>CheckIn Instructions : <ul>  <li>Extra-person charges may apply and vary depending on property policy</li><li>Government-issued photo identification and a credit card or cash deposit may be required at check-in for incidental charges</li><li>Special requests are subject to availability upon check-in and may incur additional charges; special requests cannot be guaranteed</li><li>This property accepts credit cards, debit cards, and cash</li>  </ul></p><p>Special Instructions : The front desk is open daily from 7:00 AM - 11:00 PM. This property doesn t offer after-hours check-in. Front desk staff will greet guests on arrival.</p>",1-340-774-2414,Kayaking nearby Free self parking Fitness facilities Computer station Terrace Pool sun loungers Concierge services Luggage storage Multilingual staff Business center Front desk (limited hours) Breakfast available (surcharge) Snorkeling nearby Safe-deposit box at front desk Smoke-free property Snack bar/deli Dry cleaning/laundry service Vending machine Parking (limited spaces) Pool umbrellas Scuba diving nearby Free WiFi Number of bars/lounges - 1 Number of outdoor pools - 1 Garden Free use of nearby fitness center Wedding services Tours/ticket assistance Beach towels Wheelchair accessible  no,18.332012|-64.970165,1-340-7742525,00802,http://www.lindberghbayhotelandvillas.com
VI,Virgin Islands (USA),114615,Charlotte Amalie,1264869,Windward Passage Hotel,ThreeStar,Veterans Drive Charlotte Amali Po Box 640 Charlotte AmalieSt. Thomas 00804 ,Distances are displayed to the nearest 0.1 mile and kilometer. <br /> <p>Magic Ice Gallery - 0.4 km / 0.3 mi <br /> Cathedral of St. Peter and St. Paul - 0.7 km / 0.4 mi <br /> Emancipation Garden - 0.8 km / 0.5 mi <br /> St. Thomas Synagogue - 0.8 km / 0.5 mi <br /> Beracha Veshalom Vegimulth Hasidim Synagogue - 0.8 km / 0.5 mi <br /> Virgin Islands Legislature Building - 0.8 km / 0.5 mi <br /> Fort Christian - 0.8 km / 0.5 mi <br /> Hassel Island - 0.9 km / 0.5 mi <br /> Frederick Lutheran Church - 0.9 km / 0.6 mi <br /> 99 Steps - 1 km / 0.6 mi <br /> Haagensen House - 1 km / 0.6 mi <br /> St. Thomas Historical Trust Museum - 1 km / 0.6 mi <br /> Frenchtown - 1.1 km / 0.7 mi <br /> Blackbeard s Castle - 1.1 km / 0.7 mi <br /> Lionel Roberts Stadium - 1.4 km / 0.9 mi <br /> </p><p>The nearest airports are:<br />Cyril E. King Airport (STT) - 4.7 km / 2.9 mi<br /> St. Thomas (SPB-St. Thomas Seaplane Base) - 0.5 km / 0.3 mi<br /> </p><p>The preferred airport for Windward Passage Hotel is Cyril E. King Airport (STT). </p>,"<p>HeadLine : Near Magens Bay Beach</p><p>Location : With a stay at Windward Passage Hotel in St. Thomas, you ll be near the airport, within a 10-minute drive of Magens Bay Beach and Magic Ice Gallery.  This hotel is 7.7 mi (12.4 km) from Sapphire Beach and 13.1 mi (21 km) from Virgin Islands National Park.</p><p>Rooms : Make yourself at home in one of the 151 individually decorated guestrooms. Complimentary wireless Internet access keeps you connected, and satellite programming is available for your entertainment. Private bathrooms with showers feature complimentary toiletries and hair dryers. Conveniences include safes and coffee/tea makers, and housekeeping is provided daily.</p><p>Dining : Enjoy a meal at the restaurant, or stay in and take advantage of the hotel s room service (during limited hours). Quench your thirst with your favorite drink at the bar/lounge. Full breakfasts are available daily from 7:00 AM to 11:00 AM for a fee.</p><p>CheckIn Instructions : <ul>  <li>Extra-person charges may apply and vary depending on property policy</li><li>Government-issued photo identification and a credit card, debit card, or cash deposit may be required at check-in for incidental charges</li><li>Special requests are subject to availability upon check-in and may incur additional charges; special requests cannot be guaranteed</li><li>The name on the credit card used at check-in to pay for incidentals must be the primary name on the guestroom reservation</li><li>Noise-free guestrooms cannot be guaranteed</li><li>Please note that cultural norms and guest policies may differ by country and by property; the policies listed are provided by the property</li>  </ul></p><p>Special Instructions : The front desk is open daily from 7:00 AM - 11:00 PM. This property doesn t offer after-hours check-in. Front desk staff will greet guests on arrival.</p>",1-340-7741231,Dry cleaning/laundry service Banquet hall Wheelchair accessible (may have limitations) Number of meeting rooms - 2 Free wired Internet Free WiFi Number of bars/lounges - 1 Braille or raised signage Number of outdoor pools - 1 Garden In-room accessibility (in select rooms) Wheelchair accessible parking Tours/ticket assistance Accessible bathroom (in select rooms) Luggage storage Porter/bellhop Multilingual staff Business center Front desk (limited hours) Breakfast available (surcharge) Safe-deposit box at front desk Laundry facilities elevator Free self parking Fitness facilities Terrace ATM/banking Pool sun loungers Concierge services,18.339337|-64.93701,1-340-774-5200,00804,http://www.windwardpassage.com/german/index.html
VI,Virgin Islands (USA),114615,Charlotte Amalie,1502233,Olgas Fancy,ThreeStar,Honduras 8 St Thomas 00803 ,Distances are displayed to the nearest 0.1 mile and kilometer. <br /> <p>Leeward Islands - 0.1 km / 0.1 mi <br /> Estate Hassel Island - 0.1 km / 0.1 mi <br /> Magic Ice Gallery - 1.5 km / 0.9 mi <br /> Cathedral of St. Peter and St. Paul - 1.8 km / 1.1 mi <br /> Emancipation Garden - 1.8 km / 1.1 mi <br /> Virgin Islands Legislature Building - 1.8 km / 1.1 mi <br /> Fort Christian - 1.9 km / 1.2 mi <br /> Hassel Island - 1.9 km / 1.2 mi <br /> St. Thomas Synagogue - 1.9 km / 1.2 mi <br /> Beracha Veshalom Vegimulth Hasidim Synagogue - 1.9 km / 1.2 mi <br /> Weibel Museum - 1.9 km / 1.2 mi <br /> Frederick Lutheran Church - 1.9 km / 1.2 mi <br /> 99 Steps - 2 km / 1.3 mi <br /> Haagensen House - 2.1 km / 1.3 mi <br /> St. Thomas Historical Trust Museum - 2.1 km / 1.3 mi <br /> </p><p>The nearest airports are:<br />Cyril E. King Airport (STT) - 4.4 km / 2.7 mi<br /> St. Thomas (SPB-St. Thomas Seaplane Base) - 0.3 km / 0.2 mi<br /> </p><p></p>,"<p>HeadLine : Near Magic Ice Gallery</p><p>Location : When you a stay at Olga s Fancy in St. Thomas, you ll be near the airport, just steps from Leeward Islands and Estate Hassel Island.  This hotel is 13.4 mi (21.6 km) from Virgin Islands National Park and 4.5 mi (7.2 km) from Magens Bay Beach.</p><p>Rooms : Make yourself at home in one of the 12 air-conditioned rooms featuring flat-screen televisions. Complimentary wireless Internet access keeps you connected, and cable programming is available for your entertainment. Bathrooms feature showers, complimentary toiletries, and hair dryers. Conveniences include ceiling fans, and housekeeping is provided daily.</p><p>CheckIn Instructions : <ul>  <li>Extra-person charges may apply and vary depending on property policy</li><li>Government-issued photo identification and a credit card, debit card, or cash deposit may be required at check-in for incidental charges</li><li>Special requests are subject to availability upon check-in and may incur additional charges; special requests cannot be guaranteed</li><li>Be prepared: check the latest COVID-19 travel requirements and measures in place for this destination before you travel.</li>  </ul></p><p>Special Instructions : The front desk is open daily from 7:00 AM - 6:00 PM. This property doesn t offer after-hours check-in. To make arrangements for check-in please contact the property at least 24 hours before arrival using the information on the booking confirmation. Guests will receive an email 24 hours before arrival with check-in instructions. Front desk staff will greet guests on arrival.</p>",1-340-6434247,Front desk (limited hours) Terrace Number of outdoor pools - 1 Free self parking Free WiFi Wheelchair accessible parking Smoke-free property Garden Health or beauty spa nearby,18.33518|-64.940437,+1 340 6434247,00803,http://www.olgasfancy.com/
VI,Virgin Islands (USA),114615,Charlotte Amalie,1507566,Hilltop Villas at Bluebeards Castle,ThreeStar,1331 Estate Taarneberg Saint ThomasVirgin Islands 00801 ,Distances are displayed to the nearest 0.1 mile and kilometer. <br /> <p>Leeward Islands - 0.1 km / 0.1 mi <br /> Cathedral of St. Peter and St. Paul - 1.3 km / 0.8 mi <br /> Magic Ice Gallery - 1.3 km / 0.8 mi <br /> St. Thomas Synagogue - 1.3 km / 0.8 mi <br /> Beracha Veshalom Vegimulth Hasidim Synagogue - 1.3 km / 0.8 mi <br /> Weibel Museum - 1.3 km / 0.8 mi <br /> Emancipation Garden - 1.5 km / 0.9 mi <br /> Frederick Lutheran Church - 1.5 km / 0.9 mi <br /> 99 Steps - 1.6 km / 1 mi <br /> Virgin Islands Legislature Building - 1.6 km / 1 mi <br /> Fort Christian - 1.6 km / 1 mi <br /> Haagensen House - 1.6 km / 1 mi <br /> Hassel Island - 1.7 km / 1 mi <br /> Frenchtown - 1.7 km / 1 mi <br /> St. Thomas Historical Trust Museum - 1.7 km / 1.1 mi <br /> </p><p>The nearest airports are:<br />Cyril E. King Airport (STT) - 5.3 km / 3.3 mi<br /> St. Thomas (SPB-St. Thomas Seaplane Base) - 1.7 km / 1 mi<br /> </p><p>The preferred airport for Hilltop Villas at Bluebeard s Castle by Capital Vacations is Cyril E. King Airport (STT). </p>,"<p>HeadLine : Near St. Thomas Synagogue</p><p>Location : With a stay at Hilltop Villas at Bluebeard s Castle by Capital Vacations in St. Thomas, you ll be near the beach, just steps from Leeward Islands and a 2-minute drive from Cathedral of St. Peter and St. Paul.  This hotel is 12.9 mi (20.8 km) from Virgin Islands National Park and 3.9 mi (6.3 km) from Magens Bay Beach.</p><p>Rooms : Make yourself at home in one of the 120 air-conditioned rooms featuring kitchens with refrigerators and stovetops. Rooms have private balconies. Complimentary wireless Internet access keeps you connected, and cable programming is available for your entertainment. Conveniences include safes and microwaves, and housekeeping is provided once per stay.</p><p>Dining : At Hilltop Villas at Bluebeard s Castle by Capital Vacations, enjoy a satisfying meal at the restaurant. Relax with your favorite drink at the bar/lounge or the poolside bar.</p><p>CheckIn Instructions : <ul>  <li>Extra-person charges may apply and vary depending on property policy</li><li>Government-issued photo identification and a credit card, debit card, or cash deposit may be required at check-in for incidental charges</li><li>Special requests are subject to availability upon check-in and may incur additional charges; special requests cannot be guaranteed</li><li>Safety features at this property include a carbon monoxide detector, a fire extinguisher, a smoke detector, a security system, and a first aid kit</li><li>Be prepared: check the latest COVID-19 travel requirements and measures in place for this destination before you travel.</li>  </ul></p><p>Special Instructions : The front desk is open daily from 8:00 AM - 11:00 PM. Front desk staff will greet guests on arrival.</p>",1-340-7744653,Number of meeting rooms - 1 Number of outdoor pools - 1 Golfing nearby Number of spa tubs - 1 elevator Fitness facilities Number of bars/lounges - 1 Number of poolside bars - 1 Gift shops or newsstand Windsurfing nearby Wheelchair accessible (may have limitations) Front desk (limited hours) Laundry facilities Parking (limited spaces) Free self parking Free WiFi Smoke-free property,18.346756|-64.940567,+13407741600,00802,http://www.bluebeardscastles.com/accommodations/
VI,Virgin Islands (USA),114615,Charlotte Amalie,1507571,Pirates Pension At Bluebeards Castle,ThreeStar,2 Bluebeards Hill Saint ThomasVirgin Islands 00802 ,Distances are displayed to the nearest 0.1 mile and kilometer. <br /> <p>St. Thomas Historical Trust Museum - 1 km / 0.6 mi <br /> Yacht Haven Grande Marina - 1.1 km / 0.7 mi <br /> Frederick Lutheran Church - 1.2 km / 0.8 mi <br /> Lionel Roberts Stadium - 1.2 km / 0.8 mi <br /> Seven Arches Museum - 1.3 km / 0.8 mi <br /> Emancipation Garden - 1.3 km / 0.8 mi <br /> 99 Steps - 1.3 km / 0.8 mi <br /> Fort Christian - 1.3 km / 0.8 mi <br /> Virgin Islands Legislature Building - 1.3 km / 0.8 mi <br /> Haagensen House - 1.4 km / 0.9 mi <br /> Blackbeard's Castle - 1.4 km / 0.9 mi <br /> Beracha Veshalom Vegimulth Hasidim Synagogue - 1.6 km / 1 mi <br /> St. Thomas Synagogue - 1.6 km / 1 mi <br /> Magic Ice Gallery - 1.7 km / 1 mi <br /> Havensight Mall - 1.8 km / 1.1 mi <br /> </p><p>The nearest airports are:<br />St. Thomas (SPB-St. Thomas Seaplane Base) - 2.6 km / 1.6 mi<br /> St. Thomas (STT-Cyril E. King) - 6.5 km / 4 mi<br /> Tortola (EIS-Terrance B. Lettsome Intl.) - 53.1 km / 33 mi<br /> </p><p>The preferred airport for Pirates Pension at Bluebeards Castle is St. Thomas (STT-Cyril E. King). </p>,"<p><b>Property Location</b> <br />With a stay at Pirates Pension at Bluebeards Castle in St. Thomas, you'll be within a 5-minute drive of Fort Christian and Emancipation Garden.  This hotel is 10.7 mi (17.2 km) from Battery and 1 mi (1.6 km) from Blackbeard's Castle.</p><p><b>Rooms</b> <br />Make yourself at home in one of the 30 air-conditioned rooms featuring kitchenettes with refrigerators and stovetops. Rooms have private balconies. Complimentary wireless Internet access is available to keep you connected. Conveniences include phones, as well as safes and microwaves.</p><p><b>Amenities</b> <br />Don't miss out on recreational opportunities including an outdoor pool and a fitness center. Getting to nearby attractions is a breeze with the area shuttle (surcharge).</p><p><b>Dining</b> <br />Satisfy your appetite at one of the hotel's 2 restaurants. Quench your thirst with your favorite drink at the poolside bar.</p><p><b>Business, Other Amenities</b> <br />Featured amenities include a 24-hour front desk and laundry facilities. Free self parking is available onsite.</p>",0014105240295,24-hour front desk Area shuttle (surcharge) Children's pool Fitness facilities Free WiFi Free self parking Laundry facilities Number of restaurants - 2 One meeting room Outdoor pool Poolside bar Tennis on site Total number of rooms - 30,18.34029007|-64.92430115,001 340 7741600,00802,http://www.bluebeardscastles.com/accommodations/
VI,Virgin Islands (USA),114615,Charlotte Amalie,1507573,Bluebeards Castle Villas III,All,1 Bluebeards Hill Saint ThomasVirgin Islands 00801 ,Distances are displayed to the nearest 0.1 mile and kilometer. <br /> <p>St. Thomas Historical Trust Museum - 1 km / 0.6 mi <br /> Yacht Haven Grande Marina - 1.1 km / 0.7 mi <br /> Frederick Lutheran Church - 1.2 km / 0.8 mi <br /> Lionel Roberts Stadium - 1.2 km / 0.8 mi <br /> Seven Arches Museum - 1.3 km / 0.8 mi <br /> Emancipation Garden - 1.3 km / 0.8 mi <br /> 99 Steps - 1.3 km / 0.8 mi <br /> Fort Christian - 1.3 km / 0.8 mi <br /> Virgin Islands Legislature Building - 1.3 km / 0.8 mi <br /> Haagensen House - 1.4 km / 0.9 mi <br /> Blackbeard's Castle - 1.4 km / 0.9 mi <br /> Beracha Veshalom Vegimulth Hasidim Synagogue - 1.6 km / 1 mi <br /> St. Thomas Synagogue - 1.6 km / 1 mi <br /> Magic Ice Gallery - 1.7 km / 1 mi <br /> Havensight Mall - 1.8 km / 1.1 mi <br /> </p><p>The nearest airports are:<br />St. Thomas (SPB-St. Thomas Seaplane Base) - 2.6 km / 1.6 mi<br /> St. Thomas (STT-Cyril E. King) - 6.5 km / 4 mi<br /> Tortola (EIS-Terrance B. Lettsome Intl.) - 53.1 km / 33 mi<br /> </p><p>The preferred airport for Bluebeard's Castle Villas III is St. Thomas (STT-Cyril E. King). </p>,"<p><b>Property Location</b> <br />With a stay at Bluebeard's Castle Villas III in St. Thomas, you'll be within a 5-minute drive of Fort Christian and Emancipation Garden.  This hotel is 10.7 mi (17.2 km) from Battery and 1 mi (1.6 km) from Blackbeard's Castle.</p><p><b>Rooms</b> <br />Make yourself at home in one of the 60 air-conditioned rooms featuring refrigerators and microwaves. Rooms have private balconies. Complimentary wireless Internet access keeps you connected, and cable programming is available for your entertainment. Conveniences include sofa beds, and housekeeping is provided weekly.</p><p><b>Amenities</b> <br />Take advantage of recreational opportunities offered, including an outdoor pool, a spa tub, and a fitness center.</p><p><b>Dining</b> <br />Satisfy your appetite at one of the hotel's 2 restaurants. Wrap up your day with a drink at the poolside bar.</p><p><b>Business, Other Amenities</b> <br />Free self parking is available onsite.</p>",+13407764653,Fitness facilities Free WiFi Free self parking Number of restaurants - 2 One meeting room Outdoor pool Parking (limited spaces) Poolside bar Smoke-free property Spa tub Tennis on site Total number of rooms - 60,18.34025|-64.92434,+13407741600,00801,http://www.bluebeardscastles.com/accommodations/
VI,Virgin Islands (USA),114615,Charlotte Amalie,1507583,Vacation Villas at Bluebeards Castle,ThreeStar,1 Bluebeards Hill Saint ThomasVirgin Islands 00801 ,Distances are calculated in a straight line from the property&apos;s location to the point of interest or attraction  and may not reflect actual travel distance. &lt;br /&gt;&lt;br /&gt; Distances are displayed to the nearest 0.1 mile and kilometer. &lt;p&gt;St. Thomas Historical Trust Museum - 0.5 km / 0.3 mi &lt;br /&gt;Lionel Roberts Stadium - 0.5 km / 0.3 mi &lt;br /&gt;Seven Arches Museum - 0.6 km / 0.4 mi &lt;br /&gt;Blackbeard&apos;s Castle - 0.6 km / 0.4 mi &lt;br /&gt;Fort Christian - 0.6 km / 0.4 mi &lt;br /&gt;Virgin Islands Legislature Building - 0.6 km / 0.4 mi &lt;br /&gt;99 Steps - 0.6 km / 0.4 mi &lt;br /&gt;Frederick Lutheran Church - 0.6 km / 0.4 mi &lt;br /&gt;Emancipation Garden - 0.6 km / 0.4 mi &lt;br /&gt;Haagensen House - 0.7 km / 0.4 mi &lt;br /&gt;Yacht Haven Grande Marina - 0.7 km / 0.4 mi &lt;br /&gt;Beracha Veshalom Vegimulth Hasidim Synagogue - 0.9 km / 0.6 mi &lt;br /&gt;St. Thomas Synagogue - 0.9 km / 0.6 mi &lt;br /&gt;Magic Ice Gallery - 1 km / 0.6 mi &lt;br /&gt;Havensight Mall - 1 km / 0.6 mi &lt;br /&gt;&lt;/p&gt;&lt;p&gt;The nearest airports are:&lt;br /&gt;St. Thomas (SPB-St. Thomas Seaplane Base) - 1.7 km / 1 mi&lt;br /&gt;Charlotte Amalie (STT-Cyril E. King) - 5 km / 3.1 mi&lt;br /&gt;Culebra (CPX-Benjamin Rivera Noriega) - 40.2 km / 24.9 mi&lt;br /&gt;Tortola (EIS-Terrance B. Lettsome Intl.) - 42.5 km / 26.4 mi&lt;br /&gt;&lt;/p&gt;&lt;p&gt;The preferred airport for Bluebeards Castle Villas is Charlotte Amalie (STT-Cyril E. King). &lt;/p&gt;,"&lt;p&gt;&lt;b&gt;Property Location&lt;/b&gt; &lt;br /&gt;With a stay at Bluebeards Castle Villas in St. Thomas (Charlotte Amalie), you&apos;ll be minutes from St. Thomas Historical Trust Museum and close to Blackbeard&apos;s Castle.  This resort is within close proximity of Lionel Roberts Stadium and Seven Arches Museum.&lt;/p&gt;&lt;p&gt;&lt;b&gt;Rooms&lt;/b&gt; &lt;br /&gt;Make yourself at home in one of the 20 air-conditioned rooms featuring kitchenettes with refrigerators and microwaves. Rooms have private balconies. Complimentary wireless Internet access keeps you connected, and cable programming is available for your entertainment. Conveniences include sofa beds, and housekeeping is provided weekly.&lt;/p&gt;&lt;p&gt;&lt;b&gt;Amenities&lt;/b&gt; &lt;br /&gt;Enjoy recreational amenities such as an outdoor pool and a spa tub.&lt;/p&gt;&lt;p&gt;&lt;b&gt;Dining&lt;/b&gt; &lt;br /&gt;Satisfy your appetite at one of the resort&apos;s 2 restaurants. While enjoying a refreshing dip in the resort pool, you can order your favorite drink at the poolside bar.&lt;/p&gt;&lt;p&gt;&lt;b&gt;Business, Other Amenities&lt;/b&gt; &lt;br /&gt;Featured amenities include a computer station and laundry facilities. Free self parking is available onsite.&lt;/p&gt;",+13407764653,Children&apos;s pool Computer station Free WiFi Free self parking Front desk (limited hours) Laundry facilities Number of restaurants - 2 One meeting room Outdoor pool Poolside bar Spa tub Tennis on site Total number of rooms - 20,18.340250015|-64.924339294,001 340 7741600,00801,http://www.bluebeardscastles.com/accommodations/
VI,Virgin Islands (USA),114615,Charlotte Amalie,1508711,Sapphire Beach Vacation Club,All,Smith Bay Road Red Hook QuarterSaint ThomasUS Virgin Islands 00802 ,,"HotelDescription#Sapphire Beach Vacation Club says it all. The resort is nestled in Smith Bay on the east end of the island of St. Thomas. On the property just outside your door, can be found pools, three restaurants, and almost every kind of beach activity imaginable. The views are breathtaking. Beautiful sunsets await you. Personal watercraft, kayaking, sailing, and many other water sports are available on the islnad. Just minutes away in the town of Redhook, can be found dining, shopping and nightlife. Ferries are available for transport from Redhook to neighboring islands for under US $ 10.00.",,Total number of rooms : 56 NO Connecting rooms Hotel NO Disability-friendly bathroom NO Wheelchair-accessible NO Smoking rooms NO Small pets allowed (under 5 kg) NO Large pets allowed (over 5 kg) NO Car park NO Garage,18.349|-64.934,+13406033212966|+13408322577800,00802,http://www.sapphirebeachresortcondos.com/
VI,Virgin Islands (USA),114615,Charlotte Amalie,1621283,Starz Hotel,TwoStar,Constant 38 Saint Thomas VI 00802 ,Distances are displayed to the nearest 0.1 mile and kilometer. <br /> <p>Estate Hassel Island - 1.3 km / 0.8 mi <br /> Magic Ice Gallery - 1.8 km / 1.1 mi <br /> Lindbergh Bay - 1.8 km / 1.1 mi <br /> University of Virgin Islands - 2 km / 1.2 mi <br /> Beracha Veshalom Vegimulth Hasidim Synagogue - 2.1 km / 1.3 mi <br /> Cathedral of St. Peter and St. Paul - 2.1 km / 1.3 mi <br /> Emancipation Garden - 2.2 km / 1.4 mi <br /> Virgin Islands Legislature Building - 2.2 km / 1.4 mi <br /> Fort Christian - 2.2 km / 1.4 mi <br /> Hassel Island - 2.2 km / 1.4 mi <br /> St. Thomas Synagogue - 2.3 km / 1.4 mi <br /> Frederick Lutheran Church - 2.3 km / 1.4 mi <br /> 99 Steps - 2.4 km / 1.5 mi <br /> Haagensen House - 2.4 km / 1.5 mi <br /> St. Thomas Historical Trust Museum - 2.4 km / 1.5 mi <br /> </p><p>The nearest airports are:<br />Cyril E. King Airport (STT) - 3.1 km / 1.9 mi<br /> St. Thomas (SPB-St. Thomas Seaplane Base) - 1.1 km / 0.7 mi<br /> </p><p>The preferred airport for Starz Hotel is Cyril E. King Airport (STT). </p>,"<p>HeadLine : Near Magic Ice Gallery</p><p>Location : A stay at Starz Hotel places you in the heart of St. Thomas, within a 5-minute drive of Magic Ice Gallery and Estate Hassel Island.  This hotel is 4.3 mi (6.9 km) from Magens Bay Beach and 8.5 mi (13.7 km) from Sapphire Beach.</p><p>Rooms : Make yourself at home in one of the 8 air-conditioned rooms featuring microwaves and flat-screen televisions. Rooms have private balconies. Complimentary wireless Internet access keeps you connected, and cable programming is available for your entertainment. Bathrooms have showers and complimentary toiletries.</p><p>Dining : Enjoy a meal at the restaurant or snacks in the coffee shop/cafe. The hotel also offers room service (during limited hours). Mingle with other guests at the complimentary reception, held daily. Quench your thirst with your favorite drink at the bar/lounge.</p><p>CheckIn Instructions : <ul>  <li>Extra-person charges may apply and vary depending on property policy</li><li>Government-issued photo identification and a credit card may be required at check-in for incidental charges</li><li>Special requests are subject to availability upon check-in and may incur additional charges; special requests cannot be guaranteed</li><li>This property accepts credit cards, debit cards, and cash</li>  </ul></p><p>Special Instructions : The front desk is open during the following times:<ul><li>Friday - Friday: 10:30 AM - 8:30 PM</li></ul> This property doesn t offer after-hours check-in. Front desk staff will greet guests on arrival.</p>",1-340-7777767,Games Casino nearby Wheelchair accessible  no Luggage storage Free reception Coin laundry on site Karaoke Free WiFi Number of bars/lounges - 1 Garden Smoke-free property Coffee/tea in common areas Snack bar/deli Number of coffee shops/cafes - 1 Laundry facilities Tours/ticket assistance Free self parking Hair salon Terrace Shopping mall on site Concierge services,18.338401|-64.949718,13407777767,00802,http://www.starzhotelvi.com
VI,Virgin Islands (USA),114615,Charlotte Amalie,1813190,At Home In The Tropics B&B,ThreeStar,1680 Dronningens Gade Charlotte Amalie St Thomas 00802 ,Distances are displayed to the nearest 0.1 mile and kilometer. <br /> <p>99 Steps - 0.1 km / 0.1 mi <br /> Haagensen House - 0.1 km / 0.1 mi <br /> Frenchtown - 0.2 km / 0.1 mi <br /> Blackbeard s Castle - 0.2 km / 0.1 mi <br /> Frederick Lutheran Church - 0.2 km / 0.1 mi <br /> St. Thomas Historical Trust Museum - 0.2 km / 0.1 mi <br /> Emancipation Garden - 0.3 km / 0.2 mi <br /> Fort Christian - 0.3 km / 0.2 mi <br /> Lionel Roberts Stadium - 0.3 km / 0.2 mi <br /> Virgin Islands Legislature Building - 0.4 km / 0.2 mi <br /> Hassel Island - 0.4 km / 0.2 mi <br /> Cathedral of St. Peter and St. Paul - 0.4 km / 0.2 mi <br /> St. Thomas Synagogue - 0.4 km / 0.3 mi <br /> Magic Ice Gallery - 0.7 km / 0.4 mi <br /> Yacht Haven Grande Marina - 1.9 km / 1.2 mi <br /> </p><p>The nearest airports are:<br />Cyril E. King Airport (STT) - 5.9 km / 3.7 mi<br /> St. Thomas (SPB-St. Thomas Seaplane Base) - 2 km / 1.2 mi<br /> </p><p></p>,"<p>HeadLine : Near Magens Bay Beach</p><p>Location : Located in St. Thomas, At Home in the Tropics B&B is in the historical district, within a 5-minute walk of Blackbeard s Castle and Emancipation Garden.  This hotel is 0.4 mi (0.7 km) from Fort Christian and 3 mi (4.8 km) from Magens Bay Beach.</p><p>Rooms : Make yourself at home in one of the 4 individually decorated guestrooms, featuring refrigerators and flat-screen televisions. Complimentary wireless Internet access keeps you connected, and cable programming is available for your entertainment. Private bathrooms with showers feature complimentary toiletries and hair dryers. Conveniences include safes and complimentary bottled water, and housekeeping is provided daily.</p><p>Dining : At At Home in the Tropics B&B, enjoy a satisfying meal at the restaurant. A complimentary cooked-to-order breakfast is served daily from 8 AM to 10 AM.</p><p>CheckIn Instructions : <ul>  <li>Extra-person charges may apply and vary depending on property policy</li><li>Government-issued photo identification and a credit card or cash deposit may be required at check-in for incidental charges</li><li>Special requests are subject to availability upon check-in and may incur additional charges; special requests cannot be guaranteed</li><li>This property accepts credit cards; cash is not accepted</li><li>This property uses solar energy</li><li>Safety features at this property include a carbon monoxide detector, a fire extinguisher, a smoke detector, a security system, and a first aid kit</li>  </ul></p><p>Special Instructions : The front desk is open daily from 8:00 AM - 8:00 PM. To make arrangements for check-in please contact the property at least 48 hours before arrival using the information on the booking confirmation. If you are planning to arrive after 7:00 PM please contact the property in advance using the information on the booking confirmation. Guests will receive an email 48 hours before arrival with check-in instructions. Front desk staff will greet guests on arrival.</p>",1-340-7779857,Renewable energy source - solar Gated community Vegetarian breakfast available Biodegradable/compostable stirrers No single-use plastic straws No single-use plastic stirrers Shared microwave Reusable cups only Reusable tableware only Scuba diving nearby Free WiFi No single-use plastic water bottles Number of outdoor pools - 1 Garden Tours/ticket assistance Boat tours nearby Free Cooked-to-Order Breakfast Vegetable garden Energy-saving features in guest rooms Water-efficient toilets only LED light bulbs Water dispenser use by guests actively encouraged Wheelchair accessible  no Vegan menu options available Luggage storage Vegetarian menu options available Water-efficient showers only Free breakfast Front desk (limited hours) Water dispenser Library Daily Snorkeling nearby Smoke-free property Ecotours nearby Free self parking Terrace Pool sun loungers Concierge services,18.34279|-64.92944,+13407779857,00802,http://www.athomeinthetropics.com
VI,Virgin Islands (USA),114615,Charlotte Amalie,1823608,Skyline Vista Villa,ThreeStar,405 Hospital Ground St Thomas 00802 ,Distances are displayed to the nearest 0.1 mile and kilometer. <br /> <p>Leeward Islands - 0.1 km / 0.1 mi <br /> Lionel Roberts Stadium - 0.1 km / 0.1 mi <br /> St. Thomas Historical Trust Museum - 0.4 km / 0.2 mi <br /> Haagensen House - 0.4 km / 0.3 mi <br /> 99 Steps - 0.5 km / 0.3 mi <br /> Frenchtown - 0.5 km / 0.3 mi <br /> Blackbeard s Castle - 0.5 km / 0.3 mi <br /> Frederick Lutheran Church - 0.5 km / 0.3 mi <br /> Emancipation Garden - 0.6 km / 0.4 mi <br /> Fort Christian - 0.6 km / 0.4 mi <br /> Virgin Islands Legislature Building - 0.7 km / 0.4 mi <br /> Weibel Museum - 0.7 km / 0.5 mi <br /> Hassel Island - 0.7 km / 0.5 mi <br /> Beracha Veshalom Vegimulth Hasidim Synagogue - 0.7 km / 0.5 mi <br /> Cathedral of St. Peter and St. Paul - 0.7 km / 0.5 mi <br /> </p><p>The nearest airports are:<br />Cyril E. King Airport (STT) - 5.9 km / 3.6 mi<br /> St. Thomas (SPB-St. Thomas Seaplane Base) - 2 km / 1.2 mi<br /> </p><p></p>,"<p>HeadLine : Near Lionel Roberts Stadium</p><p>Location : Located in St. Thomas, Skyline Vista Villa is a 1-minute drive from Blackbeard s Castle and 10 minutes from Magens Bay Beach.  This guesthouse is 2.9 mi (4.6 km) from Lindbergh Bay and 4.3 mi (7 km) from Bolongo Bay.</p><p>Rooms : Make yourself at home in one of the 9 air-conditioned rooms featuring microwaves and flat-screen televisions. Complimentary wireless Internet access keeps you connected, and cable programming is available for your entertainment. Bathrooms feature showers, complimentary toiletries, and hair dryers. Conveniences include desks and coffee/tea makers, and you can also request rollaway/extra beds (surcharge).</p><p>CheckIn Instructions : <ul>  <li>Extra-person charges may apply and vary depending on property policy</li><li>Government-issued photo identification and a credit card, debit card, or cash deposit may be required at check-in for incidental charges</li><li>Special requests are subject to availability upon check-in and may incur additional charges; special requests cannot be guaranteed</li><li>Be prepared: check the latest COVID-19 travel requirements and measures in place for this destination before you travel.</li>  </ul></p><p>Special Instructions : There is no front desk at this property. To make arrangements for check-in please contact the property at least 24 hours before arrival using the information on the booking confirmation. Guests planning to arrive outside of normal check-in hours must contact the property in advance for check-in instructions and lockbox information. Guests can access their accommodation through a private entrance.</p>",1-888-2727573,Laundry facilities Terrace Wheelchair accessible  no Free self parking Free WiFi Smoke-free property,18.34449|-64.92797,1-340-6425252,00802,
VI,Virgin Islands (USA),114615,Charlotte Amalie,5459852,The Landmark Apartment,TwoStar,2A & 2C Commandant Gade  ,Distances are displayed to the nearest 0.1 mile and kilometer. <br /> <p>Haagensen House - 0.2 km / 0.1 mi <br /> Frenchtown - 0.2 km / 0.1 mi <br /> 99 Steps - 0.2 km / 0.1 mi <br /> St. Thomas Synagogue - 0.2 km / 0.1 mi <br /> Blackbeard s Castle - 0.2 km / 0.1 mi <br /> Emancipation Garden - 0.3 km / 0.2 mi <br /> Frederick Lutheran Church - 0.3 km / 0.2 mi <br /> Cathedral of St. Peter and St. Paul - 0.3 km / 0.2 mi <br /> Fort Christian - 0.4 km / 0.3 mi <br /> St. Thomas Historical Trust Museum - 0.5 km / 0.3 mi <br /> Virgin Islands Legislature Building - 0.5 km / 0.3 mi <br /> Hassel Island - 0.5 km / 0.3 mi <br /> Lionel Roberts Stadium - 0.5 km / 0.3 mi <br /> Magic Ice Gallery - 0.6 km / 0.4 mi <br /> Drake Seat - 1.8 km / 1.1 mi <br /> </p><p>The nearest airports are:<br />Cyril E. King Airport (STT) - 5.7 km / 3.5 mi<br /> St. Thomas (SPB-St. Thomas Seaplane Base) - 1.5 km / 1 mi<br /> </p><p></p>,"<p>HeadLine : Near Magens Bay Beach</p><p>Location : With a stay at this aparthotel in St. Thomas, you ll be near the beach, within a 10-minute drive of Magens Bay Beach and Frederick Lutheran Church.  This aparthotel is 7.9 mi (12.7 km) from Sapphire Beach and 12.7 mi (20.4 km) from Virgin Islands National Park.</p><p>Rooms : Make yourself comfortable in this individually furnished apartment, featuring a kitchen with a refrigerator and an oven. There s a private balcony or patio. Complimentary wireless Internet access keeps you connected, and cable programming is available for your entertainment. Conveniences include a desk and a separate sitting area, and housekeeping is provided daily.</p><p>Dining : Grab lunch at Ideal Restaurant (Roti), a restaurant that specializes in international cuisine. You can also grab snacks at the coffee shop/cafe.</p><p>CheckIn Instructions : <ul>  <li>Extra-person charges may apply and vary depending on property policy</li><li>Government-issued photo identification and a credit card, debit card, or cash deposit may be required at check-in for incidental charges</li><li>Special requests are subject to availability upon check-in and may incur additional charges; special requests cannot be guaranteed</li><li>This property accepts credit cards, debit cards, and cash</li><li>Safety features at this property include a carbon monoxide detector, a fire extinguisher, a smoke detector, and window guards</li>  </ul></p><p>Special Instructions : There is no front desk at this property. Guests will receive an email 24 hours before arrival with check-in instructions and lockbox information. Guests can access their accommodation through a private entrance.</p>",1-818-2768440,Distance from property (meters) - 5 Annual carbon offsets Uncovered parking Organic food Showcase for local artists Bulk dispenser for toiletries Humane animal treatment Free parking nearby Ziplining nearby Locally-owned & organized tours & activities Street parking No single-use plastic straws Number of meeting rooms - 1 Change of bed sheets (on request) No single-use plastic stirrers Reusable cups only Reusable tableware only Free WiFi No single-use plastic water bottles Bicycle parking available Designated smoking areas Well-lit path to entrance Change of towels (on request) Garden Tours/ticket assistance Comprehensive food waste policy Cave exploring/spelunking nearby Energy-saving features in guest rooms Water-efficient toilets only Wheelchair accessible  no Luggage storage Distance from property (ft) - 15 Water-efficient showers only Handrails in stairways Secured bicycle storage Housekeeping on request Ecotours nearby Snack bar/deli Number of coffee shops/cafes - 1 Hiking/biking trails nearby Free self parking Terrace Locally-sourced food on site (80% or more) Sustainability/community reinvestment (10% revenue or more) Concierge services,18.34354|-64.93086,1-340-9981404,00802,
VI,Virgin Islands (USA),114615,Charlotte Amalie,5840808,Little Indigo Apartments,ThreeStar,3 Estate Mafolie Apartment 2  ,,"Situated 1.9 km from Charlotte Amalie Harbor, Little Indigo Apartments offers a bar, and air-conditioned accommodation with a balcony and free WiFi.

The apartment provides guests with a terrace, city views, a seating area, cable flat-screen TV, a fully equipped kitchen with a fridge and an oven, and a private bathroom with shower and free toiletries. A microwave, a stovetop and toaster are also available, as well as a coffee machine and a kettle.

If you would like to discover the area, hiking is possible in the surroundings.

The nearest airport is Cyril E. King Airport, 4 km from Little Indigo Apartments. This property will not accommodate hen, stag or similar parties.
Please inform Little Indigo Apartments in advance of your expected arrival time. You can use the Special Requests box when booking, or contact the property directly with the contact details provided in your confirmation.
Guests are required to show a photo identification and credit card upon check-in. Please note that all Special Requests are subject to availability and additional charges may apply.
In response to Coronavirus (COVID-19), additional safety and sanitation measures are in effect at this property.
A damage deposit of USD 250 is required on arrival. This will be collected by credit card. You should be reimbursed on check-out. Your deposit will be refunded in full via credit card, subject to an inspection of the property.
Managed by a private host",,Horse riding Luggage storage wifi Free WiFi Non-smoking throughout Air conditioning designated smoking area Sun terrace concierge service Private check-in/check-out grocery deliveries parking on site Street parking Accessible parking Outdoor furniture Picnic area Beach Key access Smoke alarms Fire extinguishers use of cleaning chemicals that are effective against coronavirus linens  towels and laundry washed in accordance with local authority guidelines guest accommodation is disinfected between stays guest accommodation sealed after cleaning physical distancing in dining areas food can be delivered to guest accommodation staff follow all safety protocols as directed by local authorities Parking Bar Golf course (within 3 km) Terrace Non-smoking rooms Fishing Laundry Family rooms Free parking internet services express check-in/check-out Windsurfing Canoeing Hiking Diving shared stationery such as printed menus  magazines  pens  and paper removed contactless check-in/check-out cashless payment available physical distancing rules followed screens or physical barriers placed between staff and guests in appropriate areas invoice provided property is cleaned by professional cleaning companies all plates  cutlery  glasses and other tableware have been sanitized guests have the option to cancel any cleaning services for their accommodation during their stay delivered food is securely covered,18.34754|-64.93113,,00802,https://www.booking.com/hotel/vi/little-indigo-apartment-2.html
VI,Virgin Islands (USA),114615,Charlotte Amalie,6062891,The Cottage at Villa Indigo,All,2329 Commandant Gade Ste 1  ,,"Boasting a garden and a terrace, The Cottage at Villa Indigo provides accommodation in Charlotte Amalie with free WiFi and city views. Featuring free private parking, the chalet is in an area where guests can engage in activities such as hiking and tennis.

The air-conditioned chalet consists of 2 bedrooms, a living room, a fully equipped kitchen with a fridge and a coffee machine, and 1 bathroom with a shower and free toiletries. Towels and bed linen are provided in the chalet.

Charlotte Amalie Harbor is 2.6 km from the chalet. The nearest airport is Cyril E. King Airport, 5 km from The Cottage at Villa Indigo. This property will not accommodate hen, stag or similar parties.
Please inform The Cottage at Villa Indigo in advance of your expected arrival time. You can use the Special Requests box when booking, or contact the property directly with the contact details provided in your confirmation.
Guests are required to show a photo identification and credit card upon check-in. Please note that all Special Requests are subject to availability and additional charges may apply.
In response to Coronavirus (COVID-19), additional safety and sanitation measures are in effect at this property.
A damage deposit of USD 250 is required on arrival. This will be collected by credit card. You should be reimbursed on check-out. Your deposit will be refunded in full via credit card, subject to an inspection of the property.
Managed by a private host",,Outdoor furniture Parking Pets allowed Tennis Court Garden Terrace Non-smoking rooms Airport shuttle Fishing Laundry Family rooms Free parking internet services express check-in/check-out Windsurfing Canoeing Hiking Diving Horse riding wifi Free WiFi Non-smoking throughout Air conditioning Sun terrace grocery deliveries parking on site Private parking wifi available in all areas airport pick up airport drop off,18.35049|-64.93189,,00802,https://www.booking.com/hotel/vi/the-cottage-at-villa-indigo.html
VI,Virgin Islands (USA),118363,Frederiksted,1017593,Cottages by the Sea,ThreeStar,Smithfield Rd. 127A 127A 840 Gallows Bay Frederiksted 00840St. Croix ,Distances are displayed to the nearest 0.1 mile and kilometer. <br /> <p>St Paul s Episcopal Anglican Church - 1.6 km / 1 mi <br /> Frederiksted Pier - 1.6 km / 1 mi <br /> St. Patrick s Catholic Church - 1.8 km / 1.1 mi <br /> Old Danish School - 1.8 km / 1.1 mi <br /> Fort Frederik - 1.8 km / 1.1 mi <br /> Frederiksted Beach - 2 km / 1.3 mi <br /> Saint Croix Country Club Beach - 2.1 km / 1.3 mi <br /> LaGrange Beach - 2.5 km / 1.5 mi <br /> Estate Whim Museum - 3.2 km / 2 mi <br /> Rainbow Beach - 3.5 km / 2.1 mi <br /> East Wall - 3.5 km / 2.2 mi <br /> Reef Club Golf Course - 3.5 km / 2.2 mi <br /> West Wall - 3.5 km / 2.2 mi <br /> Anchor Wall - 3.5 km / 2.2 mi <br /> Moravian Church - 3.5 km / 2.2 mi <br /> </p><p>The nearest airports are:<br />Henry E. Rohlsen Airport (STX) - 12.1 km / 7.5 mi<br /> Christiansted (SSB-St. Croix Seaplane Base) - 23.4 km / 14.5 mi<br /> </p><p>The preferred airport for Cottages by the Sea is Henry E. Rohlsen Airport (STX). </p>,"<p>HeadLine : Near St Paul s Episcopal Anglican Church</p><p>Location : Located in Frederiksted, Cottages by the Sea is by the ocean, within a 5-minute drive of Fort Frederik and Frederiksted Pier.  This beach cottage is 0.8 mi (1.3 km) from Sandy Point and 2.1 mi (3.4 km) from Estate Whim Museum.</p><p>Rooms : Make yourself at home in one of the 27 individually decorated guestrooms, featuring kitchens. Rooms have private furnished balconies or patios. Flat-screen televisions with cable programming provide entertainment, while complimentary wireless Internet access keeps you connected. Conveniences include laptop-compatible safes and microwaves, and housekeeping is provided daily.</p><p>CheckIn Instructions : <ul>  <li>Extra-person charges may apply and vary depending on property policy</li><li>Government-issued photo identification and a credit card, debit card, or cash deposit may be required at check-in for incidental charges</li><li>Special requests are subject to availability upon check-in and may incur additional charges; special requests cannot be guaranteed</li><li>This property accepts credit cards; cash is not accepted</li><li>Safety features at this property include a fire extinguisher and a smoke detector</li>  </ul></p><p>Special Instructions : The front desk is open daily from 9:00 AM - 9:00 PM. To make arrangements for check-in please contact the property at least 24 hours before arrival using the information on the booking confirmation. Guests planning to arrive outside of normal check-in hours must contact the property in advance for check-in instructions and an access code. Front desk staff will greet guests on arrival.</p>",13407720495,Beach umbrellas Outdoor furniture Sailing nearby Scuba diving nearby Free WiFi Designated smoking areas Well-lit path to entrance Garden Picnic area Stair-free path to entrance Beach towels Boat tours nearby Free bicycles on site Wheelchair accessible  no Luggage storage Multilingual staff Handrails in stairways Front desk (limited hours) Library Barbecue grill(s) Golfing nearby Ecotours nearby Laundry facilities Surfing/bodyboarding nearby Free self parking Snorkeling on site Kayaking on site Beach sun loungers Terrace,17.700719|-64.885584,1-340-5144824,00840,http://www.caribbeancottages.com
VI,Virgin Islands (USA),118363,Frederiksted,1224289,The Inn on Strand Street,ThreeStar,442 Strand Street Frederiksted 00840St Croix ,Distances are displayed to the nearest 0.1 mile and kilometer. <br /> <p>St Paul s Episcopal Anglican Church - 0.3 km / 0.2 mi <br /> Frederiksted Pier - 0.3 km / 0.2 mi <br /> St. Patrick s Catholic Church - 0.5 km / 0.3 mi <br /> Old Danish School - 0.5 km / 0.3 mi <br /> Fort Frederik - 0.5 km / 0.3 mi <br /> Saint Croix Country Club Beach - 0.6 km / 0.4 mi <br /> Frederiksted Beach - 0.8 km / 0.5 mi <br /> LaGrange Beach - 1.2 km / 0.8 mi <br /> Rainbow Beach - 2.2 km / 1.4 mi <br /> Estate Whim Museum - 2.9 km / 1.8 mi <br /> Carambola Golf Club - 3.8 km / 2.4 mi <br /> Carmbola Tide Pools - 3.8 km / 2.4 mi <br /> East Wall - 3.8 km / 2.4 mi <br /> Reef Club Golf Course - 3.8 km / 2.4 mi <br /> West Wall - 3.8 km / 2.4 mi <br /> </p><p>The nearest airports are:<br />Henry E. Rohlsen Airport (STX) - 12.2 km / 7.6 mi<br /> Christiansted (SSB-St. Croix Seaplane Base) - 24.2 km / 15 mi<br /> </p><p></p>,"<p>HeadLine : In Frederiksted (Frederiksted Southeast)</p><p>Location : A stay at The Frederiksted Hotel places you in the heart of Frederiksted, a 3-minute drive from Estate Whim Museum and 7 minutes from Sandy Point.  This hotel is 3.1 mi (4.9 km) from Carl and Marie Lawaetz Museum.</p><p>Rooms : Make yourself at home in one of the 32 air-conditioned rooms featuring refrigerators and microwaves. Smart televisions with digital programming provide entertainment, while complimentary wireless Internet access keeps you connected. Bathrooms have showers and complimentary toiletries. Conveniences include safes and coffee/tea makers.</p><p>Dining : Cooked-to-order breakfasts are available daily from 8:00 AM to 10:30 AM for a fee.</p><p>CheckIn Instructions : <ul>  <li>Extra-person charges may apply and vary depending on property policy</li><li>Government-issued photo identification and a credit card, debit card, or cash deposit may be required at check-in for incidental charges</li><li>Special requests are subject to availability upon check-in and may incur additional charges; special requests cannot be guaranteed</li><li>This property accepts credit cards and debit cards; cash is not accepted</li><li>This property reserves the right to pre-authorize the guest s credit card prior to arrival.</li>  </ul></p><p>Special Instructions : The front desk is open daily from 9:00 AM - 9:00 PM. This property doesn t offer after-hours check-in. Front desk staff will greet guests on arrival.</p>",1-340-7720500,Wheelchair accessible  no Multilingual staff Front desk (limited hours) Breakfast available (surcharge) Scuba diving nearby Free WiFi Designated smoking areas Barbecue grill(s) Snorkeling nearby Garden Safe-deposit box at front desk Picnic area Free bicycles nearby Laundry facilities Kayaking nearby Free self parking Boat tours nearby Terrace Rooftop terrace,17.7114|-64.88317,13407720500,00840,http://www.innonstrandstreet.com/
VI,Virgin Islands (USA),118363,Frederiksted,1310973,Sand Castle On The Beach,ThreeStar,127 Estate Smithfield Frederiksted FrederikstedSt. Croix 00840 ,Distances are displayed to the nearest 0.1 mile and kilometer. <br /> <p>St Paul s Episcopal Anglican Church - 1.5 km / 0.9 mi <br /> Frederiksted Pier - 1.6 km / 1 mi <br /> St. Patrick s Catholic Church - 1.7 km / 1.1 mi <br /> Old Danish School - 1.8 km / 1.1 mi <br /> Fort Frederik - 1.8 km / 1.1 mi <br /> Frederiksted Beach - 2 km / 1.2 mi <br /> Saint Croix Country Club Beach - 2.1 km / 1.3 mi <br /> LaGrange Beach - 2.4 km / 1.5 mi <br /> Estate Whim Museum - 3.1 km / 2 mi <br /> Rainbow Beach - 3.4 km / 2.1 mi <br /> East Wall - 3.4 km / 2.1 mi <br /> Reef Club Golf Course - 3.4 km / 2.1 mi <br /> West Wall - 3.4 km / 2.1 mi <br /> Anchor Wall - 3.4 km / 2.1 mi <br /> Moravian Church - 3.4 km / 2.1 mi <br /> </p><p>The nearest airports are:<br />Henry E. Rohlsen Airport (STX) - 12 km / 7.5 mi<br /> Christiansted (SSB-St. Croix Seaplane Base) - 23.4 km / 14.5 mi<br /> </p><p>The preferred airport for Sand Castle on the Beach - Adults Only is Henry E. Rohlsen Airport (STX). </p>,"<p>HeadLine : Near St Paul s Episcopal Anglican Church</p><p>Location : Located in Frederiksted, Sand Castle on the Beach - Adults Only is by the sea, within a 5-minute drive of St Paul s Episcopal Anglican Church and Fort Frederik.  This beach hotel is 0.8 mi (1.3 km) from Sandy Point and 1 mi (1.7 km) from St. Patrick s Catholic Church.</p><p>Rooms : Make yourself at home in one of the 25 individually decorated guestrooms, featuring microwaves and LED televisions. Complimentary wireless Internet access is available to keep you connected. Bathrooms feature showers, complimentary toiletries, and hair dryers. Conveniences include safes and coffee/tea makers, and housekeeping is provided daily.</p><p>Dining : Enjoy international cuisine at Beach Side Cafe, a beachfront restaurant where you can enjoy drinks at the bar/lounge, take in the ocean view, and even dine alfresco. Quench your thirst with your favorite drink at the poolside bar. A complimentary continental breakfast is served daily from 7:30 AM to 10 AM.</p><p>CheckIn Instructions : <ul>  <li>Extra-person charges may apply and vary depending on property policy</li><li>Government-issued photo identification and a credit card, debit card, or cash deposit may be required at check-in for incidental charges</li><li>Special requests are subject to availability upon check-in and may incur additional charges; special requests cannot be guaranteed</li><li>This property accepts credit cards; cash is not accepted</li><li>Safety features at this property include a fire extinguisher, a smoke detector, a security system, and a first aid kit</li>  </ul></p><p>Special Instructions : The front desk is open daily from 7:00 AM - 9:00 PM. Front desk staff will greet guests on arrival.</p>",001 340772 1757,Beach umbrellas Sailing nearby Scuba diving nearby Free WiFi Number of bars/lounges - 1 Designated smoking areas Number of poolside bars - 1 Number of outdoor pools - 2 Garden Picnic area Wedding services Tours/ticket assistance Beach towels Free continental breakfast Wheelchair accessible  no Luggage storage Free breakfast Golf lessons available nearby Parasailing nearby Front desk (limited hours) Library Daily Golfing nearby Safe-deposit box at front desk Ecotours nearby Coffee/tea in common areas Designated smoking areas (fines apply) Hiking/biking trails nearby Laundry facilities Free self parking Snorkeling on site Kayaking on site Beach sun loungers Terrace ATM/banking Bicycle rentals on site Concierge services,17.701068|-64.885477,1-340-7721205,00840,http://www.sandcastleonthebeach.com
VI,Virgin Islands (USA),118363,Frederiksted,1705862,The Fred Adults Only Hotel,ThreeStar,605 Strand Street St Croix St. Croix Frederiksted 00840 ,Distances are displayed to the nearest 0.1 mile and kilometer. <br /> <p>St Paul s Episcopal Anglican Church - 0.3 km / 0.2 mi <br /> Frederiksted Pier - 0.4 km / 0.3 mi <br /> St. Patrick s Catholic Church - 0.6 km / 0.4 mi <br /> Old Danish School - 0.6 km / 0.4 mi <br /> Fort Frederik - 0.6 km / 0.4 mi <br /> Saint Croix Country Club Beach - 0.7 km / 0.4 mi <br /> Frederiksted Beach - 0.9 km / 0.5 mi <br /> LaGrange Beach - 1.3 km / 0.8 mi <br /> Rainbow Beach - 2.3 km / 1.4 mi <br /> Estate Whim Museum - 2.8 km / 1.7 mi <br /> East Wall - 3.7 km / 2.3 mi <br /> Reef Club Golf Course - 3.7 km / 2.3 mi <br /> West Wall - 3.7 km / 2.3 mi <br /> Anchor Wall - 3.7 km / 2.3 mi <br /> Moravian Church - 3.7 km / 2.3 mi <br /> </p><p>The nearest airports are:<br />Henry E. Rohlsen Airport (STX) - 12 km / 7.5 mi<br /> Christiansted (SSB-St. Croix Seaplane Base) - 24 km / 14.9 mi<br /> </p><p>The preferred airport for The Fred - Adults Only is Henry E. Rohlsen Airport (STX). </p>,"<p>HeadLine : In Frederiksted (Frederiksted Southeast)</p><p>Location : With a stay at The Fred - Adults Only in Frederiksted (Frederiksted Southeast), you ll be a 4-minute walk from St Paul s Episcopal Anglican Church and 5 minutes by foot from Frederiksted Pier.  This beach hotel is 0.5 mi (0.8 km) from St. Patrick s Catholic Church and 0.5 mi (0.8 km) from Old Danish School.</p><p>Rooms : Make yourself at home in one of the 12 air-conditioned rooms featuring minibars. Complimentary wireless Internet access keeps you connected, and cable programming is available for your entertainment. Private bathrooms with showers feature complimentary toiletries and hair dryers. Conveniences include desks and ceiling fans, and housekeeping is provided daily.</p><p>Dining : Grab a bite from the snack bar/deli serving guests of The Fred - Adults Only. Relax with a refreshing drink from the bar/lounge or one of the 2 poolside bars.</p><p>Renovations : The following facilities are closed on Monday, Tuesday, Wednesday, Thursday, and Friday: <ul><li>Bar/lounge</li></ul></p><p>CheckIn Instructions : <ul>  <li>Extra-person charges may apply and vary depending on property policy</li><li>Government-issued photo identification and a credit card, debit card, or cash deposit may be required at check-in for incidental charges</li><li>Special requests are subject to availability upon check-in and may incur additional charges; special requests cannot be guaranteed</li><li>This property accepts credit cards, debit cards, and cash</li>  </ul></p><p>Special Instructions : This property offers transfers from the airport (surcharges may apply). Guests must contact the property with arrival details before travel, using the contact information on the booking confirmation. The front desk is open daily from 11:00 AM - 7:00 PM. This property doesn t offer after-hours check-in. Front desk staff will greet guests on arrival.</p>",1-340-7773733,Gift shops or newsstand Dry cleaning/laundry service Wheelchair accessible (may have limitations) Food and water bowls Pool umbrellas Swimming pool Sailing nearby Free WiFi Number of bars/lounges - 1 Number of spa tubs - 1 Number of poolside bars - 2 Number of outdoor pools - 2 Garden Picnic area Free newspapers in lobby Tours/ticket assistance Boat tours nearby Scuba diving on site Yoga classes/instruction on site Airport transportation (surcharge) Luggage storage Horse riding nearby Front desk (limited hours) Mountain climbing nearby Barbecue grill(s) Spa services on site Safe-deposit box at front desk Smoke-free property Ecotours nearby Snack bar/deli Hiking/biking trails nearby Laundry facilities Surfing/bodyboarding nearby Kayaking nearby Free self parking Snorkeling on site Hair salon Terrace Pool sun loungers Concierge services,17.710397|-64.883086,1-340-777-3733,00840,https://www.sleepwithfred.com
VI,Virgin Islands (USA),119062,Gallows Bay,1017593,Cottages by the Sea,ThreeStar,Smithfield Rd. 127A 127A 840 Gallows Bay Frederiksted 00840St. Croix ,Distances are displayed to the nearest 0.1 mile and kilometer. <br /> <p>St Paul s Episcopal Anglican Church - 1.6 km / 1 mi <br /> Frederiksted Pier - 1.6 km / 1 mi <br /> St. Patrick s Catholic Church - 1.8 km / 1.1 mi <br /> Old Danish School - 1.8 km / 1.1 mi <br /> Fort Frederik - 1.8 km / 1.1 mi <br /> Frederiksted Beach - 2 km / 1.3 mi <br /> Saint Croix Country Club Beach - 2.1 km / 1.3 mi <br /> LaGrange Beach - 2.5 km / 1.5 mi <br /> Estate Whim Museum - 3.2 km / 2 mi <br /> Rainbow Beach - 3.5 km / 2.1 mi <br /> East Wall - 3.5 km / 2.2 mi <br /> Reef Club Golf Course - 3.5 km / 2.2 mi <br /> West Wall - 3.5 km / 2.2 mi <br /> Anchor Wall - 3.5 km / 2.2 mi <br /> Moravian Church - 3.5 km / 2.2 mi <br /> </p><p>The nearest airports are:<br />Henry E. Rohlsen Airport (STX) - 12.1 km / 7.5 mi<br /> Christiansted (SSB-St. Croix Seaplane Base) - 23.4 km / 14.5 mi<br /> </p><p>The preferred airport for Cottages by the Sea is Henry E. Rohlsen Airport (STX). </p>,"<p>HeadLine : Near St Paul s Episcopal Anglican Church</p><p>Location : Located in Frederiksted, Cottages by the Sea is by the ocean, within a 5-minute drive of Fort Frederik and Frederiksted Pier.  This beach cottage is 0.8 mi (1.3 km) from Sandy Point and 2.1 mi (3.4 km) from Estate Whim Museum.</p><p>Rooms : Make yourself at home in one of the 27 individually decorated guestrooms, featuring kitchens. Rooms have private furnished balconies or patios. Flat-screen televisions with cable programming provide entertainment, while complimentary wireless Internet access keeps you connected. Conveniences include laptop-compatible safes and microwaves, and housekeeping is provided daily.</p><p>CheckIn Instructions : <ul>  <li>Extra-person charges may apply and vary depending on property policy</li><li>Government-issued photo identification and a credit card, debit card, or cash deposit may be required at check-in for incidental charges</li><li>Special requests are subject to availability upon check-in and may incur additional charges; special requests cannot be guaranteed</li><li>This property accepts credit cards; cash is not accepted</li><li>Safety features at this property include a fire extinguisher and a smoke detector</li>  </ul></p><p>Special Instructions : The front desk is open daily from 9:00 AM - 9:00 PM. To make arrangements for check-in please contact the property at least 24 hours before arrival using the information on the booking confirmation. Guests planning to arrive outside of normal check-in hours must contact the property in advance for check-in instructions and an access code. Front desk staff will greet guests on arrival.</p>",13407720495,Beach umbrellas Outdoor furniture Sailing nearby Scuba diving nearby Free WiFi Designated smoking areas Well-lit path to entrance Garden Picnic area Stair-free path to entrance Beach towels Boat tours nearby Free bicycles on site Wheelchair accessible  no Luggage storage Multilingual staff Handrails in stairways Front desk (limited hours) Library Barbecue grill(s) Golfing nearby Ecotours nearby Laundry facilities Surfing/bodyboarding nearby Free self parking Snorkeling on site Kayaking on site Beach sun loungers Terrace,17.700719|-64.885584,1-340-5144824,00840,http://www.caribbeancottages.com
VI,Virgin Islands (USA),119062,Gallows Bay,1091672,Carringtons Inn,ThreeStar,56 Estate Hermon Hill 00820 ChristianstedSaint Croix ,Distances are displayed to the nearest 0.1 mile and kilometer. <br /> <p>Holy Cross Catholic Church - 2.9 km / 1.8 mi <br /> St. Croix Government House - 3.1 km / 1.9 mi <br /> Little Princess Estate - 3.1 km / 1.9 mi <br /> Apothecary Museum - 3.1 km / 1.9 mi <br /> Scale House - 3.2 km / 2 mi <br /> Christiansted National Historic Site - 3.2 km / 2 mi <br /> Protestant Cay - 3.2 km / 2 mi <br /> Old Danish Customs House - 3.2 km / 2 mi <br /> D. Hamilton Jackson Park - 3.3 km / 2 mi <br /> Steeple Museum - 3.3 km / 2 mi <br /> Fort Christiansvaern - 3.3 km / 2 mi <br /> Buccaneer Golf Course - 6.8 km / 4.2 mi <br /> Shoys Beach - 7.1 km / 4.4 mi <br /> Southgate Coastal Reserve - 8.9 km / 5.5 mi <br /> Chenay Bay Beach - 9.3 km / 5.8 mi <br /> </p><p>The nearest airports are:<br />Christiansted (SSB-St. Croix Seaplane Base) - 2.8 km / 1.8 mi<br /> Christiansted (STX-Henry E. Rohlsen) - 12.4 km / 7.7 mi<br /> </p><p>The preferred airport for Carringtons Inn is Christiansted (STX-Henry E. Rohlsen). </p>,"<p><b>Property Location</b> <br />With a stay at Carringtons Inn in Christiansted, you'll be near the beach, within a 10-minute drive of Fort Christiansvaern and Little Princess Estate.  This boutique bed & breakfast is 8.8 mi (14.1 km) from Buck Island Reef National Monument and 10.3 mi (16.5 km) from Cane Bay.</p><p><b>Rooms</b> <br />Make yourself at home in one of the 5 air-conditioned rooms featuring refrigerators. Complimentary wireless Internet access is available to keep you connected. Private bathrooms with showers feature complimentary toiletries and bathrobes. Conveniences include safes and desks, and housekeeping is provided daily.</p><p><b>Amenities</b> <br />Enjoy the recreation opportunities such as an outdoor pool or make use of other amenities including complimentary wireless Internet access.</p><p><b>Dining</b> <br />A complimentary hot/cold buffet breakfast is included.</p><p><b>Business, Other Amenities</b> <br />The front desk is staffed during limited hours. Free self parking is available onsite.</p>",340-719-0841,Free WiFi Free breakfast Free self parking Front desk (limited hours) Outdoor pool Total number of rooms - 5,17.7389|-64.7166,00340 713 0508,00820,http://www.carringtonsinn.com
